{
  "room_category": {
    "Living_Room": {
      "simulation_statistics": [
        {
          "not_completed_agents": 0, 
          "max_evacuation_time": 8.750015, 
          "min_evacuation_time": 4.349998, 
          "exit_flow_rate": 0.6857131102060968, 
          "completed_agents": 6, 
          "max_traveled_distance": 8.133039, 
          "avg_evacuation_time": 6.375006166666666, 
          "avg_traveled_distance": 6.9311940000000005, 
          "min_traveled_distance": 5.201173
        }
      ], 
      "bounds": [
        [
          2.86, 
          2.78, 
          10.96, 
          6.22
        ]
      ]
    }, 
    "Kitchen": {
      "simulation_statistics": [
        {
          "not_completed_agents": 0, 
          "max_evacuation_time": 1.749999, 
          "min_evacuation_time": 0.6, 
          "exit_flow_rate": 2.285715591837481, 
          "completed_agents": 4, 
          "max_traveled_distance": 2.204429, 
          "avg_evacuation_time": 1.11249975, 
          "avg_traveled_distance": 1.4347385000000001, 
          "min_traveled_distance": 0.793775
        }
      ], 
      "bounds": [
        [
          -0.87, 
          -0.02, 
          6.24, 
          2.94
        ]
      ]
    }
  }, 
  "room_num": 3, 
  "verts": [
    [
      0.11, 
      0.1
    ], 
    [
      0.1, 
      0.11
    ], 
    [
      0.1, 
      2.83
    ], 
    [
      2.85, 
      2.83
    ], 
    [
      2.85, 
      2.79
    ], 
    [
      2.86, 
      2.78
    ], 
    [
      4.6, 
      2.78
    ], 
    [
      4.61, 
      2.79
    ], 
    [
      4.61, 
      2.94
    ], 
    [
      4.6, 
      2.95
    ], 
    [
      2.97, 
      2.95
    ], 
    [
      2.97, 
      3.64
    ], 
    [
      2.98, 
      3.65
    ], 
    [
      2.98, 
      5.36
    ], 
    [
      2.99, 
      5.37
    ], 
    [
      2.99, 
      6.11
    ], 
    [
      10.82, 
      6.11
    ], 
    [
      10.82, 
      2.99
    ], 
    [
      10.81, 
      2.98
    ], 
    [
      10.81, 
      2.95
    ], 
    [
      10.57, 
      2.95
    ], 
    [
      10.56, 
      2.94
    ], 
    [
      10.56, 
      2.79
    ], 
    [
      10.57, 
      2.78
    ], 
    [
      10.92, 
      2.78
    ], 
    [
      10.93, 
      2.79
    ], 
    [
      10.93, 
      2.82
    ], 
    [
      11.08, 
      2.82
    ], 
    [
      11.08, 
      2.43
    ], 
    [
      11.09, 
      2.42
    ], 
    [
      11.09, 
      1.97
    ], 
    [
      11.08, 
      1.96
    ], 
    [
      11.08, 
      1.54
    ], 
    [
      11.09, 
      1.53
    ], 
    [
      11.09, 
      0.24
    ], 
    [
      6.26, 
      0.24
    ], 
    [
      6.26, 
      1.51
    ], 
    [
      6.25, 
      1.52
    ], 
    [
      6.15, 
      1.52
    ], 
    [
      6.14, 
      1.51
    ], 
    [
      6.14, 
      0.13
    ], 
    [
      6.13, 
      0.12
    ], 
    [
      6.13, 
      0.1
    ]
  ], 
  "bbox": {
    "max": [
      11.09, 
      6.11
    ], 
    "min": [
      0.1, 
      0.1
    ]
  }, 
  "id": "005b9b7ff4308236c3a7538b768ff95a"
}