{
  "room_category": {
    "Garage": {
      "simulation_statistics": [
        {
          "not_completed_agents": 0, 
          "max_evacuation_time": 12.50003, 
          "min_evacuation_time": 2.899998, 
          "exit_flow_rate": 0.6399984640036863, 
          "completed_agents": 8, 
          "max_traveled_distance": 11.014589, 
          "avg_evacuation_time": 8.212513875, 
          "avg_traveled_distance": 8.168402625, 
          "min_traveled_distance": 2.574207
        }
      ], 
      "bounds": [
        [
          -0.03, 
          0.0, 
          5.17, 
          7.58
        ]
      ]
    }, 
    "Kitchen": {
      "simulation_statistics": [
        {
          "not_completed_agents": 0, 
          "max_evacuation_time": 18.050011, 
          "min_evacuation_time": 7.100009, 
          "exit_flow_rate": 0.2216065131483853, 
          "completed_agents": 4, 
          "max_traveled_distance": 20.569784, 
          "avg_evacuation_time": 10.750013000000001, 
          "avg_traveled_distance": 12.31640575, 
          "min_traveled_distance": 8.781326
        }
      ], 
      "bounds": [
        [
          5.06, 
          6.88, 
          10.27, 
          10.71
        ]
      ]
    }
  }, 
  "room_num": 3, 
  "verts": [
    [
      5.19, 
      0.1
    ], 
    [
      5.18, 
      0.11
    ], 
    [
      5.18, 
      5.36
    ], 
    [
      5.17, 
      5.37
    ], 
    [
      5.07, 
      5.37
    ], 
    [
      5.06, 
      5.36
    ], 
    [
      5.06, 
      5.1
    ], 
    [
      4.04, 
      5.1
    ], 
    [
      4.03, 
      5.09
    ], 
    [
      3.95, 
      5.09
    ], 
    [
      3.93, 
      5.07
    ], 
    [
      3.93, 
      4.99
    ], 
    [
      3.92, 
      4.98
    ], 
    [
      3.92, 
      0.13
    ], 
    [
      0.11, 
      0.13
    ], 
    [
      0.1, 
      0.14
    ], 
    [
      0.1, 
      6.86
    ], 
    [
      3.99, 
      6.86
    ], 
    [
      4.0, 
      6.85
    ], 
    [
      5.06, 
      6.85
    ], 
    [
      5.06, 
      6.58
    ], 
    [
      5.07, 
      6.57
    ], 
    [
      5.17, 
      6.57
    ], 
    [
      5.18, 
      6.58
    ], 
    [
      5.18, 
      6.89
    ], 
    [
      8.96, 
      6.89
    ], 
    [
      8.97, 
      6.9
    ], 
    [
      8.97, 
      7.0
    ], 
    [
      8.96, 
      7.01
    ], 
    [
      5.18, 
      7.01
    ], 
    [
      5.18, 
      9.99
    ], 
    [
      10.14, 
      9.99
    ], 
    [
      10.14, 
      7.01
    ], 
    [
      9.98, 
      7.01
    ], 
    [
      9.97, 
      7.0
    ], 
    [
      9.97, 
      6.9
    ], 
    [
      9.98, 
      6.89
    ], 
    [
      10.25, 
      6.89
    ], 
    [
      10.26, 
      6.88
    ], 
    [
      11.91, 
      6.88
    ], 
    [
      11.91, 
      0.1
    ]
  ], 
  "bbox": {
    "max": [
      11.91, 
      9.99
    ], 
    "min": [
      0.1, 
      0.1
    ]
  }, 
  "id": "030686cff1ac402d1fd50c143c1653ef"
}