{
  "room_category": {
    "Toilet": {
      "simulation_statistics": [
        {
          "not_completed_agents": 0, 
          "max_evacuation_time": 66.699471, 
          "min_evacuation_time": 27.29987, 
          "exit_flow_rate": 0.13493360389619882, 
          "completed_agents": 9, 
          "max_traveled_distance": 48.053299, 
          "avg_evacuation_time": 48.69956555555555, 
          "avg_traveled_distance": 36.03650811111111, 
          "min_traveled_distance": 30.797525
        }
      ], 
      "bounds": [
        [
          14.92, 
          0.0, 
          20.51, 
          8.05
        ]
      ]
    }, 
    "Bathroom": {
      "simulation_statistics": [
        {
          "not_completed_agents": 0, 
          "max_evacuation_time": 61.799343, 
          "min_evacuation_time": 13.600034, 
          "exit_flow_rate": 0.14563261619140513, 
          "completed_agents": 9, 
          "max_traveled_distance": 34.053921, 
          "avg_evacuation_time": 33.305324222222225, 
          "avg_traveled_distance": 28.823905444444442, 
          "min_traveled_distance": 19.355841
        }
      ], 
      "bounds": [
        [
          14.92, 
          0.0, 
          20.51, 
          8.05
        ]
      ]
    }, 
    "Room": {
      "simulation_statistics": [
        {
          "not_completed_agents": 0, 
          "max_evacuation_time": 64.249321, 
          "min_evacuation_time": 11.550026, 
          "exit_flow_rate": 0.3268517032265602, 
          "completed_agents": 21, 
          "max_traveled_distance": 50.55724, 
          "avg_evacuation_time": 40.03300523809524, 
          "avg_traveled_distance": 35.70632580952381, 
          "min_traveled_distance": 14.159792
        }, 
        {
          "not_completed_agents": 0, 
          "max_evacuation_time": 52.14949, 
          "min_evacuation_time": 4.900001, 
          "exit_flow_rate": 0.21093207239418832, 
          "completed_agents": 11, 
          "max_traveled_distance": 49.536125, 
          "avg_evacuation_time": 20.32262418181818, 
          "avg_traveled_distance": 23.971580000000003, 
          "min_traveled_distance": 7.728441
        }
      ], 
      "bounds": [
        [
          25.9, 
          -0.01, 
          32.99, 
          14.59
        ], 
        [
          2.1, 
          7.35, 
          26.05, 
          9.74
        ]
      ]
    }, 
    "Office": {
      "simulation_statistics": [
        {
          "not_completed_agents": 0, 
          "max_evacuation_time": 39.449684, 
          "min_evacuation_time": 6.650007, 
          "exit_flow_rate": 0.152092473034765, 
          "completed_agents": 6, 
          "max_traveled_distance": 37.629005, 
          "avg_evacuation_time": 21.083249, 
          "avg_traveled_distance": 21.677029833333332, 
          "min_traveled_distance": 9.221684
        }
      ], 
      "bounds": [
        [
          20.43, 
          9.05, 
          26.01, 
          14.59
        ]
      ]
    }, 
    "Living_Room": {
      "simulation_statistics": [
        {
          "not_completed_agents": 0, 
          "max_evacuation_time": 29.89983, 
          "min_evacuation_time": 7.35001, 
          "exit_flow_rate": 0.20067003725439242, 
          "completed_agents": 6, 
          "max_traveled_distance": 31.299763, 
          "avg_evacuation_time": 17.974957333333332, 
          "avg_traveled_distance": 18.623559833333335, 
          "min_traveled_distance": 8.979395
        }, 
        {
          "not_completed_agents": 0, 
          "max_evacuation_time": 65.399391, 
          "min_evacuation_time": 20.799969, 
          "exit_flow_rate": 0.16819728489520647, 
          "completed_agents": 11, 
          "max_traveled_distance": 55.956112, 
          "avg_evacuation_time": 36.68155390909091, 
          "avg_traveled_distance": 38.62069463636363, 
          "min_traveled_distance": 26.8482
        }
      ], 
      "bounds": [
        [
          20.43, 
          9.05, 
          26.01, 
          14.59
        ], 
        [
          2.02, 
          -0.02, 
          9.05, 
          8.05
        ]
      ]
    }, 
    "Garage": {
      "simulation_statistics": [
        {
          "not_completed_agents": 0, 
          "max_evacuation_time": 150.004547, 
          "min_evacuation_time": 150.004547, 
          "exit_flow_rate": 0.0, 
          "completed_agents": 0, 
          "max_traveled_distance": 26.560024, 
          "avg_evacuation_time": 150.004547, 
          "avg_traveled_distance": 16.508444545454548, 
          "min_traveled_distance": 11.572212
        }
      ], 
      "bounds": [
        [
          -0.06, 
          14.5, 
          7.0, 
          22.08
        ]
      ]
    }, 
    "Bedroom": {
      "simulation_statistics": [
        {
          "not_completed_agents": 0, 
          "max_evacuation_time": 150.004547, 
          "min_evacuation_time": 150.004547, 
          "exit_flow_rate": 0.0, 
          "completed_agents": 0, 
          "max_traveled_distance": 19.365236, 
          "avg_evacuation_time": 150.004547, 
          "avg_traveled_distance": 14.094050124999999, 
          "min_traveled_distance": 1.379046
        }, 
        {
          "not_completed_agents": 0, 
          "max_evacuation_time": 53.299473, 
          "min_evacuation_time": 16.650032, 
          "exit_flow_rate": 0.1688572042729203, 
          "completed_agents": 9, 
          "max_traveled_distance": 40.833344, 
          "avg_evacuation_time": 33.03311544444445, 
          "avg_traveled_distance": 33.73607011111111, 
          "min_traveled_distance": 23.723816
        }, 
        {
          "not_completed_agents": 0, 
          "max_evacuation_time": 57.799404, 
          "min_evacuation_time": 12.800031, 
          "exit_flow_rate": 0.10380729877422265, 
          "completed_agents": 6, 
          "max_traveled_distance": 33.769234, 
          "avg_evacuation_time": 43.84127383333333, 
          "avg_traveled_distance": 30.309301833333333, 
          "min_traveled_distance": 19.65852
        }
      ], 
      "bounds": [
        [
          -0.02, 
          9.05, 
          7.01, 
          14.58
        ], 
        [
          6.89, 
          9.05, 
          15.0, 
          14.59
        ], 
        [
          14.92, 
          9.05, 
          20.51, 
          14.58
        ]
      ]
    }, 
    "Kitchen": {
      "simulation_statistics": [
        {
          "not_completed_agents": 0, 
          "max_evacuation_time": 60.949356, 
          "min_evacuation_time": 15.700042, 
          "exit_flow_rate": 0.16407064251835574, 
          "completed_agents": 10, 
          "max_traveled_distance": 35.961357, 
          "avg_evacuation_time": 32.5147896, 
          "avg_traveled_distance": 29.777121599999997, 
          "min_traveled_distance": 21.145695
        }
      ], 
      "bounds": [
        [
          8.97, 
          -0.02, 
          15.0, 
          8.05
        ]
      ]
    }
  }, 
  "room_num": 13,