{
  "room_category": {
    "Bathroom": {
      "simulation_statistics": [
        {
          "not_completed_agents": 0, 
          "max_evacuation_time": 6.200006, 
          "min_evacuation_time": 4.8, 
          "exit_flow_rate": 0.3225803329867745, 
          "completed_agents": 2, 
          "max_traveled_distance": 6.15156, 
          "avg_evacuation_time": 5.5000029999999995, 
          "avg_traveled_distance": 5.5023015, 
          "min_traveled_distance": 4.853043
        }
      ], 
      "bounds": [
        [
          3.58, 
          -0.02, 
          7.06, 
          2.36
        ]
      ]
    }, 
    "Hall": {
      "simulation_statistics": [
        {
          "not_completed_agents": 0, 
          "max_evacuation_time": 3.599998, 
          "min_evacuation_time": 2.849998, 
          "exit_flow_rate": 0.5555558641977023, 
          "completed_agents": 2, 
          "max_traveled_distance": 4.06147, 
          "avg_evacuation_time": 3.224998, 
          "avg_traveled_distance": 3.5351084999999998, 
          "min_traveled_distance": 3.008747
        }
      ], 
      "bounds": [
        [
          5.32, 
          1.65, 
          7.06, 
          6.14
        ]
      ]
    }, 
    "Child_Room": {
      "simulation_statistics": [
        {
          "not_completed_agents": 0, 
          "max_evacuation_time": 2.149999, 
          "min_evacuation_time": 0.0, 
          "exit_flow_rate": 2.7906989724181264, 
          "completed_agents": 6, 
          "max_traveled_distance": 2.490017, 
          "avg_evacuation_time": 1.0333331666666667, 
          "avg_traveled_distance": 1.2433721666666668, 
          "min_traveled_distance": 0.0
        }
      ], 
      "bounds": [
        [
          -0.01, 
          -0.02, 
          5.47, 
          5.72
        ]
      ]
    }
  }, 
  "room_num": 3, 
  "verts": [
    [
      1.45, 
      0.1
    ], 
    [
      1.44, 
      0.11
    ], 
    [
      1.44, 
      1.14
    ], 
    [
      1.42, 
      1.16
    ], 
    [
      1.33, 
      1.16
    ], 
    [
      1.32, 
      1.17
    ], 
    [
      0.56, 
      1.17
    ], 
    [
      0.55, 
      1.18
    ], 
    [
      0.55, 
      1.9
    ], 
    [
      0.54, 
      1.91
    ], 
    [
      0.54, 
      1.99
    ], 
    [
      0.52, 
      2.01
    ], 
    [
      0.44, 
      2.01
    ], 
    [
      0.43, 
      2.02
    ], 
    [
      0.11, 
      2.02
    ], 
    [
      0.1, 
      2.03
    ], 
    [
      0.1, 
      2.79
    ], 
    [
      0.52, 
      2.79
    ], 
    [
      0.54, 
      2.81
    ], 
    [
      0.54, 
      2.9
    ], 
    [
      0.55, 
      2.91
    ], 
    [
      0.55, 
      3.21
    ], 
    [
      0.54, 
      3.22
    ], 
    [
      0.54, 
      3.31
    ], 
    [
      0.52, 
      3.33
    ], 
    [
      0.11, 
      3.33
    ], 
    [
      0.1, 
      3.34
    ], 
    [
      0.1, 
      5.3
    ], 
    [
      5.35, 
      5.3
    ], 
    [
      5.35, 
      4.47
    ], 
    [
      5.36, 
      4.46
    ], 
    [
      5.46, 
      4.46
    ], 
    [
      5.47, 
      4.47
    ], 
    [
      5.47, 
      5.3
    ], 
    [
      6.95, 
      5.3
    ], 
    [
      6.95, 
      1.76
    ], 
    [
      6.75, 
      1.76
    ], 
    [
      6.74, 
      1.75
    ], 
    [
      6.74, 
      1.65
    ], 
    [
      6.75, 
      1.64
    ], 
    [
      6.95, 
      1.64
    ], 
    [
      6.95, 
      0.1
    ], 
    [
      3.68, 
      0.1
    ], 
    [
      3.68, 
      1.04
    ], 
    [
      4.56, 
      1.04
    ], 
    [
      4.58, 
      1.06
    ], 
    [
      4.58, 
      1.64
    ], 
    [
      5.72, 
      1.64
    ], 
    [
      5.74, 
      1.66
    ], 
    [
      5.74, 
      1.67
    ], 
    [
      5.73, 
      1.68
    ], 
    [
      5.73, 
      1.75
    ], 
    [
      5.72, 
      1.76
    ], 
    [
      5.47, 
      1.76
    ], 
    [
      5.47, 
      2.61
    ], 
    [
      5.46, 
      2.62
    ], 
    [
      5.36, 
      2.62
    ], 
    [
      5.35, 
      2.61
    ], 
    [
      5.35, 
      1.76
    ], 
    [
      4.48, 
      1.76
    ], 
    [
      4.46, 
      1.74
    ], 
    [
      4.46, 
      1.72
    ], 
    [
      4.47, 
      1.71
    ], 
    [
      4.47, 
      1.16
    ], 
    [
      3.58, 
      1.16
    ], 
    [
      3.56, 
      1.14
    ], 
    [
      3.56, 
      1.1
    ], 
    [
      3.57, 
      1.09
    ], 
    [
      3.57, 
      0.1
    ]
  ], 
  "bbox": {
    "max": [
      6.95, 
      5.3
    ], 
    "min": [
      0.1, 
      0.1
    ]
  }, 
  "id": "04c6f567e07e7ee12c67ed9f881beb9a"
}