{
  "room_category": {
    "Toilet": {
      "simulation_statistics": [
        {
          "not_completed_agents": 0, 
          "max_evacuation_time": 2.799999, 
          "min_evacuation_time": 2.799999, 
          "exit_flow_rate": 0.3571429846939231, 
          "completed_agents": 1, 
          "max_traveled_distance": 3.874646, 
          "avg_evacuation_time": 2.799999, 
          "avg_traveled_distance": 3.874646, 
          "min_traveled_distance": 3.874646
        }
      ], 
      "bounds": [
        [
          5.23, 
          3.27, 
          6.99, 
          4.38
        ], 
        [
          4.7, 
          2.25, 
          6.99, 
          4.16
        ]
      ]
    }, 
    "Office": {
      "simulation_statistics": [
        {
          "not_completed_agents": 0, 
          "max_evacuation_time": 22.999935, 
          "min_evacuation_time": 0.4, 
          "exit_flow_rate": 1.0434812098382016, 
          "completed_agents": 24, 
          "max_traveled_distance": 23.218033, 
          "avg_evacuation_time": 10.502089833333333, 
          "avg_traveled_distance": 11.542659666666665, 
          "min_traveled_distance": 0.506171
        }
      ], 
      "bounds": [
        [
          -20.38, 
          -0.03, 
          7.0, 
          4.4
        ]
      ]
    }, 
    "Kitchen": {
      "simulation_statistics": [
        {
          "not_completed_agents": 0, 
          "max_evacuation_time": 23.199932, 
          "min_evacuation_time": 0.0, 
          "exit_flow_rate": 1.0344857907342142, 
          "completed_agents": 24, 
          "max_traveled_distance": 22.296494, 
          "avg_evacuation_time": 12.147926666666665, 
          "avg_traveled_distance": 13.159426375, 
          "min_traveled_distance": 0.0
        }
      ], 
      "bounds": [
        [
          -20.38, 
          -0.03, 
          7.0, 
          4.4
        ]
      ]
    }
  }, 
  "room_num": 4, 
  "verts": [
    [
      0.11, 
      0.1
    ], 
    [
      0.1, 
      0.11
    ], 
    [
      0.1, 
      4.28
    ], 
    [
      0.36, 
      4.28
    ], 
    [
      0.37, 
      4.27
    ], 
    [
      5.22, 
      4.27
    ], 
    [
      5.22, 
      4.14
    ], 
    [
      5.23, 
      4.13
    ], 
    [
      5.33, 
      4.13
    ], 
    [
      5.34, 
      4.14
    ], 
    [
      5.34, 
      4.27
    ], 
    [
      6.85, 
      4.27
    ], 
    [
      6.85, 
      3.38
    ], 
    [
      5.34, 
      3.38
    ], 
    [
      5.33, 
      3.39
    ], 
    [
      5.23, 
      3.39
    ], 
    [
      5.22, 
      3.38
    ], 
    [
      5.22, 
      3.28
    ], 
    [
      5.23, 
      3.27
    ], 
    [
      5.23, 
      3.25
    ], 
    [
      5.24, 
      3.24
    ], 
    [
      5.33, 
      3.24
    ], 
    [
      5.34, 
      3.25
    ], 
    [
      5.34, 
      3.26
    ], 
    [
      6.85, 
      3.26
    ], 
    [
      6.85, 
      2.36
    ], 
    [
      5.34, 
      2.36
    ], 
    [
      5.34, 
      2.49
    ], 
    [
      5.33, 
      2.5
    ], 
    [
      5.24, 
      2.5
    ], 
    [
      5.23, 
      2.49
    ], 
    [
      5.23, 
      2.25
    ], 
    [
      5.24, 
      2.24
    ], 
    [
      6.85, 
      2.24
    ], 
    [
      6.83, 
      2.22
    ], 
    [
      6.83, 
      2.21
    ], 
    [
      6.82, 
      2.2
    ], 
    [
      6.82, 
      2.17
    ], 
    [
      6.81, 
      2.16
    ], 
    [
      6.81, 
      2.06
    ], 
    [
      6.82, 
      2.05
    ], 
    [
      6.82, 
      1.4
    ], 
    [
      6.83, 
      1.39
    ], 
    [
      6.83, 
      1.36
    ], 
    [
      6.84, 
      1.35
    ], 
    [
      6.84, 
      1.34
    ], 
    [
      6.85, 
      1.33
    ], 
    [
      6.85, 
      0.69
    ], 
    [
      6.84, 
      0.68
    ], 
    [
      6.84, 
      0.12
    ], 
    [
      6.46, 
      0.12
    ], 
    [
      6.45, 
      0.11
    ], 
    [
      1.57, 
      0.11
    ], 
    [
      1.56, 
      0.1
    ]
  ], 
  "bbox": {
    "max": [
      6.85, 
      4.28
    ], 
    "min": [
      0.1, 
      0.1
    ]
  }, 
  "id": "05d488db65a97c4f9ecf96181f763712"
}