{
  "room_category": {
    "Room": {
      "simulation_statistics": [
        {
          "not_completed_agents": 0, 
          "max_evacuation_time": 4.75, 
          "min_evacuation_time": 4.75, 
          "exit_flow_rate": 0.21052631578947367, 
          "completed_agents": 1, 
          "max_traveled_distance": 5.182544, 
          "avg_evacuation_time": 4.75, 
          "avg_traveled_distance": 5.182544, 
          "min_traveled_distance": 5.182544
        }
      ], 
      "bounds": [
        [
          4.32, 
          0.51, 
          6.01, 
          3.53
        ]
      ]
    }, 
    "Office": {
      "simulation_statistics": [
        {
          "not_completed_agents": 0, 
          "max_evacuation_time": 4.8, 
          "min_evacuation_time": 0.0, 
          "exit_flow_rate": 2.291666666666667, 
          "completed_agents": 11, 
          "max_traveled_distance": 6.240325, 
          "avg_evacuation_time": 1.5909084545454546, 
          "avg_traveled_distance": 1.974252909090909, 
          "min_traveled_distance": 0.0
        }
      ], 
      "bounds": [
        [
          -0.02, 
          -0.03, 
          6.01, 
          9.11
        ]
      ]
    }
  }, 
  "room_num": 2, 
  "verts": [
    [
      0.19, 
      0.1
    ], 
    [
      0.18, 
      0.11
    ], 
    [
      0.11, 
      0.11
    ], 
    [
      0.11, 
      0.12
    ], 
    [
      0.1, 
      0.13
    ], 
    [
      0.1, 
      8.23
    ], 
    [
      5.89, 
      8.23
    ], 
    [
      5.89, 
      4.52
    ], 
    [
      5.9, 
      4.51
    ], 
    [
      5.9, 
      3.49
    ], 
    [
      5.4, 
      3.49
    ], 
    [
      5.39, 
      3.48
    ], 
    [
      5.39, 
      3.39
    ], 
    [
      5.4, 
      3.38
    ], 
    [
      5.9, 
      3.38
    ], 
    [
      5.9, 
      0.79
    ], 
    [
      5.89, 
      0.78
    ], 
    [
      5.81, 
      0.78
    ], 
    [
      5.8, 
      0.77
    ], 
    [
      5.72, 
      0.77
    ], 
    [
      5.71, 
      0.76
    ], 
    [
      5.63, 
      0.76
    ], 
    [
      5.62, 
      0.75
    ], 
    [
      5.54, 
      0.75
    ], 
    [
      5.53, 
      0.74
    ], 
    [
      5.45, 
      0.74
    ], 
    [
      5.44, 
      0.73
    ], 
    [
      5.36, 
      0.73
    ], 
    [
      5.35, 
      0.72
    ], 
    [
      5.27, 
      0.72
    ], 
    [
      5.26, 
      0.71
    ], 
    [
      5.18, 
      0.71
    ], 
    [
      5.17, 
      0.7
    ], 
    [
      5.09, 
      0.7
    ], 
    [
      5.08, 
      0.69
    ], 
    [
      5.0, 
      0.69
    ], 
    [
      4.99, 
      0.68
    ], 
    [
      4.91, 
      0.68
    ], 
    [
      4.9, 
      0.67
    ], 
    [
      4.82, 
      0.67
    ], 
    [
      4.81, 
      0.66
    ], 
    [
      4.73, 
      0.66
    ], 
    [
      4.72, 
      0.65
    ], 
    [
      4.64, 
      0.65
    ], 
    [
      4.63, 
      0.64
    ], 
    [
      4.55, 
      0.64
    ], 
    [
      4.54, 
      0.63
    ], 
    [
      4.46, 
      0.63
    ], 
    [
      4.45, 
      0.62
    ], 
    [
      4.43, 
      0.62
    ], 
    [
      4.43, 
      3.38
    ], 
    [
      4.44, 
      3.38
    ], 
    [
      4.45, 
      3.39
    ], 
    [
      4.45, 
      3.48
    ], 
    [
      4.44, 
      3.49
    ], 
    [
      4.32, 
      3.49
    ], 
    [
      4.31, 
      3.48
    ], 
    [
      4.31, 
      0.59
    ], 
    [
      4.25, 
      0.59
    ], 
    [
      4.24, 
      0.58
    ], 
    [
      4.16, 
      0.58
    ], 
    [
      4.15, 
      0.57
    ], 
    [
      4.08, 
      0.57
    ], 
    [
      4.07, 
      0.56
    ], 
    [
      3.99, 
      0.56
    ], 
    [
      3.98, 
      0.55
    ], 
    [
      3.91, 
      0.55
    ], 
    [
      3.9, 
      0.54
    ], 
    [
      3.83, 
      0.54
    ], 
    [
      3.82, 
      0.53
    ], 
    [
      3.74, 
      0.53
    ], 
    [
      3.73, 
      0.52
    ], 
    [
      3.66, 
      0.52
    ], 
    [
      3.65, 
      0.51
    ], 
    [
      3.58, 
      0.51
    ], 
    [
      3.57, 
      0.5
    ], 
    [
      3.49, 
      0.5
    ], 
    [
      3.48, 
      0.49
    ], 
    [
      3.41, 
      0.49
    ], 
    [
      3.4, 
      0.48
    ], 
    [
      3.32, 
      0.48
    ], 
    [
      3.31, 
      0.47
    ], 
    [
      3.24, 
      0.47
    ], 
    [
      3.23, 
      0.46
    ], 
    [
      3.16, 
      0.46
    ], 
    [
      3.15, 
      0.45
    ], 
    [
      3.07, 
      0.45
    ], 
    [
      3.06, 
      0.44
    ], 
    [
      2.99, 
      0.44
    ], 
    [
      2.98, 
      0.43
    ], 
    [
      2.91, 
      0.43
    ], 
    [
      2.9, 
      0.42
    ], 
    [
      2.82, 
      0.42
    ], 
    [
      2.81, 
      0.41
    ], 
    [
      2.74, 
      0.41
    ], 
    [
      2.73, 
      0.4
    ], 
    [
      2.65, 
      0.4
    ], 
    [
      2.64, 
      0.39
    ], 
    [
      2.57, 
      0.39
    ], 
    [
      2.56, 
      0.38
    ], 
    [
      2.49, 
      0.38
    ], 
    [
      2.48, 
      0.37
    ], 
    [
      2.4, 
      0.37
    ], 
    [
      2.39, 
      0.36
    ], 
    [
      2.32, 
      0.36
    ], 
    [
      2.31, 
      0.35
    ], 
    [
      2.23, 
      0.35
    ], 
    [
      2.22, 
      0.34
    ], 
    [
      2.15, 
      0.34
    ], 
    [
      2.14, 
      0.33
    ], 
    [
      2.07, 
      0.33
    ], 
    [
      2.06, 
      0.32
    ], 
    [
      1.98, 
      0.32
    ], 
    [
      1.97, 
      0.31
    ], 
    [
      1.9, 
      0.31
    ], 
    [
      1.89, 
      0.3
    ], 
    [
      1.82, 
      0.3
    ], 
    [
      1.81, 
      0.29
    ], 
    [
      1.73, 
      0.29
    ], 
    [
      1.72, 
      0.28
    ], 
    [
      1.65, 
      0.28
    ], 
    [
      1.64, 
      0.27
    ], 
    [
      1.56, 
      0.27
    ], 
    [
      1.55, 
      0.26
    ], 
    [
      1.48, 
      0.26
    ], 
    [
      1.47, 
      0.25
    ], 
    [
      1.4, 
      0.25
    ], 
    [
      1.39, 
      0.24
    ], 
    [
      1.31, 
      0.24
    ], 
    [
      1.3, 
      0.23
    ], 
    [
      1.23, 
      0.23
    ], 
    [
      1.22, 
      0.22
    ], 
    [
      1.15, 
      0.22
    ], 
    [
      1.14, 
      0.21
    ], 
    [
      1.06, 
      0.21
    ], 
    [
      1.05, 
      0.2
    ], 
    [
      0.98, 
      0.2
    ], 
    [
      0.97, 
      0.19
    ], 
    [
      0.89, 
      0.19
    ], 
    [
      0.88, 
      0.18
    ], 
    [
      0.81, 
      0.18
    ], 
    [
      0.8, 
      0.17
    ], 
    [
      0.73, 
      0.17
    ], 
    [
      0.72, 
      0.16
    ], 
    [
      0.64, 
      0.16
    ], 
    [
      0.63, 
      0.15
    ], 
    [
      0.56, 
      0.15
    ], 
    [
      0.55, 
      0.14
    ], 
    [
      0.48, 
      0.14
    ], 
    [
      0.47, 
      0.13
    ], 
    [
      0.39, 
      0.13
    ], 
    [
      0.38, 
      0.12
    ], 
    [
      0.31, 
      0.12
    ], 
    [
      0.3, 
      0.11
    ], 
    [
      0.22, 
      0.11
    ], 
    [
      0.21, 
      0.1
    ]
  ], 
  "bbox": {
    "max": [
      5.9, 
      8.23
    ], 
    "min": [
      0.1, 
      0.1
    ]
  }, 
  "id": "0626115a11e1215ee89291e10e3b91c2"
}