{
  "room_category": {
    "Kitchen": {
      "simulation_statistics": [
        {
          "not_completed_agents": 0, 
          "max_evacuation_time": 0.85, 
          "min_evacuation_time": 0.05, 
          "exit_flow_rate": 3.5294117647058822, 
          "completed_agents": 3, 
          "max_traveled_distance": 1.477148, 
          "avg_evacuation_time": 0.5333333333333333, 
          "avg_traveled_distance": 0.8843546666666667, 
          "min_traveled_distance": 0.064739
        }
      ], 
      "bounds": [
        [
          -0.02, 
          -0.02, 
          3.45, 
          3.78
        ]
      ]
    }, 
    "Hall": {
      "simulation_statistics": [
        {
          "not_completed_agents": 0, 
          "max_evacuation_time": 4.900001, 
          "min_evacuation_time": 2.999998, 
          "exit_flow_rate": 0.6122447730112709, 
          "completed_agents": 3, 
          "max_traveled_distance": 5.032212, 
          "avg_evacuation_time": 3.8666656666666666, 
          "avg_traveled_distance": 4.230300333333333, 
          "min_traveled_distance": 3.448172
        }
      ], 
      "bounds": [
        [
          3.36, 
          -0.05, 
          7.37, 
          4.26
        ]
      ]
    }, 
    "Bedroom": {
      "simulation_statistics": [
        {
          "not_completed_agents": 0, 
          "max_evacuation_time": 10.300021, 
          "min_evacuation_time": 7.40001, 
          "exit_flow_rate": 0.2912615420881181, 
          "completed_agents": 3, 
          "max_traveled_distance": 9.911516, 
          "avg_evacuation_time": 8.850015666666666, 
          "avg_traveled_distance": 9.349050666666667, 
          "min_traveled_distance": 8.429136
        }
      ], 
      "bounds": [
        [
          7.26, 
          -0.02, 
          10.97, 
          3.78
        ]
      ]
    }
  }, 
  "room_num": 3, 
  "verts": [
    [
      0.11, 
      0.1
    ], 
    [
      0.1, 
      0.11
    ], 
    [
      0.1, 
      3.64
    ], 
    [
      7.27, 
      3.64
    ], 
    [
      7.27, 
      1.05
    ], 
    [
      7.28, 
      1.04
    ], 
    [
      7.38, 
      1.04
    ], 
    [
      7.39, 
      1.05
    ], 
    [
      7.39, 
      3.64
    ], 
    [
      10.86, 
      3.64
    ], 
    [
      10.86, 
      0.1
    ], 
    [
      7.39, 
      0.1
    ], 
    [
      7.39, 
      0.29
    ], 
    [
      7.38, 
      0.3
    ], 
    [
      7.28, 
      0.3
    ], 
    [
      7.27, 
      0.29
    ], 
    [
      7.27, 
      0.1
    ], 
    [
      3.47, 
      0.1
    ], 
    [
      3.47, 
      2.37
    ], 
    [
      3.46, 
      2.38
    ], 
    [
      3.36, 
      2.38
    ], 
    [
      3.35, 
      2.37
    ], 
    [
      3.35, 
      0.1
    ]
  ], 
  "bbox": {
    "max": [
      10.86, 
      3.64
    ], 
    "min": [
      0.1, 
      0.1
    ]
  }, 
  "id": "0a47f8ccaecbc3dbbed86f76c28d7356"
}