{
  "room_category": {
    "Loggia": {
      "simulation_statistics": [
        {
          "not_completed_agents": 0, 
          "max_evacuation_time": 7.950012, 
          "min_evacuation_time": 0.0, 
          "exit_flow_rate": 2.1383615521586634, 
          "completed_agents": 17, 
          "max_traveled_distance": 9.417089, 
          "avg_evacuation_time": 3.3617662352941178, 
          "avg_traveled_distance": 4.096321588235294, 
          "min_traveled_distance": 0.0
        }
      ], 
      "bounds": [
        [
          5.31, 
          -2.54, 
          19.51, 
          3.35
        ]
      ]
    }, 
    "Bathroom": {
      "simulation_statistics": [
        {
          "not_completed_agents": 0, 
          "max_evacuation_time": 23.99992, 
          "min_evacuation_time": 13.050032, 
          "exit_flow_rate": 0.12500041666805556, 
          "completed_agents": 3, 
          "max_traveled_distance": 19.792961, 
          "avg_evacuation_time": 17.249996666666664, 
          "avg_traveled_distance": 16.806265333333332, 
          "min_traveled_distance": 14.968095
        }, 
        {
          "not_completed_agents": 0, 
          "max_evacuation_time": 17.750015, 
          "min_evacuation_time": 10.700023, 
          "exit_flow_rate": 0.16901394167835912, 
          "completed_agents": 3, 
          "max_traveled_distance": 14.63196, 
          "avg_evacuation_time": 13.700022666666667, 
          "avg_traveled_distance": 12.819313, 
          "min_traveled_distance": 10.423092
        }
      ], 
      "bounds": [
        [
          16.92, 
          10.12, 
          20.2, 
          15.35
        ], 
        [
          4.51, 
          10.12, 
          7.8, 
          15.35
        ]
      ]
    }, 
    "Kitchen": {
      "simulation_statistics": [
        {
          "not_completed_agents": 0, 
          "max_evacuation_time": 9.400018, 
          "min_evacuation_time": 5.450003, 
          "exit_flow_rate": 1.1702105251287818, 
          "completed_agents": 11, 
          "max_traveled_distance": 11.953181, 
          "avg_evacuation_time": 7.495464999999999, 
          "avg_traveled_distance": 9.437351363636365, 
          "min_traveled_distance": 7.330972
        }
      ], 
      "bounds": [
        [
          7.72, 
          8.89, 
          17.01, 
          14.72
        ]
      ]
    }, 
    "Hall": {
      "simulation_statistics": [
        {
          "not_completed_agents": 0, 
          "max_evacuation_time": 7.25001, 
          "min_evacuation_time": 0.2, 
          "exit_flow_rate": 2.344824351966411, 
          "completed_agents": 17, 
          "max_traveled_distance": 9.161951, 
          "avg_evacuation_time": 4.129412235294118, 
          "avg_traveled_distance": 5.232350352941176, 
          "min_traveled_distance": 0.239508
        }
      ], 
      "bounds": [
        [
          7.71, 
          -0.04, 
          17.01, 
          9.0
        ]
      ]
    }, 
    "Bedroom": {
      "simulation_statistics": [
        {
          "not_completed_agents": 0, 
          "max_evacuation_time": 19.149994, 
          "min_evacuation_time": 3.949997, 
          "exit_flow_rate": 0.5744127126097271, 
          "completed_agents": 11, 
          "max_traveled_distance": 12.486361, 
          "avg_evacuation_time": 9.990923545454546, 
          "avg_traveled_distance": 9.25479281818182, 
          "min_traveled_distance": 3.986764
        }, 
        {
          "not_completed_agents": 0, 
          "max_evacuation_time": 21.849953, 
          "min_evacuation_time": 5.350002, 
          "exit_flow_rate": 0.5949669548488273, 
          "completed_agents": 13, 
          "max_traveled_distance": 17.73708, 
          "avg_evacuation_time": 13.115400153846155, 
          "avg_traveled_distance": 13.536902384615386, 
          "min_traveled_distance": 7.187291
        }
      ], 
      "bounds": [
        [
          -0.02, 
          3.22, 
          7.84, 
          10.25
        ], 
        [
          16.32, 
          3.22, 
          25.21, 
          10.28
        ]
      ]
    }
  }, 
  "room_num": 7, 
  "verts": [
    [
      7.83, 
      0.1
    ], 
    [
      7.82, 
      0.11
    ], 
    [
      7.82, 
      3.86
    ], 
    [
      7.81, 
      3.87
    ], 
    [
      7.71, 
      3.87
    ], 
    [
      7.7, 
      3.86
    ], 
    [
      7.7, 
      3.35
    ], 
    [
      0.11, 
      3.35
    ], 
    [
      0.1, 
      3.36
    ], 
    [
      0.1, 
      10.14
    ], 
    [
      4.51, 
      10.14
    ], 
    [
      4.52, 
      10.15
    ], 
    [
      6.5, 
      10.15
    ], 
    [
      6.51, 
      10.16
    ], 
    [
      6.51, 
      10.26
    ], 
    [
      6.5, 
      10.27
    ], 
    [
      4.63, 
      10.27
    ], 
    [
      4.63, 
      15.24
    ], 
    [
      7.69, 
      15.24
    ], 
    [
      7.69, 
      14.11
    ], 
    [
      7.7, 
      14.1
    ], 
    [
      7.7, 
      10.27
    ], 
    [
      7.5, 
      10.27
    ], 
    [
      7.49, 
      10.26
    ], 
    [
      7.49, 
      10.16
    ], 
    [
      7.5, 
      10.15
    ], 
    [
      7.7, 
      10.15
    ], 
    [
      7.7, 
      4.88
    ], 
    [
      7.71, 
      4.87
    ], 
    [
      7.82, 
      4.87
    ], 
    [
      7.83, 
      4.88
    ], 
    [
      7.83, 
      8.9
    ], 
    [
      8.29, 
      8.9
    ], 
    [
      8.3, 
      8.91
    ], 
    [
      8.3, 
      9.01
    ], 
    [
      8.29, 
      9.02
    ], 
    [
      7.83, 
      9.02
    ], 
    [
      7.83, 
      13.99
    ], 
    [
      16.91, 
      13.99
    ], 
    [
      16.91, 
      9.02
    ], 
    [
      16.39, 
      9.02
    ], 
    [
      16.38, 
      9.01
    ], 
    [
      16.38, 
      8.91
    ], 
    [
      16.39, 
      8.9
    ], 
    [
      16.91, 
      8.9
    ], 
    [
      16.91, 
      7.21
    ], 
    [
      16.92, 
      7.2
    ], 
    [
      17.02, 
      7.2
    ], 
    [
      17.03, 
      7.21
    ], 
    [
      17.03, 
      10.15
    ], 
    [
      18.27, 
      10.15
    ], 
    [
      18.28, 
      10.16
    ], 
    [
      18.28, 
      10.26
    ], 
    [
      18.27, 
      10.27
    ], 
    [
      17.03, 
      10.27
    ], 
    [
      17.03, 
      14.1
    ], 
    [
      17.04, 
      14.11
    ], 
    [
      17.04, 
      15.24
    ], 
    [
      20.09, 
      15.24
    ], 
    [
      20.09, 
      10.27
    ], 
    [
      19.26, 
      10.27
    ], 
    [
      19.25, 
      10.26
    ], 
    [
      19.25, 
      10.16
    ], 
    [
      19.26, 
      10.15
    ], 
    [
      20.2, 
      10.15
    ], 
    [
      20.21, 
      10.14
    ], 
    [
      25.08, 
      10.14
    ], 
    [
      25.08, 
      3.35
    ], 
    [
      17.03, 
      3.35
    ], 
    [
      17.03, 
      6.19
    ], 
    [
      17.02, 
      6.2
    ], 
    [
      16.92, 
      6.2
    ], 
    [
      16.91, 
      6.19
    ], 
    [
      16.91, 
      3.24
    ], 
    [
      16.9, 
      3.23
    ], 
    [
      16.9, 
      0.1
    ]
  ], 
  "bbox": {
    "max": [
      25.08, 
      15.24
    ], 
    "min": [
      0.1, 
      0.1
    ]
  }, 
  "id": "0a8acac46108e7b4d46589b3725afc6c"
}