{
  "room_category": {
    "Toilet": {
      "simulation_statistics": [
        {
          "not_completed_agents": 0, 
          "max_evacuation_time": 17.550018, 
          "min_evacuation_time": 11.700027, 
          "exit_flow_rate": 0.1709399956170985, 
          "completed_agents": 3, 
          "max_traveled_distance": 15.165993, 
          "avg_evacuation_time": 14.850028333333334, 
          "avg_traveled_distance": 14.655783, 
          "min_traveled_distance": 13.855043
        }
      ], 
      "bounds": [
        [
          -0.05, 
          9.38, 
          3.17, 
          14.57
        ]
      ]
    }, 
    "Bathroom": {
      "simulation_statistics": [
        {
          "not_completed_agents": 0, 
          "max_evacuation_time": 19.649986, 
          "min_evacuation_time": 12.750031, 
          "exit_flow_rate": 0.15267186449903833, 
          "completed_agents": 3, 
          "max_traveled_distance": 15.83315, 
          "avg_evacuation_time": 16.183352333333332, 
          "avg_traveled_distance": 15.423484666666667, 
          "min_traveled_distance": 15.201445
        }
      ], 
      "bounds": [
        [
          -0.05, 
          9.38, 
          3.17, 
          14.57
        ]
      ]
    }, 
    "Room": {
      "simulation_statistics": [
        {
          "not_completed_agents": 0, 
          "max_evacuation_time": 41.249657, 
          "min_evacuation_time": 0.6, 
          "exit_flow_rate": 0.33939676152943526, 
          "completed_agents": 14, 
          "max_traveled_distance": 27.624542, 
          "avg_evacuation_time": 14.157083928571428, 
          "avg_traveled_distance": 12.487822785714286, 
          "min_traveled_distance": 0.90165
        }, 
        {
          "not_completed_agents": 0, 
          "max_evacuation_time": 45.999584, 
          "min_evacuation_time": 8.000012, 
          "exit_flow_rate": 0.3695685595765388, 
          "completed_agents": 17, 
          "max_traveled_distance": 32.060562, 
          "avg_evacuation_time": 22.749908411764707, 
          "avg_traveled_distance": 20.631671823529413, 
          "min_traveled_distance": 10.344565
        }, 
        {
          "not_completed_agents": 0, 
          "max_evacuation_time": 38.999691, 
          "min_evacuation_time": 9.550018, 
          "exit_flow_rate": 0.30769474558144577, 
          "completed_agents": 12, 
          "max_traveled_distance": 26.411528, 
          "avg_evacuation_time": 23.170749333333333, 
          "avg_traveled_distance": 20.55412325, 
          "min_traveled_distance": 12.599248
        }, 
        {
          "not_completed_agents": 0, 
          "max_evacuation_time": 7.35001, 
          "min_evacuation_time": 7.35001, 
          "exit_flow_rate": 0.1360542366609025, 
          "completed_agents": 1, 
          "max_traveled_distance": 9.593531, 
          "avg_evacuation_time": 7.35001, 
          "avg_traveled_distance": 9.593531, 
          "min_traveled_distance": 9.593531
        }, 
        {
          "not_completed_agents": 0, 
          "max_evacuation_time": 31.249809, 
          "min_evacuation_time": 5.800004, 
          "exit_flow_rate": 0.2560015646815633, 
          "completed_agents": 8, 
          "max_traveled_distance": 32.14621, 
          "avg_evacuation_time": 12.96248475, 
          "avg_traveled_distance": 14.855857875, 
          "min_traveled_distance": 7.207718
        }
      ], 
      "bounds": [
        [
          0.0, 
          -0.02, 
          9.04, 
          7.83
        ], 
        [
          10.16, 
          -0.02, 
          21.06, 
          7.84
        ], 
        [
          4.81, 
          -0.02, 
          16.44, 
          5.03
        ], 
        [
          8.93, 
          4.37, 
          10.36, 
          7.83
        ], 
        [
          -0.04, 
          7.62, 
          21.08, 
          9.47
        ]
      ]
    }, 
    "Living_Room": {
      "simulation_statistics": [
        {
          "not_completed_agents": 0, 
          "max_evacuation_time": 31.499805, 
          "min_evacuation_time": 0.0, 
          "exit_flow_rate": 0.44444719578422787, 
          "completed_agents": 14, 
          "max_traveled_distance": 24.619787, 
          "avg_evacuation_time": 8.196397428571428, 
          "avg_traveled_distance": 7.804659428571428, 
          "min_traveled_distance": 0.0
        }
      ], 
      "bounds": [
        [
          -0.03, 
          -0.05, 
          9.02, 
          7.79
        ]
      ]
    }, 
    "Bedroom": {
      "simulation_statistics": [
        {
          "not_completed_agents": 0, 
          "max_evacuation_time": 13.350033, 
          "min_evacuation_time": 7.750011, 
          "exit_flow_rate": 0.4494370912791002, 
          "completed_agents": 6, 
          "max_traveled_distance": 13.540855, 
          "avg_evacuation_time": 9.941686333333333, 
          "avg_traveled_distance": 12.127573833333335, 
          "min_traveled_distance": 10.961993
        }, 
        {
          "not_completed_agents": 0, 
          "max_evacuation_time": 19.099995, 
          "min_evacuation_time": 10.400022, 
          "exit_flow_rate": 0.3664922425372363, 
          "completed_agents": 7, 
          "max_traveled_distance": 20.453707, 
          "avg_evacuation_time": 14.114310142857144, 
          "avg_traveled_distance": 16.264700714285713, 
          "min_traveled_distance": 12.881336
        }, 
        {
          "not_completed_agents": 0, 
          "max_evacuation_time": 24.899906, 
          "min_evacuation_time": 14.350037, 
          "exit_flow_rate": 0.20080397090655683, 
          "completed_agents": 5, 
          "max_traveled_distance": 24.985815, 
          "avg_evacuation_time": 18.0799994, 
          "avg_traveled_distance": 21.072192, 
          "min_traveled_distance": 18.732471
        }, 
        {
          "not_completed_agents": 0, 
          "max_evacuation_time": 44.149612, 
          "min_evacuation_time": 12.100028, 
          "exit_flow_rate": 0.2718030681673941, 
          "completed_agents": 12, 
          "max_traveled_distance": 32.962551, 
          "avg_evacuation_time": 29.399826833333332, 
          "avg_traveled_distance": 24.3448295, 
          "min_traveled_distance": 15.462623
        }
      ], 
      "bounds": [
        [
          3.08, 
          8.84, 
          8.27, 
          14.57
        ], 
        [
          8.18, 
          8.77, 
          14.43, 
          14.57
        ], 
        [
          13.28, 
          9.38, 
          18.47, 
          14.57
        ], 
        [
          4.81, 
          -0.05, 
          16.44, 
          5.02
        ]
      ]
    }, 
    "Kitchen": {
      "simulation_statistics": [
        {
          "not_completed_agents": 0, 
          "max_evacuation_time": 40.549667, 
          "min_evacuation_time": 11.250025, 
          "exit_flow_rate": 0.4192389545393801, 
          "completed_agents": 17, 
          "max_traveled_distance": 34.287891, 
          "avg_evacuation_time": 29.391003117647056, 
          "avg_traveled_distance": 24.804703588235295, 
          "min_traveled_distance": 15.476433
        }
      ], 
      "bounds": [
        [
          10.19, 
          -0.02, 
          21.14, 
          7.83
        ]
      ]
    }
  }, 
  "room_num": 13,