{
  "room_category": {
    "Living_Room": {
      "simulation_statistics": [
        {
          "not_completed_agents": 0, 
          "max_evacuation_time": 43.499622, 
          "min_evacuation_time": 17.950012, 
          "exit_flow_rate": 0.5977063432873049, 
          "completed_agents": 26, 
          "max_traveled_distance": 36.879711, 
          "avg_evacuation_time": 30.11905730769231, 
          "avg_traveled_distance": 30.563054115384617, 
          "min_traveled_distance": 23.197779
        }
      ], 
      "bounds": [
        [
          -0.02, 
          10.5, 
          11.62, 
          21.78
        ]
      ]
    }, 
    "Room": {
      "simulation_statistics": [
        {
          "not_completed_agents": 0, 
          "max_evacuation_time": 150.004547, 
          "min_evacuation_time": 13.000031, 
          "exit_flow_rate": 0.07999757500684296, 
          "completed_agents": 12, 
          "max_traveled_distance": 25.641228, 
          "avg_evacuation_time": 27.40036169230769, 
          "avg_traveled_distance": 19.766398384615385, 
          "min_traveled_distance": 1.005426
        }
      ], 
      "bounds": [
        [
          11.47, 
          10.48, 
          17.65, 
          20.97
        ]
      ]
    }, 
    "Bedroom": {
      "simulation_statistics": [
        {
          "not_completed_agents": 0, 
          "max_evacuation_time": 10.300021, 
          "min_evacuation_time": 0.45, 
          "exit_flow_rate": 3.398051324361378, 
          "completed_agents": 35, 
          "max_traveled_distance": 13.274323, 
          "avg_evacuation_time": 5.844291542857143, 
          "avg_traveled_distance": 7.532691742857143, 
          "min_traveled_distance": 0.410498
        }
      ], 
      "bounds": [
        [
          -0.01, 
          -0.02, 
          16.57, 
          10.62
        ]
      ]
    }
  }, 
  "room_num": 3, 
  "verts": [
    [
      0.27, 
      0.1
    ], 
    [
      0.27, 
      0.18
    ], 
    [
      0.26, 
      0.19
    ], 
    [
      0.26, 
      0.69
    ], 
    [
      0.25, 
      0.7
    ], 
    [
      0.25, 
      1.33
    ], 
    [
      0.24, 
      1.34
    ], 
    [
      0.24, 
      1.97
    ], 
    [
      0.23, 
      1.98
    ], 
    [
      0.23, 
      2.61
    ], 
    [
      0.22, 
      2.62
    ], 
    [
      0.22, 
      3.24
    ], 
    [
      0.21, 
      3.25
    ], 
    [
      0.21, 
      3.88
    ], 
    [
      0.2, 
      3.89
    ], 
    [
      0.2, 
      4.52
    ], 
    [
      0.19, 
      4.53
    ], 
    [
      0.19, 
      5.16
    ], 
    [
      0.18, 
      5.17
    ], 
    [
      0.18, 
      5.79
    ], 
    [
      0.17, 
      5.8
    ], 
    [
      0.17, 
      6.43
    ], 
    [
      0.16, 
      6.44
    ], 
    [
      0.16, 
      7.07
    ], 
    [
      0.15, 
      7.08
    ], 
    [
      0.15, 
      7.71
    ], 
    [
      0.14, 
      7.72
    ], 
    [
      0.14, 
      8.34
    ], 
    [
      0.13, 
      8.35
    ], 
    [
      0.13, 
      8.98
    ], 
    [
      0.12, 
      8.99
    ], 
    [
      0.12, 
      9.62
    ], 
    [
      0.11, 
      9.63
    ], 
    [
      0.11, 
      10.26
    ], 
    [
      0.1, 
      10.27
    ], 
    [
      0.1, 
      10.48
    ], 
    [
      2.62, 
      10.48
    ], 
    [
      2.63, 
      10.49
    ], 
    [
      11.53, 
      10.49
    ], 
    [
      11.54, 
      10.48
    ], 
    [
      11.96, 
      10.48
    ], 
    [
      11.97, 
      10.49
    ], 
    [
      12.8, 
      10.49
    ], 
    [
      12.81, 
      10.5
    ], 
    [
      13.26, 
      10.5
    ], 
    [
      13.27, 
      10.51
    ], 
    [
      13.27, 
      10.62
    ], 
    [
      13.26, 
      10.63
    ], 
    [
      11.64, 
      10.63
    ], 
    [
      11.64, 
      11.42
    ], 
    [
      11.63, 
      11.43
    ], 
    [
      11.63, 
      15.17
    ], 
    [
      11.62, 
      15.18
    ], 
    [
      11.5, 
      15.18
    ], 
    [
      11.49, 
      15.17
    ], 
    [
      11.49, 
      14.43
    ], 
    [
      11.5, 
      14.42
    ], 
    [
      11.5, 
      12.93
    ], 
    [
      11.51, 
      12.92
    ], 
    [
      11.51, 
      10.63
    ], 
    [
      11.14, 
      10.63
    ], 
    [
      11.13, 
      10.62
    ], 
    [
      6.89, 
      10.62
    ], 
    [
      6.88, 
      10.61
    ], 
    [
      2.63, 
      10.61
    ], 
    [
      2.62, 
      10.6
    ], 
    [
      0.1, 
      10.6
    ], 
    [
      0.1, 
      20.91
    ], 
    [
      11.46, 
      20.91
    ], 
    [
      11.46, 
      19.88
    ], 
    [
      11.47, 
      19.87
    ], 
    [
      11.47, 
      17.69
    ], 
    [
      11.48, 
      17.68
    ], 
    [
      11.48, 
      16.54
    ], 
    [
      11.49, 
      16.53
    ], 
    [
      11.49, 
      16.49
    ], 
    [
      11.5, 
      16.48
    ], 
    [
      11.62, 
      16.48
    ], 
    [
      11.63, 
      16.49
    ], 
    [
      11.63, 
      20.86
    ], 
    [
      17.18, 
      20.86
    ], 
    [
      17.18, 
      20.84
    ], 
    [
      17.19, 
      20.83
    ], 
    [
      17.19, 
      20.7
    ], 
    [
      17.2, 
      20.69
    ], 
    [
      17.2, 
      20.56
    ], 
    [
      17.21, 
      20.55
    ], 
    [
      17.21, 
      20.42
    ], 
    [
      17.22, 
      20.41
    ], 
    [
      17.22, 
      20.28
    ], 
    [
      17.23, 
      20.27
    ], 
    [
      17.23, 
      20.14
    ], 
    [
      17.24, 
      20.13
    ], 
    [
      17.24, 
      20.01
    ], 
    [
      17.25, 
      20.0
    ], 
    [
      17.25, 
      19.87
    ], 
    [
      17.26, 
      19.86
    ], 
    [
      17.26, 
      19.73
    ], 
    [
      17.27, 
      19.72
    ], 
    [
      17.27, 
      19.59
    ], 
    [
      17.28, 
      19.58
    ], 
    [
      17.28, 
      19.45
    ], 
    [
      17.29, 
      19.44
    ], 
    [
      17.29, 
      19.25
    ], 
    [
      17.3, 
      19.24
    ], 
    [
      17.3, 
      19.11
    ], 
    [
      17.31, 
      19.1
    ], 
    [
      17.31, 
      18.97
    ], 
    [
      17.32, 
      18.96
    ], 
    [
      17.32, 
      18.83
    ], 
    [
      17.33, 
      18.82
    ], 
    [
      17.33, 
      18.7
    ], 
    [
      17.34, 
      18.69
    ], 
    [
      17.34, 
      18.56
    ], 
    [
      17.35, 
      18.55
    ], 
    [
      17.35, 
      18.42
    ], 
    [
      17.36, 
      18.41
    ], 
    [
      17.36, 
      18.28
    ], 
    [
      17.37, 
      18.27
    ], 
    [
      17.37, 
      18.14
    ], 
    [
      17.38, 
      18.13
    ], 
    [
      17.38, 
      18.01
    ], 
    [
      17.39, 
      18.0
    ], 
    [
      17.39, 
      17.91
    ], 
    [
      17.4, 
      17.9
    ], 
    [
      17.4, 
      17.77
    ], 
    [
      17.41, 
      17.76
    ], 
    [
      17.41, 
      17.63
    ], 
    [
      17.42, 
      17.62
    ], 
    [
      17.42, 
      17.49
    ], 
    [
      17.43, 
      17.48
    ], 
    [
      17.43, 
      17.35
    ], 
    [
      17.44, 
      17.34
    ], 
    [
      17.44, 
      17.21
    ], 
    [
      17.45, 
      17.2
    ], 
    [
      17.45, 
      17.07
    ], 
    [
      17.46, 
      17.06
    ], 
    [
      17.46, 
      16.92
    ], 
    [
      17.47, 
      16.91
    ], 
    [
