{
  "room_category": {
    "Toilet": {
      "simulation_statistics": [
        {
          "not_completed_agents": 0, 
          "max_evacuation_time": 26.899876, 
          "min_evacuation_time": 15.850042, 
          "exit_flow_rate": 0.11152467766022417, 
          "completed_agents": 3, 
          "max_traveled_distance": 23.424488, 
          "avg_evacuation_time": 21.366626, 
          "avg_traveled_distance": 21.85046133333333, 
          "min_traveled_distance": 20.650074
        }, 
        {
          "not_completed_agents": 0, 
          "max_evacuation_time": 7.750011, 
          "min_evacuation_time": 5.500003, 
          "exit_flow_rate": 0.38709622476664873, 
          "completed_agents": 3, 
          "max_traveled_distance": 8.984936, 
          "avg_evacuation_time": 6.700007333333333, 
          "avg_traveled_distance": 7.969867333333333, 
          "min_traveled_distance": 7.093378
        }
      ], 
      "bounds": [
        [
          13.81, 
          5.5, 
          17.61, 
          8.88
        ], 
        [
          5.12, 
          5.48, 
          8.93, 
          8.89
        ]
      ]
    }, 
    "Bathroom": {
      "simulation_statistics": [
        {
          "not_completed_agents": 0, 
          "max_evacuation_time": 29.299839, 
          "min_evacuation_time": 19.499989, 
          "exit_flow_rate": 0.10238964111714062, 
          "completed_agents": 3, 
          "max_traveled_distance": 23.55197, 
          "avg_evacuation_time": 25.59989566666667, 
          "avg_traveled_distance": 22.779707000000002, 
          "min_traveled_distance": 21.241802
        }, 
        {
          "not_completed_agents": 0, 
          "max_evacuation_time": 9.500018, 
          "min_evacuation_time": 4.65, 
          "exit_flow_rate": 0.315788875347394, 
          "completed_agents": 3, 
          "max_traveled_distance": 10.856606, 
          "avg_evacuation_time": 6.766674333333334, 
          "avg_traveled_distance": 8.234107999999999, 
          "min_traveled_distance": 6.318725
        }
      ], 
      "bounds": [
        [
          13.81, 
          5.5, 
          17.61, 
          8.88
        ], 
        [
          5.12, 
          5.48, 
          8.93, 
          8.89
        ]
      ]
    }, 
    "Office": {
      "simulation_statistics": [
        {
          "not_completed_agents": 0, 
          "max_evacuation_time": 32.699787, 
          "min_evacuation_time": 15.050039, 
          "exit_flow_rate": 0.12232495581699049, 
          "completed_agents": 4, 
          "max_traveled_distance": 25.669292, 
          "avg_evacuation_time": 22.2249425, 
          "avg_traveled_distance": 21.13217925, 
          "min_traveled_distance": 19.357735
        }
      ], 
      "bounds": [
        [
          11.32, 
          5.52, 
          14.51, 
          11.34
        ]
      ]
    }, 
    "Living_Room": {
      "simulation_statistics": [
        {
          "not_completed_agents": 0, 
          "max_evacuation_time": 150.004547, 
          "min_evacuation_time": 24.64991, 
          "exit_flow_rate": 0.013332929167807159, 
          "completed_agents": 2, 
          "max_traveled_distance": 24.083006, 
          "avg_evacuation_time": 88.97720325, 
          "avg_traveled_distance": 13.20439425, 
          "min_traveled_distance": 2.973325
        }
      ], 
      "bounds": [
        [
          5.11, 
          8.87, 
          8.34, 
          15.83
        ]
      ]
    }, 
    "Garage": {
      "simulation_statistics": [
        {
          "not_completed_agents": 0, 
          "max_evacuation_time": 3.599998, 
          "min_evacuation_time": 0.0, 
          "exit_flow_rate": 1.9444455246919583, 
          "completed_agents": 7, 
          "max_traveled_distance": 5.051538, 
          "avg_evacuation_time": 1.9285705714285715, 
          "avg_traveled_distance": 2.451772571428571, 
          "min_traveled_distance": 0.0
        }
      ], 
      "bounds": [
        [
          -0.05, 
          -0.02, 
          5.17, 
          7.11
        ]
      ]
    }, 
    "Bedroom": {
      "simulation_statistics": [
        {
          "not_completed_agents": 0, 
          "max_evacuation_time": 12.250029, 
          "min_evacuation_time": 8.600015, 
          "exit_flow_rate": 0.24489737942661197, 
          "completed_agents": 3, 
          "max_traveled_distance": 12.086288, 
          "avg_evacuation_time": 10.550022333333333, 
          "avg_traveled_distance": 11.461947333333333, 
          "min_traveled_distance": 10.38143
        }
      ], 
      "bounds": [
        [
          8.22, 
          5.52, 
          11.41, 
          10.75
        ]
      ]
    }, 
    "Kitchen": {
      "simulation_statistics": [
        {
          "not_completed_agents": 0, 
          "max_evacuation_time": 25.599895, 
          "min_evacuation_time": 16.450035, 
          "exit_flow_rate": 0.1953133010897115, 
          "completed_agents": 5, 
          "max_traveled_distance": 22.708202, 
          "avg_evacuation_time": 19.6399864, 
          "avg_traveled_distance": 21.0303102, 
          "min_traveled_distance": 19.335867
        }
      ], 
      "bounds": [
        [
          14.39, 
          8.79, 
          17.62, 
          15.82
        ]
      ]
    }
  }, 
  "room_num": 8,