{
  "room_category": {
    "Toilet": {
      "simulation_statistics": [
        {
          "not_completed_agents": 0, 
          "max_evacuation_time": 41.899647, 
          "min_evacuation_time": 28.049858, 
          "exit_flow_rate": 0.119332747600475, 
          "completed_agents": 5, 
          "max_traveled_distance": 38.840496, 
          "avg_evacuation_time": 36.069735800000004, 
          "avg_traveled_distance": 36.6490876, 
          "min_traveled_distance": 34.400723
        }, 
        {
          "not_completed_agents": 0, 
          "max_evacuation_time": 22.099949, 
          "min_evacuation_time": 17.200024, 
          "exit_flow_rate": 0.13574691959696378, 
          "completed_agents": 3, 
          "max_traveled_distance": 30.88055, 
          "avg_evacuation_time": 19.616653666666664, 
          "avg_traveled_distance": 26.478614000000004, 
          "min_traveled_distance": 23.758526
        }
      ], 
      "bounds": [
        [
          22.73, 
          -0.02, 
          27.91, 
          5.17
        ], 
        [
          14.94, 
          6.66, 
          18.12, 
          11.87
        ]
      ]
    }, 
    "Bathroom": {
      "simulation_statistics": [
        {
          "not_completed_agents": 0, 
          "max_evacuation_time": 51.099506, 
          "min_evacuation_time": 33.949768, 
          "exit_flow_rate": 0.09784830405209788, 
          "completed_agents": 5, 
          "max_traveled_distance": 40.286324, 
          "avg_evacuation_time": 42.7496338, 
          "avg_traveled_distance": 38.253372999999996, 
          "min_traveled_distance": 35.335121
        }, 
        {
          "not_completed_agents": 0, 
          "max_evacuation_time": 27.29987, 
          "min_evacuation_time": 15.15004, 
          "exit_flow_rate": 0.10989063317883932, 
          "completed_agents": 3, 
          "max_traveled_distance": 30.208143, 
          "avg_evacuation_time": 21.26662333333333, 
          "avg_traveled_distance": 27.325029999999998, 
          "min_traveled_distance": 23.514212
        }
      ], 
      "bounds": [
        [
          22.73, 
          -0.02, 
          27.91, 
          5.17
        ], 
        [
          14.94, 
          6.66, 
          18.12, 
          11.87
        ]
      ]
    }, 
    "Room": {
      "simulation_statistics": [
        {
          "not_completed_agents": 0, 
          "max_evacuation_time": 46.449577, 
          "min_evacuation_time": 17.400021, 
          "exit_flow_rate": 0.15070104944120374, 
          "completed_agents": 7, 
          "max_traveled_distance": 41.192692, 
          "avg_evacuation_time": 29.971257285714284, 
          "avg_traveled_distance": 34.47025942857143, 
          "min_traveled_distance": 24.362131
        }, 
        {
          "not_completed_agents": 0, 
          "max_evacuation_time": 11.600026, 
          "min_evacuation_time": 3.399998, 
          "exit_flow_rate": 0.6034469233086202, 
          "completed_agents": 7, 
          "max_traveled_distance": 16.322968, 
          "avg_evacuation_time": 6.942866, 
          "avg_traveled_distance": 8.013447285714285, 
          "min_traveled_distance": 3.923993
        }
      ], 
      "bounds": [
        [
          21.13, 
          4.47, 
          24.31, 
          16.17
        ], 
        [
          -0.01, 
          5.08, 
          21.21, 
          6.77
        ]
      ]
    }, 
    "Office": {
      "simulation_statistics": [
        {
          "not_completed_agents": 0, 
          "max_evacuation_time": 31.399807, 
          "min_evacuation_time": 9.800019, 
          "exit_flow_rate": 0.19108397704482707, 
          "completed_agents": 6, 
          "max_traveled_distance": 34.590477, 
          "avg_evacuation_time": 20.43327366666667, 
          "avg_traveled_distance": 22.345439499999998, 
          "min_traveled_distance": 12.496891
        }
      ], 
      "bounds": [
        [
          7.14, 
          6.07, 
          12.16, 
          11.89
        ]
      ]
    }, 
    "Gym": {
      "simulation_statistics": [
        {
          "not_completed_agents": 0, 
          "max_evacuation_time": 30.449821, 
          "min_evacuation_time": 12.300029, 
          "exit_flow_rate": 0.2298864088560652, 
          "completed_agents": 7, 
          "max_traveled_distance": 41.101601, 
          "avg_evacuation_time": 21.72851042857143, 
          "avg_traveled_distance": 23.988187285714282, 
          "min_traveled_distance": 16.105455
        }
      ], 
      "bounds": [
        [
          5.81, 
          -0.03, 
          12.14, 
          5.79
        ]
      ]
    }, 
    "Living_Room": {
      "simulation_statistics": [
        {
          "not_completed_agents": 0, 
          "max_evacuation_time": 44.849602, 
          "min_evacuation_time": 28.849846, 
          "exit_flow_rate": 0.11148370948754463, 
          "completed_agents": 5, 
          "max_traveled_distance": 43.878983, 
          "avg_evacuation_time": 38.149704, 
          "avg_traveled_distance": 39.4085968, 
          "min_traveled_distance": 35.696819
        }
      ], 
      "bounds": [
        [
          22.73, 
          10.45, 
          27.93, 
          15.39
        ]
      ]
    }, 
    "Garage": {
      "simulation_statistics": [
        {
          "not_completed_agents": 0, 
          "max_evacuation_time": 2.749999, 
          "min_evacuation_time": 0.0, 
          "exit_flow_rate": 2.545455471074717, 
          "completed_agents": 7, 
          "max_traveled_distance": 3.636953, 
          "avg_evacuation_time": 1.2928568571428571, 
          "avg_traveled_distance": 1.663536285714286, 
          "min_traveled_distance": 0.0
        }, 
        {
          "not_completed_agents": 0, 
          "max_evacuation_time": 50.099522, 
          "min_evacuation_time": 16.10004, 
          "exit_flow_rate": 0.159682162236997, 
          "completed_agents": 8, 
          "max_traveled_distance": 44.647881, 
          "avg_evacuation_time": 29.88733025, 
          "avg_traveled_distance": 31.6300935, 
          "min_traveled_distance": 20.740952
        }
      ], 
      "bounds": [
        [
          -0.54, 
          -0.02, 
          5.89, 
          5.17
        ], 
        [
          -0.01, 
          6.68, 
          7.22, 
          11.87
        ]
      ]
    }, 
    "Bedroom": {
      "simulation_statistics": [
        {
          "not_completed_agents": 0, 
          "max_evacuation_time": 39.74968, 
          "min_evacuation_time": 19.999981, 
          "exit_flow_rate": 0.15094461137800355, 
          "completed_agents": 6, 
          "max_traveled_distance": 39.629234, 
          "avg_evacuation_time": 29.774831833333334, 
          "avg_traveled_distance": 34.14482133333333, 
          "min_traveled_distance": 29.421549
        }, 
        {
          "not_completed_agents": 0, 
          "max_evacuation_time": 23.749924, 
          "min_evacuation_time": 15.600041, 
          "exit_flow_rate": 0.168421591580672, 
          "completed_agents": 4, 
          "max_traveled_distance": 28.270571, 
          "avg_evacuation_time": 18.36250425, 
          "avg_traveled_distance": 23.66433475, 
          "min_traveled_distance": 21.709379
        }, 
        {
          "not_completed_agents": 0, 
          "max_evacuation_time": 20.549973, 
          "min_evacuation_time": 13.400033, 
          "exit_flow_rate": 0.14598559326574298, 
          "completed_agents": 3, 
          "max_traveled_distance": 27.553238, 
          "avg_evacuation_time": 17.600001333333335, 
          "avg_traveled_distance": 23.032370333333333, 
          "min_traveled_distance": 18.497181
        }
      ],