{
  "room_category": {
    "Living_Room": {
      "simulation_statistics": [
        {
          "not_completed_agents": 0, 
          "max_evacuation_time": 2.149999, 
          "min_evacuation_time": 0.0, 
          "exit_flow_rate": 2.7906989724181264, 
          "completed_agents": 6, 
          "max_traveled_distance": 2.821767, 
          "avg_evacuation_time": 1.466666, 
          "avg_traveled_distance": 1.8909225, 
          "min_traveled_distance": 0.0
        }
      ], 
      "bounds": [
        [
          -0.05, 
          -0.03, 
          5.51, 
          5.27
        ]
      ]
    }, 
    "Kitchen": {
      "simulation_statistics": [
        {
          "not_completed_agents": 0, 
          "max_evacuation_time": 14.700038, 
          "min_evacuation_time": 6.350006, 
          "exit_flow_rate": 0.3401351751607717, 
          "completed_agents": 5, 
          "max_traveled_distance": 10.278491, 
          "avg_evacuation_time": 10.260020999999998, 
          "avg_traveled_distance": 7.790350200000001, 
          "min_traveled_distance": 6.083234
        }
      ], 
      "bounds": [
        [
          5.36, 
          -0.05, 
          10.3, 
          5.2
        ]
      ]
    }
  }, 
  "room_num": 3, 
  "verts": [
    [
      0.11, 
      0.1
    ], 
    [
      0.1, 
      0.11
    ], 
    [
      0.1, 
      5.06
    ], 
    [
      5.36, 
      5.06
    ], 
    [
      5.36, 
      4.37
    ], 
    [
      5.37, 
      4.36
    ], 
    [
      5.37, 
      3.64
    ], 
    [
      5.38, 
      3.63
    ], 
    [
      5.48, 
      3.63
    ], 
    [
      5.49, 
      3.64
    ], 
    [
      5.49, 
      4.41
    ], 
    [
      5.48, 
      4.42
    ], 
    [
      5.48, 
      5.07
    ], 
    [
      6.12, 
      5.07
    ], 
    [
      6.13, 
      5.08
    ], 
    [
      6.13, 
      5.18
    ], 
    [
      6.12, 
      5.19
    ], 
    [
      6.11, 
      5.18
    ], 
    [
      6.1, 
      5.19
    ], 
    [
      5.49, 
      5.19
    ], 
    [
      5.49, 
      7.56
    ], 
    [
      10.16, 
      7.56
    ], 
    [
      10.16, 
      6.44
    ], 
    [
      10.17, 
      6.43
    ], 
    [
      10.17, 
      4.2
    ], 
    [
      10.18, 
      4.19
    ], 
    [
      10.18, 
      2.72
    ], 
    [
      7.81, 
      2.72
    ], 
    [
      7.81, 
      3.32
    ], 
    [
      7.8, 
      3.33
    ], 
    [
      7.8, 
      4.55
    ], 
    [
      7.79, 
      4.56
    ], 
    [
      7.79, 
      5.17
    ], 
    [
      7.77, 
      5.19
    ], 
    [
      7.44, 
      5.19
    ], 
    [
      7.43, 
      5.18
    ], 
    [
      7.43, 
      5.08
    ], 
    [
      7.44, 
      5.07
    ], 
    [
      7.67, 
      5.07
    ], 
    [
      7.67, 
      2.59
    ], 
    [
      7.69, 
      2.57
    ], 
    [
      10.16, 
      2.57
    ], 
    [
      10.16, 
      0.1
    ], 
    [
      5.52, 
      0.1
    ], 
    [
      5.53, 
      0.11
    ], 
    [
      5.53, 
      0.52
    ], 
    [
      5.52, 
      0.53
    ], 
    [
      5.52, 
      1.36
    ], 
    [
      5.51, 
      1.37
    ], 
    [
      5.51, 
      2.2
    ], 
    [
      5.5, 
      2.21
    ], 
    [
      5.5, 
      2.62
    ], 
    [
      5.49, 
      2.63
    ], 
    [
      5.39, 
      2.63
    ], 
    [
      5.38, 
      2.62
    ], 
    [
      5.38, 
      2.15
    ], 
    [
      5.39, 
      2.14
    ], 
    [
      5.39, 
      1.29
    ], 
    [
      5.4, 
      1.28
    ], 
    [
      5.4, 
      0.43
    ], 
    [
      5.41, 
      0.42
    ], 
    [
      5.41, 
      0.1
    ]
  ], 
  "bbox": {
    "max": [
      10.18, 
      7.56
    ], 
    "min": [
      0.1, 
      0.1
    ]
  }, 
  "id": "1062d8cf687617339898c4ca08fa506e"
}