{
  "room_category": {
    "Toilet": {
      "simulation_statistics": [
        {
          "not_completed_agents": 0, 
          "max_evacuation_time": 9.800019, 
          "min_evacuation_time": 3.499998, 
          "exit_flow_rate": 0.8163249479414274, 
          "completed_agents": 8, 
          "max_traveled_distance": 9.201195, 
          "avg_evacuation_time": 6.587507375, 
          "avg_traveled_distance": 7.533841, 
          "min_traveled_distance": 4.16581
        }
      ], 
      "bounds": [
        [
          7.24, 
          -0.03, 
          14.57, 
          5.19
        ]
      ]
    }, 
    "Living_Room": {
      "simulation_statistics": [
        {
          "not_completed_agents": 0, 
          "max_evacuation_time": 16.400036, 
          "min_evacuation_time": 3.649998, 
          "exit_flow_rate": 0.36585285544495144, 
          "completed_agents": 6, 
          "max_traveled_distance": 12.484009, 
          "avg_evacuation_time": 7.133341333333334, 
          "avg_traveled_distance": 7.4401325, 
          "min_traveled_distance": 4.693709
        }, 
        {
          "not_completed_agents": 0, 
          "max_evacuation_time": 21.149963, 
          "min_evacuation_time": 8.300014, 
          "exit_flow_rate": 0.520095472507446, 
          "completed_agents": 11, 
          "max_traveled_distance": 16.805826, 
          "avg_evacuation_time": 12.622742272727272, 
          "avg_traveled_distance": 13.969191727272728, 
          "min_traveled_distance": 11.746376
        }
      ], 
      "bounds": [
        [
          3.54, 
          5.08, 
          8.79, 
          10.38
        ], 
        [
          1.12, 
          10.33, 
          11.94, 
          15.53
        ]
      ]
    }, 
    "Office": {
      "simulation_statistics": [
        {
          "not_completed_agents": 0, 
          "max_evacuation_time": 23.149933, 
          "min_evacuation_time": 7.200009, 
          "exit_flow_rate": 0.47516336224385614, 
          "completed_agents": 11, 
          "max_traveled_distance": 18.802431, 
          "avg_evacuation_time": 12.140920454545455, 
          "avg_traveled_distance": 13.81587581818182, 
          "min_traveled_distance": 8.987979
        }, 
        {
          "not_completed_agents": 0, 
          "max_evacuation_time": 17.600018, 
          "min_evacuation_time": 6.250006, 
          "exit_flow_rate": 0.2272724948349485, 
          "completed_agents": 4, 
          "max_traveled_distance": 12.793934, 
          "avg_evacuation_time": 13.100024, 
          "avg_traveled_distance": 11.178012, 
          "min_traveled_distance": 7.597159
        }, 
        {
          "not_completed_agents": 0, 
          "max_evacuation_time": 1.649999, 
          "min_evacuation_time": 0.0, 
          "exit_flow_rate": 3.636365840221721, 
          "completed_agents": 6, 
          "max_traveled_distance": 2.020679, 
          "avg_evacuation_time": 0.9916665, 
          "avg_traveled_distance": 1.2457968333333334, 
          "min_traveled_distance": 0.0
        }
      ], 
      "bounds": [
        [
          1.12, 
          10.33, 
          11.94, 
          15.53
        ], 
        [
          -0.03, 
          5.16, 
          3.72, 
          10.36
        ], 
        [
          2.13, 
          -0.79, 
          7.36, 
          5.19
        ]
      ]
    }
  }, 
  "room_num": 6, 
  "verts": [
    [
      2.27, 
      0.1
    ], 
    [
      2.26, 
      0.11
    ], 
    [
      2.26, 
      5.09
    ], 
    [
      3.99, 
      5.09
    ], 
    [
      4.0, 
      5.1
    ], 
    [
      4.0, 
      5.16
    ], 
    [
      4.86, 
      5.16
    ], 
    [
      4.87, 
      5.17
    ], 
    [
      4.87, 
      5.27
    ], 
    [
      4.86, 
      5.28
    ], 
    [
      3.71, 
      5.28
    ], 
    [
      3.71, 
      6.14
    ], 
    [
      3.7, 
      6.15
    ], 
    [
      3.6, 
      6.15
    ], 
    [
      3.59, 
      6.14
    ], 
    [
      3.59, 
      5.28
    ], 
    [
      0.11, 
      5.28
    ], 
    [
      0.1, 
      5.29
    ], 
    [
      0.1, 
      10.25
    ], 
    [
      1.13, 
      10.25
    ], 
    [
      1.14, 
      10.26
    ], 
    [
      3.57, 
      10.26
    ], 
    [
      3.57, 
      9.1
    ], 
    [
      3.58, 
      9.09
    ], 
    [
      3.68, 
      9.09
    ], 
    [
      3.69, 
      9.1
    ], 
    [
      3.69, 
      10.26
    ], 
    [
      4.83, 
      10.26
    ], 
    [
      4.84, 
      10.27
    ], 
    [
      4.84, 
      10.43
    ], 
    [
      4.83, 
      10.44
    ], 
    [
      1.25, 
      10.44
    ], 
    [
      1.25, 
      15.41
    ], 
    [
      11.82, 
      15.41
    ], 
    [
      11.82, 
      10.44
    ], 
    [
      7.79, 
      10.44
    ], 
    [
      7.78, 
      10.43
    ], 
    [
      7.78, 
      10.27
    ], 
    [
      7.79, 
      10.26
    ], 
    [
      11.93, 
      10.26
    ], 
    [
      11.94, 
      10.25
    ], 
    [
      13.09, 
      10.25
    ], 
    [
      13.09, 
      5.28
    ], 
    [
      6.08, 
      5.28
    ], 
    [
      6.07, 
      5.27
    ], 
    [
      6.07, 
      5.17
    ], 
    [
      6.08, 
      5.16
    ], 
    [
      6.94, 
      5.16
    ], 
    [
      6.94, 
      5.1
    ], 
    [
      6.95, 
      5.09
    ], 
    [
      7.23, 
      5.09
    ], 
    [
      7.23, 
      1.24
    ], 
    [
      7.24, 
      1.23
    ], 
    [
      7.34, 
      1.23
    ], 
    [
      7.35, 
      1.24
    ], 
    [
      7.34, 
      1.25
    ], 
    [
      7.34, 
      1.29
    ], 
    [
      7.35, 
      1.3
    ], 
    [
      7.35, 
      5.09
    ], 
    [
      9.28, 
      5.09
    ], 
    [
      9.29, 
      5.08
    ], 
    [
      12.8, 
      5.08
    ], 
    [
      12.81, 
      5.07
    ], 
    [
      13.2, 
      5.07
    ], 
    [
      13.21, 
      5.06
    ], 
    [
      14.45, 
      5.06
    ], 
    [
      14.45, 
      0.1
    ], 
    [
      7.35, 
      0.1
    ], 
    [
      7.35, 
      0.22
    ], 
    [
      7.34, 
      0.23
    ], 
    [
      7.24, 
      0.23
    ], 
    [
      7.23, 
      0.22
    ], 
    [
      7.23, 
      0.1
    ]
  ], 
  "bbox": {
    "max": [
      14.45, 
      15.41
    ], 
    "min": [
      0.1, 
      0.1
    ]
  }, 
  "id": "13b36ac2be3307d6f39475859303ee3d"
}