{
  "room_category": {
    "Dining_Room": {
      "simulation_statistics": [
        {
          "not_completed_agents": 0, 
          "max_evacuation_time": 150.004547, 
          "min_evacuation_time": 10.650023, 
          "exit_flow_rate": 0.0066664645839035796, 
          "completed_agents": 1, 
          "max_traveled_distance": 12.598375, 
          "avg_evacuation_time": 103.553039, 
          "avg_traveled_distance": 6.052897333333334, 
          "min_traveled_distance": 2.453448
        }
      ], 
      "bounds": [
        [
          0.17, 
          3.33, 
          4.23, 
          7.33
        ]
      ]
    }, 
    "Office": {
      "simulation_statistics": [
        {
          "not_completed_agents": 0, 
          "max_evacuation_time": 10.950024, 
          "min_evacuation_time": 0.0, 
          "exit_flow_rate": 1.1872120097636314, 
          "completed_agents": 13, 
          "max_traveled_distance": 10.37843, 
          "avg_evacuation_time": 4.884621153846154, 
          "avg_traveled_distance": 4.787999769230769, 
          "min_traveled_distance": 0.0
        }
      ], 
      "bounds": [
        [
          -0.01, 
          -0.87, 
          8.9, 
          6.46
        ]
      ]
    }
  }, 
  "room_num": 2, 
  "verts": [
    [
      0.12, 
      0.1
    ], 
    [
      0.11, 
      0.11
    ], 
    [
      0.11, 
      3.34
    ], 
    [
      0.1, 
      3.35
    ], 
    [
      0.1, 
      6.35
    ], 
    [
      0.16, 
      6.35
    ], 
    [
      0.16, 
      3.34
    ], 
    [
      0.17, 
      3.33
    ], 
    [
      3.72, 
      3.33
    ], 
    [
      3.73, 
      3.34
    ], 
    [
      3.73, 
      4.04
    ], 
    [
      3.72, 
      4.05
    ], 
    [
      3.63, 
      4.05
    ], 
    [
      3.62, 
      4.04
    ], 
    [
      3.62, 
      3.44
    ], 
    [
      0.27, 
      3.44
    ], 
    [
      0.27, 
      6.27
    ], 
    [
      2.35, 
      6.27
    ], 
    [
      2.36, 
      6.28
    ], 
    [
      2.36, 
      6.35
    ], 
    [
      3.6, 
      6.35
    ], 
    [
      3.6, 
      6.28
    ], 
    [
      3.61, 
      6.27
    ], 
    [
      3.62, 
      6.27
    ], 
    [
      3.62, 
      4.8
    ], 
    [
      3.63, 
      4.79
    ], 
    [
      3.72, 
      4.79
    ], 
    [
      3.73, 
      4.8
    ], 
    [
      3.73, 
      6.35
    ], 
    [
      8.03, 
      6.35
    ], 
    [
      8.03, 
      4.5
    ], 
    [
      8.04, 
      4.49
    ], 
    [
      8.04, 
      2.71
    ], 
    [
      8.03, 
      2.7
    ], 
    [
      8.03, 
      1.61
    ], 
    [
      8.04, 
      1.6
    ], 
    [
      8.04, 
      0.1
    ]
  ], 
  "bbox": {
    "max": [
      8.04, 
      6.35
    ], 
    "min": [
      0.1, 
      0.1
    ]
  }, 
  "id": "151fb7bfc87ec34f9008a1254f52a07e"
}