{
  "room_category": {
    "Room": {
      "simulation_statistics": [
        {
          "not_completed_agents": 0, 
          "max_evacuation_time": 150.004547, 
          "min_evacuation_time": 150.004547, 
          "exit_flow_rate": 0.0, 
          "completed_agents": 0, 
          "max_traveled_distance": 18.548098, 
          "avg_evacuation_time": 150.004547, 
          "avg_traveled_distance": 4.399662999999999, 
          "min_traveled_distance": 0.77228
        }, 
        {
          "not_completed_agents": 0, 
          "max_evacuation_time": 7.950012, 
          "min_evacuation_time": 3.499998, 
          "exit_flow_rate": 0.6289298682819598, 
          "completed_agents": 5, 
          "max_traveled_distance": 8.542496, 
          "avg_evacuation_time": 5.640003800000001, 
          "avg_traveled_distance": 6.400312, 
          "min_traveled_distance": 4.206324
        }, 
        {
          "not_completed_agents": 0, 
          "max_evacuation_time": 1.749999, 
          "min_evacuation_time": 0.0, 
          "exit_flow_rate": 2.857144489796851, 
          "completed_agents": 5, 
          "max_traveled_distance": 2.189398, 
          "avg_evacuation_time": 0.8799998, 
          "avg_traveled_distance": 1.1222442000000001, 
          "min_traveled_distance": 0.0
        }
      ], 
      "bounds": [
        [
          0.87, 
          10.24, 
          6.07, 
          15.46
        ], 
        [
          0.85, 
          5.11, 
          6.06, 
          10.33
        ], 
        [
          0.83, 
          -0.02, 
          6.04, 
          5.2
        ]
      ]
    }
  }, 
  "room_num": 7, 
  "verts": [
    [
      0.94, 
      0.1
    ], 
    [
      0.93, 
      0.11
    ], 
    [
      0.93, 
      0.85
    ], 
    [
      0.94, 
      0.86
    ], 
    [
      0.94, 
      2.59
    ], 
    [
      0.95, 
      2.6
    ], 
    [
      0.95, 
      4.33
    ], 
    [
      0.96, 
      4.34
    ], 
    [
      0.96, 
      5.1
    ], 
    [
      2.83, 
      5.1
    ], 
    [
      2.84, 
      5.11
    ], 
    [
      2.84, 
      5.21
    ], 
    [
      2.83, 
      5.22
    ], 
    [
      0.95, 
      5.22
    ], 
    [
      0.95, 
      6.56
    ], 
    [
      0.96, 
      6.57
    ], 
    [
      0.96, 
      9.07
    ], 
    [
      0.97, 
      9.08
    ], 
    [
      0.97, 
      9.57
    ], 
    [
      0.96, 
      9.58
    ], 
    [
      0.87, 
      9.58
    ], 
    [
      0.86, 
      9.57
    ], 
    [
      0.86, 
      9.08
    ], 
    [
      0.85, 
      9.07
    ], 
    [
      0.85, 
      6.57
    ], 
    [
      0.84, 
      6.56
    ], 
    [
      0.84, 
      5.22
    ], 
    [
      0.11, 
      5.22
    ], 
    [
      0.1, 
      5.23
    ], 
    [
      0.1, 
      6.56
    ], 
    [
      0.11, 
      6.57
    ], 
    [
      0.11, 
      9.07
    ], 
    [
      0.12, 
      9.08
    ], 
    [
      0.12, 
      10.34
    ], 
    [
      0.11, 
      10.35
    ], 
    [
      0.11, 
      11.11
    ], 
    [
      0.12, 
      11.12
    ], 
    [
      0.12, 
      12.85
    ], 
    [
      0.13, 
      12.86
    ], 
    [
      0.13, 
      14.59
    ], 
    [
      0.14, 
      14.6
    ], 
    [
      0.14, 
      15.35
    ], 
    [
      0.87, 
      15.35
    ], 
    [
      0.87, 
      15.27
    ], 
    [
      0.88, 
      15.26
    ], 
    [
      0.88, 
      14.21
    ], 
    [
      0.87, 
      14.2
    ], 
    [
      0.87, 
      11.7
    ], 
    [
      0.86, 
      11.69
    ], 
    [
      0.86, 
      10.79
    ], 
    [
      0.87, 
      10.78
    ], 
    [
      0.96, 
      10.78
    ], 
    [
      0.97, 
      10.79
    ], 
    [
      0.97, 
      11.69
    ], 
    [
      0.98, 
      11.7
    ], 
    [
      0.98, 
      14.2
    ], 
    [
      0.99, 
      14.21
    ], 
    [
      0.99, 
      15.35
    ], 
    [
      5.97, 
      15.35
    ], 
    [
      5.97, 
      14.02
    ], 
    [
      5.96, 
      14.01
    ], 
    [
      5.96, 
      11.63
    ], 
    [
      5.97, 
      11.62
    ], 
    [
      6.07, 
      11.62
    ], 
    [
      6.08, 
      11.63
    ], 
    [
      6.08, 
      11.69
    ], 
    [
      6.09, 
      11.7
    ], 
    [
      6.09, 
      14.2
    ], 
    [
      6.1, 
      14.21
    ], 
    [
      6.1, 
      15.35
    ], 
    [
      6.83, 
      15.35
    ], 
    [
      6.83, 
      14.02
    ], 
    [
      6.82, 
      14.01
    ], 
    [
      6.82, 
      11.51
    ], 
    [
      6.81, 
      11.5
    ], 
    [
      6.81, 
      8.89
    ], 
    [
      6.8, 
      8.88
    ], 
    [
      6.8, 
      6.38
    ], 
    [
      6.79, 
      6.37
    ], 
    [
      6.79, 
      5.22
    ], 
    [
      6.06, 
      5.22
    ], 
    [
      6.06, 
      5.31
    ], 
    [
      6.05, 
      5.32
    ], 
    [
      6.05, 
      6.37
    ], 
    [
      6.06, 
      6.38
    ], 
    [
      6.06, 
      8.88
    ], 
    [
      6.07, 
      8.89
    ], 
    [
      6.07, 
      10.23
    ], 
    [
      6.08, 
      10.24
    ], 
    [
      6.08, 
      10.41
    ], 
    [
      6.07, 
      10.42
    ], 
    [
      5.96, 
      10.42
    ], 
    [
      5.95, 
      10.41
    ], 
    [
      5.95, 
      10.35
    ], 
    [
      1.46, 
      10.35
    ], 
    [
      1.45, 
      10.34
    ], 
    [
      1.45, 
      10.24
    ], 
    [
      1.46, 
      10.23
    ], 
    [
      5.96, 
      10.23
    ], 
    [
      5.96, 
      8.89
    ], 
    [
      5.95, 
      8.88
    ], 
    [
      5.95, 
      6.38
    ], 
    [
      5.94, 
      6.37
    ], 
    [
      5.94, 
      5.22
    ], 
    [
      4.05, 
      5.22
    ], 
    [
      4.04, 
      5.21
    ], 
    [
      4.04, 
      5.11
    ], 
    [
      4.05, 
      5.1
    ], 
    [
      5.93, 
      5.1
    ], 
    [
      5.93, 
      3.76
    ], 
    [
      5.92, 
      3.75
    ], 
    [
      5.92, 
      1.25
    ], 
    [
      5.91, 
      1.24
    ], 
    [
      5.91, 
      0.1
    ]
  ], 
  "bbox": {
    "max": [
      6.83, 
      15.35
    ], 
    "min": [
      0.1, 
      0.1
    ]
  }, 
  "id": "182f80013d77c14660c52f1c18480346"
}