{
  "room_category": {
    "Bathroom": {
      "simulation_statistics": [
        {
          "not_completed_agents": 0, 
          "max_evacuation_time": 13.750034, 
          "min_evacuation_time": 9.450018, 
          "exit_flow_rate": 0.29090837157202665, 
          "completed_agents": 4, 
          "max_traveled_distance": 12.858183, 
          "avg_evacuation_time": 11.62502625, 
          "avg_traveled_distance": 11.81732175, 
          "min_traveled_distance": 10.681196
        }
      ], 
      "bounds": [
        [
          7.77, 
          -0.02, 
          10.96, 
          5.79
        ]
      ]
    }, 
    "Kitchen": {
      "simulation_statistics": [
        {
          "not_completed_agents": 0, 
          "max_evacuation_time": 11.450026, 
          "min_evacuation_time": 9.550018, 
          "exit_flow_rate": 0.26200813867147554, 
          "completed_agents": 3, 
          "max_traveled_distance": 13.709211, 
          "avg_evacuation_time": 10.416688333333333, 
          "avg_traveled_distance": 12.446368333333334, 
          "min_traveled_distance": 11.434628
        }
      ], 
      "bounds": [
        [
          10.29, 
          2.67, 
          14.09, 
          6.86
        ]
      ]
    }, 
    "Bedroom": {
      "simulation_statistics": [
        {
          "not_completed_agents": 0, 
          "max_evacuation_time": 8.600015, 
          "min_evacuation_time": 0.0, 
          "exit_flow_rate": 2.906971673886615, 
          "completed_agents": 25, 
          "max_traveled_distance": 10.244186, 
          "avg_evacuation_time": 4.6740034, 
          "avg_traveled_distance": 5.8866717600000005, 
          "min_traveled_distance": 0.0
        }
      ], 
      "bounds": [
        [
          -0.06, 
          -0.02, 
          10.96, 
          11.36
        ]
      ]
    }
  }, 
  "room_num": 3, 
  "verts": [
    [
      0.11, 
      0.1
    ], 
    [
      0.1, 
      0.11
    ], 
    [
      0.1, 
      11.23
    ], 
    [
      10.85, 
      11.23
    ], 
    [
      10.85, 
      6.82
    ], 
    [
      10.86, 
      6.81
    ], 
    [
      10.86, 
      6.36
    ], 
    [
      10.87, 
      6.35
    ], 
    [
      11.0, 
      6.35
    ], 
    [
      11.01, 
      6.36
    ], 
    [
      11.01, 
      6.7
    ], 
    [
      13.98, 
      6.7
    ], 
    [
      13.98, 
      2.79
    ], 
    [
      11.01, 
      2.79
    ], 
    [
      11.01, 
      5.34
    ], 
    [
      11.0, 
      5.35
    ], 
    [
      10.87, 
      5.35
    ], 
    [
      10.86, 
      5.34
    ], 
    [
      10.86, 
      5.19
    ], 
    [
      9.12, 
      5.19
    ], 
    [
      9.11, 
      5.18
    ], 
    [
      9.11, 
      5.08
    ], 
    [
      9.12, 
      5.07
    ], 
    [
      10.86, 
      5.07
    ], 
    [
      10.86, 
      2.68
    ], 
    [
      10.85, 
      2.67
    ], 
    [
      10.85, 
      0.1
    ], 
    [
      7.88, 
      0.1
    ], 
    [
      7.88, 
      5.07
    ], 
    [
      8.1, 
      5.07
    ], 
    [
      8.11, 
      5.08
    ], 
    [
      8.11, 
      5.18
    ], 
    [
      8.1, 
      5.19
    ], 
    [
      7.78, 
      5.19
    ], 
    [
      7.76, 
      5.17
    ], 
    [
      7.76, 
      0.1
    ]
  ], 
  "bbox": {
    "max": [
      13.98, 
      11.23
    ], 
    "min": [
      0.1, 
      0.1
    ]
  }, 
  "id": "195caa8544b63bb837589d462503aac6"
}