{
  "room_category": {
    "Garage": {
      "simulation_statistics": [
        {
          "not_completed_agents": 0, 
          "max_evacuation_time": 32.149796, 
          "min_evacuation_time": 22.399944, 
          "exit_flow_rate": 0.21773077502575755, 
          "completed_agents": 7, 
          "max_traveled_distance": 29.487179, 
          "avg_evacuation_time": 26.81416257142857, 
          "avg_traveled_distance": 27.267543142857143, 
          "min_traveled_distance": 25.27681
        }
      ], 
      "bounds": [
        [
          14.96, 
          7.95, 
          21.9, 
          13.14
        ]
      ]
    }, 
    "Room": {
      "simulation_statistics": [
        {
          "not_completed_agents": 0, 
          "max_evacuation_time": 34.299763, 
          "min_evacuation_time": 10.05002, 
          "exit_flow_rate": 0.23323776318804304, 
          "completed_agents": 8, 
          "max_traveled_distance": 21.585432, 
          "avg_evacuation_time": 17.768739, 
          "avg_traveled_distance": 16.275577625, 
          "min_traveled_distance": 11.748261
        }, 
        {
          "not_completed_agents": 0, 
          "max_evacuation_time": 150.004547, 
          "min_evacuation_time": 18.600002, 
          "exit_flow_rate": 0.0333323229195179, 
          "completed_agents": 5, 
          "max_traveled_distance": 34.907761, 
          "avg_evacuation_time": 44.45069933333334, 
          "avg_traveled_distance": 25.417477333333334, 
          "min_traveled_distance": 22.117569
        }
      ], 
      "bounds": [
        [
          9.89, 
          3.04, 
          15.11, 
          10.32
        ], 
        [
          9.89, 
          9.59, 
          15.08, 
          15.57
        ]
      ]
    }, 
    "Office": {
      "simulation_statistics": [
        {
          "not_completed_agents": 0, 
          "max_evacuation_time": 10.900023, 
          "min_evacuation_time": 6.400006, 
          "exit_flow_rate": 0.36697170272026036, 
          "completed_agents": 4, 
          "max_traveled_distance": 10.266994, 
          "avg_evacuation_time": 8.625014499999999, 
          "avg_traveled_distance": 9.3390085, 
          "min_traveled_distance": 7.529267
        }, 
        {
          "not_completed_agents": 0, 
          "max_evacuation_time": 26.749878, 
          "min_evacuation_time": 12.60003, 
          "exit_flow_rate": 0.22430008839666485, 
          "completed_agents": 6, 
          "max_traveled_distance": 18.355455, 
          "avg_evacuation_time": 17.574995166666668, 
          "avg_traveled_distance": 15.689131000000001, 
          "min_traveled_distance": 13.562043
        }
      ], 
      "bounds": [
        [
          6.43, 
          -0.02, 
          10.06, 
          5.17
        ], 
        [
          9.9, 
          -0.03, 
          15.78, 
          5.17
        ]
      ]
    }
  }, 
  "room_num": 7, 
  "verts": [
    [
      0.11, 
      0.1
    ], 
    [
      0.1, 
      0.11
    ], 
    [
      0.1, 
      5.06
    ], 
    [
      9.88, 
      5.06
    ], 
    [
      9.88, 
      3.19
    ], 
    [
      9.89, 
      3.18
    ], 
    [
      9.98, 
      3.18
    ], 
    [
      9.99, 
      3.19
    ], 
    [
      9.99, 
      5.07
    ], 
    [
      11.83, 
      5.07
    ], 
    [
      11.84, 
      5.08
    ], 
    [
      11.84, 
      5.17
    ], 
    [
      11.83, 
      5.18
    ], 
    [
      10.01, 
      5.18
    ], 
    [
      10.01, 
      9.58
    ], 
    [
      11.45, 
      9.58
    ], 
    [
      11.46, 
      9.59
    ], 
    [
      11.46, 
      9.69
    ], 
    [
      11.45, 
      9.7
    ], 
    [
      11.44, 
      9.69
    ], 
    [
      11.42, 
      9.69
    ], 
    [
      11.41, 
      9.7
    ], 
    [
      10.01, 
      9.7
    ], 
    [
      10.01, 
      14.67
    ], 
    [
      14.97, 
      14.67
    ], 
    [
      14.97, 
      13.15
    ], 
    [
      14.96, 
      13.14
    ], 
    [
      14.96, 
      11.15
    ], 
    [
      14.97, 
      11.14
    ], 
    [
      15.08, 
      11.14
    ], 
    [
      15.09, 
      11.15
    ], 
    [
      15.09, 
      13.03
    ], 
    [
      21.79, 
      13.03
    ], 
    [
      21.79, 
      8.06
    ], 
    [
      15.09, 
      8.06
    ], 
    [
      15.09, 
      9.93
    ], 
    [
      15.08, 
      9.94
    ], 
    [
      14.97, 
      9.94
    ], 
    [
      14.96, 
      9.93
    ], 
    [
      14.96, 
      9.7
    ], 
    [
      13.31, 
      9.7
    ], 
    [
      13.3, 
      9.69
    ], 
    [
      13.3, 
      9.59
    ], 
    [
      13.31, 
      9.58
    ], 
    [
      14.96, 
      9.58
    ], 
    [
      14.96, 
      7.95
    ], 
    [
      14.97, 
      7.94
    ], 
    [
      14.97, 
      5.19
    ], 
    [
      14.89, 
      5.19
    ], 
    [
      14.88, 
      5.18
    ], 
    [
      13.05, 
      5.18
    ], 
    [
      13.04, 
      5.17
    ], 
    [
      13.04, 
      5.08
    ], 
    [
      13.05, 
      5.07
    ], 
    [
      14.98, 
      5.07
    ], 
    [
      14.98, 
      3.03
    ], 
    [
      14.99, 
      3.02
    ], 
    [
      15.09, 
      3.02
    ], 
    [
      15.1, 
      3.03
    ], 
    [
      15.1, 
      5.06
    ], 
    [
      20.07, 
      5.06
    ], 
    [
      20.07, 
      0.1
    ], 
    [
      9.99, 
      0.1
    ], 
    [
      9.99, 
      1.97
    ], 
    [
      9.98, 
      1.98
    ], 
    [
      9.89, 
      1.98
    ], 
    [
      9.88, 
      1.97
    ], 
    [
      9.88, 
      0.1
    ], 
    [
      7.04, 
      0.1
    ], 
    [
      7.04, 
      4.32
    ], 
    [
      7.03, 
      4.33
    ], 
    [
      6.94, 
      4.33
    ], 
    [
      6.93, 
      4.32
    ], 
    [
      6.93, 
      0.1
    ]
  ], 
  "bbox": {
    "max": [
      21.79, 
      14.67
    ], 
    "min": [
      0.1, 
      0.1
    ]
  }, 
  "id": "1a119a80663a4f430d026d0bf61e76bb"
}