{
  "room_category": {
    "Bathroom": {
      "simulation_statistics": [
        {
          "not_completed_agents": 0, 
          "max_evacuation_time": 14.250036, 
          "min_evacuation_time": 7.950012, 
          "exit_flow_rate": 0.21052578393486165, 
          "completed_agents": 3, 
          "max_traveled_distance": 13.486885, 
          "avg_evacuation_time": 10.900023333333332, 
          "avg_traveled_distance": 11.349855666666665, 
          "min_traveled_distance": 8.889234
        }, 
        {
          "not_completed_agents": 0, 
          "max_evacuation_time": 13.350033, 
          "min_evacuation_time": 4.499999, 
          "exit_flow_rate": 0.2247185456395501, 
          "completed_agents": 3, 
          "max_traveled_distance": 10.604595, 
          "avg_evacuation_time": 9.250017333333334, 
          "avg_traveled_distance": 8.591223333333334, 
          "min_traveled_distance": 5.572181
        }
      ], 
      "bounds": [
        [
          -0.02, 
          6.05, 
          4.31, 
          9.6
        ], 
        [
          4.51, 
          -0.04, 
          8.4, 
          4.36
        ]
      ]
    }, 
    "Kitchen": {
      "simulation_statistics": [
        {
          "not_completed_agents": 0, 
          "max_evacuation_time": 21.049965, 
          "min_evacuation_time": 5.250002, 
          "exit_flow_rate": 0.38004813784726005, 
          "completed_agents": 8, 
          "max_traveled_distance": 15.212431, 
          "avg_evacuation_time": 11.143762125, 
          "avg_traveled_distance": 10.69414925, 
          "min_traveled_distance": 7.158007
        }
      ], 
      "bounds": [
        [
          3.49, 
          6.05, 
          9.7, 
          12.27
        ]
      ]
    }, 
    "Guest_Room": {
      "simulation_statistics": [
        {
          "not_completed_agents": 0, 
          "max_evacuation_time": 23.199932, 
          "min_evacuation_time": 15.550041, 
          "exit_flow_rate": 0.30172502229747916, 
          "completed_agents": 7, 
          "max_traveled_distance": 26.646694, 
          "avg_evacuation_time": 19.249991285714287, 
          "avg_traveled_distance": 19.561457714285716, 
          "min_traveled_distance": 16.18803
        }
      ], 
      "bounds": [
        [
          9.57, 
          6.05, 
          15.41, 
          12.0
        ]
      ]
    }, 
    "Office": {
      "simulation_statistics": [
        {
          "not_completed_agents": 0, 
          "max_evacuation_time": 7.35001, 
          "min_evacuation_time": 0.5, 
          "exit_flow_rate": 1.63265083993083, 
          "completed_agents": 12, 
          "max_traveled_distance": 8.429736, 
          "avg_evacuation_time": 3.58750175, 
          "avg_traveled_distance": 4.4508521666666665, 
          "min_traveled_distance": 0.709823
        }
      ], 
      "bounds": [
        [
          -0.05, 
          -0.05, 
          8.4, 
          6.84
        ]
      ]
    }, 
    "Bedroom": {
      "simulation_statistics": [
        {
          "not_completed_agents": 0, 
          "max_evacuation_time": 16.250038, 
          "min_evacuation_time": 8.300014, 
          "exit_flow_rate": 0.43076822343430826, 
          "completed_agents": 7, 
          "max_traveled_distance": 13.443683, 
          "avg_evacuation_time": 12.364314142857143, 
          "avg_traveled_distance": 11.722849714285715, 
          "min_traveled_distance": 9.254411
        }
      ], 
      "bounds": [
        [
          7.62, 
          -0.04, 
          13.53, 
          6.14
        ]
      ]
    }
  }, 
  "room_num": 6, 
  "verts": [
    [
      0.11, 
      0.1
    ], 
    [
      0.1, 
      0.11
    ], 
    [
      0.1, 
      6.04
    ], 
    [
      4.87, 
      6.04
    ], 
    [
      4.88, 
      6.05
    ], 
    [
      4.88, 
      6.15
    ], 
    [
      4.87, 
      6.16
    ], 
    [
      3.63, 
      6.16
    ], 
    [
      3.63, 
      7.35
    ], 
    [
      3.62, 
      7.36
    ], 
    [
      3.52, 
      7.36
    ], 
    [
      3.51, 
      7.35
    ], 
    [
      3.51, 
      6.16
    ], 
    [
      0.1, 
      6.16
    ], 
    [
      0.1, 
      9.46
    ], 
    [
      3.51, 
      9.46
    ], 
    [
      3.51, 
      8.35
    ], 
    [
      3.52, 
      8.34
    ], 
    [
      3.62, 
      8.34
    ], 
    [
      3.63, 
      8.35
    ], 
    [
      3.63, 
      9.57
    ], 
    [
      3.64, 
      9.58
    ], 
    [
      3.64, 
      12.13
    ], 
    [
      9.59, 
      12.13
    ], 
    [
      9.59, 
      11.14
    ], 
    [
      9.6, 
      11.13
    ], 
    [
      9.6, 
      10.8
    ], 
    [
      9.61, 
      10.79
    ], 
    [
      9.71, 
      10.79
    ], 
    [
      9.72, 
      10.8
    ], 
    [
      9.72, 
      11.02
    ], 
    [
      15.3, 
      11.02
    ], 
    [
      15.3, 
      6.17
    ], 
    [
      13.51, 
      6.17
    ], 
    [
      13.5, 
      6.16
    ], 
    [
      9.71, 
      6.16
    ], 
    [
      9.71, 
      6.23
    ], 
    [
      9.72, 
      6.24
    ], 
    [
      9.72, 
      9.78
    ], 
    [
      9.71, 
      9.79
    ], 
    [
      9.61, 
      9.79
    ], 
    [
      9.6, 
      9.78
    ], 
    [
      9.6, 
      6.16
    ], 
    [
      5.88, 
      6.16
    ], 
    [
      5.87, 
      6.15
    ], 
    [
      5.87, 
      6.05
    ], 
    [
      5.88, 
      6.04
    ], 
    [
      8.29, 
      6.04
    ], 
    [
      8.29, 
      5.49
    ], 
    [
      8.3, 
      5.48
    ], 
    [
      8.3, 
      4.9
    ], 
    [
      8.31, 
      4.89
    ], 
    [
      8.41, 
      4.89
    ], 
    [
      8.42, 
      4.9
    ], 
    [
      8.42, 
      6.04
    ], 
    [
      13.39, 
      6.04
    ], 
    [
      13.39, 
      0.11
    ], 
    [
      8.42, 
      0.11
    ], 
    [
      8.42, 
      3.88
    ], 
    [
      8.41, 
      3.89
    ], 
    [
      8.32, 
      3.89
    ], 
    [
      8.3, 
      3.87
    ], 
    [
      8.3, 
      3.66
    ], 
    [
      6.76, 
      3.66
    ], 
    [
      6.75, 
      3.65
    ], 
    [
      6.75, 
      3.55
    ], 
    [
      6.76, 
      3.54
    ], 
    [
      8.3, 
      3.54
    ], 
    [
      8.3, 
      0.1
    ], 
    [
      4.62, 
      0.1
    ], 
    [
      4.62, 
      3.54
    ], 
    [
      5.73, 
      3.54
    ], 
    [
      5.74, 
      3.55
    ], 
    [
      5.74, 
      3.65
    ], 
    [
      5.73, 
      3.66
    ], 
    [
      4.52, 
      3.66
    ], 
    [
      4.5, 
      3.64
    ], 
    [
      4.5, 
      0.1
    ]
  ], 
  "bbox": {
    "max": [
      15.3, 
      12.13
    ], 
    "min": [
      0.1, 
      0.1
    ]
  }, 
  "id": "1bb4c1f19ba307682418536c9340b85f"
}