{
  "room_category": {
    "Bedroom": {
      "simulation_statistics": [
        {
          "not_completed_agents": 0, 
          "max_evacuation_time": 0.55, 
          "min_evacuation_time": 0.3, 
          "exit_flow_rate": 3.6363636363636362, 
          "completed_agents": 2, 
          "max_traveled_distance": 0.657305, 
          "avg_evacuation_time": 0.42500000000000004, 
          "avg_traveled_distance": 0.523509, 
          "min_traveled_distance": 0.389713
        }
      ], 
      "bounds": [
        [
          -0.05, 
          -0.01, 
          4.6, 
          2.67
        ]
      ]
    }
  }, 
  "room_num": 1, 
  "verts": [
    [
      0.11, 
      0.1
    ], 
    [
      0.1, 
      0.11
    ], 
    [
      0.1, 
      2.55
    ], 
    [
      2.32, 
      2.55
    ], 
    [
      2.33, 
      2.54
    ], 
    [
      2.34, 
      2.54
    ], 
    [
      2.35, 
      2.53
    ], 
    [
      2.36, 
      2.53
    ], 
    [
      2.37, 
      2.52
    ], 
    [
      2.39, 
      2.52
    ], 
    [
      2.4, 
      2.51
    ], 
    [
      2.41, 
      2.51
    ], 
    [
      2.42, 
      2.5
    ], 
    [
      2.44, 
      2.5
    ], 
    [
      2.45, 
      2.49
    ], 
    [
      2.47, 
      2.49
    ], 
    [
      2.48, 
      2.48
    ], 
    [
      2.49, 
      2.48
    ], 
    [
      2.5, 
      2.47
    ], 
    [
      2.52, 
      2.47
    ], 
    [
      2.53, 
      2.46
    ], 
    [
      2.54, 
      2.46
    ], 
    [
      2.55, 
      2.45
    ], 
    [
      2.57, 
      2.45
    ], 
    [
      2.58, 
      2.44
    ], 
    [
      2.59, 
      2.44
    ], 
    [
      2.6, 
      2.43
    ], 
    [
      2.62, 
      2.43
    ], 
    [
      2.63, 
      2.42
    ], 
    [
      2.64, 
      2.42
    ], 
    [
      2.65, 
      2.41
    ], 
    [
      2.67, 
      2.41
    ], 
    [
      2.68, 
      2.4
    ], 
    [
      2.69, 
      2.4
    ], 
    [
      2.7, 
      2.39
    ], 
    [
      2.72, 
      2.39
    ], 
    [
      2.73, 
      2.38
    ], 
    [
      2.75, 
      2.38
    ], 
    [
      2.76, 
      2.37
    ], 
    [
      2.77, 
      2.37
    ], 
    [
      2.78, 
      2.36
    ], 
    [
      2.8, 
      2.36
    ], 
    [
      2.81, 
      2.35
    ], 
    [
      2.82, 
      2.35
    ], 
    [
      2.83, 
      2.34
    ], 
    [
      2.85, 
      2.34
    ], 
    [
      2.86, 
      2.33
    ], 
    [
      2.87, 
      2.33
    ], 
    [
      2.88, 
      2.32
    ], 
    [
      2.9, 
      2.32
    ], 
    [
      2.91, 
      2.31
    ], 
    [
      2.92, 
      2.31
    ], 
    [
      2.93, 
      2.3
    ], 
    [
      2.95, 
      2.3
    ], 
    [
      2.96, 
      2.29
    ], 
    [
      2.97, 
      2.29
    ], 
    [
      2.98, 
      2.28
    ], 
    [
      3.0, 
      2.28
    ], 
    [
      3.01, 
      2.27
    ], 
    [
      3.03, 
      2.27
    ], 
    [
      3.04, 
      2.26
    ], 
    [
      3.05, 
      2.26
    ], 
    [
      3.06, 
      2.25
    ], 
    [
      3.08, 
      2.25
    ], 
    [
      3.09, 
      2.24
    ], 
    [
      3.1, 
      2.24
    ], 
    [
      3.11, 
      2.23
    ], 
    [
      3.13, 
      2.23
    ], 
    [
      3.14, 
      2.22
    ], 
    [
      3.15, 
      2.22
    ], 
    [
      3.16, 
      2.21
    ], 
    [
      3.18, 
      2.21
    ], 
    [
      3.19, 
      2.2
    ], 
    [
      3.2, 
      2.2
    ], 
    [
      3.21, 
      2.19
    ], 
    [
      3.23, 
      2.19
    ], 
    [
      3.24, 
      2.18
    ], 
    [
      3.25, 
      2.18
    ], 
    [
      3.26, 
      2.17
    ], 
    [
      3.28, 
      2.17
    ], 
    [
      3.29, 
      2.16
    ], 
    [
      3.31, 
      2.16
    ], 
    [
      3.32, 
      2.15
    ], 
    [
      3.33, 
      2.15
    ], 
    [
      3.34, 
      2.14
    ], 
    [
      3.36, 
      2.14
    ], 
    [
      3.37, 
      2.13
    ], 
    [
      3.38, 
      2.13
    ], 
    [
      3.39, 
      2.12
    ], 
    [
      3.41, 
      2.12
    ], 
    [
      3.42, 
      2.11
    ], 
    [
      3.43, 
      2.11
    ], 
    [
      3.44, 
      2.1
    ], 
    [
      3.46, 
      2.1
    ], 
    [
      3.47, 
      2.09
    ], 
    [
      3.48, 
      2.09
    ], 
    [
      3.49, 
      2.08
    ], 
    [
      3.51, 
      2.08
    ], 
    [
      3.52, 
      2.07
    ], 
    [
      3.53, 
      2.07
    ], 
    [
      3.54, 
      2.06
    ], 
    [
      3.56, 
      2.06
    ], 
    [
      3.57, 
      2.05
    ], 
    [
      3.58, 
      2.05
    ], 
    [
      3.59, 
      2.04
    ], 
    [
      3.61, 
      2.04
    ], 
    [
      3.62, 
      2.03
    ], 
    [
      3.63, 
      2.03
    ], 
    [
      3.64, 
      2.02
    ], 
    [
      3.66, 
      2.02
    ], 
    [
      3.67, 
      2.01
    ], 
    [
      3.68, 
      2.01
    ], 
    [
      3.69, 
      2.0
    ], 
    [
      3.71, 
      2.0
    ], 
    [
      3.72, 
      1.99
    ], 
    [
      3.73, 
      1.99
    ], 
    [
      3.74, 
      1.98
    ], 
    [
      3.76, 
      1.98
    ], 
    [
      3.77, 
      1.97
    ], 
    [
      3.78, 
      1.97
    ], 
    [
      3.79, 
      1.96
    ], 
    [
      3.81, 
      1.96
    ], 
    [
      3.82, 
      1.95
    ], 
    [
      3.83, 
      1.95
    ], 
    [
      3.84, 
      1.94
    ], 
    [
      3.86, 
      1.94
    ], 
    [
      3.87, 
      1.93
    ], 
    [
      3.88, 
      1.93
    ], 
    [
      3.88, 
      0.72
    ], 
    [
      3.73, 
      0.72
    ], 
    [
      3.71, 
      0.7
    ], 
    [
      3.71, 
      0.58
    ], 
    [
      3.54, 
      0.58
    ], 
    [
      3.53, 
      0.57
    ], 
    [
      3.45, 
      0.57
    ], 
    [
      3.43, 
      0.55
    ], 
    [
      3.43, 
      0.47
    ], 
    [
      3.42, 
      0.46
    ], 
    [
      3.42, 
      0.12
    ], 
    [
      2.55, 
      0.12
    ], 
    [
      2.54, 
      0.11
    ], 
    [
      0.85, 
      0.11
    ], 
    [
      0.84, 
      0.1
    ]
  ], 
  "bbox": {
    "max": [
      3.88, 
      2.55
    ], 
    "min": [
      0.1, 
      0.1
    ]
  }, 
  "id": "1cce19c18432b3d086948c8ca15c3752"
}