{
  "room_category": {
    "Dining_Room": {
      "simulation_statistics": [
        {
          "not_completed_agents": 0, 
          "max_evacuation_time": 150.004547, 
          "min_evacuation_time": 10.150021, 
          "exit_flow_rate": 0.01999939375171074, 
          "completed_agents": 3, 
          "max_traveled_distance": 16.471401, 
          "avg_evacuation_time": 91.18118285714286, 
          "avg_traveled_distance": 11.499711571428572, 
          "min_traveled_distance": 8.607411
        }
      ], 
      "bounds": [
        [
          -0.03, 
          7.25, 
          6.91, 
          12.65
        ]
      ]
    }, 
    "Bathroom": {
      "simulation_statistics": [
        {
          "not_completed_agents": 0, 
          "max_evacuation_time": 16.550034, 
          "min_evacuation_time": 0.0, 
          "exit_flow_rate": 0.4833826927485466, 
          "completed_agents": 8, 
          "max_traveled_distance": 16.324486, 
          "avg_evacuation_time": 5.2125085, 
          "avg_traveled_distance": 5.45808475, 
          "min_traveled_distance": 0.0
        }
      ], 
      "bounds": [
        [
          6.81, 
          -0.03, 
          12.01, 
          7.54
        ]
      ]
    }, 
    "Living_Room": {
      "simulation_statistics": [
        {
          "not_completed_agents": 0, 
          "max_evacuation_time": 150.004547, 
          "min_evacuation_time": 13.450033, 
          "exit_flow_rate": 0.013332929167807159, 
          "completed_agents": 2, 
          "max_traveled_distance": 15.98532, 
          "avg_evacuation_time": 119.82021122222221, 
          "avg_traveled_distance": 10.584733555555555, 
          "min_traveled_distance": 8.208133
        }
      ], 
      "bounds": [
        [
          2.82, 
          3.14, 
          9.5, 
          10.14
        ]
      ]
    }
  }, 
  "room_num": 5, 
  "verts": [
    [
      6.93, 
      0.1
    ], 
    [
      6.92, 
      0.11
    ], 
    [
      6.92, 
      3.14
    ], 
    [
      9.49, 
      3.14
    ], 
    [
      9.51, 
      3.16
    ], 
    [
      9.51, 
      7.43
    ], 
    [
      10.16, 
      7.43
    ], 
    [
      10.17, 
      7.44
    ], 
    [
      10.17, 
      7.54
    ], 
    [
      10.16, 
      7.55
    ], 
    [
      9.51, 
      7.55
    ], 
    [
      9.51, 
      8.21
    ], 
    [
      9.5, 
      8.22
    ], 
    [
      9.4, 
      8.22
    ], 
    [
      9.39, 
      8.21
    ], 
    [
      9.39, 
      3.26
    ], 
    [
      6.81, 
      3.26
    ], 
    [
      6.8, 
      3.27
    ], 
    [
      3.22, 
      3.27
    ], 
    [
      3.22, 
      3.94
    ], 
    [
      3.21, 
      3.95
    ], 
    [
      3.11, 
      3.95
    ], 
    [
      3.1, 
      3.94
    ], 
    [
      3.1, 
      3.92
    ], 
    [
      3.11, 
      3.91
    ], 
    [
      3.11, 
      3.25
    ], 
    [
      3.1, 
      3.24
    ], 
    [
      3.1, 
      2.73
    ], 
    [
      0.11, 
      2.73
    ], 
    [
      0.1, 
      2.74
    ], 
    [
      0.1, 
      7.28
    ], 
    [
      0.45, 
      7.28
    ], 
    [
      0.46, 
      7.27
    ], 
    [
      1.25, 
      7.27
    ], 
    [
      1.26, 
      7.26
    ], 
    [
      1.65, 
      7.26
    ], 
    [
      1.66, 
      7.27
    ], 
    [
      1.66, 
      7.37
    ], 
    [
      1.65, 
      7.38
    ], 
    [
      1.21, 
      7.38
    ], 
    [
      1.2, 
      7.39
    ], 
    [
      0.4, 
      7.39
    ], 
    [
      0.39, 
      7.4
    ], 
    [
      0.1, 
      7.4
    ], 
    [
      0.1, 
      9.96
    ], 
    [
      0.11, 
      9.97
    ], 
    [
      0.11, 
      12.53
    ], 
    [
      6.8, 
      12.53
    ], 
    [
      6.8, 
      12.0
    ], 
    [
      6.81, 
      11.99
    ], 
    [
      6.91, 
      11.99
    ], 
    [
      6.92, 
      12.0
    ], 
    [
      6.92, 
      12.53
    ], 
    [
      11.89, 
      12.53
    ], 
    [
      11.89, 
      7.55
    ], 
    [
      11.18, 
      7.55
    ], 
    [
      11.17, 
      7.54
    ], 
    [
      11.17, 
      7.44
    ], 
    [
      11.18, 
      7.43
    ], 
    [
      11.89, 
      7.43
    ], 
    [
      11.89, 
      0.1
    ]
  ], 
  "bbox": {
    "max": [
      11.89, 
      12.53
    ], 
    "min": [
      0.1, 
      0.1
    ]
  }, 
  "id": "1da0bd9241a78aa1cc77731e5544d421"
}