{
  "room_category": {
    "Toilet": {
      "simulation_statistics": [
        {
          "not_completed_agents": 0, 
          "max_evacuation_time": 6.150005, 
          "min_evacuation_time": 0.0, 
          "exit_flow_rate": 2.7642253949387032, 
          "completed_agents": 17, 
          "max_traveled_distance": 7.899768, 
          "avg_evacuation_time": 2.8764703529411766, 
          "avg_traveled_distance": 3.5397380588235294, 
          "min_traveled_distance": 0.0
        }
      ], 
      "bounds": [
        [
          -0.11, 
          -0.02, 
          8.34, 
          10.15
        ]
      ]
    }, 
    "Bathroom": {
      "simulation_statistics": [
        {
          "not_completed_agents": 0, 
          "max_evacuation_time": 6.750008, 
          "min_evacuation_time": 0.0, 
          "exit_flow_rate": 2.5185155336112195, 
          "completed_agents": 17, 
          "max_traveled_distance": 8.65282, 
          "avg_evacuation_time": 3.2970590588235296, 
          "avg_traveled_distance": 4.1857359999999995, 
          "min_traveled_distance": 0.0
        }
      ], 
      "bounds": [
        [
          -0.11, 
          -0.02, 
          8.34, 
          10.15
        ]
      ]
    }, 
    "Bedroom": {
      "simulation_statistics": [
        {
          "not_completed_agents": 0, 
          "max_evacuation_time": 6.650007, 
          "min_evacuation_time": 0.45, 
          "exit_flow_rate": 2.5563882865085708, 
          "completed_agents": 17, 
          "max_traveled_distance": 7.938367, 
          "avg_evacuation_time": 3.435293882352941, 
          "avg_traveled_distance": 4.357090294117647, 
          "min_traveled_distance": 0.85185
        }
      ], 
      "bounds": [
        [
          -0.11, 
          -0.02, 
          8.34, 
          10.15
        ]
      ]
    }
  }, 
  "room_num": 3, 
  "verts": [
    [
      0.11, 
      0.1
    ], 
    [
      0.1, 
      0.11
    ], 
    [
      0.1, 
      2.67
    ], 
    [
      0.11, 
      2.68
    ], 
    [
      0.11, 
      7.65
    ], 
    [
      0.12, 
      7.66
    ], 
    [
      0.12, 
      10.05
    ], 
    [
      6.11, 
      10.05
    ], 
    [
      6.12, 
      10.06
    ], 
    [
      6.12, 
      10.16
    ], 
    [
      6.11, 
      10.17
    ], 
    [
      0.11, 
      10.17
    ], 
    [
      0.11, 
      10.86
    ], 
    [
      0.11, 
      10.28
    ], 
    [
      0.13, 
      10.26
    ], 
    [
      1.84, 
      10.26
    ], 
    [
      1.86, 
      10.28
    ], 
    [
      1.86, 
      10.89
    ], 
    [
      1.84, 
      10.91
    ], 
    [
      1.75, 
      10.91
    ], 
    [
      1.73, 
      10.89
    ], 
    [
      1.73, 
      10.39
    ], 
    [
      0.24, 
      10.39
    ], 
    [
      0.24, 
      12.97
    ], 
    [
      1.73, 
      12.97
    ], 
    [
      1.73, 
      12.55
    ], 
    [
      1.75, 
      12.53
    ], 
    [
      1.84, 
      12.53
    ], 
    [
      1.86, 
      12.55
    ], 
    [
      1.86, 
      13.08
    ], 
    [
      1.84, 
      13.1
    ], 
    [
      0.13, 
      13.1
    ], 
    [
      0.13, 
      13.14
    ], 
    [
      8.09, 
      13.14
    ], 
    [
      8.09, 
      10.17
    ], 
    [
      7.13, 
      10.17
    ], 
    [
      7.12, 
      10.16
    ], 
    [
      7.12, 
      10.06
    ], 
    [
      7.13, 
      10.05
    ], 
    [
      8.09, 
      10.05
    ], 
    [
      8.09, 
      0.1
    ]
  ], 
  "bbox": {
    "max": [
      8.09, 
      13.14
    ], 
    "min": [
      0.1, 
      0.1
    ]
  }, 
  "id": "1e4f217dcccd81fd7c8058b3bf9d1424"
}