{
  "room_category": {
    "Living_Room": {
      "simulation_statistics": [
        {
          "not_completed_agents": 0, 
          "max_evacuation_time": 4.7, 
          "min_evacuation_time": 1.699999, 
          "exit_flow_rate": 0.851063829787234, 
          "completed_agents": 4, 
          "max_traveled_distance": 4.3877, 
          "avg_evacuation_time": 3.012499, 
          "avg_traveled_distance": 3.139665, 
          "min_traveled_distance": 1.966031
        }
      ], 
      "bounds": [
        [
          2.89, 
          -0.05, 
          6.51, 
          5.52
        ]
      ]
    }, 
    "Kitchen": {
      "simulation_statistics": [
        {
          "not_completed_agents": 0, 
          "max_evacuation_time": 0.7, 
          "min_evacuation_time": 0.3, 
          "exit_flow_rate": 2.857142857142857, 
          "completed_agents": 2, 
          "max_traveled_distance": 0.854847, 
          "avg_evacuation_time": 0.5, 
          "avg_traveled_distance": 0.5520145, 
          "min_traveled_distance": 0.249182
        }
      ], 
      "bounds": [
        [
          -0.02, 
          -0.05, 
          3.15, 
          3.5
        ]
      ]
    }
  }, 
  "room_num": 2, 
  "verts": [
    [
      0.11, 
      0.1
    ], 
    [
      0.1, 
      0.11
    ], 
    [
      0.1, 
      3.37
    ], 
    [
      0.73, 
      3.37
    ], 
    [
      0.74, 
      3.38
    ], 
    [
      2.23, 
      3.38
    ], 
    [
      2.24, 
      3.39
    ], 
    [
      2.88, 
      3.39
    ], 
    [
      2.88, 
      2.35
    ], 
    [
      2.89, 
      2.34
    ], 
    [
      2.99, 
      2.34
    ], 
    [
      3.0, 
      2.35
    ], 
    [
      3.0, 
      3.5
    ], 
    [
      3.01, 
      3.51
    ], 
    [
      3.01, 
      4.8
    ], 
    [
      3.45, 
      4.8
    ], 
    [
      3.46, 
      4.79
    ], 
    [
      4.25, 
      4.79
    ], 
    [
      4.26, 
      4.78
    ], 
    [
      5.15, 
      4.78
    ], 
    [
      5.16, 
      4.77
    ], 
    [
      6.17, 
      4.77
    ], 
    [
      6.18, 
      4.76
    ], 
    [
      6.4, 
      4.76
    ], 
    [
      6.4, 
      0.1
    ], 
    [
      3.0, 
      0.1
    ], 
    [
      3.0, 
      1.13
    ], 
    [
      2.99, 
      1.14
    ], 
    [
      2.89, 
      1.14
    ], 
    [
      2.88, 
      1.13
    ], 
    [
      2.88, 
      0.1
    ]
  ], 
  "bbox": {
    "max": [
      6.4, 
      4.8
    ], 
    "min": [
      0.1, 
      0.1
    ]
  }, 
  "id": "1f99717550c31ae321ca2313edceedcc"
}