{
  "room_category": {
    "Dining_Room": {
      "simulation_statistics": [
        {
          "not_completed_agents": 0, 
          "max_evacuation_time": 25.699894, 
          "min_evacuation_time": 6.050005, 
          "exit_flow_rate": 1.6731586519384087, 
          "completed_agents": 43, 
          "max_traveled_distance": 31.709291, 
          "avg_evacuation_time": 12.817463674418605, 
          "avg_traveled_distance": 15.37150576744186, 
          "min_traveled_distance": 6.898221
        }
      ], 
      "bounds": [
        [
          -0.05, 
          3.63, 
          16.94, 
          16.35
        ]
      ]
    }, 
    "Kitchen": {
      "simulation_statistics": [
        {
          "not_completed_agents": 0, 
          "max_evacuation_time": 3.399998, 
          "min_evacuation_time": 0.0, 
          "exit_flow_rate": 1.7647069204158354, 
          "completed_agents": 6, 
          "max_traveled_distance": 4.326143, 
          "avg_evacuation_time": 1.6249993333333332, 
          "avg_traveled_distance": 2.1006888333333333, 
          "min_traveled_distance": 0.0
        }
      ], 
      "bounds": [
        [
          8.92, 
          -0.05, 
          16.9, 
          3.78
        ]
      ]
    }
  }, 
  "room_num": 2, 
  "verts": [
    [
      9.06, 
      0.1
    ], 
    [
      9.05, 
      0.11
    ], 
    [
      9.05, 
      0.93
    ], 
    [
      9.06, 
      0.94
    ], 
    [
      9.06, 
      3.67
    ], 
    [
      9.65, 
      3.67
    ], 
    [
      9.66, 
      3.66
    ], 
    [
      11.17, 
      3.66
    ], 
    [
      11.18, 
      3.67
    ], 
    [
      12.74, 
      3.67
    ], 
    [
      12.75, 
      3.68
    ], 
    [
      12.75, 
      3.78
    ], 
    [
      12.74, 
      3.79
    ], 
    [
      11.18, 
      3.79
    ], 
    [
      11.17, 
      3.78
    ], 
    [
      8.53, 
      3.78
    ], 
    [
      8.52, 
      3.79
    ], 
    [
      6.09, 
      3.79
    ], 
    [
      6.08, 
      3.8
    ], 
    [
      3.05, 
      3.8
    ], 
    [
      3.04, 
      3.81
    ], 
    [
      0.33, 
      3.81
    ], 
    [
      0.32, 
      3.82
    ], 
    [
      0.11, 
      3.82
    ], 
    [
      0.1, 
      3.83
    ], 
    [
      0.1, 
      15.6
    ], 
    [
      16.8, 
      15.6
    ], 
    [
      16.8, 
      4.52
    ], 
    [
      16.79, 
      4.51
    ], 
    [
      16.79, 
      3.8
    ], 
    [
      16.4, 
      3.8
    ], 
    [
      16.39, 
      3.79
    ], 
    [
      16.39, 
      3.69
    ], 
    [
      16.4, 
      3.68
    ], 
    [
      16.79, 
      3.68
    ], 
    [
      16.79, 
      0.1
    ]
  ], 
  "bbox": {
    "max": [
      16.8, 
      15.6
    ], 
    "min": [
      0.1, 
      0.1
    ]
  }, 
  "id": "24977b89429eaa8877e4a4015455a925"
}