{
  "room_category": {
    "Toilet": {
      "simulation_statistics": [
        {
          "not_completed_agents": 0, 
          "max_evacuation_time": 47.199566, 
          "min_evacuation_time": 0.0, 
          "exit_flow_rate": 8.008548214193326, 
          "completed_agents": 378, 
          "max_traveled_distance": 51.547325, 
          "avg_evacuation_time": 22.4894558994709, 
          "avg_traveled_distance": 27.41532553968254, 
          "min_traveled_distance": 0.0
        }, 
        {
          "not_completed_agents": 0, 
          "max_evacuation_time": 7.950012, 
          "min_evacuation_time": 7.950012, 
          "exit_flow_rate": 0.12578597365639196, 
          "completed_agents": 1, 
          "max_traveled_distance": 9.02179, 
          "avg_evacuation_time": 7.950012, 
          "avg_traveled_distance": 9.02179, 
          "min_traveled_distance": 9.02179
        }
      ], 
      "bounds": [
        [
          -35.36, 
          -36.89, 
          7.54, 
          7.11
        ], 
        [
          5.15, 
          7.02, 
          7.54, 
          9.08
        ]
      ]
    }
  }, 
  "room_num": 5, 
  "verts": [
    [
      0.11, 
      0.1
    ], 
    [
      0.1, 
      0.11
    ], 
    [
      0.1, 
      5.07
    ], 
    [
      3.69, 
      5.07
    ], 
    [
      3.69, 
      3.19
    ], 
    [
      3.7, 
      3.18
    ], 
    [
      3.79, 
      3.18
    ], 
    [
      3.8, 
      3.19
    ], 
    [
      3.8, 
      5.07
    ], 
    [
      5.73, 
      5.07
    ], 
    [
      5.74, 
      5.08
    ], 
    [
      5.74, 
      5.18
    ], 
    [
      5.73, 
      5.19
    ], 
    [
      5.28, 
      5.19
    ], 
    [
      5.28, 
      7.01
    ], 
    [
      5.73, 
      7.01
    ], 
    [
      5.74, 
      7.02
    ], 
    [
      5.74, 
      7.11
    ], 
    [
      5.73, 
      7.12
    ], 
    [
      5.28, 
      7.12
    ], 
    [
      5.28, 
      8.94
    ], 
    [
      7.4, 
      8.94
    ], 
    [
      7.4, 
      7.12
    ], 
    [
      6.95, 
      7.12
    ], 
    [
      6.94, 
      7.11
    ], 
    [
      6.94, 
      7.02
    ], 
    [
      6.95, 
      7.01
    ], 
    [
      7.4, 
      7.01
    ], 
    [
      7.4, 
      5.19
    ], 
    [
      6.95, 
      5.19
    ], 
    [
      6.94, 
      5.18
    ], 
    [
      6.94, 
      5.08
    ], 
    [
      6.95, 
      5.07
    ], 
    [
      7.4, 
      5.07
    ], 
    [
      7.4, 
      0.1
    ], 
    [
      3.81, 
      0.1
    ], 
    [
      3.81, 
      0.18
    ], 
    [
      3.8, 
      0.19
    ], 
    [
      3.8, 
      1.97
    ], 
    [
      3.79, 
      1.98
    ], 
    [
      3.7, 
      1.98
    ], 
    [
      3.69, 
      1.97
    ], 
    [
      3.69, 
      0.1
    ]
  ], 
  "bbox": {
    "max": [
      7.4, 
      8.94
    ], 
    "min": [
      0.1, 
      0.1
    ]
  }, 
  "id": "24e34ca822b2e3eedd4fc098a2bf5c58"
}