{
  "room_category": {
    "Toilet": {
      "simulation_statistics": [
        {
          "not_completed_agents": 0, 
          "max_evacuation_time": 8.750015, 
          "min_evacuation_time": 4.299998, 
          "exit_flow_rate": 0.4571420734707312, 
          "completed_agents": 4, 
          "max_traveled_distance": 8.358121, 
          "avg_evacuation_time": 6.56250675, 
          "avg_traveled_distance": 6.793107, 
          "min_traveled_distance": 5.39436
        }, 
        {
          "not_completed_agents": 0, 
          "max_evacuation_time": 23.499928, 
          "min_evacuation_time": 20.549973, 
          "exit_flow_rate": 0.12765996559649034, 
          "completed_agents": 3, 
          "max_traveled_distance": 26.287834, 
          "avg_evacuation_time": 22.233280333333337, 
          "avg_traveled_distance": 25.45917366666667, 
          "min_traveled_distance": 24.013794
        }
      ], 
      "bounds": [
        [
          6.18, 
          4.39, 
          9.37, 
          10.27
        ], 
        [
          -0.03, 
          20.37, 
          3.22, 
          25.58
        ]
      ]
    }, 
    "Bathroom": {
      "simulation_statistics": [
        {
          "not_completed_agents": 0, 
          "max_evacuation_time": 15.400041, 
          "min_evacuation_time": 10.250021, 
          "exit_flow_rate": 0.3246744602822811, 
          "completed_agents": 5, 
          "max_traveled_distance": 14.810957, 
          "avg_evacuation_time": 12.6400302, 
          "avg_traveled_distance": 13.745322999999999, 
          "min_traveled_distance": 12.286543
        }, 
        {
          "not_completed_agents": 0, 
          "max_evacuation_time": 35.249748, 
          "min_evacuation_time": 19.599987, 
          "exit_flow_rate": 0.08510699140317259, 
          "completed_agents": 3, 
          "max_traveled_distance": 29.899488, 
          "avg_evacuation_time": 25.566562666666666, 
          "avg_traveled_distance": 26.148177333333336, 
          "min_traveled_distance": 23.458519
        }
      ], 
      "bounds": [
        [
          13.23, 
          -0.02, 
          18.48, 
          5.18
        ], 
        [
          -0.03, 
          20.37, 
          3.22, 
          25.58
        ]
      ]
    }, 
    "Room": {
      "simulation_statistics": [
        {
          "not_completed_agents": 0, 
          "max_evacuation_time": 16.250038, 
          "min_evacuation_time": 12.55003, 
          "exit_flow_rate": 0.18461495290041782, 
          "completed_agents": 3, 
          "max_traveled_distance": 18.300224, 
          "avg_evacuation_time": 14.466702, 
          "avg_traveled_distance": 17.001090666666666, 
          "min_traveled_distance": 14.672178
        }
      ], 
      "bounds": [
        [
          3.07, 
          15.28, 
          6.28, 
          20.51
        ]
      ]
    }, 
    "Living_Room": {
      "simulation_statistics": [
        {
          "not_completed_agents": 0, 
          "max_evacuation_time": 2.249999, 
          "min_evacuation_time": 0.0, 
          "exit_flow_rate": 2.6666678518523788, 
          "completed_agents": 6, 
          "max_traveled_distance": 2.883892, 
          "avg_evacuation_time": 1.0249998333333334, 
          "avg_traveled_distance": 1.3292533333333332, 
          "min_traveled_distance": 0.0
        }
      ], 
      "bounds": [
        [
          2.3, 
          -0.03, 
          8.27, 
          5.17
        ]
      ]
    }, 
    "Bedroom": {
      "simulation_statistics": [
        {
          "not_completed_agents": 0, 
          "max_evacuation_time": 37.599712, 
          "min_evacuation_time": 24.249916, 
          "exit_flow_rate": 0.1329797419724917, 
          "completed_agents": 5, 
          "max_traveled_distance": 36.147686, 
          "avg_evacuation_time": 32.9097838, 
          "avg_traveled_distance": 33.6003286, 
          "min_traveled_distance": 28.724913
        }, 
        {
          "not_completed_agents": 0, 
          "max_evacuation_time": 33.249779, 
          "min_evacuation_time": 25.2999, 
          "exit_flow_rate": 0.1503769393474766, 
          "completed_agents": 5, 
          "max_traveled_distance": 36.279545, 
          "avg_evacuation_time": 28.699848199999998, 
          "avg_traveled_distance": 33.38965, 
          "min_traveled_distance": 30.29763
        }, 
        {
          "not_completed_agents": 0, 
          "max_evacuation_time": 42.199642, 
          "min_evacuation_time": 28.649849, 
          "exit_flow_rate": 0.11848441747444209, 
          "completed_agents": 5, 
          "max_traveled_distance": 35.842781, 
          "avg_evacuation_time": 36.2097334, 
          "avg_traveled_distance": 33.347118, 
          "min_traveled_distance": 30.823198
        }
      ], 
      "bounds": [
        [
          8.18, 
          25.48, 
          13.39, 
          30.68
        ], 
        [
          13.28, 
          20.38, 
          18.54, 
          25.59
        ], 
        [
          3.07, 
          25.48, 
          8.27, 
          30.68
        ]
      ]
    }, 
    "Wardrobe": {
      "simulation_statistics": [
        {
          "not_completed_agents": 0, 
          "max_evacuation_time": 10.800023, 
          "min_evacuation_time": 6.750008, 
          "exit_flow_rate": 0.37036958162033545, 
          "completed_agents": 4, 
          "max_traveled_distance": 9.119181, 
          "avg_evacuation_time": 8.662514999999999, 
          "avg_traveled_distance": 7.86845925, 
          "min_traveled_distance": 6.947423
        }
      ], 
      "bounds": [
        [
          3.07, 
          4.39, 
          6.27, 
          10.97
        ]
      ]
    }, 
    "Guest_Room": {
      "simulation_statistics": [
        {
          "not_completed_agents": 0, 
          "max_evacuation_time": 16.600033, 
          "min_evacuation_time": 8.100013, 
          "exit_flow_rate": 0.30120422049763396, 
          "completed_agents": 5, 
          "max_traveled_distance": 12.703551, 
          "avg_evacuation_time": 11.600023799999999, 
          "avg_traveled_distance": 10.995821000000001, 
          "min_traveled_distance": 9.607276
        }
      ], 
      "bounds": [
        [
          9.28, 
          5.04, 
          14.49, 
          10.27
        ]
      ]
    }, 
    "Hall": {
      "simulation_statistics": [
        {
          "not_completed_agents": 0, 
          "max_evacuation_time": 14.400037, 
          "min_evacuation_time": 2.549999, 
          "exit_flow_rate": 0.4861098620788266, 
          "completed_agents": 7, 
          "max_traveled_distance": 14.14889, 
          "avg_evacuation_time": 7.178581714285714, 
          "avg_traveled_distance": 8.183275428571429, 
          "min_traveled_distance": 3.601023
        }
      ], 
      "bounds": [
        [
          7.49, 
          -0.03, 
          14.07, 
          5.17
        ]
      ]
    }
  }, 
  "room_num": 16,