{
  "room_category": {
    "Toilet": {
      "simulation_statistics": [
        {
          "not_completed_agents": 0, 
          "max_evacuation_time": 150.004547, 
          "min_evacuation_time": 150.004547, 
          "exit_flow_rate": 0.0, 
          "completed_agents": 0, 
          "max_traveled_distance": 1.147256, 
          "avg_evacuation_time": 150.004547, 
          "avg_traveled_distance": 1.147256, 
          "min_traveled_distance": 1.147256
        }
      ], 
      "bounds": [
        [
          2.81, 
          5.85, 
          5.11, 
          7.84
        ]
      ]
    }, 
    "Living_Room": {
      "simulation_statistics": [
        {
          "not_completed_agents": 0, 
          "max_evacuation_time": 9.90002, 
          "min_evacuation_time": 7.050009, 
          "exit_flow_rate": 0.3030296908491094, 
          "completed_agents": 3, 
          "max_traveled_distance": 11.337635, 
          "avg_evacuation_time": 8.400014, 
          "avg_traveled_distance": 9.585662666666666, 
          "min_traveled_distance": 8.526313
        }
      ], 
      "bounds": [
        [
          -0.03, 
          7.74, 
          5.18, 
          10.9
        ]
      ]
    }, 
    "Room": {
      "simulation_statistics": [
        {
          "not_completed_agents": 0, 
          "max_evacuation_time": 7.650011, 
          "min_evacuation_time": 4.349998, 
          "exit_flow_rate": 0.39215629886022385, 
          "completed_agents": 3, 
          "max_traveled_distance": 9.799467, 
          "avg_evacuation_time": 5.6833366666666665, 
          "avg_traveled_distance": 7.141845, 
          "min_traveled_distance": 5.616244
        }
      ], 
      "bounds": [
        [
          5.02, 
          7.28, 
          8.2, 
          12.44
        ], 
        [
          8.1, 
          -0.01, 
          8.24, 
          5.95
        ], 
        [
          4.99, 
          4.17, 
          5.13, 
          5.96
        ], 
        [
          1.91, 
          2.04, 
          2.02, 
          5.98
        ], 
        [
          1.93, 
          2.03, 
          5.11, 
          2.13
        ], 
        [
          1.91, 
          5.87, 
          2.94, 
          5.97
        ], 
        [
          8.2, 
          2.02, 
          11.3, 
          2.12
        ], 
        [
          11.2, 
          2.03, 
          11.31, 
          5.97
        ], 
        [
          10.29, 
          5.86, 
          11.31, 
          5.96
        ]
      ]
    }, 
    "Kitchen": {
      "simulation_statistics": [
        {
          "not_completed_agents": 0, 
          "max_evacuation_time": 8.850016, 
          "min_evacuation_time": 6.000005, 
          "exit_flow_rate": 0.3389824379978522, 
          "completed_agents": 3, 
          "max_traveled_distance": 10.882455, 
          "avg_evacuation_time": 7.30001, 
          "avg_traveled_distance": 8.991501, 
          "min_traveled_distance": 7.254713
        }
      ], 
      "bounds": [
        [
          8.04, 
          7.75, 
          13.24, 
          10.91
        ]
      ]
    }
  }, 
  "room_num": 18, 
  "verts": [
    [
      5.14, 
      0.1
    ], 
    [
      5.13, 
      0.11
    ], 
    [
      5.13, 
      2.02
    ], 
    [
      5.12, 
      2.03
    ], 
    [
      5.12, 
      4.15
    ], 
    [
      5.49, 
      4.15
    ], 
    [
      5.5, 
      4.16
    ], 
    [
      5.5, 
      4.26
    ], 
    [
      5.49, 
      4.27
    ], 
    [
      5.12, 
      4.27
    ], 
    [
      5.12, 
      4.39
    ], 
    [
      5.11, 
      4.4
    ], 
    [
      5.01, 
      4.4
    ], 
    [
      5.0, 
      4.39
    ], 
    [
      5.0, 
      3.2
    ], 
    [
      5.01, 
      3.19
    ], 
    [
      5.01, 
      2.14
    ], 
    [
      2.04, 
      2.14
    ], 
    [
      2.03, 
      2.15
    ], 
    [
      2.03, 
      5.86
    ], 
    [
      2.83, 
      5.86
    ], 
    [
      2.84, 
      5.85
    ], 
    [
      5.0, 
      5.85
    ], 
    [
      5.0, 
      5.71
    ], 
    [
      5.01, 
      5.7
    ], 
    [
      5.11, 
      5.7
    ], 
    [
      5.12, 
      5.71
    ], 
    [
      5.12, 
      6.43
    ], 
    [
      5.11, 
      6.44
    ], 
    [
      5.0, 
      6.44
    ], 
    [
      4.99, 
      6.43
    ], 
    [
      4.99, 
      5.96
    ], 
    [
      2.95, 
      5.96
    ], 
    [
      2.95, 
      7.74
    ], 
    [
      4.99, 
      7.74
    ], 
    [
      4.99, 
      7.19
    ], 
    [
      5.0, 
      7.18
    ], 
    [
      5.11, 
      7.18
    ], 
    [
      5.12, 
      7.19
    ], 
    [
      5.12, 
      8.18
    ], 
    [
      5.11, 
      8.19
    ], 
    [
      5.0, 
      8.19
    ], 
    [
      4.99, 
      8.18
    ], 
    [
      4.99, 
      7.86
    ], 
    [
      2.84, 
      7.86
    ], 
    [
      2.83, 
      7.87
    ], 
    [
      0.11, 
      7.87
    ], 
    [
      0.1, 
      7.88
    ], 
    [
      0.1, 
      10.79
    ], 
    [
      4.99, 
      10.79
    ], 
    [
      4.99, 
      10.33
    ], 
    [
      5.0, 
      10.32
    ], 
    [
      5.11, 
      10.32
    ], 
    [
      5.12, 
      10.33
    ], 
    [
      5.12, 
      10.9
    ], 
    [
      5.13, 
      10.91
    ], 
    [
      5.13, 
      12.34
    ], 
    [
      5.31, 
      12.34
    ], 
    [
      5.32, 
      12.35
    ], 
    [
      5.32, 
      12.45
    ], 
    [
      5.31, 
      12.46
    ], 
    [
      5.02, 
      12.46
    ], 
    [
      5.01, 
      12.47
    ], 
    [
      4.14, 
      12.47
    ], 
    [
      4.13, 
      12.48
    ], 
    [
      4.13, 
      15.32
    ], 
    [
      9.09, 
      15.32
    ], 
    [
      9.09, 
      12.47
    ], 
    [
      8.21, 
      12.47
    ], 
    [
      8.2, 
      12.46
    ], 
    [
      7.93, 
      12.46
    ], 
    [
      7.92, 
      12.45
    ], 
    [
      7.92, 
      12.35
    ], 
    [
      7.93, 
      12.34
    ], 
    [
      8.09, 
      12.34
    ], 
    [
      8.09, 
      11.12
    ], 
    [
      8.1, 
      11.11
    ], 
    [
      8.1, 
      10.16
    ], 
    [
      8.11, 
      10.15
    ], 
    [
      8.22, 
      10.15
    ], 
    [
      8.23, 
      10.16
    ], 
    [
      8.23, 
      10.8
    ], 
    [
      13.12, 
      10.8
    ], 
    [
      13.12, 
      7.87
    ], 
    [
      8.23, 
      7.87
    ], 
    [
      8.23, 
      8.02
    ], 
    [
      8.22, 
      8.03
    ], 
    [
      8.12, 
      8.03
    ], 
    [
      8.11, 
      8.02
    ], 
    [
      8.11, 
      7.35
    ], 
    [
      8.12, 
      7.34
    ], 
    [
      8.22, 
      7.34
    ], 
    [
      8.23, 
      7.35
    ], 
    [
      8.23, 
      7.75
    ], 
    [
      10.26, 
      7.75
    ], 
    [
      10.26, 
      5.97
    ], 
    [
      8.23, 
      5.97
    ], 
    [
      8.23, 
      6.59
    ], 
    [
      8.22, 
      6.6
    ], 
    [
      8.12, 
      6.6
    ], 
    [
      8.11, 
      6.59
    ], 
    [
      8.11, 
      5.71
    ], 
    [
      8.12, 
      5.7
    ], 
    [
      8.22, 
      5.7
    ], 
    [
      8.23, 
      5.71
    ], 
    [
      8.23, 
      5.85
    ], 
    [
      11.2, 
      5.85
    ], 
    [
      11.2, 
      2.13
    ], 
    [
      8.23, 
      2.13
    ], 
    [
      8.23, 
      4.39
    ], 
    [
      8.22, 
      4.4
    ], 
    [
      8.12, 
      4.4
    ], 
    [
