{
  "room_category": {
    "Room": {
      "simulation_statistics": [
        {
          "not_completed_agents": 0, 
          "max_evacuation_time": 5.200002, 
          "min_evacuation_time": 2.799999, 
          "exit_flow_rate": 0.9615380917161187, 
          "completed_agents": 5, 
          "max_traveled_distance": 6.638267, 
          "avg_evacuation_time": 3.9799993999999996, 
          "avg_traveled_distance": 5.157665, 
          "min_traveled_distance": 4.188427
        }, 
        {
          "not_completed_agents": 0, 
          "max_evacuation_time": 1.999999, 
          "min_evacuation_time": 0.0, 
          "exit_flow_rate": 3.00000150000075, 
          "completed_agents": 6, 
          "max_traveled_distance": 2.597098, 
          "avg_evacuation_time": 1.1499996666666668, 
          "avg_traveled_distance": 1.4230081666666667, 
          "min_traveled_distance": 0.0
        }
      ], 
      "bounds": [
        [
          6.01, 
          -0.02, 
          11.0, 
          5.17
        ], 
        [
          -0.02, 
          -0.02, 
          6.1, 
          5.17
        ]
      ]
    }
  }, 
  "room_num": 3, 
  "verts": [
    [
      0.11, 
      0.1
    ], 
    [
      0.1, 
      0.11
    ], 
    [
      0.1, 
      5.06
    ], 
    [
      3.5, 
      5.06
    ], 
    [
      3.5, 
      2.58
    ], 
    [
      3.52, 
      2.56
    ], 
    [
      6.0, 
      2.56
    ], 
    [
      6.0, 
      2.54
    ], 
    [
      6.01, 
      2.53
    ], 
    [
      6.11, 
      2.53
    ], 
    [
      6.12, 
      2.54
    ], 
    [
      6.12, 
      4.08
    ], 
    [
      6.11, 
      4.09
    ], 
    [
      6.01, 
      4.09
    ], 
    [
      6.0, 
      4.08
    ], 
    [
      6.0, 
      2.67
    ], 
    [
      3.61, 
      2.67
    ], 
    [
      3.61, 
      5.08
    ], 
    [
      3.62, 
      5.09
    ], 
    [
      3.62, 
      8.49
    ], 
    [
      3.63, 
      8.5
    ], 
    [
      3.63, 
      8.51
    ], 
    [
      3.64, 
      8.52
    ], 
    [
      3.64, 
      8.53
    ], 
    [
      3.65, 
      8.54
    ], 
    [
      3.65, 
      8.55
    ], 
    [
      3.66, 
      8.56
    ], 
    [
      3.66, 
      8.57
    ], 
    [
      3.67, 
      8.58
    ], 
    [
      3.67, 
      8.59
    ], 
    [
      3.68, 
      8.6
    ], 
    [
      3.68, 
      8.61
    ], 
    [
      3.69, 
      8.62
    ], 
    [
      3.69, 
      8.63
    ], 
    [
      3.7, 
      8.64
    ], 
    [
      3.7, 
      8.65
    ], 
    [
      3.71, 
      8.66
    ], 
    [
      3.71, 
      8.67
    ], 
    [
      3.72, 
      8.68
    ], 
    [
      3.72, 
      8.7
    ], 
    [
      3.73, 
      8.71
    ], 
    [
      3.73, 
      8.72
    ], 
    [
      3.74, 
      8.73
    ], 
    [
      3.74, 
      8.74
    ], 
    [
      3.75, 
      8.75
    ], 
    [
      3.75, 
      8.76
    ], 
    [
      3.76, 
      8.77
    ], 
    [
      3.76, 
      8.78
    ], 
    [
      3.77, 
      8.79
    ], 
    [
      3.77, 
      8.8
    ], 
    [
      3.78, 
      8.81
    ], 
    [
      3.78, 
      8.82
    ], 
    [
      3.79, 
      8.83
    ], 
    [
      3.79, 
      8.84
    ], 
    [
      3.8, 
      8.85
    ], 
    [
      3.8, 
      8.86
    ], 
    [
      3.81, 
      8.87
    ], 
    [
      3.81, 
      8.88
    ], 
    [
      3.82, 
      8.89
    ], 
    [
      3.82, 
      8.9
    ], 
    [
      3.83, 
      8.91
    ], 
    [
      3.83, 
      8.92
    ], 
    [
      3.84, 
      8.93
    ], 
    [
      3.84, 
      8.94
    ], 
    [
      3.85, 
      8.95
    ], 
    [
      3.85, 
      8.97
    ], 
    [
      3.86, 
      8.98
    ], 
    [
      3.86, 
      8.99
    ], 
    [
      3.87, 
      9.0
    ], 
    [
      3.87, 
      9.01
    ], 
    [
      3.88, 
      9.02
    ], 
    [
      3.88, 
      9.03
    ], 
    [
      3.89, 
      9.04
    ], 
    [
      3.89, 
      9.05
    ], 
    [
      3.9, 
      9.06
    ], 
    [
      3.9, 
      9.07
    ], 
    [
      3.91, 
      9.08
    ], 
    [
      3.91, 
      9.09
    ], 
    [
      3.92, 
      9.1
    ], 
    [
      3.92, 
      9.11
    ], 
    [
      3.93, 
      9.12
    ], 
    [
      3.93, 
      9.13
    ], 
    [
      3.94, 
      9.14
    ], 
    [
      3.94, 
      9.15
    ], 
    [
      3.95, 
      9.16
    ], 
    [
      3.95, 
      9.17
    ], 
    [
      3.96, 
      9.18
    ], 
    [
      3.96, 
      9.19
    ], 
    [
      3.97, 
      9.2
    ], 
    [
      3.97, 
      9.22
    ], 
    [
      3.98, 
      9.23
    ], 
    [
      3.98, 
      9.24
    ], 
    [
      3.99, 
      9.25
    ], 
    [
      3.99, 
      9.26
    ], 
    [
      4.0, 
      9.27
    ], 
    [
      4.0, 
      9.28
    ], 
    [
      4.01, 
      9.29
    ], 
    [
      4.01, 
      9.3
    ], 
    [
      4.02, 
      9.31
    ], 
    [
      4.02, 
      9.32
    ], 
    [
      4.03, 
      9.33
    ], 
    [
      4.03, 
      9.34
    ], 
    [
      4.04, 
      9.35
    ], 
    [
      4.04, 
      9.36
    ], 
    [
      4.05, 
      9.37
    ], 
    [
      4.05, 
      9.38
    ], 
    [
      4.06, 
      9.39
    ], 
    [
      4.06, 
      9.4
    ], 
    [
      5.48, 
      9.4
    ], 
    [
      5.49, 
      9.41
    ], 
    [
      5.51, 
      9.41
    ], 
    [
      5.52, 
      9.4
    ], 
    [
      5.53, 
      9.4
    ], 
    [
      5.54, 
      9.39
    ], 
    [
      5.56, 
      9.39
    ], 
    [
      5.57, 
      9.38
    ], 
    [
      5.59, 
      9.38
    ], 
    [
      5.6, 
      9.37
    ], 
    [
      5.62, 
      9.37
    ], 
    [
      5.63, 
      9.36
    ], 
    [
      5.66, 
      9.36
    ], 
    [
      5.67, 
      9.35
    ], 
    [
      5.69, 
      9.35
    ], 
    [
      5.7, 
      9.34
    ], 
    [
      5.72, 
      9.34
    ], 
    [
      5.73, 
      9.33
    ], 
    [
      5.75, 
      9.33
    ], 
    [
      5.76, 
      9.32
    ], 
    [
      5.79, 
      9.32
    ], 
    [
      5.8, 
      9.31
    ], 
    [
      5.82, 
      9.31
    ], 
    [
      5.83, 
      9.3
    ], 
    [
      5.85, 
      9.3
    ], 
    [
      5.86, 
      9.29
    ], 
    [
      5.88, 
      9.29
    ], 
    [
      5.89, 
      9.28
    ], 
    [
      5.92, 
      9.28
    ], 
    [
      5.93, 
      9.27
    ], 
    [
      5.95, 
      9.27
    ], 
    [
      5.96, 
      9.26
    ], 
    [
      5.98, 
      9.26
    ], 
    [
      5.99, 
      9.25
    ], 
    [
      6.01, 
      9.25
    ], 
    [
      6.02, 
      9.24
    ], 
    [
      6.05, 
      9.24
    ], 
    [
      6.06, 
      9.23
    ], 
    [
      6.08, 
      9.23
    ], 
    [
      6.09, 
      9.22
    ], 
    [
      6.11, 
      9.22
    ], 
    [
      6.12, 
      9.21
    ], 
    [
      6.14, 
      9.21
    ], 
    [
      6.15, 
      9.2
    ], 
    [
      6.18, 
      9.2
    ], 
    [
      6.19, 
      9.19
    ], 
    [
      6.21, 
      9.19
    ], 
    [
      6.22, 
      9.18
    ], 
    [
      6.24, 
      9.18
    ], 
    [
      6.25, 
      9.17
    ], 
    [
      6.27, 
      9.17
    ], 
    [
      6.28, 
      9.16
    ], 
    [
      6.31, 
      9.16
    ], 
    [
      6.32, 
      9.15
    ], 
    [
      6.34, 
