{
  "room_category": {
    "Toilet": {
      "simulation_statistics": [
        {
          "not_completed_agents": 0, 
          "max_evacuation_time": 61.599346, 
          "min_evacuation_time": 58.399395, 
          "exit_flow_rate": 0.032467877175189494, 
          "completed_agents": 2, 
          "max_traveled_distance": 38.764008, 
          "avg_evacuation_time": 59.9993705, 
          "avg_traveled_distance": 38.63592, 
          "min_traveled_distance": 38.507832
        }, 
        {
          "not_completed_agents": 0, 
          "max_evacuation_time": 150.004547, 
          "min_evacuation_time": 37.299717, 
          "exit_flow_rate": 0.013332929167807159, 
          "completed_agents": 2, 
          "max_traveled_distance": 35.145912, 
          "avg_evacuation_time": 75.851312, 
          "avg_traveled_distance": 26.594386333333336, 
          "min_traveled_distance": 11.347589
        }, 
        {
          "not_completed_agents": 0, 
          "max_evacuation_time": 20.04998, 
          "min_evacuation_time": 13.100032, 
          "exit_flow_rate": 0.1496260844150468, 
          "completed_agents": 3, 
          "max_traveled_distance": 16.793879, 
          "avg_evacuation_time": 17.666665000000002, 
          "avg_traveled_distance": 13.78049, 
          "min_traveled_distance": 11.72767
        }
      ], 
      "bounds": [
        [
          18.04, 
          9.53, 
          20.75, 
          13.34
        ], 
        [
          -0.02, 
          6.3, 
          5.21, 
          9.49
        ], 
        [
          5.36, 
          -0.02, 
          8.51, 
          4.45
        ]
      ]
    }, 
    "Bathroom": {
      "simulation_statistics": [
        {
          "not_completed_agents": 0, 
          "max_evacuation_time": 150.004547, 
          "min_evacuation_time": 40.699665, 
          "exit_flow_rate": 0.013332929167807159, 
          "completed_agents": 2, 
          "max_traveled_distance": 36.566254, 
          "avg_evacuation_time": 79.35125866666667, 
          "avg_traveled_distance": 24.576594333333333, 
          "min_traveled_distance": 8.180161
        }, 
        {
          "not_completed_agents": 0, 
          "max_evacuation_time": 14.950039, 
          "min_evacuation_time": 6.800008, 
          "exit_flow_rate": 0.20066837283835848, 
          "completed_agents": 3, 
          "max_traveled_distance": 13.074097, 
          "avg_evacuation_time": 10.583355666666668, 
          "avg_traveled_distance": 11.515397, 
          "min_traveled_distance": 9.36174
        }
      ], 
      "bounds": [
        [
          -0.02, 
          6.3, 
          5.21, 
          9.49
        ], 
        [
          5.36, 
          -0.02, 
          8.51, 
          4.45
        ]
      ]
    }, 
    "Loggia": {
      "simulation_statistics": [
        {
          "not_completed_agents": 0, 
          "max_evacuation_time": 50.549515, 
          "min_evacuation_time": 0.0, 
          "exit_flow_rate": 6.646948046880371, 
          "completed_agents": 336, 
          "max_traveled_distance": 55.664738, 
          "avg_evacuation_time": 21.546048613095238, 
          "avg_traveled_distance": 29.050197657738096, 
          "min_traveled_distance": 0.0
        }
      ], 
      "bounds": [
        [
          -19.48, 
          -37.74, 
          13.37, 
          13.33
        ]
      ]
    }, 
    "Office": {
      "simulation_statistics": [
        {
          "not_completed_agents": 0, 
          "max_evacuation_time": 54.14946, 
          "min_evacuation_time": 18.799999, 
          "exit_flow_rate": 0.1477392387661853, 
          "completed_agents": 8, 
          "max_traveled_distance": 34.832191, 
          "avg_evacuation_time": 38.48719875, 
          "avg_traveled_distance": 28.23237975, 
          "min_traveled_distance": 20.282682
        }
      ], 
      "bounds": [
        [
          8.42, 
          -0.02, 
          13.61, 
          7.47
        ]
      ]
    }, 
    "Room": {
      "simulation_statistics": [
        {
          "not_completed_agents": 0, 
          "max_evacuation_time": 57.499409, 
          "min_evacuation_time": 21.549957, 
          "exit_flow_rate": 0.08695741551013159, 
          "completed_agents": 5, 
          "max_traveled_distance": 37.720901, 
          "avg_evacuation_time": 35.849739, 
          "avg_traveled_distance": 31.797825999999997, 
          "min_traveled_distance": 25.542002
        }
      ], 
      "bounds": [
        [
          18.05, 
          4.72, 
          23.55, 
          9.62
        ]
      ]
    }, 
    "Living_Room": {
      "simulation_statistics": [
        {
          "not_completed_agents": 0, 
          "max_evacuation_time": 66.799477, 
          "min_evacuation_time": 0.0, 
          "exit_flow_rate": 4.970098792839352, 
          "completed_agents": 332, 
          "max_traveled_distance": 55.065617, 
          "avg_evacuation_time": 22.936343545180723, 
          "avg_traveled_distance": 30.265437689759036, 
          "min_traveled_distance": 0.0
        }
      ], 
      "bounds": [
        [
          -19.48, 
          -37.74, 
          13.01, 
          13.35
        ]
      ]
    }, 
    "Bedroom": {
      "simulation_statistics": [
        {
          "not_completed_agents": 0, 
          "max_evacuation_time": 59.699375, 
          "min_evacuation_time": 42.799633, 
          "exit_flow_rate": 0.08375297061317644, 
          "completed_agents": 5, 
          "max_traveled_distance": 41.378777, 
          "avg_evacuation_time": 48.9195396, 
          "avg_traveled_distance": 37.39365239999999, 
          "min_traveled_distance": 33.055946
        }, 
        {
          "not_completed_agents": 0, 
          "max_evacuation_time": 65.299385, 
          "min_evacuation_time": 29.349838, 
          "exit_flow_rate": 0.10719855937387465, 
          "completed_agents": 7, 
          "max_traveled_distance": 40.822906, 
          "avg_evacuation_time": 52.33521542857142, 
          "avg_traveled_distance": 37.66020342857143, 
          "min_traveled_distance": 32.907806
        }, 
        {
          "not_completed_agents": 0, 
          "max_evacuation_time": 52.14949, 
          "min_evacuation_time": 11.250025, 
          "exit_flow_rate": 0.23010771533911453, 
          "completed_agents": 12, 
          "max_traveled_distance": 36.697407, 
          "avg_evacuation_time": 31.71645775, 
          "avg_traveled_distance": 28.112148083333334, 
          "min_traveled_distance": 14.222307
        }, 
        {
          "not_completed_agents": 0, 
          "max_evacuation_time": 46.499577, 
          "min_evacuation_time": 0.0, 
          "exit_flow_rate": 5.440909709780801, 
          "completed_agents": 253, 
          "max_traveled_distance": 57.088211, 
          "avg_evacuation_time": 20.203881395256918, 
          "avg_traveled_distance": 27.99196899209486, 
          "min_traveled_distance": 0.0
        }
      ], 
      "bounds": [
        [
          18.59, 
          -0.02, 
          23.53, 
          4.83
        ], 
        [
          20.63, 
          6.87, 
          25.82, 
          13.36
        ], 
        [
          -0.02, 
          6.3, 
          8.51, 
          13.34
        ], 
        [
          -19.48, 
          -37.74, 
          8.51, 
          7.47
        ]
      ]
    }, 
    "Kitchen": {
      "simulation_statistics": [
        {
          "not_completed_agents": 0, 
          "max_evacuation_time": 52.999477, 
          "min_evacuation_time": 22.449944, 
          "exit_flow_rate": 0.15094488573915552, 
          "completed_agents": 8, 
          "max_traveled_distance": 41.425003,