{
  "room_category": {
    "Dining_Room": {
      "simulation_statistics": [
        {
          "not_completed_agents": 0, 
          "max_evacuation_time": 150.004547, 
          "min_evacuation_time": 0.0, 
          "exit_flow_rate": 0.013332929167807159, 
          "completed_agents": 2, 
          "max_traveled_distance": 19.066246, 
          "avg_evacuation_time": 126.92692438461539, 
          "avg_traveled_distance": 8.003231076923077, 
          "min_traveled_distance": 0.0
        }
      ], 
      "bounds": [
        [
          4.38, 
          -0.02, 
          12.67, 
          7.88
        ]
      ]
    }, 
    "Living_Room": {
      "simulation_statistics": [
        {
          "not_completed_agents": 0, 
          "max_evacuation_time": 150.004547, 
          "min_evacuation_time": 0.0, 
          "exit_flow_rate": 0.013332929167807159, 
          "completed_agents": 2, 
          "max_traveled_distance": 17.561201, 
          "avg_evacuation_time": 126.92692438461539, 
          "avg_traveled_distance": 8.822000846153847, 
          "min_traveled_distance": 0.0
        }
      ], 
      "bounds": [
        [
          4.38, 
          -0.02, 
          12.67, 
          7.88
        ]
      ]
    }, 
    "Kitchen": {
      "simulation_statistics": [
        {
          "not_completed_agents": 0, 
          "max_evacuation_time": 150.004547, 
          "min_evacuation_time": 0.0, 
          "exit_flow_rate": 0.013332929167807159, 
          "completed_agents": 2, 
          "max_traveled_distance": 19.799337, 
          "avg_evacuation_time": 126.92692438461539, 
          "avg_traveled_distance": 8.109458846153846, 
          "min_traveled_distance": 0.0
        }
      ], 
      "bounds": [
        [
          4.38, 
          -0.02, 
          12.67, 
          7.88
        ]
      ]
    }
  }, 
  "room_num": 3, 
  "verts": [
    [
      6.72, 
      0.1
    ], 
    [
      6.71, 
      0.11
    ], 
    [
      5.17, 
      0.11
    ], 
    [
      5.16, 
      0.12
    ], 
    [
      4.5, 
      0.12
    ], 
    [
      4.49, 
      0.13
    ], 
    [
      4.49, 
      2.26
    ], 
    [
      4.48, 
      2.27
    ], 
    [
      4.38, 
      2.27
    ], 
    [
      4.37, 
      2.26
    ], 
    [
      4.37, 
      1.56
    ], 
    [
      0.11, 
      1.56
    ], 
    [
      0.1, 
      1.57
    ], 
    [
      0.1, 
      5.92
    ], 
    [
      4.37, 
      5.92
    ], 
    [
      4.38, 
      5.91
    ], 
    [
      4.48, 
      5.91
    ], 
    [
      4.49, 
      5.92
    ], 
    [
      4.49, 
      7.72
    ], 
    [
      6.43, 
      7.72
    ], 
    [
      6.44, 
      7.71
    ], 
    [
      6.82, 
      7.71
    ], 
    [
      6.83, 
      7.72
    ], 
    [
      7.65, 
      7.72
    ], 
    [
      7.66, 
      7.71
    ], 
    [
      10.52, 
      7.71
    ], 
    [
      10.53, 
      7.7
    ], 
    [
      12.57, 
      7.7
    ], 
    [
      12.58, 
      7.69
    ], 
    [
      14.09, 
      7.69
    ], 
    [
      14.1, 
      7.68
    ], 
    [
      15.65, 
      7.68
    ], 
    [
      15.65, 
      2.07
    ], 
    [
      7.53, 
      2.07
    ], 
    [
      7.51, 
      2.05
    ], 
    [
      7.51, 
      0.1
    ]
  ], 
  "bbox": {
    "max": [
      15.65, 
      7.72
    ], 
    "min": [
      0.1, 
      0.1
    ]
  }, 
  "id": "29e733424d1d85e57258c6c77c9c3de8"
}