{
  "room_category": {
    "Hallway": {
      "simulation_statistics": [
        {
          "not_completed_agents": 0, 
          "max_evacuation_time": 15.750042, 
          "min_evacuation_time": 8.150013, 
          "exit_flow_rate": 0.38095136508207406, 
          "completed_agents": 6, 
          "max_traveled_distance": 16.884409, 
          "avg_evacuation_time": 10.433355, 
          "avg_traveled_distance": 11.679280499999999, 
          "min_traveled_distance": 9.381976
        }, 
        {
          "not_completed_agents": 0, 
          "max_evacuation_time": 11.650026, 
          "min_evacuation_time": 4.299998, 
          "exit_flow_rate": 0.772530464738877, 
          "completed_agents": 9, 
          "max_traveled_distance": 12.020171, 
          "avg_evacuation_time": 7.716677888888889, 
          "avg_traveled_distance": 9.104936333333335, 
          "min_traveled_distance": 4.589477
        }, 
        {
          "not_completed_agents": 0, 
          "max_evacuation_time": 7.50001, 
          "min_evacuation_time": 0.15, 
          "exit_flow_rate": 1.1999984000021333, 
          "completed_agents": 9, 
          "max_traveled_distance": 8.536112, 
          "avg_evacuation_time": 3.255556777777778, 
          "avg_traveled_distance": 3.9282453333333334, 
          "min_traveled_distance": 0.104703
        }
      ], 
      "bounds": [
        [
          6.58, 
          6.47, 
          11.42, 
          12.23
        ], 
        [
          6.63, 
          3.73, 
          13.52, 
          9.96
        ], 
        [
          10.4, 
          0.18, 
          16.03, 
          8.07
        ]
      ]
    }, 
    "Bathroom": {
      "simulation_statistics": [
        {
          "not_completed_agents": 0, 
          "max_evacuation_time": 12.200028, 
          "min_evacuation_time": 7.800012, 
          "exit_flow_rate": 0.2459010749811394, 
          "completed_agents": 3, 
          "max_traveled_distance": 12.002085, 
          "avg_evacuation_time": 10.316688000000001, 
          "avg_traveled_distance": 10.574751333333333, 
          "min_traveled_distance": 8.96968
        }
      ], 
      "bounds": [
        [
          15.33, 
          4.87, 
          18.87, 
          9.43
        ]
      ]
    }, 
    "Toilet": {
      "simulation_statistics": [
        {
          "not_completed_agents": 0, 
          "max_evacuation_time": 19.549988, 
          "min_evacuation_time": 19.549988, 
          "exit_flow_rate": 0.05115092653765312, 
          "completed_agents": 1, 
          "max_traveled_distance": 19.343603, 
          "avg_evacuation_time": 19.549988, 
          "avg_traveled_distance": 19.343603, 
          "min_traveled_distance": 19.343603
        }
      ], 
      "bounds": [
        [
          -0.01, 
          9.87, 
          2.2, 
          13.19
        ]
      ]
    }, 
    "Living_Room": {
      "simulation_statistics": [
        {
          "not_completed_agents": 0, 
          "max_evacuation_time": 16.950027, 
          "min_evacuation_time": 11.100024, 
          "exit_flow_rate": 0.29498478085020163, 
          "completed_agents": 5, 
          "max_traveled_distance": 16.657177, 
          "avg_evacuation_time": 13.8400296, 
          "avg_traveled_distance": 14.287077400000001, 
          "min_traveled_distance": 12.623325
        }
      ], 
      "bounds": [
        [
          3.18, 
          3.84, 
          7.33, 
          9.96
        ]
      ]
    }, 
    "Bedroom": {
      "simulation_statistics": [
        {
          "not_completed_agents": 0, 
          "max_evacuation_time": 20.69997, 
          "min_evacuation_time": 12.350029, 
          "exit_flow_rate": 0.24154624378682674, 
          "completed_agents": 5, 
          "max_traveled_distance": 20.690605, 
          "avg_evacuation_time": 16.4700124, 
          "avg_traveled_distance": 17.271311, 
          "min_traveled_distance": 13.649752
        }
      ], 
      "bounds": [
        [
          2.09, 
          9.87, 
          7.28, 
          15.08
        ]
      ]
    }, 
    "Dining_Room": {
      "simulation_statistics": [
        {
          "not_completed_agents": 0, 
          "max_evacuation_time": 5.150002, 
          "min_evacuation_time": 3.449998, 
          "exit_flow_rate": 0.9708734093695498, 
          "completed_agents": 5, 
          "max_traveled_distance": 6.445797, 
          "avg_evacuation_time": 4.2899988, 
          "avg_traveled_distance": 5.5661496, 
          "min_traveled_distance": 4.312295
        }
      ], 
      "bounds": [
        [
          15.07, 
          -0.11, 
          19.6, 
          5.29
        ]
      ]
    }, 
    "Child_Room": {
      "simulation_statistics": [
        {
          "not_completed_agents": 0, 
          "max_evacuation_time": 18.650002, 
          "min_evacuation_time": 12.900031, 
          "exit_flow_rate": 0.2144771887960119, 
          "completed_agents": 4, 
          "max_traveled_distance": 18.932262, 
          "avg_evacuation_time": 14.96252625, 
          "avg_traveled_distance": 16.598377, 
          "min_traveled_distance": 15.297303
        }, 
        {
          "not_completed_agents": 0, 
          "max_evacuation_time": 16.600033, 
          "min_evacuation_time": 12.200028, 
          "exit_flow_rate": 0.18072253229858037, 
          "completed_agents": 3, 
          "max_traveled_distance": 16.815718, 
          "avg_evacuation_time": 14.433366, 
          "avg_traveled_distance": 15.642005333333335, 
          "min_traveled_distance": 14.795295
        }
      ], 
      "bounds": [
        [
          7.2, 
          11.52, 
          12.32, 
          15.56
        ], 
        [
          12.17, 
          11.52, 
          15.44, 
          16.71
        ]
      ]
    }, 
    "Kitchen": {
      "simulation_statistics": [
        {
          "not_completed_agents": 0, 
          "max_evacuation_time": 1.1, 
          "min_evacuation_time": 0.0, 
          "exit_flow_rate": 4.545454545454545, 
          "completed_agents": 5, 
          "max_traveled_distance": 1.563403, 
          "avg_evacuation_time": 0.39, 
          "avg_traveled_distance": 0.494134, 
          "min_traveled_distance": 0.0
        }
      ], 
      "bounds": [
        [
          9.14, 
          -0.1, 
          15.37, 
          3.96
        ]
      ]
    }
  }, 
  "room_num": 12,