{
  "room_category": {
    "Toilet": {
      "simulation_statistics": [
        {
          "not_completed_agents": 0, 
          "max_evacuation_time": 58.949387, 
          "min_evacuation_time": 0.0, 
          "exit_flow_rate": 6.089970028017424, 
          "completed_agents": 359, 
          "max_traveled_distance": 62.665508, 
          "avg_evacuation_time": 25.11212639554318, 
          "avg_traveled_distance": 33.953509133704735, 
          "min_traveled_distance": 0.0
        }
      ], 
      "bounds": [
        [
          -36.74, 
          -34.65, 
          6.61, 
          6.79
        ]
      ]
    }, 
    "Bathroom": {
      "simulation_statistics": [
        {
          "not_completed_agents": 0, 
          "max_evacuation_time": 62.699329, 
          "min_evacuation_time": 0.0, 
          "exit_flow_rate": 5.725739106394584, 
          "completed_agents": 359, 
          "max_traveled_distance": 73.700661, 
          "avg_evacuation_time": 27.71320798885794, 
          "avg_traveled_distance": 36.97029513091922, 
          "min_traveled_distance": 0.0
        }
      ], 
      "bounds": [
        [
          -36.74, 
          -34.65, 
          6.61, 
          6.79
        ]
      ]
    }, 
    "Bedroom": {
      "simulation_statistics": [
        {
          "not_completed_agents": 0, 
          "max_evacuation_time": 61.649345, 
          "min_evacuation_time": 0.0, 
          "exit_flow_rate": 5.66104960239237, 
          "completed_agents": 349, 
          "max_traveled_distance": 69.660934, 
          "avg_evacuation_time": 25.958881441260743, 
          "avg_traveled_distance": 35.079572283667616, 
          "min_traveled_distance": 0.0
        }
      ], 
      "bounds": [
        [
          -36.74, 
          -34.65, 
          5.97, 
          6.17
        ]
      ]
    }
  }, 
  "room_num": 2, 
  "verts": [
    [
      0.11, 
      0.1
    ], 
    [
      0.1, 
      0.11
    ], 
    [
      0.1, 
      6.06
    ], 
    [
      2.12, 
      6.06
    ], 
    [
      2.13, 
      6.05
    ], 
    [
      4.01, 
      6.05
    ], 
    [
      4.01, 
      3.71
    ], 
    [
      4.03, 
      3.69
    ], 
    [
      4.28, 
      3.69
    ], 
    [
      4.29, 
      3.7
    ], 
    [
      4.29, 
      3.8
    ], 
    [
      4.28, 
      3.81
    ], 
    [
      4.12, 
      3.81
    ], 
    [
      4.12, 
      6.07
    ], 
    [
      4.13, 
      6.08
    ], 
    [
      4.13, 
      6.65
    ], 
    [
      6.5, 
      6.65
    ], 
    [
      6.5, 
      3.81
    ], 
    [
      5.04, 
      3.81
    ], 
    [
      5.03, 
      3.8
    ], 
    [
      5.03, 
      3.7
    ], 
    [
      5.04, 
      3.69
    ], 
    [
      5.84, 
      3.69
    ], 
    [
      5.84, 
      0.1
    ]
  ], 
  "bbox": {
    "max": [
      6.5, 
      6.65
    ], 
    "min": [
      0.1, 
      0.1
    ]
  }, 
  "id": "2e39bb54395f57296e27d1cfbdf3ad49"
}