{
  "room_category": {
    "Hallway": {
      "simulation_statistics": [
        {
          "not_completed_agents": 0, 
          "max_evacuation_time": 46.29958, 
          "min_evacuation_time": 26.949875, 
          "exit_flow_rate": 0.0647954041915715, 
          "completed_agents": 3, 
          "max_traveled_distance": 31.581289, 
          "avg_evacuation_time": 35.21641566666667, 
          "avg_traveled_distance": 28.306954666666666, 
          "min_traveled_distance": 25.633574
        }, 
        {
          "not_completed_agents": 0, 
          "max_evacuation_time": 21.299961, 
          "min_evacuation_time": 3.699998, 
          "exit_flow_rate": 0.28169065661669523, 
          "completed_agents": 6, 
          "max_traveled_distance": 19.600327, 
          "avg_evacuation_time": 8.524997666666666, 
          "avg_traveled_distance": 9.685036333333334, 
          "min_traveled_distance": 5.004068
        }
      ], 
      "bounds": [
        [
          5.04, 
          20.02, 
          8.03, 
          25.02
        ], 
        [
          5.05, 
          3.16, 
          7.99, 
          14.11
        ]
      ]
    }, 
    "Bathroom": {
      "simulation_statistics": [
        {
          "not_completed_agents": 0, 
          "max_evacuation_time": 1.899999, 
          "min_evacuation_time": 0.4, 
          "exit_flow_rate": 2.631580332410701, 
          "completed_agents": 5, 
          "max_traveled_distance": 2.436356, 
          "avg_evacuation_time": 1.2699996, 
          "avg_traveled_distance": 1.5969232, 
          "min_traveled_distance": 0.512986
        }, 
        {
          "not_completed_agents": 0, 
          "max_evacuation_time": 17.400021, 
          "min_evacuation_time": 12.250029, 
          "exit_flow_rate": 0.17241358501808707, 
          "completed_agents": 3, 
          "max_traveled_distance": 18.294964, 
          "avg_evacuation_time": 15.466693666666666, 
          "avg_traveled_distance": 16.918353666666665, 
          "min_traveled_distance": 15.732073
        }
      ], 
      "bounds": [
        [
          -0.03, 
          -0.02, 
          5.18, 
          4.59
        ], 
        [
          12.98, 
          1.98, 
          18.19, 
          4.59
        ]
      ]
    }, 
    "Office": {
      "simulation_statistics": [
        {
          "not_completed_agents": 0, 
          "max_evacuation_time": 20.299976, 
          "min_evacuation_time": 10.850023, 
          "exit_flow_rate": 0.1477834259508484, 
          "completed_agents": 3, 
          "max_traveled_distance": 18.464102, 
          "avg_evacuation_time": 15.183345333333333, 
          "avg_traveled_distance": 16.79405566666667, 
          "min_traveled_distance": 14.17299
        }
      ], 
      "bounds": [
        [
          12.94, 
          -0.03, 
          18.17, 
          3.11
        ]
      ]
    }, 
    "Bedroom": {
      "simulation_statistics": [
        {
          "not_completed_agents": 0, 
          "max_evacuation_time": 31.399807, 
          "min_evacuation_time": 11.150024, 
          "exit_flow_rate": 0.1592366475373559, 
          "completed_agents": 5, 
          "max_traveled_distance": 22.260099, 
          "avg_evacuation_time": 18.5899792, 
          "avg_traveled_distance": 16.4273798, 
          "min_traveled_distance": 11.868466
        }, 
        {
          "not_completed_agents": 0, 
          "max_evacuation_time": 18.899998, 
          "min_evacuation_time": 9.550018, 
          "exit_flow_rate": 0.2645502925450045, 
          "completed_agents": 5, 
          "max_traveled_distance": 18.293264, 
          "avg_evacuation_time": 13.9500238, 
          "avg_traveled_distance": 14.765029000000002, 
          "min_traveled_distance": 10.528431
        }, 
        {
          "not_completed_agents": 0, 
          "max_evacuation_time": 11.700027, 
          "min_evacuation_time": 5.800004, 
          "exit_flow_rate": 0.42734944115940926, 
          "completed_agents": 5, 
          "max_traveled_distance": 11.619517, 
          "avg_evacuation_time": 8.4700144, 
          "avg_traveled_distance": 9.9738788, 
          "min_traveled_distance": 8.615033
        }
      ], 
      "bounds": [
        [
          -0.03, 
          4.5, 
          5.18, 
          9.12
        ], 
        [
          7.21, 
          4.5, 
          13.09, 
          9.12
        ], 
        [
          7.21, 
          -0.03, 
          13.08, 
          4.59
        ]
      ]
    }, 
    "Wardrobe": {
      "simulation_statistics": [
        {
          "not_completed_agents": 0, 
          "max_evacuation_time": 29.049843, 
          "min_evacuation_time": 10.10002, 
          "exit_flow_rate": 0.06884718791767652, 
          "completed_agents": 2, 
          "max_traveled_distance": 18.311708, 
          "avg_evacuation_time": 19.574931499999998, 
          "avg_traveled_distance": 15.004428, 
          "min_traveled_distance": 11.697148
        }
      ], 
      "bounds": [
        [
          5.04, 
          -0.02, 
          8.04, 
          3.25
        ]
      ]
    }, 
    "Dining_Room": {
      "simulation_statistics": [
        {
          "not_completed_agents": 0, 
          "max_evacuation_time": 45.049599, 
          "min_evacuation_time": 15.750042, 
          "exit_flow_rate": 0.11098877927859024, 
          "completed_agents": 5, 
          "max_traveled_distance": 23.115376, 
          "avg_evacuation_time": 28.129856, 
          "avg_traveled_distance": 20.944267, 
          "min_traveled_distance": 18.422552
        }
      ], 
      "bounds": [
        [
          -0.03, 
          9.03, 
          5.13, 
          14.1
        ]
      ]
    }, 
    "Hall": {
      "simulation_statistics": [
        {
          "not_completed_agents": 0, 
          "max_evacuation_time": 54.399456, 
          "min_evacuation_time": 16.250038, 
          "exit_flow_rate": 0.18382536766544136, 
          "completed_agents": 10, 
          "max_traveled_distance": 39.68626, 
          "avg_evacuation_time": 35.1697494, 
          "avg_traveled_distance": 28.4492574, 
          "min_traveled_distance": 19.744192
        }, 
        {
          "not_completed_agents": 0, 
          "max_evacuation_time": 52.79948, 
          "min_evacuation_time": 22.749939, 
          "exit_flow_rate": 0.11363748279339114, 
          "completed_agents": 6, 
          "max_traveled_distance": 32.453548, 
          "avg_evacuation_time": 34.758089000000005, 
          "avg_traveled_distance": 27.588080166666668, 
          "min_traveled_distance": 23.14842
        }
      ], 
      "bounds": [
        [
          -0.03, 
          14.01, 
          8.0, 
          20.1
        ], 
        [
          7.91, 
          14.01, 
          13.1, 
          20.19
        ]
      ]
    }, 
    "Kitchen": {
      "simulation_statistics": [
        {
          "not_completed_agents": 0, 
          "max_evacuation_time": 22.099949, 
          "min_evacuation_time": 13.550034, 
          "exit_flow_rate": 0.27149383919392756, 
          "completed_agents": 6, 
          "max_traveled_distance": 22.075773, 
          "avg_evacuation_time": 19.266651166666666, 
          "avg_traveled_distance": 20.3954365, 
          "min_traveled_distance": 17.31167
        }
      ], 
      "bounds": [
        [
          7.21, 
          9.03, 
          13.1, 
          14.1
        ]
      ]
    }
  }, 
  "room_num": 13,