{
  "room_category": {
    "Toilet": {
      "simulation_statistics": [
        {
          "not_completed_agents": 0, 
          "max_evacuation_time": 20.199978, 
          "min_evacuation_time": 18.10001, 
          "exit_flow_rate": 0.09901000882278188, 
          "completed_agents": 2, 
          "max_traveled_distance": 23.442408, 
          "avg_evacuation_time": 19.149994, 
          "avg_traveled_distance": 23.1433395, 
          "min_traveled_distance": 22.844271
        }
      ], 
      "bounds": [
        [
          11.82, 
          14.7, 
          14.89, 
          17.89
        ]
      ]
    }, 
    "Bathroom": {
      "simulation_statistics": [
        {
          "not_completed_agents": 0, 
          "max_evacuation_time": 15.600041, 
          "min_evacuation_time": 11.900027, 
          "exit_flow_rate": 0.32051197814159593, 
          "completed_agents": 5, 
          "max_traveled_distance": 19.395967, 
          "avg_evacuation_time": 13.800034399999998, 
          "avg_traveled_distance": 17.556167199999997, 
          "min_traveled_distance": 15.500607
        }
      ], 
      "bounds": [
        [
          7.33, 
          12.68, 
          12.52, 
          17.89
        ]
      ]
    }, 
    "Room": {
      "simulation_statistics": [
        {
          "not_completed_agents": 0, 
          "max_evacuation_time": 25.599895, 
          "min_evacuation_time": 7.30001, 
          "exit_flow_rate": 0.2343759613076538, 
          "completed_agents": 6, 
          "max_traveled_distance": 31.630787, 
          "avg_evacuation_time": 11.891663333333334, 
          "avg_traveled_distance": 14.978429666666665, 
          "min_traveled_distance": 9.225524
        }
      ], 
      "bounds": [
        [
          1.74, 
          10.56, 
          7.49, 
          16.05
        ]
      ]
    }, 
    "Living_Room": {
      "simulation_statistics": [
        {
          "not_completed_agents": 0, 
          "max_evacuation_time": 33.299778, 
          "min_evacuation_time": 17.350021, 
          "exit_flow_rate": 0.1801813813893894, 
          "completed_agents": 6, 
          "max_traveled_distance": 29.512993, 
          "avg_evacuation_time": 23.199932166666667, 
          "avg_traveled_distance": 26.104478166666667, 
          "min_traveled_distance": 22.889076
        }
      ], 
      "bounds": [
        [
          12.06, 
          17.76, 
          17.32, 
          23.0
        ]
      ]
    }, 
    "Garage": {
      "simulation_statistics": [
        {
          "not_completed_agents": 0, 
          "max_evacuation_time": 150.004547, 
          "min_evacuation_time": 27.999859, 
          "exit_flow_rate": 0.07333111042293938, 
          "completed_agents": 11, 
          "max_traveled_distance": 43.165642, 
          "avg_evacuation_time": 50.92743984615385, 
          "avg_traveled_distance": 34.02138946153846, 
          "min_traveled_distance": 6.614303
        }
      ], 
      "bounds": [
        [
          22.33, 
          17.81, 
          31.42, 
          24.88
        ]
      ]
    }, 
    "Bedroom": {
      "simulation_statistics": [
        {
          "not_completed_agents": 0, 
          "max_evacuation_time": 34.099766, 
          "min_evacuation_time": 22.599941, 
          "exit_flow_rate": 0.17595428660712803, 
          "completed_agents": 6, 
          "max_traveled_distance": 37.070896, 
          "avg_evacuation_time": 26.133220833333336, 
          "avg_traveled_distance": 31.925007500000003, 
          "min_traveled_distance": 28.286739
        }
      ], 
      "bounds": [
        [
          16.6, 
          17.78, 
          22.42, 
          22.97
        ]
      ]
    }, 
    "Kitchen": {
      "simulation_statistics": [
        {
          "not_completed_agents": 0, 
          "max_evacuation_time": 35.499744, 
          "min_evacuation_time": 21.799953, 
          "exit_flow_rate": 0.1408460861013533, 
          "completed_agents": 5, 
          "max_traveled_distance": 34.833538, 
          "avg_evacuation_time": 26.8898756, 
          "avg_traveled_distance": 29.0276524, 
          "min_traveled_distance": 25.370552
        }
      ], 
      "bounds": [
        [
          6.96, 
          20.91, 
          12.15, 
          26.1
        ]
      ]
    }
  }, 
  "room_num": 9,