{
  "room_category": {
    "Bathroom": {
      "simulation_statistics": [
        {
          "not_completed_agents": 0, 
          "max_evacuation_time": 16.600033, 
          "min_evacuation_time": 13.800035, 
          "exit_flow_rate": 0.18072253229858037, 
          "completed_agents": 3, 
          "max_traveled_distance": 19.391165, 
          "avg_evacuation_time": 15.100035666666665, 
          "avg_traveled_distance": 18.099073999999998, 
          "min_traveled_distance": 16.414028
        }
      ], 
      "bounds": [
        [
          16.55, 
          3.04, 
          21.77, 
          6.27
        ]
      ]
    }, 
    "Bedroom": {
      "simulation_statistics": [
        {
          "not_completed_agents": 0, 
          "max_evacuation_time": 18.000011, 
          "min_evacuation_time": 7.40001, 
          "exit_flow_rate": 0.3333331296297541, 
          "completed_agents": 6, 
          "max_traveled_distance": 15.374822, 
          "avg_evacuation_time": 11.350018666666665, 
          "avg_traveled_distance": 12.597727166666667, 
          "min_traveled_distance": 9.619443
        }
      ], 
      "bounds": [
        [
          11.31, 
          -0.05, 
          16.67, 
          5.21
        ]
      ]
    }, 
    "Kitchen": {
      "simulation_statistics": [
        {
          "not_completed_agents": 0, 
          "max_evacuation_time": 26.549881, 
          "min_evacuation_time": 20.749969, 
          "exit_flow_rate": 0.11299485673777597, 
          "completed_agents": 3, 
          "max_traveled_distance": 21.780699, 
          "avg_evacuation_time": 24.099918333333335, 
          "avg_traveled_distance": 21.06645333333333, 
          "min_traveled_distance": 19.750864
        }
      ], 
      "bounds": [
        [
          16.58, 
          -0.02, 
          21.77, 
          3.17
        ]
      ]
    }
  }, 
  "room_num": 4, 
  "verts": [
    [
      0.11, 
      0.1
    ], 
    [
      0.1, 
      0.11
    ], 
    [
      0.1, 
      5.06
    ], 
    [
      11.3, 
      5.06
    ], 
    [
      11.3, 
      4.8
    ], 
    [
      11.31, 
      4.79
    ], 
    [
      11.31, 
      4.28
    ], 
    [
      11.32, 
      4.27
    ], 
    [
      11.32, 
      3.75
    ], 
    [
      11.33, 
      3.74
    ], 
    [
      11.33, 
      3.23
    ], 
    [
      11.34, 
      3.22
    ], 
    [
      11.34, 
      2.96
    ], 
    [
      11.35, 
      2.95
    ], 
    [
      11.45, 
      2.95
    ], 
    [
      11.46, 
      2.96
    ], 
    [
      11.46, 
      3.28
    ], 
    [
      11.45, 
      3.29
    ], 
    [
      11.45, 
      3.82
    ], 
    [
      11.44, 
      3.83
    ], 
    [
      11.44, 
      4.36
    ], 
    [
      11.43, 
      4.37
    ], 
    [
      11.43, 
      4.9
    ], 
    [
      11.42, 
      4.91
    ], 
    [
      11.42, 
      5.07
    ], 
    [
      16.27, 
      5.07
    ], 
    [
      16.28, 
      5.06
    ], 
    [
      16.57, 
      5.06
    ], 
    [
      16.57, 
      4.61
    ], 
    [
      16.58, 
      4.6
    ], 
    [
      16.68, 
      4.6
    ], 
    [
      16.69, 
      4.61
    ], 
    [
      16.69, 
      5.17
    ], 
    [
      16.7, 
      5.18
    ], 
    [
      16.7, 
      6.16
    ], 
    [
      21.66, 
      6.16
    ], 
    [
      21.66, 
      3.19
    ], 
    [
      19.46, 
      3.19
    ], 
    [
      19.45, 
      3.18
    ], 
    [
      19.45, 
      3.08
    ], 
    [
      19.46, 
      3.07
    ], 
    [
      19.47, 
      3.08
    ], 
    [
      19.5, 
      3.08
    ], 
    [
      19.51, 
      3.07
    ], 
    [
      21.66, 
      3.07
    ], 
    [
      21.66, 
      0.1
    ], 
    [
      16.69, 
      0.1
    ], 
    [
      16.69, 
      3.07
    ], 
    [
      18.46, 
      3.07
    ], 
    [
      18.47, 
      3.08
    ], 
    [
      18.47, 
      3.18
    ], 
    [
      18.46, 
      3.19
    ], 
    [
      16.69, 
      3.19
    ], 
    [
      16.69, 
      3.45
    ], 
    [
      16.68, 
      3.46
    ], 
    [
      16.58, 
      3.46
    ], 
    [
      16.57, 
      3.45
    ], 
    [
      16.58, 
      3.44
    ], 
    [
      16.58, 
      3.39
    ], 
    [
      16.57, 
      3.38
    ], 
    [
      16.57, 
      0.1
    ], 
    [
      11.52, 
      0.1
    ], 
    [
      11.52, 
      0.31
    ], 
    [
      11.51, 
      0.32
    ], 
    [
      11.51, 
      0.78
    ], 
    [
      11.5, 
      0.79
    ], 
    [
      11.5, 
      1.25
    ], 
    [
      11.49, 
      1.26
    ], 
    [
      11.49, 
      1.72
    ], 
    [
      11.48, 
      1.73
    ], 
    [
      11.48, 
      1.96
    ], 
    [
      11.47, 
      1.97
    ], 
    [
      11.37, 
      1.97
    ], 
    [
      11.36, 
      1.96
    ], 
    [
      11.37, 
      1.95
    ], 
    [
      11.37, 
      1.92
    ], 
    [
      11.36, 
      1.91
    ], 
    [
      11.36, 
      1.67
    ], 
    [
      11.37, 
      1.66
    ], 
    [
      11.37, 
      1.19
    ], 
    [
      11.38, 
      1.18
    ], 
    [
      11.38, 
      0.71
    ], 
    [
      11.39, 
      0.7
    ], 
    [
      11.39, 
      0.23
    ], 
    [
      11.4, 
      0.22
    ], 
    [
      11.4, 
      0.1
    ]
  ], 
  "bbox": {
    "max": [
      21.66, 
      6.16
    ], 
    "min": [
      0.1, 
      0.1
    ]
  }, 
  "id": "323e509613ea904190edbef8bc09c167"
}