{
  "room_category": {
    "Toilet": {
      "simulation_statistics": [
        {
          "not_completed_agents": 0, 
          "max_evacuation_time": 7.050009, 
          "min_evacuation_time": 7.050009, 
          "exit_flow_rate": 0.14184379055402624, 
          "completed_agents": 1, 
          "max_traveled_distance": 8.356359, 
          "avg_evacuation_time": 7.050009, 
          "avg_traveled_distance": 8.356359, 
          "min_traveled_distance": 8.356359
        }, 
        {
          "not_completed_agents": 0, 
          "max_evacuation_time": 6.100005, 
          "min_evacuation_time": 6.100005, 
          "exit_flow_rate": 0.16393429185713781, 
          "completed_agents": 1, 
          "max_traveled_distance": 8.477934, 
          "avg_evacuation_time": 6.100005, 
          "avg_traveled_distance": 8.477934, 
          "min_traveled_distance": 8.477934
        }
      ], 
      "bounds": [
        [
          9.38, 
          2.13, 
          11.21, 
          4.32
        ], 
        [
          9.38, 
          4.23, 
          11.21, 
          6.42
        ]
      ]
    }, 
    "Kitchen": {
      "simulation_statistics": [
        {
          "not_completed_agents": 0, 
          "max_evacuation_time": 7.600011, 
          "min_evacuation_time": 1.0, 
          "exit_flow_rate": 1.8421025969567675, 
          "completed_agents": 14, 
          "max_traveled_distance": 8.625899, 
          "avg_evacuation_time": 3.3499997142857145, 
          "avg_traveled_distance": 4.182433642857143, 
          "min_traveled_distance": 0.915452
        }
      ], 
      "bounds": [
        [
          -0.03, 
          -0.03, 
          11.21, 
          6.42
        ]
      ]
    }
  }, 
  "room_num": 3, 
  "verts": [
    [
      1.14, 
      0.1
    ], 
    [
      1.13, 
      0.11
    ], 
    [
      1.13, 
      1.72
    ], 
    [
      1.12, 
      1.73
    ], 
    [
      1.12, 
      1.82
    ], 
    [
      1.1, 
      1.84
    ], 
    [
      0.11, 
      1.84
    ], 
    [
      0.1, 
      1.85
    ], 
    [
      0.1, 
      4.56
    ], 
    [
      1.01, 
      4.56
    ], 
    [
      1.02, 
      4.57
    ], 
    [
      1.1, 
      4.57
    ], 
    [
      1.12, 
      4.59
    ], 
    [
      1.12, 
      4.67
    ], 
    [
      1.13, 
      4.68
    ], 
    [
      1.13, 
      6.31
    ], 
    [
      9.39, 
      6.31
    ], 
    [
      9.39, 
      5.61
    ], 
    [
      9.4, 
      5.6
    ], 
    [
      9.5, 
      5.6
    ], 
    [
      9.51, 
      5.61
    ], 
    [
      9.51, 
      6.31
    ], 
    [
      11.1, 
      6.31
    ], 
    [
      11.1, 
      4.34
    ], 
    [
      9.51, 
      4.34
    ], 
    [
      9.51, 
      4.59
    ], 
    [
      9.5, 
      4.6
    ], 
    [
      9.4, 
      4.6
    ], 
    [
      9.39, 
      4.59
    ], 
    [
      9.39, 
      4.02
    ], 
    [
      9.4, 
      4.01
    ], 
    [
      9.5, 
      4.01
    ], 
    [
      9.51, 
      4.02
    ], 
    [
      9.51, 
      4.22
    ], 
    [
      11.1, 
      4.22
    ], 
    [
      11.1, 
      2.23
    ], 
    [
      9.51, 
      2.23
    ], 
    [
      9.51, 
      3.0
    ], 
    [
      9.5, 
      3.01
    ], 
    [
      9.4, 
      3.01
    ], 
    [
      9.39, 
      3.0
    ], 
    [
      9.39, 
      2.14
    ], 
    [
      9.41, 
      2.12
    ], 
    [
      11.1, 
      2.12
    ], 
    [
      11.1, 
      0.1
    ]
  ], 
  "bbox": {
    "max": [
      11.1, 
      6.31
    ], 
    "min": [
      0.1, 
      0.1
    ]
  }, 
  "id": "340165f654efcd401b576a8cb8ed351a"
}