{
  "room_category": {
    "Kitchen": {
      "simulation_statistics": [
        {
          "not_completed_agents": 0, 
          "max_evacuation_time": 10.300021, 
          "min_evacuation_time": 6.650007, 
          "exit_flow_rate": 0.48543590348019683, 
          "completed_agents": 5, 
          "max_traveled_distance": 11.46207, 
          "avg_evacuation_time": 8.5200142, 
          "avg_traveled_distance": 10.096321, 
          "min_traveled_distance": 8.119017
        }
      ], 
      "bounds": [
        [
          10.18, 
          5.08, 
          15.4, 
          10.3
        ]
      ]
    }, 
    "Bedroom": {
      "simulation_statistics": [
        {
          "not_completed_agents": 0, 
          "max_evacuation_time": 18.350006, 
          "min_evacuation_time": 5.400002, 
          "exit_flow_rate": 0.38147126491402783, 
          "completed_agents": 7, 
          "max_traveled_distance": 12.470379, 
          "avg_evacuation_time": 11.057158857142856, 
          "avg_traveled_distance": 9.782966142857143, 
          "min_traveled_distance": 6.184398
        }, 
        {
          "not_completed_agents": 0, 
          "max_evacuation_time": 14.350037, 
          "min_evacuation_time": 7.700011, 
          "exit_flow_rate": 0.348431157355204, 
          "completed_agents": 5, 
          "max_traveled_distance": 13.514908, 
          "avg_evacuation_time": 10.7000228, 
          "avg_traveled_distance": 11.2157828, 
          "min_traveled_distance": 8.865194
        }
      ], 
      "bounds": [
        [
          4.39, 
          4.39, 
          10.27, 
          10.3
        ], 
        [
          -0.05, 
          5.05, 
          5.17, 
          10.3
        ]
      ]
    }
  }, 
  "room_num": 5, 
  "verts": [
    [
      5.21, 
      0.1
    ], 
    [
      5.2, 
      0.11
    ], 
    [
      5.2, 
      5.08
    ], 
    [
      5.24, 
      5.08
    ], 
    [
      5.25, 
      5.07
    ], 
    [
      8.48, 
      5.07
    ], 
    [
      8.49, 
      5.08
    ], 
    [
      8.49, 
      5.18
    ], 
    [
      8.48, 
      5.19
    ], 
    [
      5.19, 
      5.19
    ], 
    [
      5.19, 
      5.26
    ], 
    [
      5.18, 
      5.27
    ], 
    [
      5.08, 
      5.27
    ], 
    [
      5.07, 
      5.26
    ], 
    [
      5.07, 
      5.2
    ], 
    [
      0.11, 
      5.2
    ], 
    [
      0.1, 
      5.21
    ], 
    [
      0.1, 
      10.16
    ], 
    [
      5.08, 
      10.16
    ], 
    [
      5.08, 
      10.09
    ], 
    [
      5.07, 
      10.08
    ], 
    [
      5.07, 
      6.26
    ], 
    [
      5.08, 
      6.25
    ], 
    [
      5.18, 
      6.25
    ], 
    [
      5.19, 
      6.26
    ], 
    [
      5.19, 
      10.16
    ], 
    [
      10.17, 
      10.16
    ], 
    [
      10.17, 
      5.19
    ], 
    [
      9.48, 
      5.19
    ], 
    [
      9.47, 
      5.18
    ], 
    [
      9.47, 
      5.08
    ], 
    [
      9.48, 
      5.07
    ], 
    [
      9.49, 
      5.08
    ], 
    [
      9.5, 
      5.07
    ], 
    [
      10.17, 
      5.07
    ], 
    [
      10.17, 
      4.34
    ], 
    [
      10.18, 
      4.33
    ], 
    [
      10.28, 
      4.33
    ], 
    [
      10.29, 
      4.34
    ], 
    [
      10.29, 
      5.07
    ], 
    [
      11.45, 
      5.07
    ], 
    [
      11.46, 
      5.08
    ], 
    [
      11.46, 
      5.18
    ], 
    [
      11.45, 
      5.19
    ], 
    [
      10.29, 
      5.19
    ], 
    [
      10.29, 
      5.28
    ], 
    [
      10.28, 
      5.29
    ], 
    [
      10.28, 
      10.16
    ], 
    [
      15.26, 
      10.16
    ], 
    [
      15.26, 
      5.19
    ], 
    [
      13.31, 
      5.19
    ], 
    [
      13.3, 
      5.18
    ], 
    [
      13.3, 
      5.08
    ], 
    [
      13.31, 
      5.07
    ], 
    [
      13.32, 
      5.08
    ], 
    [
      13.35, 
      5.08
    ], 
    [
      13.36, 
      5.07
    ], 
    [
      15.26, 
      5.07
    ], 
    [
      15.26, 
      2.7
    ], 
    [
      12.88, 
      2.7
    ], 
    [
      12.87, 
      2.69
    ], 
    [
      12.79, 
      2.69
    ], 
    [
      12.77, 
      2.67
    ], 
    [
      12.77, 
      2.59
    ], 
    [
      12.76, 
      2.58
    ], 
    [
      12.76, 
      0.1
    ], 
    [
      10.29, 
      0.1
    ], 
    [
      10.29, 
      1.22
    ], 
    [
      10.28, 
      1.23
    ], 
    [
      10.18, 
      1.23
    ], 
    [
      10.17, 
      1.22
    ], 
    [
      10.18, 
      1.21
    ], 
    [
      10.18, 
      1.2
    ], 
    [
      10.17, 
      1.19
    ], 
    [
      10.17, 
      0.1
    ]
  ], 
  "bbox": {
    "max": [
      15.26, 
      10.16
    ], 
    "min": [
      0.1, 
      0.1
    ]
  }, 
  "id": "358a4d94b1e254e8256238672b8a6074"
}