{
  "room_category": {
    "Dining_Room": {
      "simulation_statistics": [
        {
          "not_completed_agents": 0, 
          "max_evacuation_time": 150.004547, 
          "min_evacuation_time": 6.550007, 
          "exit_flow_rate": 0.08666403959074653, 
          "completed_agents": 13, 
          "max_traveled_distance": 24.840725, 
          "avg_evacuation_time": 37.36056033333333, 
          "avg_traveled_distance": 18.20548, 
          "min_traveled_distance": 7.098868
        }
      ], 
      "bounds": [
        [
          3.08, 
          -0.02, 
          11.4, 
          9.05
        ]
      ]
    }, 
    "Kitchen": {
      "simulation_statistics": [
        {
          "not_completed_agents": 0, 
          "max_evacuation_time": 150.004547, 
          "min_evacuation_time": 9.750019, 
          "exit_flow_rate": 0.07999757500684296, 
          "completed_agents": 12, 
          "max_traveled_distance": 23.633421, 
          "avg_evacuation_time": 49.38415846666667, 
          "avg_traveled_distance": 18.942995466666666, 
          "min_traveled_distance": 12.281265
        }, 
        {
          "not_completed_agents": 0, 
          "max_evacuation_time": 4.299998, 
          "min_evacuation_time": 0.0, 
          "exit_flow_rate": 1.1627912385075527, 
          "completed_agents": 5, 
          "max_traveled_distance": 5.294732, 
          "avg_evacuation_time": 1.6199992, 
          "avg_traveled_distance": 1.9836724000000001, 
          "min_traveled_distance": 0.0
        }
      ], 
      "bounds": [
        [
          3.08, 
          -0.02, 
          11.4, 
          9.05
        ], 
        [
          -0.02, 
          -0.02, 
          3.33, 
          8.18
        ]
      ]
    }
  }, 
  "room_num": 2, 
  "verts": [
    [
      0.11, 
      0.1
    ], 
    [
      0.1, 
      0.11
    ], 
    [
      0.1, 
      8.07
    ], 
    [
      3.06, 
      8.07
    ], 
    [
      3.06, 
      7.16
    ], 
    [
      3.07, 
      7.15
    ], 
    [
      3.07, 
      7.12
    ], 
    [
      3.08, 
      7.11
    ], 
    [
      3.08, 
      7.1
    ], 
    [
      3.12, 
      7.06
    ], 
    [
      3.13, 
      7.06
    ], 
    [
      3.14, 
      7.05
    ], 
    [
      3.17, 
      7.05
    ], 
    [
      3.18, 
      7.04
    ], 
    [
      3.19, 
      7.05
    ], 
    [
      3.22, 
      7.05
    ], 
    [
      3.23, 
      7.06
    ], 
    [
      3.24, 
      7.06
    ], 
    [
      3.28, 
      7.1
    ], 
    [
      3.28, 
      7.11
    ], 
    [
      3.29, 
      7.12
    ], 
    [
      3.29, 
      7.15
    ], 
    [
      3.3, 
      7.16
    ], 
    [
      3.3, 
      7.83
    ], 
    [
      3.31, 
      7.84
    ], 
    [
      3.31, 
      8.07
    ], 
    [
      11.28, 
      8.07
    ], 
    [
      11.28, 
      7.84
    ], 
    [
      11.27, 
      7.83
    ], 
    [
      11.27, 
      7.16
    ], 
    [
      11.26, 
      7.15
    ], 
    [
      11.26, 
      6.48
    ], 
    [
      11.25, 
      6.47
    ], 
    [
      11.25, 
      5.8
    ], 
    [
      11.24, 
      5.79
    ], 
    [
      11.24, 
      5.11
    ], 
    [
      11.23, 
      5.1
    ], 
    [
      11.23, 
      4.43
    ], 
    [
      11.22, 
      4.42
    ], 
    [
      11.22, 
      3.75
    ], 
    [
      11.21, 
      3.74
    ], 
    [
      11.21, 
      3.07
    ], 
    [
      11.2, 
      3.06
    ], 
    [
      11.2, 
      2.38
    ], 
    [
      11.19, 
      2.37
    ], 
    [
      11.19, 
      1.7
    ], 
    [
      11.18, 
      1.69
    ], 
    [
      11.18, 
      1.02
    ], 
    [
      11.17, 
      1.01
    ], 
    [
      11.17, 
      0.1
    ], 
    [
      3.19, 
      0.1
    ], 
    [
      3.19, 
      0.65
    ], 
    [
      3.2, 
      0.66
    ], 
    [
      3.2, 
      1.33
    ], 
    [
      3.21, 
      1.34
    ], 
    [
      3.21, 
      2.01
    ], 
    [
      3.22, 
      2.02
    ], 
    [
      3.22, 
      2.69
    ], 
    [
      3.23, 
      2.7
    ], 
    [
      3.23, 
      3.37
    ], 
    [
      3.24, 
      3.38
    ], 
    [
      3.24, 
      4.04
    ], 
    [
      3.25, 
      4.05
    ], 
    [
      3.25, 
      4.72
    ], 
    [
      3.26, 
      4.73
    ], 
    [
      3.26, 
      5.4
    ], 
    [
      3.27, 
      5.41
    ], 
    [
      3.27, 
      6.08
    ], 
    [
      3.28, 
      6.09
    ], 
    [
      3.28, 
      6.54
    ], 
    [
      3.27, 
      6.55
    ], 
    [
      3.08, 
      6.55
    ], 
    [
      3.07, 
      6.54
    ], 
    [
      3.07, 
      0.1
    ]
  ], 
  "bbox": {
    "max": [
      11.28, 
      8.07
    ], 
    "min": [
      0.1, 
      0.1
    ]
  }, 
  "id": "35aa6b76eba9031d84eb15a45d5ec8be"
}