{
  "room_category": {
    "Balcony": {
      "simulation_statistics": [
        {
          "not_completed_agents": 0, 
          "max_evacuation_time": 12.70003, 
          "min_evacuation_time": 10.500022, 
          "exit_flow_rate": 0.23621991444114698, 
          "completed_agents": 3, 
          "max_traveled_distance": 13.539829, 
          "avg_evacuation_time": 11.583359333333334, 
          "avg_traveled_distance": 12.019424666666666, 
          "min_traveled_distance": 11.02134
        }
      ], 
      "bounds": [
        [
          5.09, 
          -0.02, 
          9.48, 
          3.22
        ]
      ]
    }, 
    "Kitchen": {
      "simulation_statistics": [
        {
          "not_completed_agents": 0, 
          "max_evacuation_time": 14.200036, 
          "min_evacuation_time": 1.849999, 
          "exit_flow_rate": 0.8450682801085856, 
          "completed_agents": 12, 
          "max_traveled_distance": 17.452229, 
          "avg_evacuation_time": 6.745842416666666, 
          "avg_traveled_distance": 7.559536333333334, 
          "min_traveled_distance": 2.363998
        }, 
        {
          "not_completed_agents": 0, 
          "max_evacuation_time": 1.1, 
          "min_evacuation_time": 0.0, 
          "exit_flow_rate": 2.727272727272727, 
          "completed_agents": 3, 
          "max_traveled_distance": 1.429997, 
          "avg_evacuation_time": 0.46666666666666673, 
          "avg_traveled_distance": 0.6020303333333333, 
          "min_traveled_distance": 0.0
        }
      ], 
      "bounds": [
        [
          -0.03, 
          3.08, 
          9.48, 
          9.63
        ], 
        [
          -0.04, 
          -0.05, 
          5.18, 
          3.22
        ]
      ]
    }
  }, 
  "room_num": 3, 
  "verts": [
    [
      0.11, 
      0.1
    ], 
    [
      0.1, 
      0.11
    ], 
    [
      0.1, 
      3.07
    ], 
    [
      0.5, 
      3.07
    ], 
    [
      0.51, 
      3.08
    ], 
    [
      0.51, 
      3.18
    ], 
    [
      0.5, 
      3.19
    ], 
    [
      0.1, 
      3.19
    ], 
    [
      0.1, 
      8.73
    ], 
    [
      9.36, 
      8.73
    ], 
    [
      9.36, 
      3.19
    ], 
    [
      9.01, 
      3.19
    ], 
    [
      9.0, 
      3.18
    ], 
    [
      9.0, 
      3.08
    ], 
    [
      9.01, 
      3.07
    ], 
    [
      9.37, 
      3.07
    ], 
    [
      9.37, 
      0.1
    ], 
    [
      5.19, 
      0.1
    ], 
    [
      5.19, 
      3.07
    ], 
    [
      7.75, 
      3.07
    ], 
    [
      7.76, 
      3.08
    ], 
    [
      7.76, 
      3.18
    ], 
    [
      7.75, 
      3.19
    ], 
    [
      1.76, 
      3.19
    ], 
    [
      1.75, 
      3.18
    ], 
    [
      1.75, 
      3.08
    ], 
    [
      1.76, 
      3.07
    ], 
    [
      5.07, 
      3.07
    ], 
    [
      5.07, 
      0.1
    ]
  ], 
  "bbox": {
    "max": [
      9.37, 
      8.73
    ], 
    "min": [
      0.1, 
      0.1
    ]
  }, 
  "id": "35d3f01e4eed3571790a0b585425f107"
}