{
  "room_category": {
    "Bedroom": {
      "simulation_statistics": [
        {
          "not_completed_agents": 0, 
          "max_evacuation_time": 7.150009, 
          "min_evacuation_time": 0.0, 
          "exit_flow_rate": 0.9790197466884307, 
          "completed_agents": 7, 
          "max_traveled_distance": 8.141927, 
          "avg_evacuation_time": 1.9214295714285714, 
          "avg_traveled_distance": 2.3002502857142857, 
          "min_traveled_distance": 0.0
        }
      ], 
      "bounds": [
        [
          -0.54, 
          -0.01, 
          5.74, 
          5.81
        ]
      ]
    }
  }, 
  "room_num": 2, 
  "verts": [
    [
      0.11, 
      0.1
    ], 
    [
      0.1, 
      0.11
    ], 
    [
      0.1, 
      5.07
    ], 
    [
      4.53, 
      5.07
    ], 
    [
      4.54, 
      5.06
    ], 
    [
      4.54, 
      5.02
    ], 
    [
      4.55, 
      5.01
    ], 
    [
      4.55, 
      4.97
    ], 
    [
      4.56, 
      4.96
    ], 
    [
      4.56, 
      4.93
    ], 
    [
      4.57, 
      4.92
    ], 
    [
      4.57, 
      4.88
    ], 
    [
      4.58, 
      4.87
    ], 
    [
      4.58, 
      4.83
    ], 
    [
      4.59, 
      4.82
    ], 
    [
      4.59, 
      4.79
    ], 
    [
      4.6, 
      4.78
    ], 
    [
      4.6, 
      4.74
    ], 
    [
      4.61, 
      4.73
    ], 
    [
      4.61, 
      4.69
    ], 
    [
      4.62, 
      4.68
    ], 
    [
      4.62, 
      4.65
    ], 
    [
      4.63, 
      4.64
    ], 
    [
      4.63, 
      4.6
    ], 
    [
      4.64, 
      4.59
    ], 
    [
      4.64, 
      4.55
    ], 
    [
      4.65, 
      4.54
    ], 
    [
      4.65, 
      4.51
    ], 
    [
      4.66, 
      4.5
    ], 
    [
      4.66, 
      4.46
    ], 
    [
      4.67, 
      4.45
    ], 
    [
      4.67, 
      4.41
    ], 
    [
      4.68, 
      4.4
    ], 
    [
      4.68, 
      4.37
    ], 
    [
      4.69, 
      4.36
    ], 
    [
      4.69, 
      4.32
    ], 
    [
      4.7, 
      4.31
    ], 
    [
      4.7, 
      4.27
    ], 
    [
      4.71, 
      4.26
    ], 
    [
      4.71, 
      4.23
    ], 
    [
      4.72, 
      4.22
    ], 
    [
      4.72, 
      4.2
    ], 
    [
      4.73, 
      4.19
    ], 
    [
      4.76, 
      4.19
    ], 
    [
      4.77, 
      4.2
    ], 
    [
      4.8, 
      4.2
    ], 
    [
      4.81, 
      4.21
    ], 
    [
      4.83, 
      4.21
    ], 
    [
      4.84, 
      4.22
    ], 
    [
      4.84, 
      4.25
    ], 
    [
      4.83, 
      4.26
    ], 
    [
      4.83, 
      4.29
    ], 
    [
      4.82, 
      4.3
    ], 
    [
      4.82, 
      4.34
    ], 
    [
      4.81, 
      4.35
    ], 
    [
      4.81, 
      4.38
    ], 
    [
      4.8, 
      4.39
    ], 
    [
      4.8, 
      4.43
    ], 
    [
      4.79, 
      4.44
    ], 
    [
      4.79, 
      4.48
    ], 
    [
      4.78, 
      4.49
    ], 
    [
      4.78, 
      4.52
    ], 
    [
      4.77, 
      4.53
    ], 
    [
      4.77, 
      4.57
    ], 
    [
      4.76, 
      4.58
    ], 
    [
      4.76, 
      4.61
    ], 
    [
      4.75, 
      4.62
    ], 
    [
      4.75, 
      4.66
    ], 
    [
      4.74, 
      4.67
    ], 
    [
      4.74, 
      4.7
    ], 
    [
      4.73, 
      4.71
    ], 
    [
      4.73, 
      4.75
    ], 
    [
      4.72, 
      4.76
    ], 
    [
      4.72, 
      4.8
    ], 
    [
      4.71, 
      4.81
    ], 
    [
      4.71, 
      4.84
    ], 
    [
      4.7, 
      4.85
    ], 
    [
      4.7, 
      4.89
    ], 
    [
      4.69, 
      4.9
    ], 
    [
      4.69, 
      4.93
    ], 
    [
      4.68, 
      4.94
    ], 
    [
      4.68, 
      4.98
    ], 
    [
      4.67, 
      4.99
    ], 
    [
      4.67, 
      5.02
    ], 
    [
      4.66, 
      5.03
    ], 
    [
      4.66, 
      5.07
    ], 
    [
      10.08, 
      5.07
    ], 
    [
      10.08, 
      4.93
    ], 
    [
      10.07, 
      4.92
    ], 
    [
      10.07, 
      4.91
    ], 
    [
      10.06, 
      4.9
    ], 
    [
      10.06, 
      4.88
    ], 
    [
      10.05, 
      4.87
    ], 
    [
      10.05, 
      4.86
    ], 
    [
      10.04, 
      4.85
    ], 
    [
      10.04, 
      4.84
    ], 
    [
      10.03, 
      4.83
    ], 
    [
      10.03, 
      4.81
    ], 
    [
      10.02, 
      4.8
    ], 
    [
      10.02, 
      4.79
    ], 
    [
      10.01, 
      4.78
    ], 
    [
      10.01, 
      4.77
    ], 
    [
      10.0, 
      4.76
    ], 
    [
      10.0, 
      4.74
    ], 
    [
      9.99, 
      4.73
    ], 
    [
      9.99, 
      4.72
    ], 
    [
      9.98, 
      4.71
    ], 
    [
      9.98, 
      4.7
    ], 
    [
      9.97, 
      4.69
    ], 
    [
      9.97, 
      4.67
    ], 
    [
      9.96, 
      4.66
    ], 
    [
      9.96, 
      4.65
    ], 
    [
      9.95, 
      4.64
    ], 
    [
      9.95, 
      4.63
    ], 
    [
      9.94, 
      4.62
    ], 
    [
      9.94, 
      4.6
    ], 
    [
      9.93, 
      4.59
    ], 
    [
      9.93, 
      4.58
    ], 
    [
      9.92, 
      4.57
    ], 
    [
      9.92, 
      4.56
    ], 
    [
      9.91, 
      4.55
    ], 
    [
      9.91, 
      4.53
    ], 
    [
      9.9, 
      4.52
    ], 
    [
      9.9, 
      4.51
    ], 
    [
      9.89, 
      4.5
    ], 
    [
      9.89, 
      4.49
    ], 
    [
      9.88, 
      4.48
    ], 
    [
      9.88, 
      4.46
    ], 
    [
      9.87, 
      4.45
    ], 
    [
      9.87, 
      4.44
    ], 
    [
      9.86, 
      4.43
    ], 
    [
      9.86, 
      4.41
    ], 
    [
      9.85, 
      4.4
    ], 
    [
      9.85, 
      4.39
    ], 
    [
      9.84, 
      4.38
    ], 
    [
      9.84, 
      4.37
    ], 
    [
      9.83, 
      4.36
    ], 
    [
      9.83, 
      4.34
    ], 
    [
      9.82, 
      4.33
    ], 
    [
      9.82, 
      4.32
    ], 
    [
      9.81, 
      4.31
    ], 
    [
      9.81, 
      4.3
    ], 
    [
      9.8, 
      4.29
    ], 
    [
      9.8, 
      4.27
    ], 
    [
      9.79, 
      4.26
    ], 
    [
      9.79, 
      4.25
    ], 
    [
      9.78, 
      4.24
    ], 
    [
      9.78, 
      4.23
    ], 
    [
      9.77, 
      4.22
    ], 
    [
      9.77, 
      4.2
    ], 
    [
      9.76, 
      4.19
    ], 
    [
      9.76, 
      4.18
    ], 
    [
      9.75, 
      4.17
    ], 
    [
      9.75, 
      4.16
    ], 
    [
      9.74, 
      4.15
    ], 
    [
      9.74, 
      4.13
    ], 
    [
      9.73, 
      4.12
    ], 
    [
      9.73, 
      4.11
    ], 
    [
      9.72, 
      4.1
    ], 
    [
      9.72, 
      4.09
    ], 
    [
      9.71, 
      4.08
    ], 
    [
      9.71, 
      4.06
    ], 
    [
      9.7, 
      4.05
    ], 
    [
      9.7, 
      4.04
    ], 
    [
      9.69, 
      4.03
    ], 
    [
      9.69, 
      4.02
    ], 
    [
      9.68, 
      4.01
    ], 
    [
      9.68, 
      3.99
    ], 
    [
      9.67, 
      3.98
    ], 
    [
      9.67, 
      3.97
    ], 
    [
      9.66, 
      3.96
    ], 
    [
      9.66, 
      3.95
    ], 
    [
      9.65, 
      3.94
    ], 
    [
      9.65, 
      3.92
    ], 
    [
      9.64, 
