{
  "room_category": {
    "Toilet": {
      "simulation_statistics": [
        {
          "not_completed_agents": 0, 
          "max_evacuation_time": 8.150013, 
          "min_evacuation_time": 5.650003, 
          "exit_flow_rate": 0.36809757235970053, 
          "completed_agents": 3, 
          "max_traveled_distance": 8.006384, 
          "avg_evacuation_time": 6.933341666666666, 
          "avg_traveled_distance": 7.307417666666667, 
          "min_traveled_distance": 6.25954
        }
      ], 
      "bounds": [
        [
          5.06, 
          -0.05, 
          8.27, 
          5.17
        ]
      ]
    }, 
    "Bathroom": {
      "simulation_statistics": [
        {
          "not_completed_agents": 0, 
          "max_evacuation_time": 10.600022, 
          "min_evacuation_time": 4.149998, 
          "exit_flow_rate": 0.283018280528097, 
          "completed_agents": 3, 
          "max_traveled_distance": 9.533914, 
          "avg_evacuation_time": 8.000012333333332, 
          "avg_traveled_distance": 7.731001666666667, 
          "min_traveled_distance": 5.165215
        }
      ], 
      "bounds": [
        [
          5.06, 
          -0.05, 
          8.27, 
          5.17
        ]
      ]
    }, 
    "Bedroom": {
      "simulation_statistics": [
        {
          "not_completed_agents": 0, 
          "max_evacuation_time": 7.800012, 
          "min_evacuation_time": 0.0, 
          "exit_flow_rate": 0.7692295858006373, 
          "completed_agents": 6, 
          "max_traveled_distance": 7.805399, 
          "avg_evacuation_time": 3.600004333333333, 
          "avg_traveled_distance": 3.8898596666666667, 
          "min_traveled_distance": 0.0
        }
      ], 
      "bounds": [
        [
          -0.03, 
          -0.02, 
          5.17, 
          5.79
        ]
      ]
    }
  }, 
  "room_num": 2, 
  "verts": [
    [
      0.11, 
      0.1
    ], 
    [
      0.1, 
      0.11
    ], 
    [
      0.1, 
      2.88
    ], 
    [
      2.58, 
      2.88
    ], 
    [
      2.59, 
      2.89
    ], 
    [
      2.67, 
      2.89
    ], 
    [
      2.69, 
      2.91
    ], 
    [
      2.69, 
      2.99
    ], 
    [
      2.7, 
      3.0
    ], 
    [
      2.7, 
      5.06
    ], 
    [
      5.07, 
      5.06
    ], 
    [
      5.07, 
      4.82
    ], 
    [
      5.08, 
      4.81
    ], 
    [
      5.18, 
      4.81
    ], 
    [
      5.19, 
      4.82
    ], 
    [
      5.19, 
      5.06
    ], 
    [
      8.16, 
      5.06
    ], 
    [
      8.16, 
      0.1
    ], 
    [
      5.18, 
      0.1
    ], 
    [
      5.18, 
      0.15
    ], 
    [
      5.19, 
      0.16
    ], 
    [
      5.19, 
      3.8
    ], 
    [
      5.18, 
      3.81
    ], 
    [
      5.08, 
      3.81
    ], 
    [
      5.07, 
      3.8
    ], 
    [
      5.07, 
      0.1
    ]
  ], 
  "bbox": {
    "max": [
      8.16, 
      5.06
    ], 
    "min": [
      0.1, 
      0.1
    ]
  }, 
  "id": "37bad88be16e8eeee9ad49285997316f"
}