{
  "room_category": {
    "Dining_Room": {
      "simulation_statistics": [
        {
          "not_completed_agents": 0, 
          "max_evacuation_time": 150.004547, 
          "min_evacuation_time": 8.850016, 
          "exit_flow_rate": 0.013332929167807159, 
          "completed_agents": 2, 
          "max_traveled_distance": 11.712307, 
          "avg_evacuation_time": 57.11819766666667, 
          "avg_traveled_distance": 10.962520666666668, 
          "min_traveled_distance": 9.666351
        }
      ], 
      "bounds": [
        [
          4.83, 
          9.9, 
          10.13, 
          12.86
        ]
      ]
    }, 
    "Kitchen": {
      "simulation_statistics": [
        {
          "not_completed_agents": 0, 
          "max_evacuation_time": 150.004547, 
          "min_evacuation_time": 15.35004, 
          "exit_flow_rate": 0.026665858335614318, 
          "completed_agents": 4, 
          "max_traveled_distance": 19.858332, 
          "avg_evacuation_time": 61.61819383333333, 
          "avg_traveled_distance": 17.584092666666667, 
          "min_traveled_distance": 12.864394
        }
      ], 
      "bounds": [
        [
          -0.02, 
          7.36, 
          5.09, 
          12.89
        ]
      ]
    }
  }, 
  "room_num": 5, 
  "verts": [
    [
      5.04, 
      0.1
    ], 
    [
      5.03, 
      0.11
    ], 
    [
      5.03, 
      2.56
    ], 
    [
      5.02, 
      2.57
    ], 
    [
      5.02, 
      4.92
    ], 
    [
      5.03, 
      4.93
    ], 
    [
      5.03, 
      5.07
    ], 
    [
      6.72, 
      5.07
    ], 
    [
      6.73, 
      5.08
    ], 
    [
      6.73, 
      5.18
    ], 
    [
      6.72, 
      5.19
    ], 
    [
      6.71, 
      5.18
    ], 
    [
      6.69, 
      5.18
    ], 
    [
      6.68, 
      5.19
    ], 
    [
      5.03, 
      5.19
    ], 
    [
      5.03, 
      6.48
    ], 
    [
      5.04, 
      6.49
    ], 
    [
      5.04, 
      9.89
    ], 
    [
      9.34, 
      9.89
    ], 
    [
      9.35, 
      9.9
    ], 
    [
      9.35, 
      9.99
    ], 
    [
      9.34, 
      10.0
    ], 
    [
      5.04, 
      10.0
    ], 
    [
      5.04, 
      10.76
    ], 
    [
      5.03, 
      10.77
    ], 
    [
      4.93, 
      10.77
    ], 
    [
      4.92, 
      10.76
    ], 
    [
      4.92, 
      7.47
    ], 
    [
      4.3, 
      7.47
    ], 
    [
      4.29, 
      7.48
    ], 
    [
      3.12, 
      7.48
    ], 
    [
      3.11, 
      7.49
    ], 
    [
      2.23, 
      7.49
    ], 
    [
      2.22, 
      7.48
    ], 
    [
      2.22, 
      7.38
    ], 
    [
      2.23, 
      7.37
    ], 
    [
      3.48, 
      7.37
    ], 
    [
      3.49, 
      7.36
    ], 
    [
      4.5, 
      7.36
    ], 
    [
      4.51, 
      7.35
    ], 
    [
      4.92, 
      7.35
    ], 
    [
      4.92, 
      6.46
    ], 
    [
      4.91, 
      6.45
    ], 
    [
      4.91, 
      5.19
    ], 
    [
      4.9, 
      5.18
    ], 
    [
      4.9, 
      5.09
    ], 
    [
      4.91, 
      5.08
    ], 
    [
      4.91, 
      3.76
    ], 
    [
      4.9, 
      3.75
    ], 
    [
      4.9, 
      2.68
    ], 
    [
      1.94, 
      2.68
    ], 
    [
      1.93, 
      2.69
    ], 
    [
      1.93, 
      7.49
    ], 
    [
      1.92, 
      7.5
    ], 
    [
      0.71, 
      7.5
    ], 
    [
      0.7, 
      7.49
    ], 
    [
      0.11, 
      7.49
    ], 
    [
      0.1, 
      7.5
    ], 
    [
      0.1, 
      12.75
    ], 
    [
      4.92, 
      12.75
    ], 
    [
      4.92, 
      11.98
    ], 
    [
      4.93, 
      11.97
    ], 
    [
      5.03, 
      11.97
    ], 
    [
      5.04, 
      11.98
    ], 
    [
      5.04, 
      12.75
    ], 
    [
      9.99, 
      12.75
    ], 
    [
      9.99, 
      5.19
    ], 
    [
      8.58, 
      5.19
    ], 
    [
      8.57, 
      5.18
    ], 
    [
      8.57, 
      5.08
    ], 
    [
      8.58, 
      5.07
    ], 
    [
      9.99, 
      5.07
    ], 
    [
      9.99, 
      0.1
    ]
  ], 
  "bbox": {
    "max": [
      9.99, 
      12.75
    ], 
    "min": [
      0.1, 
      0.1
    ]
  }, 
  "id": "38715e7ebb789fcf542fe2e3721796e9"
}