{
  "room_category": {
    "Toilet": {
      "simulation_statistics": [
        {
          "not_completed_agents": 0, 
          "max_evacuation_time": 150.004547, 
          "min_evacuation_time": 8.100013, 
          "exit_flow_rate": 0.026665858335614318, 
          "completed_agents": 4, 
          "max_traveled_distance": 16.096178, 
          "avg_evacuation_time": 70.54481928571428, 
          "avg_traveled_distance": 9.017379714285713, 
          "min_traveled_distance": 1.201772
        }, 
        {
          "not_completed_agents": 0, 
          "max_evacuation_time": 150.004547, 
          "min_evacuation_time": 12.50003, 
          "exit_flow_rate": 0.026665858335614318, 
          "completed_agents": 4, 
          "max_traveled_distance": 21.034616, 
          "avg_evacuation_time": 59.89320333333333, 
          "avg_traveled_distance": 17.804311666666667, 
          "min_traveled_distance": 15.021857
        }
      ], 
      "bounds": [
        [
          12.02, 
          -1.0, 
          18.04, 
          5.17
        ], 
        [
          16.6, 
          -0.97, 
          21.05, 
          5.31
        ]
      ]
    }, 
    "Bathroom": {
      "simulation_statistics": [
        {
          "not_completed_agents": 0, 
          "max_evacuation_time": 150.004547, 
          "min_evacuation_time": 9.500018, 
          "exit_flow_rate": 0.01999939375171074, 
          "completed_agents": 3, 
          "max_traveled_distance": 18.089224, 
          "avg_evacuation_time": 90.18832185714287, 
          "avg_traveled_distance": 11.637067428571429, 
          "min_traveled_distance": 0.956733
        }
      ], 
      "bounds": [
        [
          12.02, 
          -1.0, 
          18.04, 
          5.17
        ]
      ]
    }, 
    "Gym": {
      "simulation_statistics": [
        {
          "not_completed_agents": 0, 
          "max_evacuation_time": 150.004547, 
          "min_evacuation_time": 20.599972, 
          "exit_flow_rate": 0.053331716671228636, 
          "completed_agents": 8, 
          "max_traveled_distance": 36.146755, 
          "avg_evacuation_time": 84.5420526, 
          "avg_traveled_distance": 22.3170632, 
          "min_traveled_distance": 0.765781
        }
      ], 
      "bounds": [
        [
          15.92, 
          4.87, 
          24.32, 
          13.82
        ]
      ]
    }, 
    "Living_Room": {
      "simulation_statistics": [
        {
          "not_completed_agents": 0, 
          "max_evacuation_time": 28.849846, 
          "min_evacuation_time": 8.950016, 
          "exit_flow_rate": 0.4159467610329705, 
          "completed_agents": 12, 
          "max_traveled_distance": 21.879192, 
          "avg_evacuation_time": 15.220842083333332, 
          "avg_traveled_distance": 16.0089635, 
          "min_traveled_distance": 11.922146
        }
      ], 
      "bounds": [
        [
          -0.02, 
          5.04, 
          9.05, 
          11.69
        ]
      ]
    }, 
    "Bedroom": {
      "simulation_statistics": [
        {
          "not_completed_agents": 0, 
          "max_evacuation_time": 3.449998, 
          "min_evacuation_time": 0.1, 
          "exit_flow_rate": 2.608697164462124, 
          "completed_agents": 9, 
          "max_traveled_distance": 4.45994, 
          "avg_evacuation_time": 1.8555547777777777, 
          "avg_traveled_distance": 2.3690192222222226, 
          "min_traveled_distance": 0.128621
        }, 
        {
          "not_completed_agents": 0, 
          "max_evacuation_time": 10.900023, 
          "min_evacuation_time": 4.549999, 
          "exit_flow_rate": 0.9174292568006509, 
          "completed_agents": 10, 
          "max_traveled_distance": 12.241455, 
          "avg_evacuation_time": 7.1650092, 
          "avg_traveled_distance": 8.8301208, 
          "min_traveled_distance": 5.996869
        }
      ], 
      "bounds": [
        [
          -0.1, 
          -1.02, 
          7.28, 
          5.17
        ], 
        [
          5.99, 
          -1.01, 
          13.63, 
          5.29
        ]
      ]
    }, 
    "Dining_Room": {
      "simulation_statistics": [
        {
          "not_completed_agents": 0, 
          "max_evacuation_time": 41.749649, 
          "min_evacuation_time": 9.90002, 
          "exit_flow_rate": 0.2874275661575023, 
          "completed_agents": 12, 
          "max_traveled_distance": 24.369295, 
          "avg_evacuation_time": 21.829102583333334, 
          "avg_traveled_distance": 19.375535916666667, 
          "min_traveled_distance": 12.362123
        }
      ], 
      "bounds": [
        [
          7.74, 
          5.08, 
          16.02, 
          12.56
        ]
      ]
    }, 
    "Kitchen": {
      "simulation_statistics": [
        {
          "not_completed_agents": 0, 
          "max_evacuation_time": 43.849617, 
          "min_evacuation_time": 17.550018, 
          "exit_flow_rate": 0.27366259550225946, 
          "completed_agents": 12, 
          "max_traveled_distance": 27.754177, 
          "avg_evacuation_time": 28.033191833333333, 
          "avg_traveled_distance": 22.489522750000003, 
          "min_traveled_distance": 17.78507
        }
      ], 
      "bounds": [
        [
          7.74, 
          5.08, 
          16.02, 
          12.56
        ]
      ]
    }
  }, 
  "room_num": 7,