{
  "room_category": {
    "Toilet": {
      "simulation_statistics": [
        {
          "not_completed_agents": 0, 
          "max_evacuation_time": 11.100024, 
          "min_evacuation_time": 8.300014, 
          "exit_flow_rate": 0.27026968590338185, 
          "completed_agents": 3, 
          "max_traveled_distance": 11.731773, 
          "avg_evacuation_time": 9.733352333333334, 
          "avg_traveled_distance": 11.497771333333333, 
          "min_traveled_distance": 11.20862
        }
      ], 
      "bounds": [
        [
          -0.04, 
          4.27, 
          5.91, 
          7.06
        ]
      ]
    }, 
    "Bathroom": {
      "simulation_statistics": [
        {
          "not_completed_agents": 0, 
          "max_evacuation_time": 12.250029, 
          "min_evacuation_time": 7.25001, 
          "exit_flow_rate": 0.24489737942661197, 
          "completed_agents": 3, 
          "max_traveled_distance": 12.110389, 
          "avg_evacuation_time": 9.533351999999999, 
          "avg_traveled_distance": 11.040977666666668, 
          "min_traveled_distance": 9.451042
        }
      ], 
      "bounds": [
        [
          -0.04, 
          4.27, 
          5.91, 
          7.06
        ]
      ]
    }, 
    "Room": {
      "simulation_statistics": [
        {
          "not_completed_agents": 0, 
          "max_evacuation_time": 39.849678, 
          "min_evacuation_time": 17.400021, 
          "exit_flow_rate": 0.05018861131073631, 
          "completed_agents": 2, 
          "max_traveled_distance": 23.974361, 
          "avg_evacuation_time": 28.624849499999996, 
          "avg_traveled_distance": 18.2423505, 
          "min_traveled_distance": 12.51034
        }, 
        {
          "not_completed_agents": 0, 
          "max_evacuation_time": 8.500014, 
          "min_evacuation_time": 5.050001, 
          "exit_flow_rate": 0.3529405951566668, 
          "completed_agents": 3, 
          "max_traveled_distance": 8.876661, 
          "avg_evacuation_time": 6.666673666666667, 
          "avg_traveled_distance": 7.609324666666667, 
          "min_traveled_distance": 6.209497
        }
      ], 
      "bounds": [
        [
          8.05, 
          5.35, 
          13.47, 
          6.97
        ], 
        [
          5.28, 
          2.07, 
          8.66, 
          6.99
        ]
      ]
    }, 
    "Office": {
      "simulation_statistics": [
        {
          "not_completed_agents": 0, 
          "max_evacuation_time": 150.004547, 
          "min_evacuation_time": 23.399929, 
          "exit_flow_rate": 0.026665858335614318, 
          "completed_agents": 4, 
          "max_traveled_distance": 22.966743, 
          "avg_evacuation_time": 50.800821, 
          "avg_traveled_distance": 21.2896908, 
          "min_traveled_distance": 18.287582
        }, 
        {
          "not_completed_agents": 0, 
          "max_evacuation_time": 150.004547, 
          "min_evacuation_time": 18.899998, 
          "exit_flow_rate": 0.0066664645839035796, 
          "completed_agents": 1, 
          "max_traveled_distance": 14.552874, 
          "avg_evacuation_time": 84.4522725, 
          "avg_traveled_distance": 9.725499, 
          "min_traveled_distance": 4.898124
        }
      ], 
      "bounds": [
        [
          12.08, 
          2.58, 
          20.43, 
          5.84
        ], 
        [
          4.83, 
          6.87, 
          8.8, 
          9.99
        ]
      ]
    }, 
    "Bedroom": {
      "simulation_statistics": [
        {
          "not_completed_agents": 0, 
          "max_evacuation_time": 1.699999, 
          "min_evacuation_time": 0.0, 
          "exit_flow_rate": 3.529413840831671, 
          "completed_agents": 6, 
          "max_traveled_distance": 2.311019, 
          "avg_evacuation_time": 0.8583331666666667, 
          "avg_traveled_distance": 1.0878878333333333, 
          "min_traveled_distance": 0.0
        }
      ], 
      "bounds": [
        [
          0.76, 
          -0.05, 
          7.7, 
          4.37
        ]
      ]
    }, 
    "Kitchen": {
      "simulation_statistics": [
        {
          "not_completed_agents": 0, 
          "max_evacuation_time": 28.499851, 
          "min_evacuation_time": 16.050041, 
          "exit_flow_rate": 0.17543951370131725, 
          "completed_agents": 5, 
          "max_traveled_distance": 27.668213, 
          "avg_evacuation_time": 22.079949, 
          "avg_traveled_distance": 21.5181842, 
          "min_traveled_distance": 17.75359
        }
      ], 
      "bounds": [
        [
          12.08, 
          2.58, 
          20.43, 
          5.84
        ]
      ]
    }, 
    "Balcony": {
      "simulation_statistics": [
        {
          "not_completed_agents": 0, 
          "max_evacuation_time": 150.004547, 
          "min_evacuation_time": 32.149796, 
          "exit_flow_rate": 0.01999939375171074, 
          "completed_agents": 3, 
          "max_traveled_distance": 26.889015, 
          "avg_evacuation_time": 92.04382333333332, 
          "avg_traveled_distance": 19.019205, 
          "min_traveled_distance": 4.021765
        }
      ], 
      "bounds": [
        [
          9.82, 
          9.88, 
          21.19, 
          12.43
        ]
      ]
    }
  }, 
  "room_num": 11,