{
  "room_category": {
    "Hallway": {
      "simulation_statistics": [
        {
          "not_completed_agents": 0, 
          "max_evacuation_time": 15.950043, 
          "min_evacuation_time": 10.850023, 
          "exit_flow_rate": 0.43887029019294804, 
          "completed_agents": 7, 
          "max_traveled_distance": 17.767656, 
          "avg_evacuation_time": 13.200032285714286, 
          "avg_traveled_distance": 15.818793285714287, 
          "min_traveled_distance": 14.142689
        }, 
        {
          "not_completed_agents": 0, 
          "max_evacuation_time": 8.950016, 
          "min_evacuation_time": 4.349998, 
          "exit_flow_rate": 0.7821215068218873, 
          "completed_agents": 7, 
          "max_traveled_distance": 11.867845, 
          "avg_evacuation_time": 6.514292428571429, 
          "avg_traveled_distance": 8.087711714285714, 
          "min_traveled_distance": 5.567309
        }
      ], 
      "bounds": [
        [
          0.04, 
          10.92, 
          12.71, 
          13.78
        ], 
        [
          4.54, 
          -0.03, 
          7.52, 
          11.1
        ]
      ]
    }, 
    "Bathroom": {
      "simulation_statistics": [
        {
          "not_completed_agents": 0, 
          "max_evacuation_time": 19.099995, 
          "min_evacuation_time": 11.250025, 
          "exit_flow_rate": 0.31413620788905966, 
          "completed_agents": 6, 
          "max_traveled_distance": 16.926529, 
          "avg_evacuation_time": 14.383355833333333, 
          "avg_traveled_distance": 15.302427833333333, 
          "min_traveled_distance": 13.46082
        }
      ], 
      "bounds": [
        [
          7.39, 
          5.04, 
          12.69, 
          11.05
        ]
      ]
    }, 
    "Bedroom": {
      "simulation_statistics": [
        {
          "not_completed_agents": 0, 
          "max_evacuation_time": 36.799725, 
          "min_evacuation_time": 15.25004, 
          "exit_flow_rate": 0.21739292888737619, 
          "completed_agents": 8, 
          "max_traveled_distance": 34.161701, 
          "avg_evacuation_time": 24.95615375, 
          "avg_traveled_distance": 24.784237, 
          "min_traveled_distance": 18.286226
        }, 
        {
          "not_completed_agents": 0, 
          "max_evacuation_time": 27.449867, 
          "min_evacuation_time": 17.650017, 
          "exit_flow_rate": 0.29144039204270095, 
          "completed_agents": 8, 
          "max_traveled_distance": 25.500746, 
          "avg_evacuation_time": 21.112464, 
          "avg_traveled_distance": 22.617545625, 
          "min_traveled_distance": 20.88991
        }
      ], 
      "bounds": [
        [
          7.53, 
          13.07, 
          12.71, 
          20.74
        ], 
        [
          0.37, 
          13.08, 
          5.57, 
          20.76
        ]
      ]
    }, 
    "Dining_Room": {
      "simulation_statistics": [
        {
          "not_completed_agents": 0, 
          "max_evacuation_time": 11.500026, 
          "min_evacuation_time": 6.950008, 
          "exit_flow_rate": 0.43478162571110707, 
          "completed_agents": 5, 
          "max_traveled_distance": 13.063411, 
          "avg_evacuation_time": 9.1400166, 
          "avg_traveled_distance": 11.0214072, 
          "min_traveled_distance": 8.462047
        }
      ], 
      "bounds": [
        [
          7.39, 
          0.01, 
          12.61, 
          5.2
        ]
      ]
    }, 
    "Hall": {
      "simulation_statistics": [
        {
          "not_completed_agents": 0, 
          "max_evacuation_time": 1.45, 
          "min_evacuation_time": 0.0, 
          "exit_flow_rate": 3.4482758620689657, 
          "completed_agents": 5, 
          "max_traveled_distance": 1.54674, 
          "avg_evacuation_time": 0.5, 
          "avg_traveled_distance": 0.5577822, 
          "min_traveled_distance": 0.0
        }
      ], 
      "bounds": [
        [
          0.0, 
          -0.04, 
          5.2, 
          5.18
        ]
      ]
    }, 
    "Kitchen": {
      "simulation_statistics": [
        {
          "not_completed_agents": 0, 
          "max_evacuation_time": 150.004547, 
          "min_evacuation_time": 7.750011, 
          "exit_flow_rate": 0.03999878750342148, 
          "completed_agents": 6, 
          "max_traveled_distance": 15.412373, 
          "avg_evacuation_time": 31.04352557142857, 
          "avg_traveled_distance": 11.323598, 
          "min_traveled_distance": 5.542658
        }
      ], 
      "bounds": [
        [
          -0.61, 
          5.07, 
          5.18, 
          11.05
        ]
      ]
    }
  }, 
  "room_num": 8,