{
  "room_category": {
    "Toilet": {
      "simulation_statistics": [
        {
          "not_completed_agents": 0, 
          "max_evacuation_time": 22.149948, 
          "min_evacuation_time": 5.850004, 
          "exit_flow_rate": 0.13544049855105755, 
          "completed_agents": 3, 
          "max_traveled_distance": 13.425306, 
          "avg_evacuation_time": 11.499986333333332, 
          "avg_traveled_distance": 9.692667666666667, 
          "min_traveled_distance": 7.691982
        }
      ], 
      "bounds": [
        [
          33.89, 
          7.5, 
          38.51, 
          11.0
        ]
      ]
    }, 
    "Bathroom": {
      "simulation_statistics": [
        {
          "not_completed_agents": 0, 
          "max_evacuation_time": 150.004547, 
          "min_evacuation_time": 29.349838, 
          "exit_flow_rate": 0.0333323229195179, 
          "completed_agents": 5, 
          "max_traveled_distance": 61.58252, 
          "avg_evacuation_time": 69.50907, 
          "avg_traveled_distance": 46.479604, 
          "min_traveled_distance": 35.057693
        }, 
        {
          "not_completed_agents": 0, 
          "max_evacuation_time": 98.651421, 
          "min_evacuation_time": 25.849892, 
          "exit_flow_rate": 0.49669836990994787, 
          "completed_agents": 49, 
          "max_traveled_distance": 79.346214, 
          "avg_evacuation_time": 66.98058159183674, 
          "avg_traveled_distance": 61.57344295918367, 
          "min_traveled_distance": 31.823874
        }
      ], 
      "bounds": [
        [
          17.87, 
          9.52, 
          23.06, 
          15.58
        ], 
        [
          14.74, 
          14.62, 
          35.38, 
          26.55
        ]
      ]
    }, 
    "Office": {
      "simulation_statistics": [
        {
          "not_completed_agents": 0, 
          "max_evacuation_time": 20.249977, 
          "min_evacuation_time": 13.050032, 
          "exit_flow_rate": 0.39506217710765795, 
          "completed_agents": 8, 
          "max_traveled_distance": 21.443956, 
          "avg_evacuation_time": 16.681266875, 
          "avg_traveled_distance": 19.252953875, 
          "min_traveled_distance": 16.423786
        }
      ], 
      "bounds": [
        [
          22.97, 
          7.47, 
          28.54, 
          14.74
        ]
      ]
    }, 
    "Garage": {
      "simulation_statistics": [
        {
          "not_completed_agents": 0, 
          "max_evacuation_time": 3.849998, 
          "min_evacuation_time": 1.649999, 
          "exit_flow_rate": 3.116884736044019, 
          "completed_agents": 12, 
          "max_traveled_distance": 4.647901, 
          "avg_evacuation_time": 2.604165333333333, 
          "avg_traveled_distance": 3.2516432500000003, 
          "min_traveled_distance": 2.170281
        }
      ], 
      "bounds": [
        [
          34.42, 
          -0.07, 
          42.08, 
          7.59
        ]
      ]
    }, 
    "Bedroom": {
      "simulation_statistics": [
        {
          "not_completed_agents": 0, 
          "max_evacuation_time": 17.850014, 
          "min_evacuation_time": 7.200009, 
          "exit_flow_rate": 0.5602236502447561, 
          "completed_agents": 10, 
          "max_traveled_distance": 17.986334, 
          "avg_evacuation_time": 11.145020800000001, 
          "avg_traveled_distance": 12.4955171, 
          "min_traveled_distance": 8.713028
        }
      ], 
      "bounds": [
        [
          27.92, 
          7.47, 
          34.51, 
          14.74
        ]
      ]
    }, 
    "Wardrobe": {
      "simulation_statistics": [
        {
          "not_completed_agents": 0, 
          "max_evacuation_time": 86.000648, 
          "min_evacuation_time": 23.849922, 
          "exit_flow_rate": 0.04651127744990945, 
          "completed_agents": 4, 
          "max_traveled_distance": 65.799866, 
          "avg_evacuation_time": 40.3125895, 
          "avg_traveled_distance": 38.762446, 
          "min_traveled_distance": 28.158558
        }
      ], 
      "bounds": [
        [
          14.77, 
          9.5, 
          18.5, 
          14.71
        ]
      ]
    }, 
    "Hall": {
      "simulation_statistics": [
        {
          "not_completed_agents": 0, 
          "max_evacuation_time": 32.649788, 
          "min_evacuation_time": 22.999935, 
          "exit_flow_rate": 0.1531403511716523, 
          "completed_agents": 5, 
          "max_traveled_distance": 32.669724, 
          "avg_evacuation_time": 27.949859600000003, 
          "avg_traveled_distance": 30.686321600000003, 
          "min_traveled_distance": 27.249271
        }
      ], 
      "bounds": [
        [
          14.24, 
          2.78, 
          18.01, 
          9.61
        ]
      ]
    }, 
    "Kitchen": {
      "simulation_statistics": [
        {
          "not_completed_agents": 0, 
          "max_evacuation_time": 95.601234, 
          "min_evacuation_time": 30.099827, 
          "exit_flow_rate": 0.3033433647938059, 
          "completed_agents": 29, 
          "max_traveled_distance": 80.014206, 
          "avg_evacuation_time": 57.18247575862069, 
          "avg_traveled_distance": 51.54251362068966, 
          "min_traveled_distance": 34.543625
        }
      ], 
      "bounds": [
        [
          -0.02, 
          3.61, 
          14.86, 
          13.37
        ]
      ]
    }
  }, 
  "room_num": 10,