{
  "room_category": {
    "Toilet": {
      "simulation_statistics": [
        {
          "not_completed_agents": 0, 
          "max_evacuation_time": 27.29987, 
          "min_evacuation_time": 14.400037, 
          "exit_flow_rate": 0.21978126635767864, 
          "completed_agents": 6, 
          "max_traveled_distance": 26.321228, 
          "avg_evacuation_time": 19.124987166666667, 
          "avg_traveled_distance": 21.947262833333337, 
          "min_traveled_distance": 19.065754
        }, 
        {
          "not_completed_agents": 0, 
          "max_evacuation_time": 23.449928, 
          "min_evacuation_time": 9.850019, 
          "exit_flow_rate": 0.25586432504185086, 
          "completed_agents": 6, 
          "max_traveled_distance": 18.812054, 
          "avg_evacuation_time": 16.0416695, 
          "avg_traveled_distance": 16.519283166666668, 
          "min_traveled_distance": 12.94313
        }
      ], 
      "bounds": [
        [
          14.68, 
          9.43, 
          20.5, 
          14.66
        ], 
        [
          4.48, 
          9.43, 
          10.27, 
          14.66
        ]
      ]
    }, 
    "Bathroom": {
      "simulation_statistics": [
        {
          "not_completed_agents": 0, 
          "max_evacuation_time": 25.749893, 
          "min_evacuation_time": 16.700031, 
          "exit_flow_rate": 0.2330106769764053, 
          "completed_agents": 6, 
          "max_traveled_distance": 23.791536, 
          "avg_evacuation_time": 20.39997466666667, 
          "avg_traveled_distance": 22.628002833333337, 
          "min_traveled_distance": 21.22364
        }, 
        {
          "not_completed_agents": 0, 
          "max_evacuation_time": 21.799953, 
          "min_evacuation_time": 11.050024, 
          "exit_flow_rate": 0.27522995118383975, 
          "completed_agents": 6, 
          "max_traveled_distance": 19.926971, 
          "avg_evacuation_time": 15.608350666666666, 
          "avg_traveled_distance": 16.889968333333332, 
          "min_traveled_distance": 14.071776
        }
      ], 
      "bounds": [
        [
          14.68, 
          9.43, 
          20.5, 
          14.66
        ], 
        [
          4.48, 
          9.43, 
          10.27, 
          14.66
        ]
      ]
    }, 
    "Guest_Room": {
      "simulation_statistics": [
        {
          "not_completed_agents": 0, 
          "max_evacuation_time": 5.750004, 
          "min_evacuation_time": 3.399998, 
          "exit_flow_rate": 1.0434775349721497, 
          "completed_agents": 6, 
          "max_traveled_distance": 7.17289, 
          "avg_evacuation_time": 4.508333, 
          "avg_traveled_distance": 5.870807166666666, 
          "min_traveled_distance": 4.776588
        }
      ], 
      "bounds": [
        [
          5.0, 
          -0.05, 
          10.27, 
          5.2
        ]
      ]
    }, 
    "Garage": {
      "simulation_statistics": [
        {
          "not_completed_agents": 0, 
          "max_evacuation_time": 31.899799, 
          "min_evacuation_time": 19.949982, 
          "exit_flow_rate": 0.40752607876933644, 
          "completed_agents": 13, 
          "max_traveled_distance": 33.354458, 
          "avg_evacuation_time": 25.776815769230772, 
          "avg_traveled_distance": 30.061020923076924, 
          "min_traveled_distance": 26.882317
        }
      ], 
      "bounds": [
        [
          24.53, 
          -0.05, 
          28.78, 
          14.67
        ]
      ]
    }, 
    "Bedroom": {
      "simulation_statistics": [
        {
          "not_completed_agents": 0, 
          "max_evacuation_time": 21.299961, 
          "min_evacuation_time": 10.700023, 
          "exit_flow_rate": 0.23474221384724603, 
          "completed_agents": 5, 
          "max_traveled_distance": 18.355734, 
          "avg_evacuation_time": 13.840014199999999, 
          "avg_traveled_distance": 15.87755, 
          "min_traveled_distance": 14.013335
        }, 
        {
          "not_completed_agents": 0, 
          "max_evacuation_time": 10.450022, 
          "min_evacuation_time": 7.200009, 
          "exit_flow_rate": 0.47846789222070535, 
          "completed_agents": 5, 
          "max_traveled_distance": 12.257481, 
          "avg_evacuation_time": 8.7800152, 
          "avg_traveled_distance": 10.736328, 
          "min_traveled_distance": 8.245975
        }
      ], 
      "bounds": [
        [
          10.18, 
          9.42, 
          15.37, 
          14.66
        ], 
        [
          -0.05, 
          9.42, 
          5.17, 
          14.66
        ]
      ]
    }, 
    "Dining_Room": {
      "simulation_statistics": [
        {
          "not_completed_agents": 0, 
          "max_evacuation_time": 9.700019, 
          "min_evacuation_time": 6.200006, 
          "exit_flow_rate": 0.6185554894273919, 
          "completed_agents": 6, 
          "max_traveled_distance": 12.204585, 
          "avg_evacuation_time": 7.9000121666666665, 
          "avg_traveled_distance": 9.995061333333334, 
          "min_traveled_distance": 8.38269
        }
      ], 
      "bounds": [
        [
          10.1, 
          -0.05, 
          15.37, 
          5.2
        ]
      ]
    }, 
    "Hall": {
      "simulation_statistics": [
        {
          "not_completed_agents": 0, 
          "max_evacuation_time": 1.2, 
          "min_evacuation_time": 0.0, 
          "exit_flow_rate": 4.166666666666667, 
          "completed_agents": 5, 
          "max_traveled_distance": 1.49866, 
          "avg_evacuation_time": 0.72, 
          "avg_traveled_distance": 0.8625152, 
          "min_traveled_distance": 0.0
        }
      ], 
      "bounds": [
        [
          -0.05, 
          -0.05, 
          5.17, 
          5.2
        ]
      ]
    }, 
    "Kitchen": {
      "simulation_statistics": [
        {
          "not_completed_agents": 0, 
          "max_evacuation_time": 13.800035, 
          "min_evacuation_time": 11.000024, 
          "exit_flow_rate": 0.4347815059889341, 
          "completed_agents": 6, 
          "max_traveled_distance": 17.280718, 
          "avg_evacuation_time": 12.433362833333334, 
          "avg_traveled_distance": 16.106152666666667, 
          "min_traveled_distance": 14.55315
        }
      ], 
      "bounds": [
        [
          15.2, 
          -0.05, 
          20.5, 
          5.2
        ]
      ]
    }
  }, 
  "room_num": 11,