{
  "room_category": {
    "Toilet": {
      "simulation_statistics": [
        {
          "not_completed_agents": 0, 
          "max_evacuation_time": 30.699818, 
          "min_evacuation_time": 7.30001, 
          "exit_flow_rate": 0.09772044902676622, 
          "completed_agents": 3, 
          "max_traveled_distance": 21.587418, 
          "avg_evacuation_time": 15.349947, 
          "avg_traveled_distance": 14.160704666666666, 
          "min_traveled_distance": 10.380494
        }, 
        {
          "not_completed_agents": 0, 
          "max_evacuation_time": 150.004547, 
          "min_evacuation_time": 150.004547, 
          "exit_flow_rate": 0.0, 
          "completed_agents": 0, 
          "max_traveled_distance": 14.845509, 
          "avg_evacuation_time": 150.004547, 
          "avg_traveled_distance": 7.044079333333333, 
          "min_traveled_distance": 0.916602
        }, 
        {
          "not_completed_agents": 0, 
          "max_evacuation_time": 57.299412, 
          "min_evacuation_time": 24.049919, 
          "exit_flow_rate": 0.06980874428519442, 
          "completed_agents": 4, 
          "max_traveled_distance": 36.448746, 
          "avg_evacuation_time": 37.41221525, 
          "avg_traveled_distance": 28.63163725, 
          "min_traveled_distance": 23.472164
        }, 
        {
          "not_completed_agents": 0, 
          "max_evacuation_time": 28.049858, 
          "min_evacuation_time": 17.900013, 
          "exit_flow_rate": 0.10695241309242991, 
          "completed_agents": 3, 
          "max_traveled_distance": 30.739361, 
          "avg_evacuation_time": 22.399944333333334, 
          "avg_traveled_distance": 26.339102333333333, 
          "min_traveled_distance": 22.506029
        }
      ], 
      "bounds": [
        [
          16.03, 
          4.1, 
          20.07, 
          8.39
        ], 
        [
          16.09, 
          13.37, 
          20.15, 
          17.44
        ], 
        [
          6.9, 
          5.16, 
          12.08, 
          8.95
        ], 
        [
          5.85, 
          11.07, 
          9.81, 
          14.97
        ]
      ]
    }, 
    "Bathroom": {
      "simulation_statistics": [
        {
          "not_completed_agents": 0, 
          "max_evacuation_time": 16.10004, 
          "min_evacuation_time": 8.800015, 
          "exit_flow_rate": 0.1863349407827558, 
          "completed_agents": 3, 
          "max_traveled_distance": 13.373686, 
          "avg_evacuation_time": 11.600025, 
          "avg_traveled_distance": 11.671166, 
          "min_traveled_distance": 10.239515
        }, 
        {
          "not_completed_agents": 0, 
          "max_evacuation_time": 150.004547, 
          "min_evacuation_time": 150.004547, 
          "exit_flow_rate": 0.0, 
          "completed_agents": 0, 
          "max_traveled_distance": 14.254263, 
          "avg_evacuation_time": 150.004547, 
          "avg_traveled_distance": 9.180883, 
          "min_traveled_distance": 3.742681
        }, 
        {
          "not_completed_agents": 0, 
          "max_evacuation_time": 41.299656, 
          "min_evacuation_time": 13.750034, 
          "exit_flow_rate": 0.0968531069605035, 
          "completed_agents": 4, 
          "max_traveled_distance": 33.141411, 
          "avg_evacuation_time": 25.39988475, 
          "avg_traveled_distance": 25.84230825, 
          "min_traveled_distance": 17.954905
        }, 
        {
          "not_completed_agents": 0, 
          "max_evacuation_time": 39.949677, 
          "min_evacuation_time": 17.500019, 
          "exit_flow_rate": 0.07509447448098266, 
          "completed_agents": 3, 
          "max_traveled_distance": 33.135094, 
          "avg_evacuation_time": 27.383201666666668, 
          "avg_traveled_distance": 27.456925666666667, 
          "min_traveled_distance": 22.405567
        }
      ], 
      "bounds": [
        [
          16.03, 
          4.1, 
          20.07, 
          8.39
        ], 
        [
          16.09, 
          13.37, 
          20.15, 
          17.44
        ], 
        [
          6.9, 
          5.16, 
          12.08, 
          8.95
        ], 
        [
          5.85, 
          11.07, 
          9.81, 
          14.97
        ]
      ]
    }, 
    "Room": {
      "simulation_statistics": [
        {
          "not_completed_agents": 0, 
          "max_evacuation_time": 25.94989, 
          "min_evacuation_time": 10.750023, 
          "exit_flow_rate": 0.308286470578488, 
          "completed_agents": 8, 
          "max_traveled_distance": 23.977943, 
          "avg_evacuation_time": 16.587497875, 
          "avg_traveled_distance": 18.537222625, 
          "min_traveled_distance": 11.877855
        }
      ], 
      "bounds": [
        [
          6.9, 
          8.21, 
          20.63, 
          11.21
        ]
      ]
    }, 
    "Gym": {
      "simulation_statistics": [
        {
          "not_completed_agents": 0, 
          "max_evacuation_time": 150.004547, 
          "min_evacuation_time": 31.799801, 
          "exit_flow_rate": 0.053331716671228636, 
          "completed_agents": 8, 
          "max_traveled_distance": 38.912479, 
          "avg_evacuation_time": 71.99188309090908, 
          "avg_traveled_distance": 29.697829636363636, 
          "min_traveled_distance": 12.882637
        }
      ], 
      "bounds": [
        [
          -0.02, 
          0.01, 
          7.73, 
          7.25
        ]
      ]
    }, 
    "Living_Room": {
      "simulation_statistics": [
        {
          "not_completed_agents": 0, 
          "max_evacuation_time": 27.999859, 
          "min_evacuation_time": 0.0, 
          "exit_flow_rate": 0.5714314489940824, 
          "completed_agents": 16, 
          "max_traveled_distance": 23.745239, 
          "avg_evacuation_time": 4.2281164375, 
          "avg_traveled_distance": 4.680156125, 
          "min_traveled_distance": 0.0
        }
      ], 
      "bounds": [
        [
          6.82, 
          -0.05, 
          16.15, 
          8.36
        ]
      ]
    }, 
    "Garage": {
      "simulation_statistics": [
        {
          "not_completed_agents": 0, 
          "max_evacuation_time": 150.004547, 
          "min_evacuation_time": 150.004547, 
          "exit_flow_rate": 0.0, 
          "completed_agents": 0, 
          "max_traveled_distance": 23.007534, 
          "avg_evacuation_time": 150.004547, 
          "avg_traveled_distance": 15.302746266666666, 
          "min_traveled_distance": 0.83381
        }
      ], 
      "bounds": [
        [
          15.97, 
          -0.02, 
          30.52, 
          5.04
        ]
      ]
    }, 
    "Bedroom": {
      "simulation_statistics": [
        {
          "not_completed_agents": 0, 
          "max_evacuation_time": 54.749451, 
          "min_evacuation_time": 20.499973, 
          "exit_flow_rate": 0.16438520999964, 
          "completed_agents": 9, 
          "max_traveled_distance": 39.146278, 
          "avg_evacuation_time": 34.633091, 
          "avg_traveled_distance": 29.84747544444444, 
          "min_traveled_distance": 24.517914
        }, 
        {
          "not_completed_agents": 0, 
          "max_evacuation_time": 50.249519, 
          "min_evacuation_time": 12.950031, 
          "exit_flow_rate": 0.17910619204136063, 
          "completed_agents": 9, 
          "max_traveled_distance": 28.339041, 
          "avg_evacuation_time": 29.199834111111116, 
          "avg_traveled_distance": 23.446965777777777, 
          "min_traveled_distance": 17.749184
        }
      ],