{
  "room_category": {
    "Toilet": {
      "simulation_statistics": [
        {
          "not_completed_agents": 0, 
          "max_evacuation_time": 5.700004, 
          "min_evacuation_time": 5.150002, 
          "exit_flow_rate": 0.5263154201295297, 
          "completed_agents": 3, 
          "max_traveled_distance": 7.217445, 
          "avg_evacuation_time": 5.366669333333333, 
          "avg_traveled_distance": 6.852149, 
          "min_traveled_distance": 6.6426
        }
      ], 
      "bounds": [
        [
          2.99, 
          6.39, 
          7.24, 
          9.41
        ]
      ]
    }, 
    "Bathroom": {
      "simulation_statistics": [
        {
          "not_completed_agents": 0, 
          "max_evacuation_time": 6.600007, 
          "min_evacuation_time": 4.85, 
          "exit_flow_rate": 0.45454497245230197, 
          "completed_agents": 3, 
          "max_traveled_distance": 8.350105, 
          "avg_evacuation_time": 5.700003333333332, 
          "avg_traveled_distance": 7.373889666666667, 
          "min_traveled_distance": 6.322802
        }
      ], 
      "bounds": [
        [
          2.99, 
          6.39, 
          7.24, 
          9.41
        ]
      ]
    }, 
    "Bedroom": {
      "simulation_statistics": [
        {
          "not_completed_agents": 0, 
          "max_evacuation_time": 21.149963, 
          "min_evacuation_time": 2.249999, 
          "exit_flow_rate": 1.749412043888682, 
          "completed_agents": 37, 
          "max_traveled_distance": 26.489769, 
          "avg_evacuation_time": 10.482448621621621, 
          "avg_traveled_distance": 12.736334567567567, 
          "min_traveled_distance": 2.434584
        }
      ], 
      "bounds": [
        [
          -0.86, 
          -0.02, 
          7.49, 
          22.26
        ]
      ]
    }
  }, 
  "room_num": 2, 
  "verts": [
    [
      7.14, 
      0.1
    ], 
    [
      7.13, 
      0.11
    ], 
    [
      6.97, 
      0.11
    ], 
    [
      6.96, 
      0.12
    ], 
    [
      6.8, 
      0.12
    ], 
    [
      6.79, 
      0.13
    ], 
    [
      6.63, 
      0.13
    ], 
    [
      6.62, 
      0.14
    ], 
    [
      6.47, 
      0.14
    ], 
    [
      6.46, 
      0.15
    ], 
    [
      6.3, 
      0.15
    ], 
    [
      6.29, 
      0.16
    ], 
    [
      6.13, 
      0.16
    ], 
    [
      6.12, 
      0.17
    ], 
    [
      5.97, 
      0.17
    ], 
    [
      5.96, 
      0.18
    ], 
    [
      5.8, 
      0.18
    ], 
    [
      5.79, 
      0.19
    ], 
    [
      5.64, 
      0.19
    ], 
    [
      5.63, 
      0.2
    ], 
    [
      5.47, 
      0.2
    ], 
    [
      5.46, 
      0.21
    ], 
    [
      5.3, 
      0.21
    ], 
    [
      5.29, 
      0.22
    ], 
    [
      5.14, 
      0.22
    ], 
    [
      5.13, 
      0.23
    ], 
    [
      4.97, 
      0.23
    ], 
    [
      4.96, 
      0.24
    ], 
    [
      4.81, 
      0.24
    ], 
    [
      4.8, 
      0.25
    ], 
    [
      4.64, 
      0.25
    ], 
    [
      4.63, 
      0.26
    ], 
    [
      4.47, 
      0.26
    ], 
    [
      4.46, 
      0.27
    ], 
    [
      4.31, 
      0.27
    ], 
    [
      4.3, 
      0.28
    ], 
    [
      4.14, 
      0.28
    ], 
    [
      4.13, 
      0.29
    ], 
    [
      3.97, 
      0.29
    ], 
    [
      3.96, 
      0.3
    ], 
    [
      3.81, 
      0.3
    ], 
    [
      3.8, 
      0.31
    ], 
    [
      3.64, 
      0.31
    ], 
    [
      3.63, 
      0.32
    ], 
    [
      3.48, 
      0.32
    ], 
    [
      3.47, 
      0.33
    ], 
    [
      3.31, 
      0.33
    ], 
    [
      3.3, 
      0.34
    ], 
    [
      3.14, 
      0.34
    ], 
    [
      3.13, 
      0.35
    ], 
    [
      2.98, 
      0.35
    ], 
    [
      2.97, 
      0.36
    ], 
    [
      2.81, 
      0.36
    ], 
    [
      2.8, 
      0.37
    ], 
    [
      2.64, 
      0.37
    ], 
    [
      2.63, 
      0.38
    ], 
    [
      2.48, 
      0.38
    ], 
    [
      2.47, 
      0.39
    ], 
    [
      2.31, 
      0.39
    ], 
    [
      2.3, 
      0.4
    ], 
    [
      2.15, 
      0.4
    ], 
    [
      2.14, 
      0.41
    ], 
    [
      1.98, 
      0.41
    ], 
    [
      1.97, 
      0.42
    ], 
    [
      1.81, 
      0.42
    ], 
    [
      1.8, 
      0.43
    ], 
    [
      1.65, 
      0.43
    ], 
    [
      1.64, 
      0.44
    ], 
    [
      1.48, 
      0.44
    ], 
    [
      1.47, 
      0.45
    ], 
    [
      1.32, 
      0.45
    ], 
    [
      1.31, 
      0.46
    ], 
    [
      1.15, 
      0.46
    ], 
    [
      1.14, 
      0.47
    ], 
    [
      0.98, 
      0.47
    ], 
    [
      0.97, 
      0.48
    ], 
    [
      0.82, 
      0.48
    ], 
    [
      0.81, 
      0.49
    ], 
    [
      0.65, 
      0.49
    ], 
    [
      0.64, 
      0.5
    ], 
    [
      0.48, 
      0.5
    ], 
    [
      0.47, 
      0.51
    ], 
    [
      0.34, 
      0.51
    ], 
    [
      0.34, 
      0.69
    ], 
    [
      0.33, 
      0.7
    ], 
    [
      0.33, 
      1.44
    ], 
    [
      0.32, 
      1.45
    ], 
    [
      0.32, 
      2.32
    ], 
    [
      0.31, 
      2.33
    ], 
    [
      0.31, 
      3.16
    ], 
    [
      0.3, 
      3.17
    ], 
    [
      0.3, 
      4.0
    ], 
    [
      0.29, 
      4.01
    ], 
    [
      0.29, 
      4.84
    ], 
    [
      0.28, 
      4.85
    ], 
    [
      0.28, 
      5.69
    ], 
    [
      0.27, 
      5.7
    ], 
    [
      0.27, 
      6.53
    ], 
    [
      0.26, 
      6.54
    ], 
    [
      0.26, 
      7.37
    ], 
    [
      0.25, 
      7.38
    ], 
    [
      0.25, 
      8.22
    ], 
    [
      0.24, 
      8.23
    ], 
    [
      0.24, 
      9.06
    ], 
    [
      0.23, 
      9.07
    ], 
    [
      0.23, 
      9.9
    ], 
    [
      0.22, 
      9.91
    ], 
    [
      0.22, 
      10.74
    ], 
    [
      0.21, 
      10.75
    ], 
    [
      0.21, 
      11.59
    ], 
    [
      0.2, 
      11.6
    ], 
    [
      0.2, 
      12.43
    ], 
    [
      0.19, 
      12.44
    ], 
    [
      0.19, 
      13.27
    ], 
    [
      0.18, 
      13.28
    ], 
    [
      0.18, 
      14.12
    ], 
    [
      0.17, 
      14.13
    ], 
    [
      0.17, 
      14.96
    ], 
    [
      0.16, 
      14.97
    ], 
    [
      0.16, 
      15.8
    ], 
    [
      0.15, 
      15.81
    ], 
    [
      0.15, 
      16.64
    ], 
    [
      0.14, 
      16.65
    ], 
    [
      0.14, 
      17.26
    ], 
    [
      0.15, 
      17.27
    ], 
    [
      0.15, 
      17.45
    ], 
    [
      0.14, 
      17.46
    ], 
    [
      0.14, 
      18.27
    ], 
    [
      0.13, 
      18.28
    ], 
    [
      0.13, 
      18.95
    ], 
    [
      0.12, 
      18.96
    ], 
    [
      0.12, 
      20.07
    ], 
    [
      0.11, 
      20.08
    ], 
    [
      0.11, 
      20.86
    ], 
    [
      0.1, 
      20.87
    ], 
    [
      0.1, 
      21.29
    ], 
    [
      7.13, 
      21.29
    ], 
    [
      7.13, 
      21.17
    ], 
    [
      7.14, 
      21.16
    ], 
    [
      7.14, 
      20.61
    ], 
    [
      7.15, 
      20.6
    ], 
    [
      7.15, 
      19.81
    ], 
    [
      7.16, 
      19.8
    ], 
    [
      7.16, 
      18.91
    ], 
