{
  "room_category": {
    "Toilet": {
      "simulation_statistics": [
        {
          "not_completed_agents": 0, 
          "max_evacuation_time": 13.300033, 
          "min_evacuation_time": 13.300033, 
          "exit_flow_rate": 0.0751877833686578, 
          "completed_agents": 1, 
          "max_traveled_distance": 13.584121, 
          "avg_evacuation_time": 13.300033, 
          "avg_traveled_distance": 13.584121, 
          "min_traveled_distance": 13.584121
        }, 
        {
          "not_completed_agents": 0, 
          "max_evacuation_time": 13.950035, 
          "min_evacuation_time": 8.450014, 
          "exit_flow_rate": 0.2150532238808003, 
          "completed_agents": 3, 
          "max_traveled_distance": 14.518509, 
          "avg_evacuation_time": 11.566692666666667, 
          "avg_traveled_distance": 12.163490000000001, 
          "min_traveled_distance": 10.173061
        }
      ], 
      "bounds": [
        [
          4.1, 
          -0.01, 
          5.82, 
          2.08
        ], 
        [
          4.12, 
          1.03, 
          5.2, 
          2.17
        ], 
        [
          4.09, 
          -0.02, 
          9.9, 
          2.17
        ]
      ]
    }, 
    "Hall": {
      "simulation_statistics": [
        {
          "not_completed_agents": 0, 
          "max_evacuation_time": 13.000031, 
          "min_evacuation_time": 1.899999, 
          "exit_flow_rate": 2.3846096982384117, 
          "completed_agents": 31, 
          "max_traveled_distance": 14.347224, 
          "avg_evacuation_time": 6.693556645161291, 
          "avg_traveled_distance": 8.467302129032257, 
          "min_traveled_distance": 2.306207
        }
      ], 
      "bounds": [
        [
          -0.02, 
          -0.02, 
          15.17, 
          10.2
        ]
      ]
    }
  }, 
  "room_num": 4, 
  "verts": [
    [
      0.11, 
      0.1
    ], 
    [
      0.1, 
      0.11
    ], 
    [
      0.1, 
      10.06
    ], 
    [
      15.06, 
      10.06
    ], 
    [
      15.06, 
      0.1
    ], 
    [
      9.3, 
      0.1
    ], 
    [
      9.3, 
      1.04
    ], 
    [
      9.29, 
      1.05
    ], 
    [
      9.19, 
      1.05
    ], 
    [
      9.18, 
      1.04
    ], 
    [
      9.18, 
      0.1
    ], 
    [
      5.21, 
      0.1
    ], 
    [
      5.2, 
      0.11
    ], 
    [
      5.11, 
      0.11
    ], 
    [
      5.1, 
      0.1
    ], 
    [
      4.2, 
      0.1
    ], 
    [
      4.2, 
      1.01
    ], 
    [
      5.2, 
      1.01
    ], 
    [
      5.21, 
      1.02
    ], 
    [
      5.21, 
      1.11
    ], 
    [
      5.2, 
      1.12
    ], 
    [
      4.2, 
      1.12
    ], 
    [
      4.2, 
      2.07
    ], 
    [
      5.1, 
      2.07
    ], 
    [
      5.1, 
      2.06
    ], 
    [
      5.11, 
      2.05
    ], 
    [
      5.2, 
      2.05
    ], 
    [
      5.21, 
      2.06
    ], 
    [
      5.21, 
      2.07
    ], 
    [
      9.18, 
      2.07
    ], 
    [
      9.18, 
      2.06
    ], 
    [
      9.19, 
      2.05
    ], 
    [
      9.29, 
      2.05
    ], 
    [
      9.3, 
      2.06
    ], 
    [
      9.3, 
      2.17
    ], 
    [
      9.28, 
      2.19
    ], 
    [
      9.09, 
      2.19
    ], 
    [
      9.08, 
      2.18
    ], 
    [
      4.11, 
      2.18
    ], 
    [
      4.1, 
      2.19
    ], 
    [
      4.08, 
      2.17
    ], 
    [
      4.08, 
      2.09
    ], 
    [
      4.09, 
      2.08
    ], 
    [
      4.09, 
      0.1
    ]
  ], 
  "bbox": {
    "max": [
      15.06, 
      10.06
    ], 
    "min": [
      0.1, 
      0.1
    ]
  }, 
  "id": "4466e6fd5561a8c678d97b818c345243"
}