{
  "room_category": {
    "Hallway": {
      "simulation_statistics": [
        {
          "not_completed_agents": 0, 
          "max_evacuation_time": 5.450003, 
          "min_evacuation_time": 3.649998, 
          "exit_flow_rate": 0.5504584125916995, 
          "completed_agents": 3, 
          "max_traveled_distance": 6.33243, 
          "avg_evacuation_time": 4.533333333333333, 
          "avg_traveled_distance": 5.243017666666667, 
          "min_traveled_distance": 4.077263
        }, 
        {
          "not_completed_agents": 0, 
          "max_evacuation_time": 13.950035, 
          "min_evacuation_time": 7.950012, 
          "exit_flow_rate": 0.4301064477616006, 
          "completed_agents": 6, 
          "max_traveled_distance": 15.373457, 
          "avg_evacuation_time": 10.516688666666667, 
          "avg_traveled_distance": 12.481952999999999, 
          "min_traveled_distance": 10.310364
        }, 
        {
          "not_completed_agents": 0, 
          "max_evacuation_time": 21.499958, 
          "min_evacuation_time": 12.850031, 
          "exit_flow_rate": 0.09302343753415705, 
          "completed_agents": 2, 
          "max_traveled_distance": 23.196974, 
          "avg_evacuation_time": 17.1749945, 
          "avg_traveled_distance": 19.4404365, 
          "min_traveled_distance": 15.683899
        }
      ], 
      "bounds": [
        [
          31.43, 
          5.06, 
          33.99, 
          10.33
        ], 
        [
          30.38, 
          10.21, 
          36.23, 
          15.48
        ], 
        [
          35.49, 
          13.16, 
          40.71, 
          15.45
        ]
      ]
    }, 
    "Bathroom": {
      "simulation_statistics": [
        {
          "not_completed_agents": 0, 
          "max_evacuation_time": 33.049782, 
          "min_evacuation_time": 11.250025, 
          "exit_flow_rate": 0.15128692830712165, 
          "completed_agents": 5, 
          "max_traveled_distance": 23.366173, 
          "avg_evacuation_time": 24.9598874, 
          "avg_traveled_distance": 20.1797798, 
          "min_traveled_distance": 14.686229
        }
      ], 
      "bounds": [
        [
          35.52, 
          8.06, 
          40.71, 
          13.25
        ]
      ]
    }, 
    "Storage": {
      "simulation_statistics": [
        {
          "not_completed_agents": 0, 
          "max_evacuation_time": 49.799526, 
          "min_evacuation_time": 18.75, 
          "exit_flow_rate": 0.18072461171618381, 
          "completed_agents": 9, 
          "max_traveled_distance": 32.184006, 
          "avg_evacuation_time": 30.62204111111111, 
          "avg_traveled_distance": 26.38607911111111, 
          "min_traveled_distance": 21.424393
        }
      ], 
      "bounds": [
        [
          40.62, 
          9.08, 
          47.51, 
          15.45
        ]
      ]
    }, 
    "Office": {
      "simulation_statistics": [
        {
          "not_completed_agents": 0, 
          "max_evacuation_time": 2.149999, 
          "min_evacuation_time": 0.0, 
          "exit_flow_rate": 2.3255824770151055, 
          "completed_agents": 5, 
          "max_traveled_distance": 2.683394, 
          "avg_evacuation_time": 0.7199998000000001, 
          "avg_traveled_distance": 0.8947099999999999, 
          "min_traveled_distance": 0.0
        }, 
        {
          "not_completed_agents": 0, 
          "max_evacuation_time": 150.004547, 
          "min_evacuation_time": 29.049843, 
          "exit_flow_rate": 0.07999757500684296, 
          "completed_agents": 12, 
          "max_traveled_distance": 46.121662, 
          "avg_evacuation_time": 53.35755042857143, 
          "avg_traveled_distance": 35.46561142857143, 
          "min_traveled_distance": 7.756023
        }, 
        {
          "not_completed_agents": 0, 
          "max_evacuation_time": 53.999462, 
          "min_evacuation_time": 20.149979, 
          "exit_flow_rate": 0.25926184227539156, 
          "completed_agents": 14, 
          "max_traveled_distance": 41.253075, 
          "avg_evacuation_time": 37.085434500000005, 
          "avg_traveled_distance": 33.627656214285714, 
          "min_traveled_distance": 24.458946
        }, 
        {
          "not_completed_agents": 0, 
          "max_evacuation_time": 48.999538, 
          "min_evacuation_time": 15.000039, 
          "exit_flow_rate": 0.30612533530418184, 
          "completed_agents": 15, 
          "max_traveled_distance": 30.813362, 
          "avg_evacuation_time": 25.36989733333333, 
          "avg_traveled_distance": 22.440770933333333, 
          "min_traveled_distance": 15.552413
        }
      ], 
      "bounds": [
        [
          30.0, 
          -0.05, 
          35.13, 
          5.17
        ], 
        [
          -0.05, 
          8.35, 
          10.01, 
          15.28
        ], 
        [
          9.88, 
          8.31, 
          20.12, 
          15.31
        ], 
        [
          19.99, 
          8.31, 
          30.5, 
          15.3
        ]
      ]
    }, 
    "Kitchen": {
      "simulation_statistics": [
        {
          "not_completed_agents": 0, 
          "max_evacuation_time": 14.550037, 
          "min_evacuation_time": 14.550037, 
          "exit_flow_rate": 0.06872834756365225, 
          "completed_agents": 1, 
          "max_traveled_distance": 16.021643, 
          "avg_evacuation_time": 14.550037, 
          "avg_traveled_distance": 16.021643, 
          "min_traveled_distance": 16.021643
        }
      ], 
      "bounds": [
        [
          30.44, 
          12.86, 
          33.16, 
          15.49
        ]
      ]
    }
  }, 
  "room_num": 10,