{
  "room_category": {
    "Dining_Room": {
      "simulation_statistics": [
        {
          "not_completed_agents": 0, 
          "max_evacuation_time": 150.004547, 
          "min_evacuation_time": 16.300037, 
          "exit_flow_rate": 0.17332807918149307, 
          "completed_agents": 26, 
          "max_traveled_distance": 43.117962, 
          "avg_evacuation_time": 38.370313555555555, 
          "avg_traveled_distance": 33.10877911111111, 
          "min_traveled_distance": 20.576202
        }
      ], 
      "bounds": [
        [
          -0.02, 
          6.4, 
          15.77, 
          15.1
        ]
      ]
    }, 
    "Living_Room": {
      "simulation_statistics": [
        {
          "not_completed_agents": 0, 
          "max_evacuation_time": 67.199501, 
          "min_evacuation_time": 11.400025, 
          "exit_flow_rate": 0.40178869780595544, 
          "completed_agents": 27, 
          "max_traveled_distance": 43.850349, 
          "avg_evacuation_time": 33.644215111111116, 
          "avg_traveled_distance": 31.001202666666668, 
          "min_traveled_distance": 14.547808
        }
      ], 
      "bounds": [
        [
          -0.02, 
          6.4, 
          15.77, 
          15.1
        ]
      ]
    }, 
    "Office": {
      "simulation_statistics": [
        {
          "not_completed_agents": 0, 
          "max_evacuation_time": 10.350021, 
          "min_evacuation_time": 0.55, 
          "exit_flow_rate": 2.028981390472541, 
          "completed_agents": 21, 
          "max_traveled_distance": 13.179519, 
          "avg_evacuation_time": 5.452387238095238, 
          "avg_traveled_distance": 7.059677571428572, 
          "min_traveled_distance": 0.729928
        }
      ], 
      "bounds": [
        [
          -0.02, 
          -0.02, 
          15.76, 
          6.74
        ]
      ]
    }
  }, 
  "room_num": 2, 
  "verts": [
    [
      0.11, 
      0.1
    ], 
    [
      0.1, 
      0.11
    ], 
    [
      0.1, 
      6.61
    ], 
    [
      12.06, 
      6.61
    ], 
    [
      12.07, 
      6.62
    ], 
    [
      12.07, 
      6.72
    ], 
    [
      12.06, 
      6.73
    ], 
    [
      0.1, 
      6.73
    ], 
    [
      0.1, 
      14.97
    ], 
    [
      15.65, 
      14.97
    ], 
    [
      15.65, 
      6.73
    ], 
    [
      12.82, 
      6.73
    ], 
    [
      12.81, 
      6.72
    ], 
    [
      12.81, 
      6.62
    ], 
    [
      12.82, 
      6.61
    ], 
    [
      15.65, 
      6.61
    ], 
    [
      15.65, 
      0.1
    ]
  ], 
  "bbox": {
    "max": [
      15.65, 
      14.97
    ], 
    "min": [
      0.1, 
      0.1
    ]
  }, 
  "id": "45aecd62d829a6eb573017fbe41efbbb"
}