{
  "room_category": {
    "Toilet": {
      "simulation_statistics": [
        {
          "not_completed_agents": 0, 
          "max_evacuation_time": 0.0, 
          "min_evacuation_time": 0.0, 
          "exit_flow_rate": 0, 
          "completed_agents": 1, 
          "max_traveled_distance": 0.0, 
          "avg_evacuation_time": 0.0, 
          "avg_traveled_distance": 0.0, 
          "min_traveled_distance": 0.0
        }
      ], 
      "bounds": [
        [
          0.49, 
          -0.04, 
          2.82, 
          1.83
        ]
      ]
    }, 
    "Kitchen": {
      "simulation_statistics": [
        {
          "not_completed_agents": 0, 
          "max_evacuation_time": 2.099999, 
          "min_evacuation_time": 0.0, 
          "exit_flow_rate": 2.380953514739769, 
          "completed_agents": 5, 
          "max_traveled_distance": 2.57088, 
          "avg_evacuation_time": 0.5199998, 
          "avg_traveled_distance": 0.62768, 
          "min_traveled_distance": 0.0
        }
      ], 
      "bounds": [
        [
          -0.05, 
          -0.01, 
          5.17, 
          4.84
        ]
      ]
    }
  }, 
  "room_num": 2, 
  "verts": [
    [
      0.85, 
      0.1
    ], 
    [
      0.84, 
      0.11
    ], 
    [
      0.84, 
      0.17
    ], 
    [
      0.83, 
      0.18
    ], 
    [
      0.83, 
      0.23
    ], 
    [
      0.82, 
      0.24
    ], 
    [
      0.82, 
      0.3
    ], 
    [
      0.81, 
      0.31
    ], 
    [
      0.81, 
      0.37
    ], 
    [
      0.8, 
      0.38
    ], 
    [
      0.8, 
      0.44
    ], 
    [
      0.79, 
      0.45
    ], 
    [
      0.79, 
      0.5
    ], 
    [
      0.78, 
      0.51
    ], 
    [
      0.78, 
      0.57
    ], 
    [
      0.77, 
      0.58
    ], 
    [
      0.77, 
      0.64
    ], 
    [
      0.76, 
      0.65
    ], 
    [
      0.76, 
      0.7
    ], 
    [
      0.75, 
      0.71
    ], 
    [
      0.75, 
      0.77
    ], 
    [
      0.74, 
      0.78
    ], 
    [
      0.74, 
      0.84
    ], 
    [
      0.73, 
      0.85
    ], 
    [
      0.73, 
      0.91
    ], 
    [
      0.72, 
      0.92
    ], 
    [
      0.72, 
      0.97
    ], 
    [
      0.71, 
      0.98
    ], 
    [
      0.71, 
      1.04
    ], 
    [
      0.7, 
      1.05
    ], 
    [
      0.7, 
      1.11
    ], 
    [
      0.69, 
      1.12
    ], 
    [
      0.69, 
      1.18
    ], 
    [
      0.68, 
      1.19
    ], 
    [
      0.68, 
      1.24
    ], 
    [
      0.67, 
      1.25
    ], 
    [
      0.67, 
      1.31
    ], 
    [
      0.66, 
      1.32
    ], 
    [
      0.66, 
      1.38
    ], 
    [
      0.65, 
      1.39
    ], 
    [
      0.65, 
      1.44
    ], 
    [
      0.64, 
      1.45
    ], 
    [
      0.64, 
      1.51
    ], 
    [
      0.63, 
      1.52
    ], 
    [
      0.63, 
      1.58
    ], 
    [
      0.62, 
      1.59
    ], 
    [
      0.62, 
      1.65
    ], 
    [
      0.61, 
      1.66
    ], 
    [
      0.61, 
      1.71
    ], 
    [
      2.06, 
      1.71
    ], 
    [
      2.07, 
      1.72
    ], 
    [
      2.07, 
      1.82
    ], 
    [
      2.06, 
      1.83
    ], 
    [
      0.54, 
      1.83
    ], 
    [
      0.54, 
      1.84
    ], 
    [
      0.53, 
      1.85
    ], 
    [
      0.53, 
      1.9
    ], 
    [
      0.52, 
      1.91
    ], 
    [
      0.52, 
      1.96
    ], 
    [
      0.51, 
      1.97
    ], 
    [
      0.51, 
      2.02
    ], 
    [
      0.5, 
      2.03
    ], 
    [
      0.5, 
      2.08
    ], 
    [
      0.49, 
      2.09
    ], 
    [
      0.49, 
      2.13
    ], 
    [
      0.48, 
      2.14
    ], 
    [
      0.48, 
      2.19
    ], 
    [
      0.47, 
      2.2
    ], 
    [
      0.47, 
      2.25
    ], 
    [
      0.46, 
      2.26
    ], 
    [
      0.46, 
      2.31
    ], 
    [
      0.45, 
      2.32
    ], 
    [
      0.45, 
      2.34
    ], 
    [
      0.44, 
      2.35
    ], 
    [
      0.44, 
      2.41
    ], 
    [
      0.43, 
      2.42
    ], 
    [
      0.43, 
      2.48
    ], 
    [
      0.42, 
      2.49
    ], 
    [
      0.42, 
      2.54
    ], 
    [
      0.41, 
      2.55
    ], 
    [
      0.41, 
      2.61
    ], 
    [
      0.4, 
      2.62
    ], 
    [
      0.4, 
      2.67
    ], 
    [
      0.39, 
      2.68
    ], 
    [
      0.39, 
      2.74
    ], 
    [
      0.38, 
      2.75
    ], 
    [
      0.38, 
      2.81
    ], 
    [
      0.37, 
      2.82
    ], 
    [
      0.37, 
      2.87
    ], 
    [
      0.36, 
      2.88
    ], 
    [
      0.36, 
      2.94
    ], 
    [
      0.35, 
      2.95
    ], 
    [
      0.35, 
      3.0
    ], 
    [
      0.34, 
      3.01
    ], 
    [
      0.34, 
      3.07
    ], 
    [
      0.33, 
      3.08
    ], 
    [
      0.33, 
      3.13
    ], 
    [
      0.32, 
      3.14
    ], 
    [
      0.32, 
      3.2
    ], 
    [
      0.31, 
      3.21
    ], 
    [
      0.31, 
      3.27
    ], 
    [
      0.3, 
      3.28
    ], 
    [
      0.3, 
      3.33
    ], 
    [
      0.29, 
      3.34
    ], 
    [
      0.29, 
      3.4
    ], 
    [
      0.28, 
      3.41
    ], 
    [
      0.28, 
      3.46
    ], 
    [
      0.27, 
      3.47
    ], 
    [
      0.27, 
      3.53
    ], 
    [
      0.26, 
      3.54
    ], 
    [
      0.26, 
      3.6
    ], 
    [
      0.25, 
      3.61
    ], 
    [
      0.25, 
      3.66
    ], 
    [
      0.24, 
      3.67
    ], 
    [
      0.24, 
      3.73
    ], 
    [
      0.23, 
      3.74
    ], 
    [
      0.23, 
      3.79
    ], 
    [
      0.22, 
      3.8
    ], 
    [
      0.22, 
      3.86
    ], 
    [
      0.21, 
      3.87
    ], 
    [
      0.21, 
      3.93
    ], 
    [
      0.2, 
      3.94
    ], 
    [
      0.2, 
      3.99
    ], 
    [
      0.19, 
      4.0
    ], 
    [
      0.19, 
      4.06
    ], 
    [
      0.18, 
      4.07
    ], 
    [
      0.18, 
      4.12
    ], 
    [
      0.17, 
      4.13
    ], 
    [
      0.17, 
      4.19
    ], 
    [
      0.16, 
      4.2
    ], 
    [
      0.16, 
      4.25
    ], 
    [
      0.15, 
      4.26
    ], 
    [
      0.15, 
      4.32
    ], 
    [
      0.14, 
      4.33
    ], 
    [
      0.14, 
      4.39
    ], 
    [
      0.13, 
      4.4
    ], 
    [
      0.13, 
      4.45
    ], 
    [
      0.12, 
      4.46
    ], 
    [
      0.12, 
      4.52
    ], 
    [
      0.11, 
      4.53
    ], 
    [
      0.11, 
      4.58
    ], 
    [
      0.1, 
      4.59
    ], 
    [
      0.1, 
      4.62
    ], 
    [
      0.11, 
      4.63
    ], 
    [
      0.11, 
      4.7
    ], 
    [
      0.12, 
      4.71
    ], 
    [
      0.19, 
      4.71
    ], 
    [
      0.2, 
      4.7
    ], 
    [
      0.27, 
      4.7
    ], 
    [
      0.28, 
      4.69
    ], 
    [
      0.35, 
      4.69
    ], 
    [
      0.36, 
      4.68
    ], 
    [
      0.43, 
      4.68
    ], 
    [
      0.44, 
      4.67
    ], 
    [
      0.51, 
      4.67
    ], 
    [
      0.52, 
      4.66
    ], 
    [
      0.59, 
      4.66
    ], 
    [
      0.6, 
      4.65
    ], 
    [
      0.67, 
      4.65
    ], 
    [
      0.68, 
      4.64
    ], 
    [
      0.75, 
      4.64
    ], 
    [
      0.76, 
      4.63
