{
  "room_category": {
    "Entryway": {
      "simulation_statistics": [
        {
          "not_completed_agents": 0, 
          "max_evacuation_time": 150.004547, 
          "min_evacuation_time": 0.0, 
          "exit_flow_rate": 0.09333050417465012, 
          "completed_agents": 14, 
          "max_traveled_distance": 20.421097, 
          "avg_evacuation_time": 16.7203076, 
          "avg_traveled_distance": 7.541254466666667, 
          "min_traveled_distance": 0.0
        }
      ], 
      "bounds": [
        [
          0.0, 
          -0.05, 
          8.76, 
          8.65
        ]
      ]
    }, 
    "Toilet": {
      "simulation_statistics": [
        {
          "not_completed_agents": 0, 
          "max_evacuation_time": 23.799923, 
          "min_evacuation_time": 21.499958, 
          "exit_flow_rate": 0.1260508279795695, 
          "completed_agents": 3, 
          "max_traveled_distance": 23.420122, 
          "avg_evacuation_time": 22.616607666666667, 
          "avg_traveled_distance": 22.62595433333333, 
          "min_traveled_distance": 22.228472
        }
      ], 
      "bounds": [
        [
          4.44, 
          4.76, 
          8.77, 
          8.55
        ]
      ]
    }, 
    "Bedroom": {
      "simulation_statistics": [
        {
          "not_completed_agents": 0, 
          "max_evacuation_time": 150.004547, 
          "min_evacuation_time": 5.800004, 
          "exit_flow_rate": 0.01999939375171074, 
          "completed_agents": 3, 
          "max_traveled_distance": 8.06772, 
          "avg_evacuation_time": 43.96364775, 
          "avg_traveled_distance": 7.11687375, 
          "min_traveled_distance": 6.329366
        }
      ], 
      "bounds": [
        [
          4.41, 
          -0.03, 
          8.76, 
          4.85
        ]
      ]
    }
  }, 
  "room_num": 4, 
  "verts": [
    [
      0.12, 
      0.1
    ], 
    [
      0.11, 
      0.11
    ], 
    [
      0.11, 
      4.05
    ], 
    [
      0.13, 
      4.05
    ], 
    [
      0.14, 
      4.06
    ], 
    [
      0.48, 
      4.06
    ], 
    [
      0.49, 
      4.07
    ], 
    [
      0.84, 
      4.07
    ], 
    [
      0.85, 
      4.08
    ], 
    [
      1.19, 
      4.08
    ], 
    [
      1.2, 
      4.09
    ], 
    [
      1.54, 
      4.09
    ], 
    [
      1.55, 
      4.1
    ], 
    [
      1.9, 
      4.1
    ], 
    [
      1.91, 
      4.11
    ], 
    [
      2.25, 
      4.11
    ], 
    [
      2.26, 
      4.12
    ], 
    [
      2.6, 
      4.12
    ], 
    [
      2.61, 
      4.13
    ], 
    [
      2.95, 
      4.13
    ], 
    [
      2.96, 
      4.14
    ], 
    [
      3.31, 
      4.14
    ], 
    [
      3.32, 
      4.15
    ], 
    [
      3.66, 
      4.15
    ], 
    [
      3.67, 
      4.16
    ], 
    [
      3.91, 
      4.16
    ], 
    [
      3.92, 
      4.17
    ], 
    [
      3.99, 
      4.17
    ], 
    [
      4.0, 
      4.18
    ], 
    [
      4.0, 
      7.34
    ], 
    [
      3.99, 
      7.35
    ], 
    [
      3.9, 
      7.35
    ], 
    [
      3.89, 
      7.34
    ], 
    [
      3.89, 
      4.28
    ], 
    [
      3.67, 
      4.28
    ], 
    [
      3.66, 
      4.27
    ], 
    [
      3.32, 
      4.27
    ], 
    [
      3.31, 
      4.26
    ], 
    [
      2.96, 
      4.26
    ], 
    [
      2.95, 
      4.25
    ], 
    [
      2.61, 
      4.25
    ], 
    [
      2.6, 
      4.24
    ], 
    [
      2.26, 
      4.24
    ], 
    [
      2.25, 
      4.23
    ], 
    [
      1.91, 
      4.23
    ], 
    [
      1.9, 
      4.22
    ], 
    [
      1.55, 
      4.22
    ], 
    [
      1.54, 
      4.21
    ], 
    [
      1.2, 
      4.21
    ], 
    [
      1.19, 
      4.2
    ], 
    [
      0.85, 
      4.2
    ], 
    [
      0.84, 
      4.19
    ], 
    [
      0.49, 
      4.19
    ], 
    [
      0.48, 
      4.18
    ], 
    [
      0.14, 
      4.18
    ], 
    [
      0.13, 
      4.17
    ], 
    [
      0.1, 
      4.17
    ], 
    [
      0.1, 
      8.09
    ], 
    [
      0.11, 
      8.1
    ], 
    [
      0.11, 
      8.54
    ], 
    [
      0.27, 
      8.54
    ], 
    [
      0.28, 
      8.53
    ], 
    [
      1.9, 
      8.53
    ], 
    [
      1.9, 
      8.52
    ], 
    [
      1.91, 
      8.51
    ], 
    [
      2.18, 
      8.51
    ], 
    [
      2.19, 
      8.5
    ], 
    [
      2.66, 
      8.5
    ], 
    [
      2.67, 
      8.49
    ], 
    [
      3.14, 
      8.49
    ], 
    [
      3.15, 
      8.48
    ], 
    [
      3.62, 
      8.48
    ], 
    [
      3.63, 
      8.47
    ], 
    [
      3.86, 
      8.47
    ], 
    [
      3.87, 
      8.48
    ], 
    [
      3.87, 
      8.53
    ], 
    [
      3.9, 
      8.53
    ], 
    [
      3.94, 
      8.49
    ], 
    [
      3.95, 
      8.49
    ], 
    [
      3.96, 
      8.48
    ], 
    [
      3.99, 
      8.48
    ], 
    [
      4.0, 
      8.47
    ], 
    [
      4.1, 
      8.47
    ], 
    [
      4.11, 
      8.46
    ], 
    [
      4.65, 
      8.46
    ], 
    [
      4.66, 
      8.45
    ], 
    [
      4.96, 
      8.45
    ], 
    [
      4.96, 
      7.96
    ], 
    [
      4.95, 
      7.95
    ], 
    [
      4.95, 
      6.78
    ], 
    [
      4.94, 
      6.77
    ], 
    [
      4.94, 
      6.14
    ], 
    [
      4.95, 
      6.13
    ], 
    [
      5.05, 
      6.13
    ], 
    [
      5.06, 
      6.14
    ], 
    [
      5.06, 
      7.36
    ], 
    [
      5.07, 
      7.37
    ], 
    [
      5.07, 
      8.44
    ], 
    [
      5.19, 
      8.44
    ], 
    [
      5.2, 
      8.43
    ], 
    [
      5.39, 
      8.43
    ], 
    [
      5.4, 
      8.42
    ], 
    [
      5.59, 
      8.42
    ], 
    [
      5.6, 
      8.41
    ], 
    [
      5.79, 
      8.41
    ], 
    [
      5.8, 
      8.4
    ], 
    [
      5.99, 
      8.4
    ], 
    [
      6.0, 
      8.39
    ], 
    [
      6.18, 
      8.39
    ], 
    [
      6.19, 
      8.38
    ], 
    [
      6.38, 
      8.38
    ], 
    [
      6.39, 
      8.37
    ], 
    [
      6.58, 
      8.37
    ], 
    [
      6.59, 
      8.36
    ], 
    [
      6.78, 
      8.36
    ], 
    [
      6.79, 
      8.35
    ], 
    [
      6.97, 
      8.35
    ], 
    [
      6.98, 
      8.34
    ], 
    [
      7.17, 
      8.34
    ], 
    [
      7.18, 
      8.33
    ], 
    [
      7.37, 
      8.33
    ], 
    [
      7.38, 
      8.32
    ], 
    [
      7.57, 
      8.32
    ], 
    [
      7.58, 
      8.31
    ], 
    [
      7.77, 
      8.31
    ], 
    [
      7.78, 
      8.3
    ], 
    [
      7.96, 
      8.3
    ], 
    [
      7.97, 
      8.29
    ], 
    [
      8.16, 
      8.29
    ], 
    [
      8.17, 
      8.28
    ], 
    [
      8.36, 
      8.28
    ], 
    [
      8.37, 
      8.27
    ], 
    [
      8.56, 
      8.27
    ], 
    [
      8.56, 
      8.06
    ], 
    [
      8.57, 
      8.05
    ], 
    [
      8.57, 
      7.72
    ], 
    [
      8.58, 
      7.71
    ], 
    [
      8.58, 
      7.37
    ], 
    [
      8.59, 
      7.36
    ], 
    [
      8.59, 
      7.02
    ], 
    [
      8.6, 
      7.01
    ], 
    [
      8.6, 
      6.68
    ], 
    [
      8.61, 
      6.67
    ], 
    [
      8.61, 
      6.33
    ], 
    [
      8.62, 
      6.32
    ], 
    [
