{
  "room_category": {
    "Bathroom": {
      "simulation_statistics": [
        {
          "not_completed_agents": 0, 
          "max_evacuation_time": 22.549942, 
          "min_evacuation_time": 12.250029, 
          "exit_flow_rate": 0.26607607239078485, 
          "completed_agents": 6, 
          "max_traveled_distance": 17.674139, 
          "avg_evacuation_time": 17.599999333333333, 
          "avg_traveled_distance": 15.290344499999998, 
          "min_traveled_distance": 13.01044
        }, 
        {
          "not_completed_agents": 0, 
          "max_evacuation_time": 18.000011, 
          "min_evacuation_time": 12.65003, 
          "exit_flow_rate": 0.22222208641983607, 
          "completed_agents": 4, 
          "max_traveled_distance": 17.095623, 
          "avg_evacuation_time": 14.2875265, 
          "avg_traveled_distance": 14.904221249999999, 
          "min_traveled_distance": 13.462498
        }
      ], 
      "bounds": [
        [
          0.02, 
          5.1, 
          5.17, 
          10.67
        ], 
        [
          -0.02, 
          10.03, 
          5.71, 
          13.78
        ]
      ]
    }, 
    "Bedroom": {
      "simulation_statistics": [
        {
          "not_completed_agents": 0, 
          "max_evacuation_time": 18.949997, 
          "min_evacuation_time": 14.900039, 
          "exit_flow_rate": 0.2638522845148735, 
          "completed_agents": 5, 
          "max_traveled_distance": 18.433598, 
          "avg_evacuation_time": 16.470027199999997, 
          "avg_traveled_distance": 17.4920076, 
          "min_traveled_distance": 16.242266
        }
      ], 
      "bounds": [
        [
          8.03, 
          9.07, 
          13.65, 
          13.78
        ]
      ]
    }, 
    "Dining_Room": {
      "simulation_statistics": [
        {
          "not_completed_agents": 0, 
          "max_evacuation_time": 10.350021, 
          "min_evacuation_time": 4.299998, 
          "exit_flow_rate": 1.256036098863954, 
          "completed_agents": 13, 
          "max_traveled_distance": 13.265249, 
          "avg_evacuation_time": 7.146162923076924, 
          "avg_traveled_distance": 9.031103307692307, 
          "min_traveled_distance": 5.574792
        }
      ], 
      "bounds": [
        [
          6.71, 
          -0.03, 
          13.66, 
          9.17
        ]
      ]
    }, 
    "Hall": {
      "simulation_statistics": [
        {
          "not_completed_agents": 0, 
          "max_evacuation_time": 10.150021, 
          "min_evacuation_time": 5.250002, 
          "exit_flow_rate": 0.5911317818948355, 
          "completed_agents": 6, 
          "max_traveled_distance": 10.981221, 
          "avg_evacuation_time": 7.941679000000001, 
          "avg_traveled_distance": 9.3211315, 
          "min_traveled_distance": 5.600332
        }
      ], 
      "bounds": [
        [
          5.06, 
          5.07, 
          8.14, 
          14.53
        ]
      ]
    }, 
    "Kitchen": {
      "simulation_statistics": [
        {
          "not_completed_agents": 0, 
          "max_evacuation_time": 3.199998, 
          "min_evacuation_time": 0.0, 
          "exit_flow_rate": 2.5000015625009766, 
          "completed_agents": 8, 
          "max_traveled_distance": 3.983533, 
          "avg_evacuation_time": 1.72499925, 
          "avg_traveled_distance": 2.247068, 
          "min_traveled_distance": 0.0
        }
      ], 
      "bounds": [
        [
          0.02, 
          -0.61, 
          6.87, 
          5.19
        ]
      ]
    }
  }, 
  "room_num": 6, 
  "verts": [
    [
      0.14, 
      0.1
    ], 
    [
      0.13, 
      0.11
    ], 
    [
      0.13, 
      5.09
    ], 
    [
      5.58, 
      5.09
    ], 
    [
      5.59, 
      5.1
    ], 
    [
      5.59, 
      5.2
    ], 
    [
      5.58, 
      5.21
    ], 
    [
      5.19, 
      5.21
    ], 
    [
      5.19, 
      8.11
    ], 
    [
      5.18, 
      8.12
    ], 
    [
      5.08, 
      8.12
    ], 
    [
      5.07, 
      8.11
    ], 
    [
      5.07, 
      5.21
    ], 
    [
      0.13, 
      5.21
    ], 
    [
      0.13, 
      10.56
    ], 
    [
      1.75, 
      10.56
    ], 
    [
      1.76, 
      10.57
    ], 
    [
      1.76, 
      10.67
    ], 
    [
      1.75, 
      10.68
    ], 
    [
      0.1, 
      10.68
    ], 
    [
      0.1, 
      13.67
    ], 
    [
      5.07, 
      13.67
    ], 
    [
      5.07, 
      12.01
    ], 
    [
      5.08, 
      12.0
    ], 
    [
      5.18, 
      12.0
    ], 
    [
      5.19, 
      12.01
    ], 
    [
      5.19, 
      13.67
    ], 
    [
      8.04, 
      13.67
    ], 
    [
      8.04, 
      12.45
    ], 
    [
      8.05, 
      12.44
    ], 
    [
      8.15, 
      12.44
    ], 
    [
      8.16, 
      12.45
    ], 
    [
      8.16, 
      13.67
    ], 
    [
      13.53, 
      13.67
    ], 
    [
      13.53, 
      9.18
    ], 
    [
      8.16, 
      9.18
    ], 
    [
      8.16, 
      11.43
    ], 
    [
      8.15, 
      11.44
    ], 
    [
      8.05, 
      11.44
    ], 
    [
      8.04, 
      11.43
    ], 
    [
      8.04, 
      5.21
    ], 
    [
      7.97, 
      5.21
    ], 
    [
      7.96, 
      5.2
    ], 
    [
      7.96, 
      5.1
    ], 
    [
      7.97, 
      5.09
    ], 
    [
      8.14, 
      5.09
    ], 
    [
      8.16, 
      5.11
    ], 
    [
      8.16, 
      9.06
    ], 
    [
      13.54, 
      9.06
    ], 
    [
      13.54, 
      0.1
    ], 
    [
      6.81, 
      0.1
    ], 
    [
      6.81, 
      0.33
    ], 
    [
      6.8, 
      0.34
    ], 
    [
      6.7, 
      0.34
    ], 
    [
      6.69, 
      0.33
    ], 
    [
      6.69, 
      0.1
    ]
  ], 
  "bbox": {
    "max": [
      13.54, 
      13.67
    ], 
    "min": [
      0.1, 
      0.1
    ]
  }, 
  "id": "4d2ac0f0d2cac0d6795aeee4be714aca"
}