{
  "room_category": {
    "Toilet": {
      "simulation_statistics": [
        {
          "not_completed_agents": 0, 
          "max_evacuation_time": 150.004547, 
          "min_evacuation_time": 38.899693, 
          "exit_flow_rate": 0.053331716671228636, 
          "completed_agents": 8, 
          "max_traveled_distance": 39.086887, 
          "avg_evacuation_time": 57.155697333333336, 
          "avg_traveled_distance": 33.98846755555556, 
          "min_traveled_distance": 10.407537
        }
      ], 
      "bounds": [
        [
          5.08, 
          9.92, 
          13.41, 
          15.54
        ]
      ]
    }, 
    "Bathroom": {
      "simulation_statistics": [
        {
          "not_completed_agents": 0, 
          "max_evacuation_time": 56.999416, 
          "min_evacuation_time": 30.699818, 
          "exit_flow_rate": 0.15789635458721193, 
          "completed_agents": 9, 
          "max_traveled_distance": 40.572964, 
          "avg_evacuation_time": 43.282959, 
          "avg_traveled_distance": 36.34042677777778, 
          "min_traveled_distance": 31.412123
        }
      ], 
      "bounds": [
        [
          5.08, 
          9.92, 
          13.41, 
          15.54
        ]
      ]
    }, 
    "Garage": {
      "simulation_statistics": [
        {
          "not_completed_agents": 0, 
          "max_evacuation_time": 52.999477, 
          "min_evacuation_time": 25.249901, 
          "exit_flow_rate": 0.18868110717394437, 
          "completed_agents": 10, 
          "max_traveled_distance": 41.04192, 
          "avg_evacuation_time": 33.3397774, 
          "avg_traveled_distance": 34.500102600000005, 
          "min_traveled_distance": 31.443291
        }
      ], 
      "bounds": [
        [
          -0.02, 
          14.84, 
          5.22, 
          24.85
        ]
      ]
    }, 
    "Office": {
      "simulation_statistics": [
        {
          "not_completed_agents": 0, 
          "max_evacuation_time": 18.250008, 
          "min_evacuation_time": 7.100009, 
          "exit_flow_rate": 0.6575339583412785, 
          "completed_agents": 12, 
          "max_traveled_distance": 16.074358, 
          "avg_evacuation_time": 12.083356166666666, 
          "avg_traveled_distance": 13.088361916666665, 
          "min_traveled_distance": 8.864154
        }
      ], 
      "bounds": [
        [
          13.28, 
          6.99, 
          20.56, 
          15.11
        ]
      ]
    }, 
    "Bedroom": {
      "simulation_statistics": [
        {
          "not_completed_agents": 0, 
          "max_evacuation_time": 53.999462, 
          "min_evacuation_time": 19.049995, 
          "exit_flow_rate": 0.25926184227539156, 
          "completed_agents": 14, 
          "max_traveled_distance": 36.526966, 
          "avg_evacuation_time": 31.560518785714287, 
          "avg_traveled_distance": 28.985385428571426, 
          "min_traveled_distance": 23.407045
        }
      ], 
      "bounds": [
        [
          5.08, 
          14.87, 
          13.41, 
          23.01
        ]
      ]
    }
  }, 
  "room_num": 6, 
  "verts": [
    [
      13.4, 
      0.1
    ], 
    [
      13.39, 
      0.11
    ], 
    [
      13.39, 
      0.69
    ], 
    [
      13.4, 
      0.7
    ], 
    [
      13.4, 
      2.11
    ], 
    [
      13.41, 
      2.12
    ], 
    [
      13.41, 
      3.9
    ], 
    [
      13.42, 
      3.91
    ], 
    [
      13.42, 
      5.13
    ], 
    [
      13.43, 
      5.14
    ], 
    [
      13.43, 
      6.37
    ], 
    [
      13.44, 
      6.38
    ], 
    [
      13.44, 
      6.98
    ], 
    [
      17.84, 
      6.98
    ], 
    [
      17.85, 
      6.99
    ], 
    [
      17.85, 
      7.09
    ], 
    [
      17.84, 
      7.1
    ], 
    [
      17.83, 
      7.09
    ], 
    [
      17.75, 
      7.09
    ], 
    [
      17.74, 
      7.1
    ], 
    [
      13.44, 
      7.1
    ], 
    [
      13.44, 
      7.14
    ], 
    [
      13.43, 
      7.15
    ], 
    [
      13.43, 
      8.27
    ], 
    [
      13.42, 
      8.28
    ], 
    [
      13.42, 
      15.01
    ], 
    [
      17.0, 
      15.01
    ], 
    [
      17.01, 
      15.02
    ], 
    [
      17.01, 
      15.16
    ], 
    [
      17.0, 
      15.17
    ], 
    [
      13.43, 
      15.17
    ], 
    [
      13.43, 
      18.72
    ], 
    [
      13.42, 
      18.73
    ], 
    [
      13.3, 
      18.73
    ], 
    [
      13.29, 
      18.72
    ], 
    [
      13.29, 
      17.74
    ], 
    [
      13.28, 
      17.73
    ], 
    [
      13.28, 
      15.94
    ], 
    [
      13.27, 
      15.93
    ], 
    [
      13.27, 
      15.13
    ], 
    [
      12.95, 
      15.13
    ], 
    [
      12.94, 
      15.12
    ], 
    [
      12.43, 
      15.12
    ], 
    [
      12.42, 
      15.11
    ], 
    [
      11.91, 
      15.11
    ], 
    [
      11.9, 
      15.1
    ], 
    [
      11.39, 
      15.1
    ], 
    [
      11.38, 
      15.09
    ], 
    [
      10.87, 
      15.09
    ], 
    [
      10.86, 
      15.08
    ], 
    [
      10.35, 
      15.08
    ], 
    [
      10.34, 
      15.07
    ], 
    [
      9.83, 
      15.07
    ], 
    [
      9.82, 
      15.06
    ], 
    [
      9.56, 
      15.06
    ], 
    [
      9.55, 
      15.05
    ], 
    [
      9.55, 
      14.98
    ], 
    [
      9.56, 
      14.97
    ], 
    [
      9.56, 
      14.95
    ], 
    [
      9.57, 
      14.94
    ], 
    [
      9.91, 
      14.94
    ], 
    [
      9.92, 
      14.95
    ], 
    [
      10.45, 
      14.95
    ], 
    [
      10.46, 
      14.96
    ], 
    [
      10.99, 
      14.96
    ], 
    [
      11.0, 
      14.97
    ], 
    [
      11.53, 
      14.97
    ], 
    [
      11.54, 
      14.98
    ], 
    [
      12.06, 
      14.98
    ], 
    [
      12.07, 
      14.99
    ], 
    [
      12.6, 
      14.99
    ], 
    [
      12.61, 
      15.0
    ], 
    [
      13.14, 
      15.0
    ], 
    [
      13.15, 
      15.01
    ], 
    [
      13.27, 
      15.01
    ], 
    [
      13.27, 
      14.14
    ], 
    [
      13.28, 
      14.13
    ], 
    [
      13.28, 
      12.19
    ], 
    [
      13.29, 
      12.18
    ], 
    [
      13.29, 
      10.23
    ], 
    [
      13.3, 
      10.22
    ], 
    [
      13.3, 
      10.04
    ], 
    [
      5.2, 
      10.04
    ], 
    [
      5.19, 
      10.05
    ], 
    [
      5.19, 
      14.86
    ], 
    [
      5.51, 
      14.86
    ], 
    [
      5.52, 
      14.87
    ], 
    [
      6.01, 
      14.87
    ], 
    [
      6.02, 
      14.88
    ], 
    [
      6.52, 
      14.88
    ], 
    [
      6.53, 
      14.89
    ], 
    [
      7.03, 
      14.89
    ], 
    [
      7.04, 
      14.9
    ], 
    [
      7.53, 
      14.9
    ], 
    [
      7.54, 
      14.91
    ], 
    [
      8.04, 
      14.91
    ], 
    [
      8.05, 
      14.92
    ], 
    [
      8.54, 
      14.92
    ], 
    [
      8.55, 
      14.93
    ], 
    [
      8.8, 
      14.93
    ], 
    [
      8.81, 
      14.94
    ], 
    [
      8.81, 
      15.04
    ], 
    [
      8.8, 
      15.05
    ], 
    [
      8.47, 
      15.05
    ], 
    [
      8.46, 
      15.04
    ], 
    [
      7.95, 
      15.04
    ], 
    [
      7.94, 
      15.03
    ], 
    [
      7.43, 
      15.03
    ], 
    [
      7.42, 
      15.02
    ], 
    [
      6.91, 
      15.02
    ], 
    [
