{
  "room_category": {
    "Room": {
      "simulation_statistics": [
        {
          "not_completed_agents": 0, 
          "max_evacuation_time": 150.004547, 
          "min_evacuation_time": 150.004547, 
          "exit_flow_rate": 0.0, 
          "completed_agents": 0, 
          "max_traveled_distance": 0.865792, 
          "avg_evacuation_time": 150.004547, 
          "avg_traveled_distance": 0.865792, 
          "min_traveled_distance": 0.865792
        }
      ], 
      "bounds": [
        [
          2.31, 
          -0.06, 
          3.96, 
          3.33
        ]
      ]
    }, 
    "Bedroom": {
      "simulation_statistics": [
        {
          "not_completed_agents": 0, 
          "max_evacuation_time": 10.350021, 
          "min_evacuation_time": 5.250002, 
          "exit_flow_rate": 0.3864726458042935, 
          "completed_agents": 4, 
          "max_traveled_distance": 10.49853, 
          "avg_evacuation_time": 7.900012, 
          "avg_traveled_distance": 8.78729525, 
          "min_traveled_distance": 5.831519
        }, 
        {
          "not_completed_agents": 0, 
          "max_evacuation_time": 1.949999, 
          "min_evacuation_time": 0.0, 
          "exit_flow_rate": 1.538462327416578, 
          "completed_agents": 3, 
          "max_traveled_distance": 2.544065, 
          "avg_evacuation_time": 0.9333330000000001, 
          "avg_traveled_distance": 1.1314303333333333, 
          "min_traveled_distance": 0.0
        }
      ], 
      "bounds": [
        [
          5.4, 
          -0.04, 
          9.02, 
          5.18
        ], 
        [
          -0.04, 
          -0.04, 
          2.95, 
          5.18
        ]
      ]
    }
  }, 
  "room_num": 5, 
  "verts": [
    [
      0.11, 
      0.1
    ], 
    [
      0.1, 
      0.11
    ], 
    [
      0.1, 
      5.07
    ], 
    [
      2.84, 
      5.07
    ], 
    [
      2.84, 
      3.73
    ], 
    [
      2.85, 
      3.72
    ], 
    [
      2.95, 
      3.72
    ], 
    [
      2.96, 
      3.73
    ], 
    [
      2.96, 
      5.07
    ], 
    [
      5.38, 
      5.07
    ], 
    [
      5.38, 
      5.03
    ], 
    [
      5.39, 
      5.02
    ], 
    [
      5.49, 
      5.02
    ], 
    [
      5.5, 
      5.03
    ], 
    [
      5.5, 
      5.07
    ], 
    [
      8.88, 
      5.07
    ], 
    [
      8.88, 
      0.1
    ], 
    [
      5.5, 
      0.1
    ], 
    [
      5.5, 
      4.03
    ], 
    [
      5.49, 
      4.04
    ], 
    [
      5.39, 
      4.04
    ], 
    [
      5.38, 
      4.03
    ], 
    [
      5.39, 
      4.02
    ], 
    [
      5.39, 
      3.95
    ], 
    [
      5.38, 
      3.94
    ], 
    [
      5.38, 
      0.1
    ], 
    [
      3.97, 
      0.1
    ], 
    [
      3.97, 
      2.63
    ], 
    [
      3.95, 
      2.65
    ], 
    [
      3.79, 
      2.65
    ], 
    [
      3.78, 
      2.64
    ], 
    [
      3.78, 
      2.55
    ], 
    [
      3.79, 
      2.54
    ], 
    [
      3.86, 
      2.54
    ], 
    [
      3.86, 
      0.1
    ], 
    [
      2.42, 
      0.1
    ], 
    [
      2.42, 
      2.53
    ], 
    [
      3.02, 
      2.53
    ], 
    [
      3.03, 
      2.54
    ], 
    [
      3.03, 
      2.64
    ], 
    [
      3.02, 
      2.65
    ], 
    [
      2.96, 
      2.65
    ], 
    [
      2.96, 
      2.73
    ], 
    [
      2.95, 
      2.74
    ], 
    [
      2.85, 
      2.74
    ], 
    [
      2.84, 
      2.73
    ], 
    [
      2.84, 
      2.65
    ], 
    [
      2.32, 
      2.65
    ], 
    [
      2.3, 
      2.63
    ], 
    [
      2.3, 
      0.11
    ], 
    [
      1.2, 
      0.11
    ], 
    [
      1.19, 
      0.1
    ]
  ], 
  "bbox": {
    "max": [
      8.88, 
      5.07
    ], 
    "min": [
      0.1, 
      0.1
    ]
  }, 
  "id": "539b6ae9e194334bf1660985577f7fea"
}