{
  "room_category": {
    "Room": {
      "simulation_statistics": [
        {
          "not_completed_agents": 0, 
          "max_evacuation_time": 150.004547, 
          "min_evacuation_time": 150.004547, 
          "exit_flow_rate": 0.0, 
          "completed_agents": 0, 
          "max_traveled_distance": 18.560261, 
          "avg_evacuation_time": 150.004547, 
          "avg_traveled_distance": 9.701519000000001, 
          "min_traveled_distance": 0.842777
        }
      ], 
      "bounds": [
        [
          5.08, 
          3.7, 
          10.37, 
          6.05
        ]
      ]
    }, 
    "Bedroom": {
      "simulation_statistics": [
        {
          "not_completed_agents": 0, 
          "max_evacuation_time": 1.55, 
          "min_evacuation_time": 0.0, 
          "exit_flow_rate": 2.5806451612903225, 
          "completed_agents": 4, 
          "max_traveled_distance": 2.01845, 
          "avg_evacuation_time": 0.425, 
          "avg_traveled_distance": 0.5526132500000001, 
          "min_traveled_distance": 0.0
        }, 
        {
          "not_completed_agents": 0, 
          "max_evacuation_time": 150.004547, 
          "min_evacuation_time": 150.004547, 
          "exit_flow_rate": 0.0, 
          "completed_agents": 0, 
          "max_traveled_distance": 26.558857, 
          "avg_evacuation_time": 150.004547, 
          "avg_traveled_distance": 12.0771172, 
          "min_traveled_distance": 0.936566
        }
      ], 
      "bounds": [
        [
          5.08, 
          -0.02, 
          10.27, 
          3.81
        ], 
        [
          5.08, 
          5.93, 
          10.27, 
          10.52
        ]
      ]
    }
  }, 
  "room_num": 5, 
  "verts": [
    [
      5.21, 
      0.1
    ], 
    [
      5.2, 
      0.11
    ], 
    [
      5.2, 
      0.48
    ], 
    [
      5.19, 
      0.49
    ], 
    [
      5.19, 
      1.54
    ], 
    [
      5.18, 
      1.55
    ], 
    [
      5.08, 
      1.55
    ], 
    [
      5.07, 
      1.54
    ], 
    [
      5.07, 
      0.6
    ], 
    [
      0.11, 
      0.6
    ], 
    [
      0.1, 
      0.61
    ], 
    [
      0.1, 
      3.71
    ], 
    [
      3.63, 
      3.71
    ], 
    [
      3.64, 
      3.72
    ], 
    [
      3.64, 
      3.82
    ], 
    [
      3.63, 
      3.83
    ], 
    [
      3.62, 
      3.82
    ], 
    [
      3.56, 
      3.82
    ], 
    [
      3.55, 
      3.83
    ], 
    [
      0.1, 
      3.83
    ], 
    [
      0.1, 
      9.2
    ], 
    [
      5.07, 
      9.2
    ], 
    [
      5.07, 
      3.83
    ], 
    [
      4.39, 
      3.83
    ], 
    [
      4.38, 
      3.82
    ], 
    [
      4.38, 
      3.72
    ], 
    [
      4.39, 
      3.71
    ], 
    [
      5.07, 
      3.71
    ], 
    [
      5.07, 
      2.76
    ], 
    [
      5.08, 
      2.75
    ], 
    [
      5.18, 
      2.75
    ], 
    [
      5.19, 
      2.76
    ], 
    [
      5.19, 
      3.71
    ], 
    [
      6.73, 
      3.71
    ], 
    [
      6.74, 
      3.72
    ], 
    [
      6.74, 
      3.82
    ], 
    [
      6.73, 
      3.83
    ], 
    [
      5.19, 
      3.83
    ], 
    [
      5.19, 
      5.92
    ], 
    [
      7.31, 
      5.92
    ], 
    [
      7.32, 
      5.93
    ], 
    [
      7.32, 
      6.03
    ], 
    [
      7.31, 
      6.04
    ], 
    [
      7.3, 
      6.03
    ], 
    [
      7.27, 
      6.03
    ], 
    [
      7.26, 
      6.04
    ], 
    [
      5.19, 
      6.04
    ], 
    [
      5.19, 
      9.31
    ], 
    [
      5.2, 
      9.32
    ], 
    [
      5.2, 
      10.41
    ], 
    [
      10.16, 
      10.41
    ], 
    [
      10.16, 
      6.04
    ], 
    [
      8.07, 
      6.04
    ], 
    [
      8.06, 
      6.03
    ], 
    [
      8.06, 
      5.93
    ], 
    [
      8.07, 
      5.92
    ], 
    [
      10.16, 
      5.92
    ], 
    [
      10.16, 
      3.83
    ], 
    [
      7.49, 
      3.83
    ], 
    [
      7.48, 
      3.82
    ], 
    [
      7.48, 
      3.72
    ], 
    [
      7.49, 
      3.71
    ], 
    [
      10.16, 
      3.71
    ], 
    [
      10.16, 
      0.1
    ]
  ], 
  "bbox": {
    "max": [
      10.16, 
      10.41
    ], 
    "min": [
      0.1, 
      0.1
    ]
  }, 
  "id": "53e60bfec9e8ba78df2d0d0358b2160c"
}