{
  "room_category": {
    "Toilet": {
      "simulation_statistics": [
        {
          "not_completed_agents": 0, 
          "max_evacuation_time": 150.004547, 
          "min_evacuation_time": 150.004547, 
          "exit_flow_rate": 0.0, 
          "completed_agents": 0, 
          "max_traveled_distance": 20.33799, 
          "avg_evacuation_time": 150.004547, 
          "avg_traveled_distance": 7.003308714285715, 
          "min_traveled_distance": 0.988596
        }
      ], 
      "bounds": [
        [
          -0.01, 
          0.53, 
          7.54, 
          5.17
        ]
      ]
    }, 
    "Bathroom": {
      "simulation_statistics": [
        {
          "not_completed_agents": 0, 
          "max_evacuation_time": 150.004547, 
          "min_evacuation_time": 150.004547, 
          "exit_flow_rate": 0.0, 
          "completed_agents": 0, 
          "max_traveled_distance": 19.685949, 
          "avg_evacuation_time": 150.004547, 
          "avg_traveled_distance": 14.035452142857142, 
          "min_traveled_distance": 1.303414
        }
      ], 
      "bounds": [
        [
          -0.01, 
          0.53, 
          7.54, 
          5.17
        ]
      ]
    }, 
    "Living_Room": {
      "simulation_statistics": [
        {
          "not_completed_agents": 0, 
          "max_evacuation_time": 2.099999, 
          "min_evacuation_time": 0.55, 
          "exit_flow_rate": 2.380953514739769, 
          "completed_agents": 5, 
          "max_traveled_distance": 2.524592, 
          "avg_evacuation_time": 1.4099996000000001, 
          "avg_traveled_distance": 1.6738461999999998, 
          "min_traveled_distance": 0.472168
        }
      ], 
      "bounds": [
        [
          7.43, 
          -0.02, 
          12.62, 
          5.22
        ]
      ]
    }
  }, 
  "room_num": 4, 
  "verts": [
    [
      7.56, 
      0.1
    ], 
    [
      7.55, 
      0.11
    ], 
    [
      7.55, 
      0.53
    ], 
    [
      7.54, 
      0.54
    ], 
    [
      7.54, 
      0.57
    ], 
    [
      7.53, 
      0.58
    ], 
    [
      7.53, 
      0.59
    ], 
    [
      7.49, 
      0.63
    ], 
    [
      7.48, 
      0.63
    ], 
    [
      7.47, 
      0.64
    ], 
    [
      7.44, 
      0.64
    ], 
    [
      7.43, 
      0.65
    ], 
    [
      0.13, 
      0.65
    ], 
    [
      0.12, 
      0.66
    ], 
    [
      0.12, 
      1.8
    ], 
    [
      0.11, 
      1.81
    ], 
    [
      0.11, 
      4.0
    ], 
    [
      0.1, 
      4.01
    ], 
    [
      0.1, 
      5.01
    ], 
    [
      2.06, 
      5.01
    ], 
    [
      2.07, 
      5.02
    ], 
    [
      2.07, 
      5.12
    ], 
    [
      2.05, 
      5.14
    ], 
    [
      1.57, 
      5.14
    ], 
    [
      1.56, 
      5.13
    ], 
    [
      0.1, 
      5.13
    ], 
    [
      0.1, 
      11.61
    ], 
    [
      1.32, 
      11.61
    ], 
    [
      1.33, 
      11.62
    ], 
    [
      3.62, 
      11.62
    ], 
    [
      3.63, 
      11.63
    ], 
    [
      4.67, 
      11.63
    ], 
    [
      4.67, 
      11.2
    ], 
    [
      4.68, 
      11.19
    ], 
    [
      4.68, 
      10.7
    ], 
    [
      4.67, 
      10.69
    ], 
    [
      4.67, 
      10.07
    ], 
    [
      4.68, 
      10.06
    ], 
    [
      4.68, 
      6.9
    ], 
    [
      4.69, 
      6.89
    ], 
    [
      4.69, 
      5.16
    ], 
    [
      3.88, 
      5.16
    ], 
    [
      3.87, 
      5.15
    ], 
    [
      3.07, 
      5.15
    ], 
    [
      3.06, 
      5.14
    ], 
    [
      3.06, 
      5.12
    ], 
    [
      3.07, 
      5.11
    ], 
    [
      3.07, 
      5.02
    ], 
    [
      3.08, 
      5.01
    ], 
    [
      4.8, 
      5.01
    ], 
    [
      4.81, 
      5.02
    ], 
    [
      4.81, 
      5.04
    ], 
    [
      5.33, 
      5.04
    ], 
    [
      5.34, 
      5.05
    ], 
    [
      6.79, 
      5.05
    ], 
    [
      6.8, 
      5.06
    ], 
    [
      7.42, 
      5.06
    ], 
    [
      7.42, 
      3.89
    ], 
    [
      7.43, 
      3.88
    ], 
    [
      7.43, 
      0.71
    ], 
    [
      7.44, 
      0.7
    ], 
    [
      7.54, 
      0.7
    ], 
    [
      7.55, 
      0.71
    ], 
    [
      7.55, 
      2.76
    ], 
    [
      7.54, 
      2.77
    ], 
    [
      7.54, 
      5.06
    ], 
    [
      12.51, 
      5.06
    ], 
    [
      12.51, 
      0.1
    ]
  ], 
  "bbox": {
    "max": [
      12.51, 
      11.63
    ], 
    "min": [
      0.1, 
      0.1
    ]
  }, 
  "id": "57962c7a8c85c6179e458bab8531f69a"
}