{
  "room_category": {
    "Toilet": {
      "simulation_statistics": [
        {
          "not_completed_agents": 0, 
          "max_evacuation_time": 14.700038, 
          "min_evacuation_time": 10.950024, 
          "exit_flow_rate": 0.20408110509646302, 
          "completed_agents": 3, 
          "max_traveled_distance": 14.08645, 
          "avg_evacuation_time": 12.500029666666668, 
          "avg_traveled_distance": 13.937345666666667, 
          "min_traveled_distance": 13.653249
        }
      ], 
      "bounds": [
        [
          -0.01, 
          10.78, 
          3.44, 
          15.2
        ]
      ]
    }, 
    "Bathroom": {
      "simulation_statistics": [
        {
          "not_completed_agents": 0, 
          "max_evacuation_time": 21.99995, 
          "min_evacuation_time": 16.300037, 
          "exit_flow_rate": 0.1363639462816961, 
          "completed_agents": 3, 
          "max_traveled_distance": 16.126326, 
          "avg_evacuation_time": 19.633319666666665, 
          "avg_traveled_distance": 15.883009333333334, 
          "min_traveled_distance": 15.430909
        }
      ], 
      "bounds": [
        [
          -0.01, 
          10.78, 
          3.44, 
          15.2
        ]
      ]
    }, 
    "Room": {
      "simulation_statistics": [
        {
          "not_completed_agents": 0, 
          "max_evacuation_time": 17.050026, 
          "min_evacuation_time": 12.100028, 
          "exit_flow_rate": 0.1173018739091659, 
          "completed_agents": 2, 
          "max_traveled_distance": 19.216084, 
          "avg_evacuation_time": 14.575026999999999, 
          "avg_traveled_distance": 17.511022, 
          "min_traveled_distance": 15.80596
        }, 
        {
          "not_completed_agents": 0, 
          "max_evacuation_time": 15.850042, 
          "min_evacuation_time": 12.750031, 
          "exit_flow_rate": 0.1261826309356152, 
          "completed_agents": 2, 
          "max_traveled_distance": 18.302258, 
          "avg_evacuation_time": 14.300036500000001, 
          "avg_traveled_distance": 17.3922485, 
          "min_traveled_distance": 16.482239
        }, 
        {
          "not_completed_agents": 0, 
          "max_evacuation_time": 18.500004, 
          "min_evacuation_time": 18.500004, 
          "exit_flow_rate": 0.05405404236669354, 
          "completed_agents": 1, 
          "max_traveled_distance": 15.889713, 
          "avg_evacuation_time": 18.500004, 
          "avg_traveled_distance": 15.889713, 
          "min_traveled_distance": 15.889713
        }
      ], 
      "bounds": [
        [
          7.01, 
          9.07, 
          10.17, 
          12.71
        ], 
        [
          7.01, 
          9.09, 
          10.18, 
          11.64
        ], 
        [
          5.41, 
          9.07, 
          7.11, 
          12.73
        ]
      ]
    }, 
    "Office": {
      "simulation_statistics": [
        {
          "not_completed_agents": 0, 
          "max_evacuation_time": 9.850019, 
          "min_evacuation_time": 6.000005, 
          "exit_flow_rate": 0.20304529361821536, 
          "completed_agents": 2, 
          "max_traveled_distance": 10.227908, 
          "avg_evacuation_time": 7.925012, 
          "avg_traveled_distance": 8.931481, 
          "min_traveled_distance": 7.635054
        }
      ], 
      "bounds": [
        [
          6.01, 
          6.14, 
          10.21, 
          8.79
        ]
      ]
    }, 
    "Living_Room": {
      "simulation_statistics": [
        {
          "not_completed_agents": 0, 
          "max_evacuation_time": 19.39999, 
          "min_evacuation_time": 0.0, 
          "exit_flow_rate": 1.7010318046555695, 
          "completed_agents": 33, 
          "max_traveled_distance": 17.665562, 
          "avg_evacuation_time": 5.7969749696969695, 
          "avg_traveled_distance": 6.771553515151515, 
          "min_traveled_distance": 0.0
        }
      ], 
      "bounds": [
        [
          -0.79, 
          -0.03, 
          10.18, 
          15.18
        ]
      ]
    }, 
    "Dining_Room": {
      "simulation_statistics": [
        {
          "not_completed_agents": 0, 
          "max_evacuation_time": 16.950027, 
          "min_evacuation_time": 0.0, 
          "exit_flow_rate": 1.9468995536113307, 
          "completed_agents": 33, 
          "max_traveled_distance": 20.30644, 
          "avg_evacuation_time": 6.080310818181818, 
          "avg_traveled_distance": 7.707313303030303, 
          "min_traveled_distance": 0.0
        }
      ], 
      "bounds": [
        [
          -0.79, 
          -0.03, 
          10.18, 
          15.18
        ]
      ]
    }, 
    "Kitchen": {
      "simulation_statistics": [
        {
          "not_completed_agents": 0, 
          "max_evacuation_time": 15.500041, 
          "min_evacuation_time": 0.0, 
          "exit_flow_rate": 2.129026626445698, 
          "completed_agents": 33, 
          "max_traveled_distance": 18.383715, 
          "avg_evacuation_time": 5.748490878787878, 
          "avg_traveled_distance": 7.453188363636364, 
          "min_traveled_distance": 0.0
        }
      ], 
      "bounds": [
        [
          -0.79, 
          -0.03, 
          10.18, 
          15.18
        ]
      ]
    }
  }, 
  "room_num": 13,