{
  "room_category": {
    "Room": {
      "simulation_statistics": [
        {
          "not_completed_agents": 0, 
          "max_evacuation_time": 7.50001, 
          "min_evacuation_time": 5.100001, 
          "exit_flow_rate": 0.666665777778963, 
          "completed_agents": 5, 
          "max_traveled_distance": 8.429686, 
          "avg_evacuation_time": 6.1700052, 
          "avg_traveled_distance": 7.3305474, 
          "min_traveled_distance": 6.275471
        }
      ], 
      "bounds": [
        [
          -0.03, 
          6.84, 
          7.55, 
          10.1
        ]
      ]
    }, 
    "Kitchen": {
      "simulation_statistics": [
        {
          "not_completed_agents": 0, 
          "max_evacuation_time": 22.499943, 
          "min_evacuation_time": 8.100013, 
          "exit_flow_rate": 0.44444557037322274, 
          "completed_agents": 10, 
          "max_traveled_distance": 17.740513, 
          "avg_evacuation_time": 15.0700119, 
          "avg_traveled_distance": 13.907032300000001, 
          "min_traveled_distance": 10.269766
        }
      ], 
      "bounds": [
        [
          6.89, 
          3.71, 
          14.8, 
          10.12
        ]
      ]
    }
  }, 
  "room_num": 4, 
  "verts": [
    [
      0.11, 
      0.1
    ], 
    [
      0.1, 
      0.11
    ], 
    [
      0.1, 
      6.84
    ], 
    [
      0.78, 
      6.84
    ], 
    [
      0.79, 
      6.85
    ], 
    [
      1.52, 
      6.85
    ], 
    [
      1.53, 
      6.86
    ], 
    [
      1.53, 
      7.01
    ], 
    [
      1.52, 
      7.02
    ], 
    [
      0.1, 
      7.02
    ], 
    [
      0.1, 
      9.99
    ], 
    [
      6.88, 
      9.99
    ], 
    [
      6.88, 
      9.77
    ], 
    [
      6.87, 
      9.76
    ], 
    [
      6.87, 
      9.28
    ], 
    [
      6.86, 
      9.27
    ], 
    [
      6.86, 
      8.8
    ], 
    [
      6.85, 
      8.79
    ], 
    [
      6.85, 
      8.31
    ], 
    [
      6.84, 
      8.3
    ], 
    [
      6.84, 
      8.06
    ], 
    [
      6.85, 
      8.05
    ], 
    [
      6.99, 
      8.05
    ], 
    [
      7.0, 
      8.06
    ], 
    [
      7.0, 
      9.99
    ], 
    [
      14.61, 
      9.99
    ], 
    [
      14.61, 
      7.92
    ], 
    [
      14.62, 
      7.91
    ], 
    [
      14.78, 
      7.91
    ], 
    [
      14.79, 
      7.92
    ], 
    [
      14.79, 
      10.0
    ], 
    [
      22.57, 
      10.0
    ], 
    [
      22.57, 
      0.17
    ], 
    [
      7.0, 
      0.17
    ], 
    [
      7.0, 
      3.69
    ], 
    [
      14.77, 
      3.69
    ], 
    [
      14.79, 
      3.71
    ], 
    [
      14.79, 
      4.91
    ], 
    [
      14.78, 
      4.92
    ], 
    [
      14.62, 
      4.92
    ], 
    [
      14.61, 
      4.91
    ], 
    [
      14.61, 
      3.81
    ], 
    [
      7.0, 
      3.81
    ], 
    [
      7.0, 
      7.04
    ], 
    [
      6.99, 
      7.05
    ], 
    [
      6.83, 
      7.05
    ], 
    [
      6.82, 
      7.04
    ], 
    [
      6.82, 
      7.02
    ], 
    [
      5.18, 
      7.02
    ], 
    [
      5.17, 
      7.01
    ], 
    [
      5.17, 
      6.9
    ], 
    [
      5.18, 
      6.89
    ], 
    [
      6.07, 
      6.89
    ], 
    [
      6.08, 
      6.9
    ], 
    [
      6.82, 
      6.9
    ], 
    [
      6.82, 
      0.16
    ], 
    [
      6.1, 
      0.16
    ], 
    [
      6.09, 
      0.15
    ], 
    [
      5.08, 
      0.15
    ], 
    [
      5.07, 
      0.14
    ], 
    [
      4.06, 
      0.14
    ], 
    [
      4.05, 
      0.13
    ], 
    [
      3.04, 
      0.13
    ], 
    [
      3.03, 
      0.12
    ], 
    [
      2.02, 
      0.12
    ], 
    [
      2.01, 
      0.11
    ], 
    [
      1.0, 
      0.11
    ], 
    [
      0.99, 
      0.1
    ]
  ], 
  "bbox": {
    "max": [
      22.57, 
      10.0
    ], 
    "min": [
      0.1, 
      0.1
    ]
  }, 
  "id": "58b77b91616fb00da2b5fd73a13d93e2"
}