{
  "room_category": {
    "Toilet": {
      "simulation_statistics": [
        {
          "not_completed_agents": 0, 
          "max_evacuation_time": 7.600011, 
          "min_evacuation_time": 5.350002, 
          "exit_flow_rate": 0.3947362707764502, 
          "completed_agents": 3, 
          "max_traveled_distance": 8.842299, 
          "avg_evacuation_time": 6.483340000000001, 
          "avg_traveled_distance": 7.752078333333333, 
          "min_traveled_distance": 6.437191
        }
      ], 
      "bounds": [
        [
          6.17, 
          5.03, 
          10.17, 
          8.55
        ]
      ]
    }, 
    "Dining_Room": {
      "simulation_statistics": [
        {
          "not_completed_agents": 0, 
          "max_evacuation_time": 5.550003, 
          "min_evacuation_time": 0.0, 
          "exit_flow_rate": 2.16216099342649, 
          "completed_agents": 12, 
          "max_traveled_distance": 7.034414, 
          "avg_evacuation_time": 2.595832666666667, 
          "avg_traveled_distance": 3.21351175, 
          "min_traveled_distance": 0.0
        }
      ], 
      "bounds": [
        [
          -0.64, 
          -0.02, 
          10.68, 
          5.22
        ]
      ]
    }, 
    "Kitchen": {
      "simulation_statistics": [
        {
          "not_completed_agents": 0, 
          "max_evacuation_time": 5.600003, 
          "min_evacuation_time": 0.0, 
          "exit_flow_rate": 2.142855994898574, 
          "completed_agents": 12, 
          "max_traveled_distance": 7.207615, 
          "avg_evacuation_time": 2.7999994166666666, 
          "avg_traveled_distance": 3.70782975, 
          "min_traveled_distance": 0.0
        }
      ], 
      "bounds": [
        [
          -0.64, 
          -0.02, 
          10.68, 
          5.22
        ]
      ]
    }
  }, 
  "room_num": 2, 
  "verts": [
    [
      0.11, 
      0.1
    ], 
    [
      0.1, 
      0.11
    ], 
    [
      0.1, 
      5.06
    ], 
    [
      6.16, 
      5.06
    ], 
    [
      6.17, 
      5.07
    ], 
    [
      6.39, 
      5.07
    ], 
    [
      6.4, 
      5.08
    ], 
    [
      6.4, 
      5.17
    ], 
    [
      6.39, 
      5.18
    ], 
    [
      6.28, 
      5.18
    ], 
    [
      6.28, 
      8.41
    ], 
    [
      10.06, 
      8.41
    ], 
    [
      10.06, 
      5.19
    ], 
    [
      8.04, 
      5.19
    ], 
    [
      8.03, 
      5.18
    ], 
    [
      8.03, 
      5.08
    ], 
    [
      8.04, 
      5.07
    ], 
    [
      10.06, 
      5.07
    ], 
    [
      10.06, 
      0.1
    ]
  ], 
  "bbox": {
    "max": [
      10.06, 
      8.41
    ], 
    "min": [
      0.1, 
      0.1
    ]
  }, 
  "id": "59be4c91c0fec013d93154794d60e54e"
}