{
  "room_category": {
    "Kitchen": {
      "simulation_statistics": [
        {
          "not_completed_agents": 0, 
          "max_evacuation_time": 1.3, 
          "min_evacuation_time": 0.3, 
          "exit_flow_rate": 3.0769230769230766, 
          "completed_agents": 4, 
          "max_traveled_distance": 1.649308, 
          "avg_evacuation_time": 0.825, 
          "avg_traveled_distance": 1.02241375, 
          "min_traveled_distance": 0.341726
        }
      ], 
      "bounds": [
        [
          1.37, 
          -0.03, 
          6.48, 
          3.69
        ]
      ]
    }, 
    "Bedroom": {
      "simulation_statistics": [
        {
          "not_completed_agents": 0, 
          "max_evacuation_time": 10.650023, 
          "min_evacuation_time": 7.25001, 
          "exit_flow_rate": 0.3755860433353055, 
          "completed_agents": 4, 
          "max_traveled_distance": 12.376864, 
          "avg_evacuation_time": 8.80001575, 
          "avg_traveled_distance": 10.985550499999999, 
          "min_traveled_distance": 9.259114
        }, 
        {
          "not_completed_agents": 0, 
          "max_evacuation_time": 12.450029, 
          "min_evacuation_time": 6.750008, 
          "exit_flow_rate": 0.481926588283449, 
          "completed_agents": 6, 
          "max_traveled_distance": 11.82677, 
          "avg_evacuation_time": 9.425017833333333, 
          "avg_traveled_distance": 10.398479666666667, 
          "min_traveled_distance": 8.001193
        }, 
        {
          "not_completed_agents": 0, 
          "max_evacuation_time": 16.500034, 
          "min_evacuation_time": 10.05002, 
          "exit_flow_rate": 0.3636356143266129, 
          "completed_agents": 6, 
          "max_traveled_distance": 16.023228, 
          "avg_evacuation_time": 12.925029166666667, 
          "avg_traveled_distance": 14.433840333333334, 
          "min_traveled_distance": 13.171971
        }
      ], 
      "bounds": [
        [
          4.62, 
          8.22, 
          7.8, 
          14.05
        ], 
        [
          -0.05, 
          8.22, 
          4.7, 
          14.05
        ], 
        [
          7.72, 
          8.22, 
          13.06, 
          14.05
        ]
      ]
    }
  }, 
  "room_num": 6, 
  "verts": [
    [
      1.49, 
      0.1
    ], 
    [
      1.48, 
      0.11
    ], 
    [
      1.48, 
      3.51
    ], 
    [
      2.37, 
      3.51
    ], 
    [
      2.38, 
      3.52
    ], 
    [
      2.38, 
      3.65
    ], 
    [
      2.37, 
      3.66
    ], 
    [
      0.13, 
      3.66
    ], 
    [
      0.13, 
      3.79
    ], 
    [
      0.12, 
      3.8
    ], 
    [
      0.12, 
      5.82
    ], 
    [
      0.11, 
      5.83
    ], 
    [
      0.11, 
      7.68
    ], 
    [
      0.1, 
      7.69
    ], 
    [
      0.1, 
      8.81
    ], 
    [
      1.99, 
      8.81
    ], 
    [
      2.0, 
      8.82
    ], 
    [
      2.0, 
      8.93
    ], 
    [
      1.99, 
      8.94
    ], 
    [
      0.1, 
      8.94
    ], 
    [
      0.1, 
      13.91
    ], 
    [
      4.6, 
      13.91
    ], 
    [
      4.6, 
      13.83
    ], 
    [
      4.61, 
      13.82
    ], 
    [
      4.61, 
      8.94
    ], 
    [
      3.01, 
      8.94
    ], 
    [
      3.0, 
      8.93
    ], 
    [
      3.0, 
      8.82
    ], 
    [
      3.01, 
      8.81
    ], 
    [
      4.77, 
      8.81
    ], 
    [
      4.78, 
      8.82
    ], 
    [
      4.78, 
      8.93
    ], 
    [
      4.77, 
      8.94
    ], 
    [
      4.72, 
      8.94
    ], 
    [
      4.72, 
      13.91
    ], 
    [
      7.7, 
      13.91
    ], 
    [
      7.7, 
      8.94
    ], 
    [
      5.79, 
      8.94
    ], 
    [
      5.78, 
      8.93
    ], 
    [
      5.78, 
      8.82
    ], 
    [
      5.79, 
      8.81
    ], 
    [
      6.48, 
      8.81
    ], 
    [
      6.48, 
      8.01
    ], 
    [
      6.47, 
      8.0
    ], 
    [
      6.47, 
      7.16
    ], 
    [
      6.48, 
      7.15
    ], 
    [
      6.59, 
      7.15
    ], 
    [
      6.6, 
      7.16
    ], 
    [
      6.6, 
      8.81
    ], 
    [
      9.76, 
      8.81
    ], 
    [
      9.77, 
      8.82
    ], 
    [
      9.77, 
      8.93
    ], 
    [
      9.76, 
      8.94
    ], 
    [
      7.82, 
      8.94
    ], 
    [
      7.82, 
      9.03
    ], 
    [
      7.81, 
      9.04
    ], 
    [
      7.81, 
      13.91
    ], 
    [
      12.92, 
      13.91
    ], 
    [
      12.92, 
      8.94
    ], 
    [
      10.78, 
      8.94
    ], 
    [
      10.77, 
      8.93
    ], 
    [
      10.77, 
      8.83
    ], 
    [
      10.78, 
      8.82
    ], 
    [
      12.92, 
      8.82
    ], 
    [
      12.92, 
      1.94
    ], 
    [
      6.63, 
      1.94
    ], 
    [
      6.62, 
      1.95
    ], 
    [
      6.62, 
      3.44
    ], 
    [
      6.61, 
      3.45
    ], 
    [
      6.61, 
      4.94
    ], 
    [
      6.6, 
      4.95
    ], 
    [
      6.47, 
      4.95
    ], 
    [
      6.46, 
      4.94
    ], 
    [
      6.46, 
      4.24
    ], 
    [
      6.45, 
      4.23
    ], 
    [
      6.45, 
      3.66
    ], 
    [
      5.49, 
      3.66
    ], 
    [
      5.48, 
      3.65
    ], 
    [
      5.48, 
      3.52
    ], 
    [
      5.49, 
      3.51
    ], 
    [
      6.37, 
      3.51
    ], 
    [
      6.37, 
      0.1
    ]
  ], 
  "bbox": {
    "max": [
      12.92, 
      13.91
    ], 
    "min": [
      0.1, 
      0.1
    ]
  }, 
  "id": "5a28b9dc2440f244ba45bbfb6c527207"
}