{
  "room_category": {
    "Garage": {
      "simulation_statistics": [
        {
          "not_completed_agents": 0, 
          "max_evacuation_time": 150.004547, 
          "min_evacuation_time": 10.600022, 
          "exit_flow_rate": 0.013332929167807159, 
          "completed_agents": 2, 
          "max_traveled_distance": 13.500167, 
          "avg_evacuation_time": 94.6227386, 
          "avg_traveled_distance": 7.9690878, 
          "min_traveled_distance": 5.072635
        }
      ], 
      "bounds": [
        [
          10.56, 
          -0.1, 
          15.75, 
          5.17
        ]
      ]
    }, 
    "Bathroom": {
      "simulation_statistics": [
        {
          "not_completed_agents": 0, 
          "max_evacuation_time": 9.000016, 
          "min_evacuation_time": 4.149998, 
          "exit_flow_rate": 0.5555545679029904, 
          "completed_agents": 5, 
          "max_traveled_distance": 7.674955, 
          "avg_evacuation_time": 6.3900062, 
          "avg_traveled_distance": 6.714474, 
          "min_traveled_distance": 5.321621
        }
      ], 
      "bounds": [
        [
          5.46, 
          -0.02, 
          10.65, 
          5.17
        ]
      ]
    }, 
    "Office": {
      "simulation_statistics": [
        {
          "not_completed_agents": 0, 
          "max_evacuation_time": 2.049999, 
          "min_evacuation_time": 0.0, 
          "exit_flow_rate": 2.9268306960149735, 
          "completed_agents": 6, 
          "max_traveled_distance": 2.564471, 
          "avg_evacuation_time": 0.9249998333333335, 
          "avg_traveled_distance": 1.1536195, 
          "min_traveled_distance": 0.0
        }
      ], 
      "bounds": [
        [
          -0.02, 
          -0.02, 
          5.55, 
          5.17
        ]
      ]
    }
  }, 
  "room_num": 3, 
  "verts": [
    [
      0.11, 
      0.1
    ], 
    [
      0.1, 
      0.11
    ], 
    [
      0.1, 
      5.06
    ], 
    [
      5.45, 
      5.06
    ], 
    [
      5.45, 
      4.98
    ], 
    [
      5.46, 
      4.97
    ], 
    [
      5.46, 
      3.19
    ], 
    [
      5.47, 
      3.18
    ], 
    [
      5.56, 
      3.18
    ], 
    [
      5.57, 
      3.19
    ], 
    [
      5.57, 
      5.06
    ], 
    [
      10.55, 
      5.06
    ], 
    [
      10.55, 
      0.75
    ], 
    [
      10.56, 
      0.74
    ], 
    [
      10.65, 
      0.74
    ], 
    [
      10.66, 
      0.75
    ], 
    [
      10.66, 
      5.06
    ], 
    [
      15.64, 
      5.06
    ], 
    [
      15.64, 
      0.1
    ], 
    [
      5.57, 
      0.1
    ], 
    [
      5.57, 
      1.97
    ], 
    [
      5.56, 
      1.98
    ], 
    [
      5.47, 
      1.98
    ], 
    [
      5.46, 
      1.97
    ], 
    [
      5.46, 
      0.1
    ]
  ], 
  "bbox": {
    "max": [
      15.64, 
      5.06
    ], 
    "min": [
      0.1, 
      0.1
    ]
  }, 
  "id": "5ad7932bf1170549c66504b8ebf8a701"
}