{
  "room_category": {
    "Room": {
      "simulation_statistics": [
        {
          "not_completed_agents": 0, 
          "max_evacuation_time": 12.70003, 
          "min_evacuation_time": 11.300025, 
          "exit_flow_rate": 0.15747994296076467, 
          "completed_agents": 2, 
          "max_traveled_distance": 14.294951, 
          "avg_evacuation_time": 12.0000275, 
          "avg_traveled_distance": 13.797291, 
          "min_traveled_distance": 13.299631
        }, 
        {
          "not_completed_agents": 0, 
          "max_evacuation_time": 17.200024, 
          "min_evacuation_time": 15.850042, 
          "exit_flow_rate": 0.11627890751780347, 
          "completed_agents": 2, 
          "max_traveled_distance": 18.361668, 
          "avg_evacuation_time": 16.525033, 
          "avg_traveled_distance": 17.7672655, 
          "min_traveled_distance": 17.172863
        }
      ], 
      "bounds": [
        [
          6.86, 
          -0.05, 
          9.65, 
          3.74
        ], 
        [
          9.56, 
          -0.02, 
          12.06, 
          3.74
        ]
      ]
    }
  }, 
  "room_num": 6, 
  "verts": [
    [
      0.11, 
      0.1
    ], 
    [
      0.1, 
      0.11
    ], 
    [
      0.1, 
      8.56
    ], 
    [
      6.85, 
      8.56
    ], 
    [
      6.86, 
      8.55
    ], 
    [
      6.96, 
      8.55
    ], 
    [
      6.97, 
      8.56
    ], 
    [
      11.93, 
      8.56
    ], 
    [
      11.93, 
      6.07
    ], 
    [
      11.92, 
      6.06
    ], 
    [
      11.92, 
      3.73
    ], 
    [
      11.26, 
      3.73
    ], 
    [
      11.25, 
      3.72
    ], 
    [
      11.25, 
      3.62
    ], 
    [
      11.26, 
      3.61
    ], 
    [
      11.92, 
      3.61
    ], 
    [
      11.92, 
      0.1
    ], 
    [
      9.67, 
      0.1
    ], 
    [
      9.67, 
      0.13
    ], 
    [
      9.66, 
      0.14
    ], 
    [
      9.66, 
      3.61
    ], 
    [
      10.24, 
      3.61
    ], 
    [
      10.25, 
      3.62
    ], 
    [
      10.25, 
      3.72
    ], 
    [
      10.24, 
      3.73
    ], 
    [
      8.66, 
      3.73
    ], 
    [
      8.65, 
      3.72
    ], 
    [
      8.65, 
      3.62
    ], 
    [
      8.66, 
      3.61
    ], 
    [
      9.55, 
      3.61
    ], 
    [
      9.55, 
      0.1
    ], 
    [
      6.97, 
      0.1
    ], 
    [
      6.97, 
      0.13
    ], 
    [
      6.96, 
      0.14
    ], 
    [
      6.96, 
      3.61
    ], 
    [
      7.64, 
      3.61
    ], 
    [
      7.65, 
      3.62
    ], 
    [
      7.65, 
      3.72
    ], 
    [
      7.64, 
      3.73
    ], 
    [
      6.97, 
      3.73
    ], 
    [
      6.97, 
      6.2
    ], 
    [
      6.96, 
      6.21
    ], 
    [
      6.86, 
      6.21
    ], 
    [
      6.85, 
      6.2
    ], 
    [
      6.85, 
      3.73
    ], 
    [
      3.89, 
      3.73
    ], 
    [
      3.89, 
      6.16
    ], 
    [
      3.9, 
      6.17
    ], 
    [
      3.89, 
      6.18
    ], 
    [
      3.79, 
      6.18
    ], 
    [
      3.78, 
      6.17
    ], 
    [
      3.78, 
      3.73
    ], 
    [
      2.93, 
      3.73
    ], 
    [
      2.91, 
      3.71
    ], 
    [
      2.91, 
      2.38
    ], 
    [
      2.92, 
      2.37
    ], 
    [
      3.02, 
      2.37
    ], 
    [
      3.03, 
      2.38
    ], 
    [
      3.03, 
      3.61
    ], 
    [
      6.85, 
      3.61
    ], 
    [
      6.85, 
      0.1
    ], 
    [
      3.03, 
      0.1
    ], 
    [
      3.03, 
      1.22
    ], 
    [
      3.02, 
      1.23
    ], 
    [
      2.92, 
      1.23
    ], 
    [
      2.91, 
      1.22
    ], 
    [
      2.91, 
      0.1
    ]
  ], 
  "bbox": {
    "max": [
      11.93, 
      8.56
    ], 
    "min": [
      0.1, 
      0.1
    ]
  }, 
  "id": "5af246e78a3cd119b85b04eb87221165"
}