{
  "room_category": {
    "Gym": {
      "simulation_statistics": [
        {
          "not_completed_agents": 0, 
          "max_evacuation_time": 34.149765, 
          "min_evacuation_time": 11.600026, 
          "exit_flow_rate": 0.20497944861406805, 
          "completed_agents": 7, 
          "max_traveled_distance": 31.704454, 
          "avg_evacuation_time": 25.82845142857143, 
          "avg_traveled_distance": 28.226335142857145, 
          "min_traveled_distance": 14.48616
        }
      ], 
      "bounds": [
        [
          0.07, 
          6.94, 
          5.85, 
          12.87
        ]
      ]
    }, 
    "Bedroom": {
      "simulation_statistics": [
        {
          "not_completed_agents": 0, 
          "max_evacuation_time": 35.499744, 
          "min_evacuation_time": 3.699998, 
          "exit_flow_rate": 0.19718452054189461, 
          "completed_agents": 7, 
          "max_traveled_distance": 15.330363, 
          "avg_evacuation_time": 9.857109142857142, 
          "avg_traveled_distance": 7.293914571428572, 
          "min_traveled_distance": 4.725735
        }, 
        {
          "not_completed_agents": 0, 
          "max_evacuation_time": 2.649999, 
          "min_evacuation_time": 0.0, 
          "exit_flow_rate": 2.641510430758653, 
          "completed_agents": 7, 
          "max_traveled_distance": 3.353352, 
          "avg_evacuation_time": 1.3214281428571428, 
          "avg_traveled_distance": 1.665490857142857, 
          "min_traveled_distance": 0.0
        }, 
        {
          "not_completed_agents": 0, 
          "max_evacuation_time": 32.049797, 
          "min_evacuation_time": 21.949951, 
          "exit_flow_rate": 0.2184101197271234, 
          "completed_agents": 7, 
          "max_traveled_distance": 28.626007, 
          "avg_evacuation_time": 26.099887857142857, 
          "avg_traveled_distance": 26.776207857142857, 
          "min_traveled_distance": 25.034054
        }
      ], 
      "bounds": [
        [
          5.72, 
          -0.05, 
          11.41, 
          5.89
        ], 
        [
          -0.01, 
          -0.05, 
          5.81, 
          5.89
        ], 
        [
          5.72, 
          6.94, 
          11.39, 
          12.87
        ]
      ]
    }, 
    "Living_Room": {
      "simulation_statistics": [
        {
          "not_completed_agents": 0, 
          "max_evacuation_time": 32.899784, 
          "min_evacuation_time": 13.750034, 
          "exit_flow_rate": 0.39513937234359964, 
          "completed_agents": 13, 
          "max_traveled_distance": 25.762486, 
          "avg_evacuation_time": 18.742300692307694, 
          "avg_traveled_distance": 20.428910076923078, 
          "min_traveled_distance": 16.911976
        }
      ], 
      "bounds": [
        [
          11.3, 
          5.18, 
          19.61, 
          12.85
        ]
      ]
    }, 
    "Kitchen": {
      "simulation_statistics": [
        {
          "not_completed_agents": 0, 
          "max_evacuation_time": 26.099888, 
          "min_evacuation_time": 8.900016, 
          "exit_flow_rate": 0.3065147252739169, 
          "completed_agents": 8, 
          "max_traveled_distance": 20.738403, 
          "avg_evacuation_time": 12.793756375, 
          "avg_traveled_distance": 14.682035875, 
          "min_traveled_distance": 11.424306
        }
      ], 
      "bounds": [
        [
          11.32, 
          -0.02, 
          18.87, 
          5.31
        ]
      ]
    }
  }, 
  "room_num": 6, 
  "verts": [
    [
      0.11, 
      0.1
    ], 
    [
      0.1, 
      0.11
    ], 
    [
      0.1, 
      5.16
    ], 
    [
      5.7, 
      5.16
    ], 
    [
      5.7, 
      3.24
    ], 
    [
      5.71, 
      3.23
    ], 
    [
      5.82, 
      3.23
    ], 
    [
      5.83, 
      3.24
    ], 
    [
      5.83, 
      5.16
    ], 
    [
      11.29, 
      5.16
    ], 
    [
      11.29, 
      4.46
    ], 
    [
      11.3, 
      4.45
    ], 
    [
      11.41, 
      4.45
    ], 
    [
      11.42, 
      4.46
    ], 
    [
      11.42, 
      5.07
    ], 
    [
      14.48, 
      5.07
    ], 
    [
      14.49, 
      5.08
    ], 
    [
      14.49, 
      5.17
    ], 
    [
      14.48, 
      5.18
    ], 
    [
      14.37, 
      5.18
    ], 
    [
      14.37, 
      5.28
    ], 
    [
      14.36, 
      5.29
    ], 
    [
      11.41, 
      5.29
    ], 
    [
      11.41, 
      9.58
    ], 
    [
      11.4, 
      9.59
    ], 
    [
      11.3, 
      9.59
    ], 
    [
      11.29, 
      9.58
    ], 
    [
      11.29, 
      7.66
    ], 
    [
      5.86, 
      7.66
    ], 
    [
      5.86, 
      8.19
    ], 
    [
      5.85, 
      8.2
    ], 
    [
      5.85, 
      9.46
    ], 
    [
      5.84, 
      9.47
    ], 
    [
      5.84, 
      9.58
    ], 
    [
      5.83, 
      9.59
    ], 
    [
      5.72, 
      9.59
    ], 
    [
      5.71, 
      9.58
    ], 
    [
      5.71, 
      7.66
    ], 
    [
      5.59, 
      7.66
    ], 
    [
      5.58, 
      7.67
    ], 
    [
      4.57, 
      7.67
    ], 
    [
      4.56, 
      7.66
    ], 
    [
      0.8, 
      7.66
    ], 
    [
      0.79, 
      7.67
    ], 
    [
      0.79, 
      12.73
    ], 
    [
      5.71, 
      12.73
    ], 
    [
      5.71, 
      10.8
    ], 
    [
      5.72, 
      10.79
    ], 
    [
      5.82, 
      10.79
    ], 
    [
      5.83, 
      10.8
    ], 
    [
      5.83, 
      12.73
    ], 
    [
      11.29, 
      12.73
    ], 
    [
      11.29, 
      10.8
    ], 
    [
      11.3, 
      10.79
    ], 
    [
      11.4, 
      10.79
    ], 
    [
      11.41, 
      10.8
    ], 
    [
      11.41, 
      12.73
    ], 
    [
      18.75, 
      12.73
    ], 
    [
      18.75, 
      5.29
    ], 
    [
      16.02, 
      5.29
    ], 
    [
      16.01, 
      5.28
    ], 
    [
      16.01, 
      5.18
    ], 
    [
      15.7, 
      5.18
    ], 
    [
      15.69, 
      5.17
    ], 
    [
      15.69, 
      5.08
    ], 
    [
      15.7, 
      5.07
    ], 
    [
      18.76, 
      5.07
    ], 
    [
      18.76, 
      0.1
    ], 
    [
      11.42, 
      0.1
    ], 
    [
      11.42, 
      3.24
    ], 
    [
      11.41, 
      3.25
    ], 
    [
      11.3, 
      3.25
    ], 
    [
      11.29, 
      3.24
    ], 
    [
      11.29, 
      2.54
    ], 
    [
      11.3, 
      2.53
    ], 
    [
      11.3, 
      0.1
    ], 
    [
      5.83, 
      0.1
    ], 
    [
      5.83, 
      2.02
    ], 
    [
      5.82, 
      2.03
    ], 
    [
      5.72, 
      2.03
    ], 
    [
      5.71, 
      2.02
    ], 
    [
      5.71, 
      0.1
    ]
  ], 
  "bbox": {
    "max": [
      18.76, 
      12.73
    ], 
    "min": [
      0.1, 
      0.1
    ]
  }, 
  "id": "5b70aebad65a40ce4a97dbb97a9d79f2"
}