{
  "room_category": {
    "Toilet": [
      [
        1.7, 
        1.79, 
        3.29, 
        2.42
      ], 
      [
        1.7, 
        1.25, 
        3.29, 
        1.88
      ], 
      [
        -0.02, 
        1.25, 
        1.57, 
        1.88
      ], 
      [
        -0.02, 
        1.79, 
        1.57, 
        2.42
      ]
    ], 
    "Lobby": {
      "simulation_statistics": [
        {
          "not_completed_agents": 0, 
          "max_evacuation_time": 9.600019, 
          "min_evacuation_time": 0.85, 
          "exit_flow_rate": 2.812494433604767, 
          "completed_agents": 27, 
          "max_traveled_distance": 9.871669, 
          "avg_evacuation_time": 5.261115222222223, 
          "avg_traveled_distance": 6.265189074074073, 
          "min_traveled_distance": 1.162802
        }
      ], 
      "bounds": [
        [
          -0.02, 
          -9.2, 
          11.0, 
          3.21
        ]
      ]
    }
  }, 
  "room_num": 7, 
  "verts": [
    [
      0.11, 
      0.1
    ], 
    [
      0.1, 
      0.11
    ], 
    [
      0.1, 
      1.24
    ], 
    [
      1.03, 
      1.24
    ], 
    [
      1.04, 
      1.25
    ], 
    [
      1.04, 
      1.36
    ], 
    [
      1.03, 
      1.37
    ], 
    [
      0.94, 
      1.37
    ], 
    [
      0.93, 
      1.36
    ], 
    [
      0.1, 
      1.36
    ], 
    [
      0.1, 
      1.78
    ], 
    [
      0.93, 
      1.78
    ], 
    [
      0.93, 
      1.72
    ], 
    [
      0.94, 
      1.71
    ], 
    [
      1.03, 
      1.71
    ], 
    [
      1.04, 
      1.72
    ], 
    [
      1.04, 
      1.89
    ], 
    [
      1.03, 
      1.9
    ], 
    [
      0.99, 
      1.9
    ], 
    [
      0.98, 
      1.89
    ], 
    [
      0.1, 
      1.89
    ], 
    [
      0.1, 
      2.31
    ], 
    [
      0.93, 
      2.31
    ], 
    [
      0.93, 
      2.24
    ], 
    [
      0.94, 
      2.23
    ], 
    [
      1.03, 
      2.23
    ], 
    [
      1.04, 
      2.24
    ], 
    [
      1.04, 
      2.29
    ], 
    [
      1.27, 
      2.29
    ], 
    [
      1.28, 
      2.3
    ], 
    [
      1.61, 
      2.3
    ], 
    [
      1.62, 
      2.31
    ], 
    [
      1.69, 
      2.31
    ], 
    [
      1.69, 
      1.25
    ], 
    [
      1.7, 
      1.24
    ], 
    [
      2.75, 
      1.24
    ], 
    [
      2.76, 
      1.25
    ], 
    [
      2.76, 
      1.35
    ], 
    [
      2.75, 
      1.36
    ], 
    [
      1.81, 
      1.36
    ], 
    [
      1.81, 
      1.78
    ], 
    [
      2.65, 
      1.78
    ], 
    [
      2.65, 
      1.67
    ], 
    [
      2.66, 
      1.66
    ], 
    [
      2.75, 
      1.66
    ], 
    [
      2.76, 
      1.67
    ], 
    [
      2.76, 
      1.89
    ], 
    [
      2.75, 
      1.9
    ], 
    [
      1.81, 
      1.9
    ], 
    [
      1.81, 
      2.31
    ], 
    [
      2.65, 
      2.31
    ], 
    [
      2.65, 
      2.21
    ], 
    [
      2.66, 
      2.2
    ], 
    [
      2.75, 
      2.2
    ], 
    [
      2.76, 
      2.21
    ], 
    [
      2.76, 
      2.29
    ], 
    [
      2.99, 
      2.29
    ], 
    [
      3.0, 
      2.3
    ], 
    [
      3.33, 
      2.3
    ], 
    [
      3.34, 
      2.31
    ], 
    [
      3.4, 
      2.31
    ], 
    [
      3.4, 
      0.1
    ]
  ], 
  "bbox": {
    "max": [
      3.4, 
      2.31
    ], 
    "min": [
      0.1, 
      0.1
    ]
  }, 
  "id": "5fc6f41dd25d20bf3f37863bdc7f1174"
}