{
  "room_category": {
    "Toilet": {
      "simulation_statistics": [
        {
          "not_completed_agents": 0, 
          "max_evacuation_time": 6.750008, 
          "min_evacuation_time": 5.150002, 
          "exit_flow_rate": 0.44444391769609753, 
          "completed_agents": 3, 
          "max_traveled_distance": 8.57604, 
          "avg_evacuation_time": 5.933338, 
          "avg_traveled_distance": 7.841031666666667, 
          "min_traveled_distance": 7.425768
        }
      ], 
      "bounds": [
        [
          7.91, 
          -0.05, 
          12.12, 
          3.77
        ]
      ]
    }, 
    "Bathroom": {
      "simulation_statistics": [
        {
          "not_completed_agents": 0, 
          "max_evacuation_time": 14.650038, 
          "min_evacuation_time": 7.800012, 
          "exit_flow_rate": 0.2047776258327794, 
          "completed_agents": 3, 
          "max_traveled_distance": 10.877056, 
          "avg_evacuation_time": 11.900027333333334, 
          "avg_traveled_distance": 10.078967, 
          "min_traveled_distance": 8.726405
        }
      ], 
      "bounds": [
        [
          7.91, 
          -0.05, 
          12.12, 
          3.77
        ]
      ]
    }, 
    "Bedroom": {
      "simulation_statistics": [
        {
          "not_completed_agents": 0, 
          "max_evacuation_time": 16.500034, 
          "min_evacuation_time": 0.2, 
          "exit_flow_rate": 1.212118714422043, 
          "completed_agents": 20, 
          "max_traveled_distance": 20.682913, 
          "avg_evacuation_time": 4.7150042, 
          "avg_traveled_distance": 5.6386736, 
          "min_traveled_distance": 0.30869
        }
      ], 
      "bounds": [
        [
          -0.02, 
          -0.05, 
          12.09, 
          8.18
        ]
      ]
    }
  }, 
  "room_num": 3, 
  "verts": [
    [
      0.11, 
      0.1
    ], 
    [
      0.1, 
      0.11
    ], 
    [
      0.1, 
      7.37
    ], 
    [
      7.93, 
      7.37
    ], 
    [
      7.93, 
      6.28
    ], 
    [
      7.94, 
      6.27
    ], 
    [
      8.03, 
      6.27
    ], 
    [
      8.04, 
      6.28
    ], 
    [
      8.04, 
      7.37
    ], 
    [
      11.98, 
      7.37
    ], 
    [
      11.98, 
      3.79
    ], 
    [
      8.04, 
      3.79
    ], 
    [
      8.04, 
      4.42
    ], 
    [
      8.03, 
      4.43
    ], 
    [
      7.94, 
      4.43
    ], 
    [
      7.93, 
      4.42
    ], 
    [
      7.93, 
      0.91
    ], 
    [
      7.94, 
      0.9
    ], 
    [
      8.03, 
      0.9
    ], 
    [
      8.04, 
      0.91
    ], 
    [
      8.04, 
      3.66
    ], 
    [
      11.98, 
      3.66
    ], 
    [
      11.98, 
      0.1
    ], 
    [
      8.04, 
      0.1
    ], 
    [
      8.04, 
      0.15
    ], 
    [
      8.03, 
      0.16
    ], 
    [
      7.94, 
      0.16
    ], 
    [
      7.93, 
      0.15
    ], 
    [
      7.93, 
      0.1
    ]
  ], 
  "bbox": {
    "max": [
      11.98, 
      7.37
    ], 
    "min": [
      0.1, 
      0.1
    ]
  }, 
  "id": "6063679a0d1abc867db824b6eff88675"
}