{
  "room_category": {
    "Hallway": {
      "simulation_statistics": [
        {
          "not_completed_agents": 0, 
          "max_evacuation_time": 74.899971, 
          "min_evacuation_time": 11.600026, 
          "exit_flow_rate": 0.17356482020533762, 
          "completed_agents": 13, 
          "max_traveled_distance": 53.529671, 
          "avg_evacuation_time": 43.12279115384615, 
          "avg_traveled_distance": 37.38041130769231, 
          "min_traveled_distance": 11.735338
        }
      ], 
      "bounds": [
        [
          10.2, 
          5.11, 
          14.01, 
          21.85
        ]
      ]
    }, 
    "Bathroom": {
      "simulation_statistics": [
        {
          "not_completed_agents": 0, 
          "max_evacuation_time": 1.699999, 
          "min_evacuation_time": 0.0, 
          "exit_flow_rate": 2.3529425605544474, 
          "completed_agents": 4, 
          "max_traveled_distance": 2.573604, 
          "avg_evacuation_time": 0.7249997499999999, 
          "avg_traveled_distance": 0.9971847500000001, 
          "min_traveled_distance": 0.0
        }, 
        {
          "not_completed_agents": 0, 
          "max_evacuation_time": 72.299812, 
          "min_evacuation_time": 21.799953, 
          "exit_flow_rate": 0.06915647304864361, 
          "completed_agents": 5, 
          "max_traveled_distance": 37.551025, 
          "avg_evacuation_time": 36.2698584, 
          "avg_traveled_distance": 28.5527518, 
          "min_traveled_distance": 21.763897
        }
      ], 
      "bounds": [
        [
          16.74, 
          -0.05, 
          20.86, 
          5.2
        ], 
        [
          12.68, 
          8.98, 
          20.86, 
          11.89
        ]
      ]
    }, 
    "Office": {
      "simulation_statistics": [
        {
          "not_completed_agents": 0, 
          "max_evacuation_time": 41.299656, 
          "min_evacuation_time": 12.350029, 
          "exit_flow_rate": 0.14527966044075524, 
          "completed_agents": 6, 
          "max_traveled_distance": 35.219151, 
          "avg_evacuation_time": 24.116572333333334, 
          "avg_traveled_distance": 23.041051666666664, 
          "min_traveled_distance": 14.420512
        }
      ], 
      "bounds": [
        [
          5.83, 
          -0.02, 
          10.33, 
          6.79
        ]
      ]
    }, 
    "Aeration": {
      "simulation_statistics": [
        {
          "not_completed_agents": 0, 
          "max_evacuation_time": 76.20005, 
          "min_evacuation_time": 20.599972, 
          "exit_flow_rate": 0.09186345678250867, 
          "completed_agents": 7, 
          "max_traveled_distance": 47.358452, 
          "avg_evacuation_time": 45.92114628571429, 
          "avg_traveled_distance": 30.310517428571426, 
          "min_traveled_distance": 24.801559
        }
      ], 
      "bounds": [
        [
          -0.02, 
          0.02, 
          5.94, 
          5.9
        ]
      ]
    }, 
    "Dining_Room": {
      "simulation_statistics": [
        {
          "not_completed_agents": 0, 
          "max_evacuation_time": 62.549332, 
          "min_evacuation_time": 26.59988, 
          "exit_flow_rate": 0.07993690484176554, 
          "completed_agents": 5, 
          "max_traveled_distance": 52.342957, 
          "avg_evacuation_time": 37.489714, 
          "avg_traveled_distance": 35.459189200000004, 
          "min_traveled_distance": 27.140156
        }
      ], 
      "bounds": [
        [
          13.31, 
          11.79, 
          20.85, 
          15.11
        ]
      ]
    }, 
    "Storage": {
      "simulation_statistics": [
        {
          "not_completed_agents": 0, 
          "max_evacuation_time": 52.14949, 
          "min_evacuation_time": 23.799923, 
          "exit_flow_rate": 0.05752692883477863, 
          "completed_agents": 3, 
          "max_traveled_distance": 46.857506, 
          "avg_evacuation_time": 38.46636566666667, 
          "avg_traveled_distance": 37.80911, 
          "min_traveled_distance": 27.040058
        }
      ], 
      "bounds": [
        [
          5.8, 
          11.79, 
          10.32, 
          15.35
        ]
      ]
    }, 
    "Garage": {
      "simulation_statistics": [
        {
          "not_completed_agents": 0, 
          "max_evacuation_time": 73.24987, 
          "min_evacuation_time": 37.74971, 
          "exit_flow_rate": 0.10921521089388964, 
          "completed_agents": 8, 
          "max_traveled_distance": 48.492889, 
          "avg_evacuation_time": 50.549602375, 
          "avg_traveled_distance": 41.88620375, 
          "min_traveled_distance": 37.77272
        }
      ], 
      "bounds": [
        [
          20.72, 
          15.1, 
          26.66, 
          21.6
        ]
      ]
    }, 
    "Bedroom": {
      "simulation_statistics": [
        {
          "not_completed_agents": 0, 
          "max_evacuation_time": 13.000031, 
          "min_evacuation_time": 4.249998, 
          "exit_flow_rate": 0.6153831479324934, 
          "completed_agents": 8, 
          "max_traveled_distance": 12.10435, 
          "avg_evacuation_time": 7.606260875, 
          "avg_traveled_distance": 7.957652250000001, 
          "min_traveled_distance": 3.713503
        }
      ], 
      "bounds": [
        [
          10.2, 
          -0.02, 
          17.43, 
          5.23
        ]
      ]
    }, 
    "Guest_Room": {
      "simulation_statistics": [
        {
          "not_completed_agents": 0, 
          "max_evacuation_time": 57.599407, 
          "min_evacuation_time": 13.750034, 
          "exit_flow_rate": 0.08680644924000694, 
          "completed_agents": 5, 
          "max_traveled_distance": 46.165161, 
          "avg_evacuation_time": 37.499705399999996, 
          "avg_traveled_distance": 32.8303538, 
          "min_traveled_distance": 16.687967
        }
      ], 
      "bounds": [
        [
          5.78, 
          6.7, 
          10.32, 
          11.88
        ]
      ]
    }, 
    "Hall": {
      "simulation_statistics": [
        {
          "not_completed_agents": 0, 
          "max_evacuation_time": 51.299503, 
          "min_evacuation_time": 19.599987, 
          "exit_flow_rate": 0.1754402961759688, 
          "completed_agents": 9, 
          "max_traveled_distance": 41.116234, 
          "avg_evacuation_time": 37.205273777777776, 
          "avg_traveled_distance": 35.177884666666664, 
          "min_traveled_distance": 25.817884
        }
      ], 
      "bounds": [
        [
          13.31, 
          15.03, 
          20.83, 
          21.09
        ]
      ]
    }, 
    "Child_Room": {
      "simulation_statistics": [
        {
          "not_completed_agents": 0, 
          "max_evacuation_time": 77.600136, 
          "min_evacuation_time": 21.34996, 
          "exit_flow_rate": 0.07731945212054782, 
          "completed_agents": 6, 
          "max_traveled_distance": 59.41864, 
          "avg_evacuation_time": 41.583157166666666, 
          "avg_traveled_distance": 35.391023833333335, 
          "min_traveled_distance": 21.467175
        }
      ], 
      "bounds": [
        [
          13.28, 
          5.17, 
          20.86, 
          9.07
        ]
      ]
    }, 
    "Kitchen": {
      "simulation_statistics": [
        {
          "not_completed_agents": 0, 
          "max_evacuation_time": 150.004547, 
          "min_evacuation_time": 30.899815, 
          "exit_flow_rate": 0.026665858335614318, 
          "completed_agents": 4, 
          "max_traveled_distance": 52.139874, 
          "avg_evacuation_time": 69.5706474, 
          "avg_traveled_distance": 32.5553914, 
          "min_traveled_distance": 7.05011
        }
      ],