{
  "room_category": {
    "Room": {
      "simulation_statistics": [
        {
          "not_completed_agents": 0, 
          "max_evacuation_time": 6.650007, 
          "min_evacuation_time": 3.199998, 
          "exit_flow_rate": 0.4511273446779831, 
          "completed_agents": 3, 
          "max_traveled_distance": 5.058415, 
          "avg_evacuation_time": 4.866668333333333, 
          "avg_traveled_distance": 4.7320590000000005, 
          "min_traveled_distance": 4.456551
        }, 
        {
          "not_completed_agents": 0, 
          "max_evacuation_time": 10.300021, 
          "min_evacuation_time": 0.25, 
          "exit_flow_rate": 1.3592205297445512, 
          "completed_agents": 14, 
          "max_traveled_distance": 8.093655, 
          "avg_evacuation_time": 5.010718928571428, 
          "avg_traveled_distance": 5.061350285714285, 
          "min_traveled_distance": 0.308999
        }
      ], 
      "bounds": [
        [
          0.02, 
          3.6, 
          5.69, 
          3.69
        ], 
        [
          5.6, 
          -0.01, 
          5.69, 
          5.95
        ], 
        [
          -0.01, 
          4.59, 
          5.69, 
          7.47
        ], 
        [
          -0.05, 
          -0.05, 
          9.49, 
          7.44
        ]
      ]
    }
  }, 
  "room_num": 4, 
  "verts": [
    [
      0.11, 
      0.1
    ], 
    [
      0.1, 
      0.11
    ], 
    [
      0.1, 
      3.59
    ], 
    [
      2.23, 
      3.59
    ], 
    [
      2.24, 
      3.6
    ], 
    [
      2.24, 
      3.69
    ], 
    [
      2.23, 
      3.7
    ], 
    [
      0.1, 
      3.7
    ], 
    [
      0.1, 
      7.33
    ], 
    [
      5.58, 
      7.33
    ], 
    [
      5.58, 
      5.96
    ], 
    [
      5.59, 
      5.95
    ], 
    [
      5.59, 
      3.7
    ], 
    [
      3.45, 
      3.7
    ], 
    [
      3.44, 
      3.69
    ], 
    [
      3.44, 
      3.6
    ], 
    [
      3.45, 
      3.59
    ], 
    [
      5.59, 
      3.59
    ], 
    [
      5.59, 
      2.45
    ], 
    [
      5.6, 
      2.44
    ], 
    [
      5.69, 
      2.44
    ], 
    [
      5.7, 
      2.45
    ], 
    [
      5.7, 
      5.84
    ], 
    [
      9.35, 
      5.84
    ], 
    [
      9.35, 
      0.1
    ], 
    [
      5.7, 
      0.1
    ], 
    [
      5.7, 
      1.23
    ], 
    [
      5.69, 
      1.24
    ], 
    [
      5.6, 
      1.24
    ], 
    [
      5.59, 
      1.23
    ], 
    [
      5.59, 
      0.1
    ]
  ], 
  "bbox": {
    "max": [
      9.35, 
      7.33
    ], 
    "min": [
      0.1, 
      0.1
    ]
  }, 
  "id": "6214c9d6ae3c1f9e17386ea359578416"
}