{
  "room_category": {
    "Bathroom": {
      "simulation_statistics": [
        {
          "not_completed_agents": 0, 
          "max_evacuation_time": 16.15004, 
          "min_evacuation_time": 12.100028, 
          "exit_flow_rate": 0.30959675641670237, 
          "completed_agents": 5, 
          "max_traveled_distance": 18.142637, 
          "avg_evacuation_time": 14.010034600000001, 
          "avg_traveled_distance": 16.882240799999998, 
          "min_traveled_distance": 15.779992
        }
      ], 
      "bounds": [
        [
          15.76, 
          -0.02, 
          22.19, 
          3.65
        ]
      ]
    }, 
    "Living_Room": {
      "simulation_statistics": [
        {
          "not_completed_agents": 0, 
          "max_evacuation_time": 5.350002, 
          "min_evacuation_time": 0.0, 
          "exit_flow_rate": 2.9906530876063226, 
          "completed_agents": 16, 
          "max_traveled_distance": 7.074237, 
          "avg_evacuation_time": 2.8406240625, 
          "avg_traveled_distance": 3.7024955625000002, 
          "min_traveled_distance": 0.0
        }
      ], 
      "bounds": [
        [
          -0.7, 
          -0.05, 
          10.8, 
          6.73
        ]
      ]
    }, 
    "Kitchen": {
      "simulation_statistics": [
        {
          "not_completed_agents": 0, 
          "max_evacuation_time": 9.300017, 
          "min_evacuation_time": 5.000001, 
          "exit_flow_rate": 0.9677401664964698, 
          "completed_agents": 9, 
          "max_traveled_distance": 11.817225, 
          "avg_evacuation_time": 7.144453555555556, 
          "avg_traveled_distance": 9.282498888888888, 
          "min_traveled_distance": 6.592021
        }
      ], 
      "bounds": [
        [
          10.37, 
          -0.05, 
          17.19, 
          6.73
        ]
      ]
    }
  }, 
  "room_num": 3, 
  "verts": [
    [
      2.0, 
      0.1
    ], 
    [
      1.99, 
      0.11
    ], 
    [
      1.99, 
      1.81
    ], 
    [
      1.97, 
      1.83
    ], 
    [
      0.11, 
      1.83
    ], 
    [
      0.1, 
      1.84
    ], 
    [
      0.1, 
      6.59
    ], 
    [
      16.35, 
      6.59
    ], 
    [
      16.35, 
      3.66
    ], 
    [
      16.36, 
      3.65
    ], 
    [
      16.36, 
      1.12
    ], 
    [
      16.37, 
      1.11
    ], 
    [
      16.47, 
      1.11
    ], 
    [
      16.48, 
      1.12
    ], 
    [
      16.48, 
      3.54
    ], 
    [
      22.08, 
      3.54
    ], 
    [
      22.08, 
      0.1
    ], 
    [
      16.48, 
      0.1
    ], 
    [
      16.47, 
      0.11
    ], 
    [
      16.37, 
      0.11
    ], 
    [
      16.36, 
      0.1
    ]
  ], 
  "bbox": {
    "max": [
      22.08, 
      6.59
    ], 
    "min": [
      0.1, 
      0.1
    ]
  }, 
  "id": "62f722b08e288a8bfa021e24090c9926"
}