{
  "room_category": {
    "Bathroom": {
      "simulation_statistics": [
        {
          "not_completed_agents": 0, 
          "max_evacuation_time": 14.800038, 
          "min_evacuation_time": 11.650026, 
          "exit_flow_rate": 0.20270218225115366, 
          "completed_agents": 3, 
          "max_traveled_distance": 17.932007, 
          "avg_evacuation_time": 13.200032, 
          "avg_traveled_distance": 16.139618, 
          "min_traveled_distance": 14.841981
        }
      ], 
      "bounds": [
        [
          15.26, 
          -0.05, 
          18.47, 
          5.17
        ]
      ]
    }, 
    "Bedroom": {
      "simulation_statistics": [
        {
          "not_completed_agents": 0, 
          "max_evacuation_time": 13.100032, 
          "min_evacuation_time": 8.800015, 
          "exit_flow_rate": 0.3816784569686547, 
          "completed_agents": 5, 
          "max_traveled_distance": 15.175624, 
          "avg_evacuation_time": 11.090024, 
          "avg_traveled_distance": 13.7139982, 
          "min_traveled_distance": 11.34385
        }, 
        {
          "not_completed_agents": 0, 
          "max_evacuation_time": 13.500033, 
          "min_evacuation_time": 9.600019, 
          "exit_flow_rate": 0.3703694650227892, 
          "completed_agents": 5, 
          "max_traveled_distance": 15.967118, 
          "avg_evacuation_time": 11.7500268, 
          "avg_traveled_distance": 14.8731886, 
          "min_traveled_distance": 12.479215
        }
      ], 
      "bounds": [
        [
          5.05, 
          10.17, 
          10.29, 
          15.37
        ], 
        [
          10.17, 
          10.17, 
          15.37, 
          15.4
        ]
      ]
    }
  }, 
  "room_num": 7, 
  "verts": [
    [
      0.11, 
      0.1
    ], 
    [
      0.1, 
      0.11
    ], 
    [
      0.1, 
      10.16
    ], 
    [
      5.07, 
      10.16
    ], 
    [
      5.07, 
      7.71
    ], 
    [
      5.08, 
      7.7
    ], 
    [
      5.18, 
      7.7
    ], 
    [
      5.19, 
      7.71
    ], 
    [
      5.18, 
      7.72
    ], 
    [
      5.18, 
      7.76
    ], 
    [
      5.19, 
      7.77
    ], 
    [
      5.19, 
      10.17
    ], 
    [
      7.67, 
      10.17
    ], 
    [
      7.68, 
      10.16
    ], 
    [
      7.69, 
      10.16
    ], 
    [
      7.7, 
      10.17
    ], 
    [
      7.72, 
      10.17
    ], 
    [
      7.73, 
      10.18
    ], 
    [
      7.73, 
      10.2
    ], 
    [
      8.29, 
      10.76
    ], 
    [
      8.29, 
      10.77
    ], 
    [
      8.25, 
      10.81
    ], 
    [
      8.24, 
      10.81
    ], 
    [
      8.24, 
      10.82
    ], 
    [
      8.22, 
      10.84
    ], 
    [
      8.21, 
      10.84
    ], 
    [
      7.66, 
      10.29
    ], 
    [
      7.62, 
      10.29
    ], 
    [
      7.61, 
      10.28
    ], 
    [
      5.2, 
      10.28
    ], 
    [
      5.2, 
      15.26
    ], 
    [
      10.17, 
      15.26
    ], 
    [
      10.17, 
      12.8
    ], 
    [
      9.55, 
      12.18
    ], 
    [
      9.55, 
      12.17
    ], 
    [
      9.62, 
      12.1
    ], 
    [
      9.63, 
      12.1
    ], 
    [
      10.23, 
      12.7
    ], 
    [
      10.79, 
      12.14
    ], 
    [
      10.8, 
      12.14
    ], 
    [
      10.87, 
      12.21
    ], 
    [
      10.87, 
      12.22
    ], 
    [
      10.29, 
      12.8
    ], 
    [
      10.29, 
      12.84
    ], 
    [
      10.28, 
      12.85
    ], 
    [
      10.28, 
      15.26
    ], 
    [
      15.26, 
      15.26
    ], 
    [
      15.26, 
      10.28
    ], 
    [
      12.81, 
      10.28
    ], 
    [
      12.21, 
      10.88
    ], 
    [
      12.2, 
      10.88
    ], 
    [
      12.13, 
      10.81
    ], 
    [
      12.13, 
      10.8
    ], 
    [
      12.73, 
      10.2
    ], 
    [
      12.73, 
      10.18
    ], 
    [
      12.74, 
      10.17
    ], 
    [
      12.76, 
      10.17
    ], 
    [
      12.77, 
      10.16
    ], 
    [
      12.78, 
      10.16
    ], 
    [
      12.79, 
      10.17
    ], 
    [
      15.28, 
      10.17
    ], 
    [
      15.28, 
      10.13
    ], 
    [
      15.27, 
      10.12
    ], 
    [
      15.27, 
      6.6
    ], 
    [
      15.28, 
      6.59
    ], 
    [
      15.38, 
      6.59
    ], 
    [
      15.39, 
      6.6
    ], 
    [
      15.39, 
      10.16
    ], 
    [
      18.36, 
      10.16
    ], 
    [
      18.36, 
      5.19
    ], 
    [
      15.39, 
      5.19
    ], 
    [
      15.39, 
      5.2
    ], 
    [
      15.38, 
      5.21
    ], 
    [
      15.28, 
      5.21
    ], 
    [
      15.27, 
      5.2
    ], 
    [
      15.27, 
      5.18
    ], 
    [
      15.25, 
      5.18
    ], 
    [
      15.24, 
      5.19
    ], 
    [
      11.77, 
      5.19
    ], 
    [
      11.76, 
      5.18
    ], 
    [
      11.76, 
      5.08
    ], 
    [
      11.77, 
      5.07
    ], 
    [
      15.27, 
      5.07
    ], 
    [
      15.27, 
      4.05
    ], 
    [
      15.28, 
      4.04
    ], 
    [
      15.38, 
      4.04
    ], 
    [
      15.39, 
      4.05
    ], 
    [
      15.38, 
      4.06
    ], 
    [
      15.39, 
      4.07
    ], 
    [
      15.39, 
      5.07
    ], 
    [
      15.41, 
      5.07
    ], 
    [
      15.42, 
      5.08
    ], 
    [
      18.36, 
      5.08
    ], 
    [
      18.36, 
      0.1
    ], 
    [
      15.38, 
      0.1
    ], 
    [
      15.38, 
      0.12
    ], 
    [
      15.39, 
      0.13
    ], 
    [
      15.39, 
      3.03
    ], 
    [
      15.38, 
      3.04
    ], 
    [
      15.28, 
      3.04
    ], 
    [
      15.27, 
      3.03
    ], 
    [
      15.27, 
      0.1
    ], 
    [
      5.19, 
      0.1
    ], 
    [
      5.19, 
      1.94
    ], 
    [
      5.18, 
      1.95
    ], 
    [
      5.08, 
      1.95
    ], 
    [
      5.07, 
      1.94
    ], 
    [
      5.07, 
      0.1
    ]
  ], 
  "bbox": {
    "max": [
      18.36, 
      15.26
    ], 
    "min": [
      0.1, 
      0.1
    ]
  }, 
  "id": "643bf0623c383b182d2e07512ac99eb6"
}