{
  "room_category": {
    "Garage": {
      "simulation_statistics": [
        {
          "not_completed_agents": 0, 
          "max_evacuation_time": 25.699894, 
          "min_evacuation_time": 11.050024, 
          "exit_flow_rate": 0.5058386622139375, 
          "completed_agents": 13, 
          "max_traveled_distance": 24.003454, 
          "avg_evacuation_time": 18.184613, 
          "avg_traveled_distance": 19.23789753846154, 
          "min_traveled_distance": 13.545934
        }
      ], 
      "bounds": [
        [
          -0.02, 
          12.14, 
          13.03, 
          17.13
        ]
      ]
    }, 
    "Gym": {
      "simulation_statistics": [
        {
          "not_completed_agents": 0, 
          "max_evacuation_time": 34.049767, 
          "min_evacuation_time": 8.850016, 
          "exit_flow_rate": 0.38179409568353284, 
          "completed_agents": 13, 
          "max_traveled_distance": 26.449251, 
          "avg_evacuation_time": 20.66148446153846, 
          "avg_traveled_distance": 20.03361484615385, 
          "min_traveled_distance": 11.616265
        }
      ], 
      "bounds": [
        [
          -0.02, 
          12.14, 
          13.03, 
          17.13
        ]
      ]
    }, 
    "Living_Room": {
      "simulation_statistics": [
        {
          "not_completed_agents": 0, 
          "max_evacuation_time": 12.250029, 
          "min_evacuation_time": 5.950005, 
          "exit_flow_rate": 1.0612219775153187, 
          "completed_agents": 13, 
          "max_traveled_distance": 11.855915, 
          "avg_evacuation_time": 8.561553153846154, 
          "avg_traveled_distance": 9.746216615384615, 
          "min_traveled_distance": 7.318066
        }
      ], 
      "bounds": [
        [
          7.84, 
          -0.01, 
          13.04, 
          12.33
        ]
      ]
    }, 
    "Office": {
      "simulation_statistics": [
        {
          "not_completed_agents": 0, 
          "max_evacuation_time": 17.950012, 
          "min_evacuation_time": 8.050013, 
          "exit_flow_rate": 0.33426161497830753, 
          "completed_agents": 6, 
          "max_traveled_distance": 14.220406, 
          "avg_evacuation_time": 12.400022833333333, 
          "avg_traveled_distance": 12.206587666666666, 
          "min_traveled_distance": 10.586111
        }
      ], 
      "bounds": [
        [
          -0.03, 
          7.04, 
          5.76, 
          12.22
        ]
      ]
    }, 
    "Kitchen": {
      "simulation_statistics": [
        {
          "not_completed_agents": 0, 
          "max_evacuation_time": 3.699998, 
          "min_evacuation_time": 0.0, 
          "exit_flow_rate": 2.9729745799862597, 
          "completed_agents": 11, 
          "max_traveled_distance": 4.388514, 
          "avg_evacuation_time": 1.6318176363636363, 
          "avg_traveled_distance": 1.7029534545454545, 
          "min_traveled_distance": 0.0
        }
      ], 
      "bounds": [
        [
          -0.02, 
          -0.02, 
          7.92, 
          7.12
        ]
      ]
    }
  }, 
  "room_num": 6, 
  "verts": [
    [
      2.67, 
      0.1
    ], 
    [
      2.66, 
      0.11
    ], 
    [
      0.11, 
      0.11
    ], 
    [
      0.1, 
      0.12
    ], 
    [
      0.1, 
      7.02
    ], 
    [
      2.02, 
      7.02
    ], 
    [
      2.02, 
      5.43
    ], 
    [
      2.04, 
      5.41
    ], 
    [
      2.93, 
      5.41
    ], 
    [
      2.94, 
      5.42
    ], 
    [
      4.72, 
      5.42
    ], 
    [
      4.73, 
      5.43
    ], 
    [
      5.66, 
      5.43
    ], 
    [
      5.66, 
      4.09
    ], 
    [
      5.68, 
      4.07
    ], 
    [
      5.87, 
      4.07
    ], 
    [
      5.88, 
      4.08
    ], 
    [
      5.88, 
      4.17
    ], 
    [
      5.87, 
      4.18
    ], 
    [
      5.77, 
      4.18
    ], 
    [
      5.77, 
      5.53
    ], 
    [
      5.76, 
      5.54
    ], 
    [
      3.84, 
      5.54
    ], 
    [
      3.83, 
      5.53
    ], 
    [
      2.14, 
      5.53
    ], 
    [
      2.14, 
      7.02
    ], 
    [
      5.76, 
      7.02
    ], 
    [
      5.78, 
      7.04
    ], 
    [
      5.78, 
      8.64
    ], 
    [
      5.77, 
      8.65
    ], 
    [
      5.67, 
      8.65
    ], 
    [
      5.66, 
      8.64
    ], 
    [
      5.66, 
      7.14
    ], 
    [
      5.55, 
      7.14
    ], 
    [
      5.54, 
      7.13
    ], 
    [
      0.1, 
      7.13
    ], 
    [
      0.1, 
      12.12
    ], 
    [
      5.66, 
      12.12
    ], 
    [
      5.66, 
      10.5
    ], 
    [
      5.67, 
      10.49
    ], 
    [
      5.77, 
      10.49
    ], 
    [
      5.78, 
      10.5
    ], 
    [
      5.78, 
      12.22
    ], 
    [
      5.76, 
      12.24
    ], 
    [
      3.17, 
      12.24
    ], 
    [
      3.17, 
      15.49
    ], 
    [
      3.67, 
      15.49
    ], 
    [
      3.68, 
      15.5
    ], 
    [
      3.68, 
      15.6
    ], 
    [
      3.67, 
      15.61
    ], 
    [
      3.08, 
      15.61
    ], 
    [
      3.06, 
      15.59
    ], 
    [
      3.06, 
      12.24
    ], 
    [
      0.1, 
      12.24
    ], 
    [
      0.1, 
      17.01
    ], 
    [
      12.89, 
      17.01
    ], 
    [
      12.89, 
      12.34
    ], 
    [
      7.94, 
      12.34
    ], 
    [
      7.94, 
      15.59
    ], 
    [
      7.92, 
      15.61
    ], 
    [
      7.91, 
      15.6
    ], 
    [
      7.9, 
      15.61
    ], 
    [
      7.33, 
      15.61
    ], 
    [
      7.32, 
      15.6
    ], 
    [
      7.32, 
      15.5
    ], 
    [
      7.33, 
      15.49
    ], 
    [
      7.82, 
      15.49
    ], 
    [
      7.82, 
      8.04
    ], 
    [
      7.83, 
      8.03
    ], 
    [
      7.92, 
      8.03
    ], 
    [
      7.93, 
      8.04
    ], 
    [
      7.93, 
      12.23
    ], 
    [
      12.9, 
      12.23
    ], 
    [
      12.91, 
      12.22
    ], 
    [
      12.91, 
      0.1
    ], 
    [
      7.93, 
      0.1
    ], 
    [
      7.93, 
      4.92
    ], 
    [
      7.92, 
      4.93
    ], 
    [
      7.83, 
      4.93
    ], 
    [
      7.82, 
      4.92
    ], 
    [
      7.82, 
      4.18
    ], 
    [
      7.73, 
      4.18
    ], 
    [
      7.72, 
      4.17
    ], 
    [
      7.72, 
      4.08
    ], 
    [
      7.73, 
      4.07
    ], 
    [
      7.82, 
      4.07
    ], 
    [
      7.82, 
      0.1
    ]
  ], 
  "bbox": {
    "max": [
      12.91, 
      17.01
    ], 
    "min": [
      0.1, 
      0.1
    ]
  }, 
  "id": "6665e1defc8d1f6c2d6820af0a264b05"
}