{
  "room_category": {
    "Toilet": {
      "simulation_statistics": [
        {
          "not_completed_agents": 0, 
          "max_evacuation_time": 150.004547, 
          "min_evacuation_time": 4.049997, 
          "exit_flow_rate": 0.026665858335614318, 
          "completed_agents": 4, 
          "max_traveled_distance": 12.188687, 
          "avg_evacuation_time": 59.193158333333336, 
          "avg_traveled_distance": 5.946890499999999, 
          "min_traveled_distance": 0.93145
        }, 
        {
          "not_completed_agents": 0, 
          "max_evacuation_time": 150.004547, 
          "min_evacuation_time": 150.004547, 
          "exit_flow_rate": 0.0, 
          "completed_agents": 0, 
          "max_traveled_distance": 6.723797, 
          "avg_evacuation_time": 150.004547, 
          "avg_traveled_distance": 6.723797, 
          "min_traveled_distance": 6.723797
        }
      ], 
      "bounds": [
        [
          -0.02, 
          5.54, 
          5.33, 
          11.08
        ], 
        [
          4.34, 
          8.49, 
          5.33, 
          10.01
        ], 
        [
          3.44, 
          8.49, 
          4.43, 
          10.01
        ], 
        [
          2.54, 
          8.49, 
          3.53, 
          10.01
        ], 
        [
          2.54, 
          9.61, 
          3.53, 
          11.08
        ], 
        [
          4.3, 
          9.61, 
          5.33, 
          11.08
        ], 
        [
          3.44, 
          9.61, 
          4.39, 
          11.08
        ], 
        [
          5.47, 
          2.39, 
          7.48, 
          4.4
        ]
      ]
    }, 
    "Living_Room": {
      "simulation_statistics": [
        {
          "not_completed_agents": 0, 
          "max_evacuation_time": 150.004547, 
          "min_evacuation_time": 0.0, 
          "exit_flow_rate": 0.0333323229195179, 
          "completed_agents": 5, 
          "max_traveled_distance": 10.574901, 
          "avg_evacuation_time": 30.250741666666666, 
          "avg_traveled_distance": 4.472435166666667, 
          "min_traveled_distance": 0.0
        }
      ], 
      "bounds": [
        [
          -0.02, 
          -0.02, 
          4.29, 
          6.41
        ]
      ]
    }, 
    "Room": {
      "simulation_statistics": [
        {
          "not_completed_agents": 0, 
          "max_evacuation_time": 150.004547, 
          "min_evacuation_time": 150.004547, 
          "exit_flow_rate": 0.0, 
          "completed_agents": 0, 
          "max_traveled_distance": 6.566665, 
          "avg_evacuation_time": 150.004547, 
          "avg_traveled_distance": 6.566665, 
          "min_traveled_distance": 6.566665
        }
      ], 
      "bounds": [
        [
          4.2, 
          3.78, 
          8.18, 
          5.35
        ]
      ]
    }, 
    "Office": {
      "simulation_statistics": [
        {
          "not_completed_agents": 0, 
          "max_evacuation_time": 150.004547, 
          "min_evacuation_time": 6.300006, 
          "exit_flow_rate": 0.03999878750342148, 
          "completed_agents": 6, 
          "max_traveled_distance": 14.82866, 
          "avg_evacuation_time": 48.282386125, 
          "avg_traveled_distance": 9.43140425, 
          "min_traveled_distance": 6.141934
        }, 
        {
          "not_completed_agents": 0, 
          "max_evacuation_time": 22.099949, 
          "min_evacuation_time": 18.10001, 
          "exit_flow_rate": 0.13574691959696378, 
          "completed_agents": 3, 
          "max_traveled_distance": 14.113227, 
          "avg_evacuation_time": 19.799984, 
          "avg_traveled_distance": 13.793920666666667, 
          "min_traveled_distance": 13.458452
        }
      ], 
      "bounds": [
        [
          1.0, 
          2.58, 
          7.48, 
          8.58
        ], 
        [
          4.2, 
          0.5, 
          7.48, 
          4.4
        ]
      ]
    }
  }, 
  "room_num": 12,