{
  "room_category": {
    "Living_Room": {
      "simulation_statistics": [
        {
          "not_completed_agents": 0, 
          "max_evacuation_time": 22.549942, 
          "min_evacuation_time": 8.300014, 
          "exit_flow_rate": 0.8425742292374854, 
          "completed_agents": 19, 
          "max_traveled_distance": 21.838247, 
          "avg_evacuation_time": 15.402650578947368, 
          "avg_traveled_distance": 17.372415052631577, 
          "min_traveled_distance": 9.66468
        }
      ], 
      "bounds": [
        [
          7.06, 
          -0.05, 
          15.48, 
          11.11
        ]
      ]
    }, 
    "Kitchen": {
      "simulation_statistics": [
        {
          "not_completed_agents": 0, 
          "max_evacuation_time": 9.200017, 
          "min_evacuation_time": 3.849998, 
          "exit_flow_rate": 0.8695636105889804, 
          "completed_agents": 8, 
          "max_traveled_distance": 9.327293, 
          "avg_evacuation_time": 6.09375525, 
          "avg_traveled_distance": 7.483882125, 
          "min_traveled_distance": 4.383636
        }
      ], 
      "bounds": [
        [
          -0.02, 
          5.92, 
          7.79, 
          11.11
        ]
      ]
    }
  }, 
  "room_num": 3, 
  "verts": [
    [
      0.11, 
      0.1
    ], 
    [
      0.1, 
      0.11
    ], 
    [
      0.1, 
      5.95
    ], 
    [
      2.36, 
      5.95
    ], 
    [
      2.37, 
      5.96
    ], 
    [
      2.37, 
      6.06
    ], 
    [
      2.36, 
      6.07
    ], 
    [
      2.35, 
      6.06
    ], 
    [
      2.31, 
      6.06
    ], 
    [
      2.3, 
      6.07
    ], 
    [
      0.1, 
      6.07
    ], 
    [
      0.1, 
      10.97
    ], 
    [
      7.05, 
      10.97
    ], 
    [
      7.05, 
      10.49
    ], 
    [
      7.06, 
      10.48
    ], 
    [
      7.16, 
      10.48
    ], 
    [
      7.17, 
      10.49
    ], 
    [
      7.16, 
      10.5
    ], 
    [
      7.17, 
      10.51
    ], 
    [
      7.17, 
      10.97
    ], 
    [
      15.34, 
      10.97
    ], 
    [
      15.34, 
      0.1
    ], 
    [
      7.16, 
      0.1
    ], 
    [
      7.16, 
      0.39
    ], 
    [
      7.17, 
      0.4
    ], 
    [
      7.17, 
      8.63
    ], 
    [
      7.16, 
      8.64
    ], 
    [
      7.06, 
      8.64
    ], 
    [
      7.05, 
      8.63
    ], 
    [
      7.05, 
      6.06
    ], 
    [
      7.02, 
      6.06
    ], 
    [
      7.01, 
      6.07
    ], 
    [
      4.22, 
      6.07
    ], 
    [
      4.21, 
      6.06
    ], 
    [
      4.21, 
      5.96
    ], 
    [
      4.22, 
      5.95
    ], 
    [
      7.05, 
      5.95
    ], 
    [
      7.05, 
      0.1
    ]
  ], 
  "bbox": {
    "max": [
      15.34, 
      10.97
    ], 
    "min": [
      0.1, 
      0.1
    ]
  }, 
  "id": "684f3882445f1a6bb663c467a040799f"
}