{
  "room_category": {
    "Garage": {
      "simulation_statistics": [
        {
          "not_completed_agents": 0, 
          "max_evacuation_time": 0.05, 
          "min_evacuation_time": 0.0, 
          "exit_flow_rate": 60.0, 
          "completed_agents": 3, 
          "max_traveled_distance": 0.066758, 
          "avg_evacuation_time": 0.016666666666666666, 
          "avg_traveled_distance": 0.022252666666666667, 
          "min_traveled_distance": 0.0
        }
      ], 
      "bounds": [
        [
          -0.05, 
          -0.04, 
          3.01, 
          5.1
        ]
      ]
    }, 
    "Living_Room": {
      "simulation_statistics": [
        {
          "not_completed_agents": 0, 
          "max_evacuation_time": 8.400014, 
          "min_evacuation_time": 4.900001, 
          "exit_flow_rate": 0.7142845238115079, 
          "completed_agents": 6, 
          "max_traveled_distance": 9.403231, 
          "avg_evacuation_time": 6.5666735, 
          "avg_traveled_distance": 7.8729695, 
          "min_traveled_distance": 6.055204
        }
      ], 
      "bounds": [
        [
          6.14, 
          -0.49, 
          11.68, 
          5.13
        ]
      ]
    }, 
    "Kitchen": {
      "simulation_statistics": [
        {
          "not_completed_agents": 0, 
          "max_evacuation_time": 11.650026, 
          "min_evacuation_time": 9.100017, 
          "exit_flow_rate": 0.4291835915215983, 
          "completed_agents": 5, 
          "max_traveled_distance": 14.401669, 
          "avg_evacuation_time": 10.3200214, 
          "avg_traveled_distance": 13.235420600000001, 
          "min_traveled_distance": 11.616946
        }
      ], 
      "bounds": [
        [
          11.25, 
          -0.03, 
          16.46, 
          5.13
        ]
      ]
    }
  }, 
  "room_num": 5, 
  "verts": [
    [
      0.11, 
      0.1
    ], 
    [
      0.1, 
      0.11
    ], 
    [
      0.1, 
      4.99
    ], 
    [
      6.13, 
      4.99
    ], 
    [
      6.13, 
      4.85
    ], 
    [
      6.14, 
      4.84
    ], 
    [
      6.24, 
      4.84
    ], 
    [
      6.25, 
      4.85
    ], 
    [
      6.25, 
      4.99
    ], 
    [
      16.32, 
      4.99
    ], 
    [
      16.32, 
      0.11
    ], 
    [
      6.25, 
      0.11
    ], 
    [
      6.25, 
      2.99
    ], 
    [
      6.24, 
      3.0
    ], 
    [
      6.14, 
      3.0
    ], 
    [
      6.13, 
      2.99
    ], 
    [
      6.13, 
      1.73
    ], 
    [
      4.34, 
      1.73
    ], 
    [
      4.34, 
      2.84
    ], 
    [
      4.33, 
      2.85
    ], 
    [
      4.23, 
      2.85
    ], 
    [
      4.22, 
      2.84
    ], 
    [
      4.22, 
      1.63
    ], 
    [
      4.24, 
      1.61
    ], 
    [
      6.13, 
      1.61
    ], 
    [
      6.13, 
      0.11
    ], 
    [
      4.58, 
      0.11
    ], 
    [
      4.57, 
      0.1
    ], 
    [
      3.02, 
      0.1
    ], 
    [
      3.02, 
      2.13
    ], 
    [
      3.01, 
      2.14
    ], 
    [
      2.92, 
      2.14
    ], 
    [
      2.91, 
      2.13
    ], 
    [
      2.91, 
      0.1
    ]
  ], 
  "bbox": {
    "max": [
      16.32, 
      4.99
    ], 
    "min": [
      0.1, 
      0.1
    ]
  }, 
  "id": "6bd8d143335c6e6b31cd8b9ff3f297fe"
}