{
  "room_category": {
    "Dining_Room": {
      "simulation_statistics": [
        {
          "not_completed_agents": 0, 
          "max_evacuation_time": 12.70003, 
          "min_evacuation_time": 0.65, 
          "exit_flow_rate": 0.9448796577645879, 
          "completed_agents": 12, 
          "max_traveled_distance": 9.439342, 
          "avg_evacuation_time": 5.316673583333333, 
          "avg_traveled_distance": 4.980697416666667, 
          "min_traveled_distance": 1.328025
        }
      ], 
      "bounds": [
        [
          1.69, 
          -0.85, 
          9.41, 
          6.97
        ]
      ]
    }, 
    "Bedroom": {
      "simulation_statistics": [
        {
          "not_completed_agents": 0, 
          "max_evacuation_time": 1.5, 
          "min_evacuation_time": 0.0, 
          "exit_flow_rate": 3.3333333333333335, 
          "completed_agents": 5, 
          "max_traveled_distance": 1.825563, 
          "avg_evacuation_time": 0.65, 
          "avg_traveled_distance": 0.7353608, 
          "min_traveled_distance": 0.0
        }
      ], 
      "bounds": [
        [
          0.0, 
          -0.02, 
          5.19, 
          4.51
        ]
      ]
    }
  }, 
  "room_num": 3, 
  "verts": [
    [
      0.12, 
      0.1
    ], 
    [
      0.11, 
      0.11
    ], 
    [
      0.11, 
      4.37
    ], 
    [
      0.32, 
      4.37
    ], 
    [
      0.33, 
      4.38
    ], 
    [
      0.33, 
      4.48
    ], 
    [
      0.32, 
      4.49
    ], 
    [
      0.1, 
      4.49
    ], 
    [
      0.1, 
      6.88
    ], 
    [
      1.68, 
      6.88
    ], 
    [
      1.68, 
      4.49
    ], 
    [
      1.34, 
      4.49
    ], 
    [
      1.33, 
      4.48
    ], 
    [
      1.33, 
      4.38
    ], 
    [
      1.34, 
      4.37
    ], 
    [
      4.13, 
      4.37
    ], 
    [
      4.14, 
      4.38
    ], 
    [
      4.14, 
      4.48
    ], 
    [
      4.13, 
      4.49
    ], 
    [
      1.8, 
      4.49
    ], 
    [
      1.8, 
      6.86
    ], 
    [
      9.3, 
      6.86
    ], 
    [
      9.3, 
      0.12
    ], 
    [
      5.21, 
      0.12
    ], 
    [
      5.21, 
      3.77
    ], 
    [
      5.2, 
      3.78
    ], 
    [
      5.1, 
      3.78
    ], 
    [
      5.09, 
      3.77
    ], 
    [
      5.09, 
      0.1
    ]
  ], 
  "bbox": {
    "max": [
      9.3, 
      6.88
    ], 
    "min": [
      0.1, 
      0.1
    ]
  }, 
  "id": "6f0a4ee89910e74c52d299b0d65964da"
}