{
  "room_category": {
    "Toilet": {
      "simulation_statistics": [
        {
          "not_completed_agents": 0, 
          "max_evacuation_time": 10.00002, 
          "min_evacuation_time": 1.699999, 
          "exit_flow_rate": 1.9999960000080002, 
          "completed_agents": 20, 
          "max_traveled_distance": 11.847491, 
          "avg_evacuation_time": 5.76750545, 
          "avg_traveled_distance": 7.312929250000001, 
          "min_traveled_distance": 2.483044
        }, 
        {
          "not_completed_agents": 0, 
          "max_evacuation_time": 20.899967, 
          "min_evacuation_time": 6.550007, 
          "exit_flow_rate": 1.2440211029998276, 
          "completed_agents": 26, 
          "max_traveled_distance": 24.245075, 
          "avg_evacuation_time": 12.807711846153847, 
          "avg_traveled_distance": 18.16708596153846, 
          "min_traveled_distance": 10.497275
        }, 
        {
          "not_completed_agents": 0, 
          "max_evacuation_time": 18.250008, 
          "min_evacuation_time": 9.200017, 
          "exit_flow_rate": 0.7671229513981582, 
          "completed_agents": 14, 
          "max_traveled_distance": 23.405695, 
          "avg_evacuation_time": 13.8214585, 
          "avg_traveled_distance": 20.410227285714285, 
          "min_traveled_distance": 15.648963
        }
      ], 
      "bounds": [
        [
          -0.03, 
          3.08, 
          8.99, 
          13.93
        ], 
        [
          8.82, 
          3.07, 
          20.82, 
          13.93
        ], 
        [
          14.36, 
          3.07, 
          25.39, 
          9.45
        ]
      ]
    }, 
    "Bathroom": {
      "simulation_statistics": [
        {
          "not_completed_agents": 0, 
          "max_evacuation_time": 10.750023, 
          "min_evacuation_time": 2.249999, 
          "exit_flow_rate": 1.86046113575757, 
          "completed_agents": 20, 
          "max_traveled_distance": 11.596538, 
          "avg_evacuation_time": 5.7875055500000006, 
          "avg_traveled_distance": 7.1650407000000005, 
          "min_traveled_distance": 2.650591
        }, 
        {
          "not_completed_agents": 0, 
          "max_evacuation_time": 21.449959, 
          "min_evacuation_time": 6.450006, 
          "exit_flow_rate": 1.2121235290006849, 
          "completed_agents": 26, 
          "max_traveled_distance": 23.845919, 
          "avg_evacuation_time": 13.238484961538461, 
          "avg_traveled_distance": 18.734113923076922, 
          "min_traveled_distance": 8.97256
        }, 
        {
          "not_completed_agents": 0, 
          "max_evacuation_time": 20.399975, 
          "min_evacuation_time": 9.350018, 
          "exit_flow_rate": 0.6862753508276358, 
          "completed_agents": 14, 
          "max_traveled_distance": 24.511564, 
          "avg_evacuation_time": 14.964308714285716, 
          "avg_traveled_distance": 21.23312914285714, 
          "min_traveled_distance": 15.914894
        }
      ], 
      "bounds": [
        [
          -0.03, 
          3.08, 
          8.99, 
          13.93
        ], 
        [
          8.82, 
          3.07, 
          20.82, 
          13.93
        ], 
        [
          14.36, 
          3.07, 
          25.39, 
          9.45
        ]
      ]
    }, 
    "Bedroom": {
      "simulation_statistics": [
        {
          "not_completed_agents": 0, 
          "max_evacuation_time": 10.700023, 
          "min_evacuation_time": 1.25, 
          "exit_flow_rate": 1.8691548606951593, 
          "completed_agents": 20, 
          "max_traveled_distance": 11.62112, 
          "avg_evacuation_time": 5.6025053, 
          "avg_traveled_distance": 7.2518382500000005, 
          "min_traveled_distance": 1.660412
        }, 
        {
          "not_completed_agents": 0, 
          "max_evacuation_time": 22.04995, 
          "min_evacuation_time": 7.000009, 
          "exit_flow_rate": 1.179140995784571, 
          "completed_agents": 26, 
          "max_traveled_distance": 23.61908, 
          "avg_evacuation_time": 12.05771103846154, 
          "avg_traveled_distance": 17.854424192307693, 
          "min_traveled_distance": 10.434302
        }, 
        {
          "not_completed_agents": 0, 
          "max_evacuation_time": 19.649986, 
          "min_evacuation_time": 8.400014, 
          "exit_flow_rate": 0.7124687009955122, 
          "completed_agents": 14, 
          "max_traveled_distance": 24.643379, 
          "avg_evacuation_time": 14.275018071428573, 
          "avg_traveled_distance": 20.377029785714285, 
          "min_traveled_distance": 15.18758
        }
      ], 
      "bounds": [
        [
          -0.03, 
          3.08, 
          8.99, 
          13.93
        ], 
        [
          8.82, 
          3.07, 
          20.82, 
          13.93
        ], 
        [
          14.36, 
          3.07, 
          25.39, 
          9.45
        ]
      ]
    }
  }, 
  "room_num": 7,