{
  "room_category": {
    "Bathroom": {
      "simulation_statistics": [
        {
          "not_completed_agents": 0, 
          "max_evacuation_time": 12.150028, 
          "min_evacuation_time": 6.600007, 
          "exit_flow_rate": 0.3292173483056994, 
          "completed_agents": 4, 
          "max_traveled_distance": 10.95816, 
          "avg_evacuation_time": 9.27501725, 
          "avg_traveled_distance": 9.7957845, 
          "min_traveled_distance": 8.643678
        }
      ], 
      "bounds": [
        [
          12.43, 
          4.15, 
          16.09, 
          9.34
        ]
      ]
    }
  }, 
  "room_num": 4, 
  "verts": [
    [
      7.72, 
      0.1
    ], 
    [
      7.66, 
      0.16
    ], 
    [
      7.66, 
      0.17
    ], 
    [
      7.59, 
      0.24
    ], 
    [
      7.59, 
      0.25
    ], 
    [
      7.53, 
      0.31
    ], 
    [
      7.53, 
      0.32
    ], 
    [
      7.47, 
      0.38
    ], 
    [
      7.47, 
      0.39
    ], 
    [
      7.4, 
      0.46
    ], 
    [
      7.4, 
      0.47
    ], 
    [
      7.34, 
      0.53
    ], 
    [
      7.34, 
      0.54
    ], 
    [
      7.27, 
      0.61
    ], 
    [
      7.27, 
      0.62
    ], 
    [
      7.21, 
      0.68
    ], 
    [
      7.21, 
      0.69
    ], 
    [
      7.14, 
      0.76
    ], 
    [
      7.14, 
      0.77
    ], 
    [
      7.08, 
      0.83
    ], 
    [
      7.08, 
      0.84
    ], 
    [
      7.02, 
      0.9
    ], 
    [
      7.02, 
      0.91
    ], 
    [
      6.95, 
      0.98
    ], 
    [
      6.95, 
      0.99
    ], 
    [
      6.89, 
      1.05
    ], 
    [
      6.89, 
      1.06
    ], 
    [
      6.82, 
      1.13
    ], 
    [
      6.82, 
      1.14
    ], 
    [
      6.76, 
      1.2
    ], 
    [
      6.76, 
      1.21
    ], 
    [
      6.69, 
      1.28
    ], 
    [
      6.69, 
      1.29
    ], 
    [
      6.63, 
      1.35
    ], 
    [
      6.63, 
      1.36
    ], 
    [
      6.57, 
      1.42
    ], 
    [
      6.57, 
      1.43
    ], 
    [
      6.5, 
      1.5
    ], 
    [
      6.5, 
      1.51
    ], 
    [
      6.44, 
      1.57
    ], 
    [
      6.44, 
      1.58
    ], 
    [
      6.37, 
      1.65
    ], 
    [
      6.37, 
      1.66
    ], 
    [
      6.31, 
      1.72
    ], 
    [
      6.31, 
      1.73
    ], 
    [
      6.24, 
      1.8
    ], 
    [
      6.24, 
      1.81
    ], 
    [
      6.18, 
      1.87
    ], 
    [
      6.18, 
      1.88
    ], 
    [
      6.12, 
      1.94
    ], 
    [
      6.12, 
      1.95
    ], 
    [
      6.05, 
      2.02
    ], 
    [
      6.05, 
      2.03
    ], 
    [
      5.99, 
      2.09
    ], 
    [
      5.99, 
      2.1
    ], 
    [
      5.93, 
      2.16
    ], 
    [
      5.93, 
      2.17
    ], 
    [
      5.87, 
      2.23
    ], 
    [
      5.87, 
      2.24
    ], 
    [
      5.81, 
      2.3
    ], 
    [
      5.81, 
      2.31
    ], 
    [
      5.75, 
      2.37
    ], 
    [
      5.75, 
      2.38
    ], 
    [
      5.69, 
      2.44
    ], 
    [
      5.69, 
      2.45
    ], 
    [
      5.63, 
      2.51
    ], 
    [
      5.63, 
      2.52
    ], 
    [
      5.57, 
      2.58
    ], 
    [
      5.57, 
      2.59
    ], 
    [
      5.51, 
      2.65
    ], 
    [
      5.51, 
      2.66
    ], 
    [
      5.45, 
      2.72
    ], 
    [
      5.45, 
      2.73
    ], 
    [
      5.39, 
      2.79
    ], 
    [
      5.39, 
      2.8
    ], 
    [
      5.32, 
      2.87
    ], 
    [
      5.32, 
      2.88
    ], 
    [
      5.25, 
      2.95
    ], 
    [
      5.25, 
      2.96
    ], 
    [
      5.18, 
      3.03
    ], 
    [
      5.18, 
      3.04
    ], 
    [
      5.11, 
      3.11
    ], 
    [
      5.11, 
      3.12
    ], 
    [
      5.04, 
      3.19
    ], 
    [
      5.04, 
      3.2
    ], 
    [
      4.98, 
      3.26
    ], 
    [
      4.98, 
      3.27
    ], 
    [
      4.91, 
      3.34
    ], 
    [
      4.91, 
      3.35
    ], 
    [
      4.84, 
      3.42
    ], 
    [
      4.84, 
      3.43
    ], 
    [
      4.77, 
      3.5
    ], 
    [
      4.77, 
      3.51
    ], 
    [
      4.7, 
      3.58
    ], 
    [
      4.7, 
      3.59
    ], 
    [
      4.63, 
      3.66
    ], 
    [
      4.63, 
      3.67
    ], 
    [
      4.57, 
      3.73
    ], 
    [
      4.57, 
      3.74
    ], 
    [
      4.52, 
      3.79
    ], 
    [
      4.52, 
      3.8
    ], 
    [
      4.46, 
      3.86
    ], 
    [
      4.46, 
      3.87
    ], 
    [
      4.4, 
      3.93
    ], 
    [
      4.4, 
      3.94
    ], 
    [
      4.35, 
      3.99
    ], 
    [
      4.35, 
      4.0
    ], 
    [
      4.29, 
      4.06
    ], 
    [
      4.29, 
      4.07
    ], 
    [
      4.25, 
      4.11
    ], 
    [
      4.97, 
      4.11
    ], 
    [
      4.98, 
      4.12
    ], 
    [
      6.43, 
      4.12
    ], 
    [
      6.44, 
      4.13
    ], 
    [
      7.88, 
      4.13
    ], 
    [
      7.89, 
      4.14
    ], 
    [
      8.61, 
      4.14
    ], 
    [
      8.62, 
      4.15
    ], 
    [
      8.62, 
      4.2
    ], 
    [
      8.61, 
      4.21
    ], 
    [
      8.61, 
      4.25
    ], 
    [
      8.6, 
      4.26
    ], 
    [
      8.44, 
      4.26
    ], 
    [
      8.43, 
      4.25
    ], 
    [
      7.88, 
      4.25
    ], 
    [
      7.87, 
      4.24
    ], 
    [
      6.43, 
      4.24
    ], 
    [
      6.42, 
      4.23
    ], 
    [
      4.97, 
      4.23
    ], 
    [
      4.96, 
      4.22
    ], 
    [
      4.17, 
      4.22
    ], 
    [
      4.17, 
      4.25
    ], 
    [
      4.16, 
      4.26
    ], 
    [
      2.15, 
      4.26
    ], 
    [
      2.14, 
      4.27
    ], 
    [
      2.14, 
      5.38
    ], 
    [
      2.12, 
      5.4
    ], 
    [
      0.11, 
      5.4
    ], 
    [
      0.1, 
      5.41
    ], 
    [
      0.1, 
      9.23
    ], 
    [
      6.45, 
      9.23
    ], 
    [
      6.45, 
      6.81
    ], 
    [
      4.08, 
      6.81
    ], 
    [
      4.07, 
      6.8
    ], 
    [
      4.07, 
      6.7
    ], 
    [
      4.08, 
      6.69
    ], 
    [
      6.55, 
      6.69
    ], 
    [
      6.57, 
      6.71
    ], 
    [
      6.57, 
      9.23
    ], 
    [
      12.44, 
      9.23
    ], 
    [
      12.44, 
      8.29
    ], 
    [
      12.45, 
      8.28
    ], 
    [
      12.55, 
      8.28
    ], 
    [
      12.56, 
      8.29
    ], 
    [
      12.56, 
      9.23
    ], 
    [
      15.98, 
      9.23
    ], 
    [
      15.98, 
      4.26
    ], 
    [
      15.61, 
      4.26
    ], 
    [
      15.6, 
      4.27
    ], 
    [
      15.59, 
      4.26
    ], 
    [
      13.6, 
      4.26
    ], 
    [
      13.6, 
      4.79
    ], 
    [
      13.59, 
      4.8
    ], 
    [
      13.59, 
      6.05
    ], 
    [
      13.58, 
      6.06
    ], 
    [
      13.58, 
      6.73
    ], 
    [
      13.57, 
      6.74
    ], 
    [
      13.57, 
      6.78
    ], 
    [
      13.58, 
      6.79
    ], 
    [
      13.56, 
      6.81
    ], 
    [
      13.52, 
      6.81
    ], 
    [
      13.51, 
      6.8
    ], 
    [
      12.56, 
      6.8
    ], 
    [
      12.56, 
      7.27
    ], 
    [
