{
  "room_category": {
    "Living_Room": {
      "simulation_statistics": [
        {
          "not_completed_agents": 0, 
          "max_evacuation_time": 13.150032, 
          "min_evacuation_time": 7.600011, 
          "exit_flow_rate": 0.76045442322878, 
          "completed_agents": 10, 
          "max_traveled_distance": 14.847573, 
          "avg_evacuation_time": 10.3450213, 
          "avg_traveled_distance": 12.538456100000001, 
          "min_traveled_distance": 8.897964
        }
      ], 
      "bounds": [
        [
          7.8, 
          2.69, 
          13.02, 
          12.48
        ]
      ]
    }, 
    "Room": {
      "simulation_statistics": [
        {
          "not_completed_agents": 0, 
          "max_evacuation_time": 15.400041, 
          "min_evacuation_time": 6.100005, 
          "exit_flow_rate": 0.25973956822582484, 
          "completed_agents": 4, 
          "max_traveled_distance": 13.547825, 
          "avg_evacuation_time": 10.68752275, 
          "avg_traveled_distance": 10.267358, 
          "min_traveled_distance": 7.689002
        }
      ], 
      "bounds": [
        [
          5.05, 
          2.69, 
          7.92, 
          10.12
        ]
      ]
    }
  }, 
  "room_num": 4, 
  "verts": [
    [
      0.11, 
      0.1
    ], 
    [
      0.1, 
      0.11
    ], 
    [
      0.1, 
      5.06
    ], 
    [
      5.07, 
      5.06
    ], 
    [
      5.07, 
      2.77
    ], 
    [
      5.08, 
      2.76
    ], 
    [
      5.18, 
      2.76
    ], 
    [
      5.18, 
      2.69
    ], 
    [
      5.2, 
      2.67
    ], 
    [
      5.88, 
      2.67
    ], 
    [
      5.9, 
      2.69
    ], 
    [
      5.9, 
      2.79
    ], 
    [
      5.88, 
      2.81
    ], 
    [
      5.2, 
      2.81
    ], 
    [
      5.19, 
      2.8
    ], 
    [
      5.19, 
      5.17
    ], 
    [
      5.2, 
      5.18
    ], 
    [
      5.2, 
      10.01
    ], 
    [
      7.79, 
      10.01
    ], 
    [
      7.79, 
      9.72
    ], 
    [
      7.8, 
      9.71
    ], 
    [
      7.9, 
      9.71
    ], 
    [
      7.91, 
      9.72
    ], 
    [
      7.91, 
      10.12
    ], 
    [
      7.92, 
      10.13
    ], 
    [
      7.92, 
      12.37
    ], 
    [
      12.88, 
      12.37
    ], 
    [
      12.88, 
      2.81
    ], 
    [
      7.91, 
      2.81
    ], 
    [
      7.91, 
      3.28
    ], 
    [
      7.9, 
      3.29
    ], 
    [
      7.8, 
      3.29
    ], 
    [
      7.79, 
      3.28
    ], 
    [
      7.79, 
      2.8
    ], 
    [
      7.2, 
      2.8
    ], 
    [
      7.19, 
      2.79
    ], 
    [
      7.19, 
      2.69
    ], 
    [
      7.2, 
      2.68
    ], 
    [
      7.74, 
      2.68
    ], 
    [
      7.74, 
      0.1
    ]
  ], 
  "bbox": {
    "max": [
      12.88, 
      12.37
    ], 
    "min": [
      0.1, 
      0.1
    ]
  }, 
  "id": "720f904aa0fd539bb3a275d7a2f78006"
}