{
  "room_category": {
    "Bathroom": {
      "simulation_statistics": [
        {
          "not_completed_agents": 0, 
          "max_evacuation_time": 10.300021, 
          "min_evacuation_time": 7.150009, 
          "exit_flow_rate": 0.38834872278415744, 
          "completed_agents": 4, 
          "max_traveled_distance": 10.841797, 
          "avg_evacuation_time": 8.687515, 
          "avg_traveled_distance": 9.0893845, 
          "min_traveled_distance": 7.728967
        }, 
        {
          "not_completed_agents": 0, 
          "max_evacuation_time": 0.55, 
          "min_evacuation_time": 0.0, 
          "exit_flow_rate": 5.454545454545454, 
          "completed_agents": 3, 
          "max_traveled_distance": 1.023611, 
          "avg_evacuation_time": 0.3, 
          "avg_traveled_distance": 0.5271553333333333, 
          "min_traveled_distance": 0.0
        }
      ], 
      "bounds": [
        [
          3.71, 
          -0.02, 
          7.68, 
          4.4
        ], 
        [
          -0.03, 
          -0.02, 
          3.8, 
          3.88
        ]
      ]
    }, 
    "Room": {
      "simulation_statistics": [
        {
          "not_completed_agents": 0, 
          "max_evacuation_time": 11.950027, 
          "min_evacuation_time": 2.799999, 
          "exit_flow_rate": 0.33472727718523143, 
          "completed_agents": 4, 
          "max_traveled_distance": 9.126789, 
          "avg_evacuation_time": 6.425008, 
          "avg_traveled_distance": 5.199732, 
          "min_traveled_distance": 2.901531
        }
      ], 
      "bounds": [
        [
          -0.02, 
          3.17, 
          7.68, 
          6.03
        ]
      ]
    }
  }, 
  "room_num": 3, 
  "verts": [
    [
      0.11, 
      0.1
    ], 
    [
      0.1, 
      0.11
    ], 
    [
      0.1, 
      3.16
    ], 
    [
      1.64, 
      3.16
    ], 
    [
      1.65, 
      3.17
    ], 
    [
      1.65, 
      3.27
    ], 
    [
      1.64, 
      3.28
    ], 
    [
      1.63, 
      3.27
    ], 
    [
      1.61, 
      3.27
    ], 
    [
      1.6, 
      3.28
    ], 
    [
      0.1, 
      3.28
    ], 
    [
      0.1, 
      5.92
    ], 
    [
      7.57, 
      5.92
    ], 
    [
      7.57, 
      4.37
    ], 
    [
      6.55, 
      4.37
    ], 
    [
      6.54, 
      4.36
    ], 
    [
      6.54, 
      4.26
    ], 
    [
      6.55, 
      4.25
    ], 
    [
      7.57, 
      4.25
    ], 
    [
      7.57, 
      0.1
    ], 
    [
      3.82, 
      0.1
    ], 
    [
      3.82, 
      4.25
    ], 
    [
      4.86, 
      4.25
    ], 
    [
      4.87, 
      4.26
    ], 
    [
      4.87, 
      4.36
    ], 
    [
      4.86, 
      4.37
    ], 
    [
      4.85, 
      4.36
    ], 
    [
      4.84, 
      4.36
    ], 
    [
      4.83, 
      4.37
    ], 
    [
      3.72, 
      4.37
    ], 
    [
      3.7, 
      4.35
    ], 
    [
      3.7, 
      3.28
    ], 
    [
      2.6, 
      3.28
    ], 
    [
      2.59, 
      3.27
    ], 
    [
      2.59, 
      3.17
    ], 
    [
      2.6, 
      3.16
    ], 
    [
      3.7, 
      3.16
    ], 
    [
      3.7, 
      0.1
    ]
  ], 
  "bbox": {
    "max": [
      7.57, 
      5.92
    ], 
    "min": [
      0.1, 
      0.1
    ]
  }, 
  "id": "7275af996efce528aa4f4b060d222db1"
}