{
  "room_category": {
    "Bathroom": {
      "simulation_statistics": [
        {
          "not_completed_agents": 0, 
          "max_evacuation_time": 11.350025, 
          "min_evacuation_time": 7.850012, 
          "exit_flow_rate": 0.5286331968431788, 
          "completed_agents": 6, 
          "max_traveled_distance": 12.669767, 
          "avg_evacuation_time": 9.591685166666666, 
          "avg_traveled_distance": 11.451161166666667, 
          "min_traveled_distance": 9.459474
        }
      ], 
      "bounds": [
        [
          0.0, 
          7.91, 
          7.88, 
          11.45
        ]
      ]
    }, 
    "Living_Room": {
      "simulation_statistics": [
        {
          "not_completed_agents": 0, 
          "max_evacuation_time": 14.950039, 
          "min_evacuation_time": 5.250002, 
          "exit_flow_rate": 1.6053469827068678, 
          "completed_agents": 24, 
          "max_traveled_distance": 18.558561, 
          "avg_evacuation_time": 10.245854333333334, 
          "avg_traveled_distance": 13.090027083333332, 
          "min_traveled_distance": 7.240187
        }
      ], 
      "bounds": [
        [
          7.26, 
          2.81, 
          17.6, 
          14.57
        ]
      ]
    }, 
    "Kitchen": {
      "simulation_statistics": [
        {
          "not_completed_agents": 0, 
          "max_evacuation_time": 4.950001, 
          "min_evacuation_time": 0.0, 
          "exit_flow_rate": 2.4242419344965787, 
          "completed_agents": 12, 
          "max_traveled_distance": 6.343243, 
          "avg_evacuation_time": 3.0291655, 
          "avg_traveled_distance": 3.8287180833333334, 
          "min_traveled_distance": 0.0
        }
      ], 
      "bounds": [
        [
          -0.02, 
          -0.03, 
          7.39, 
          8.01
        ]
      ]
    }
  }, 
  "room_num": 5, 
  "verts": [
    [
      0.11, 
      0.1
    ], 
    [
      0.1, 
      0.11
    ], 
    [
      0.1, 
      0.8
    ], 
    [
      0.11, 
      0.81
    ], 
    [
      0.11, 
      2.2
    ], 
    [
      0.12, 
      2.21
    ], 
    [
      0.12, 
      7.91
    ], 
    [
      5.82, 
      7.91
    ], 
    [
      5.83, 
      7.92
    ], 
    [
      5.83, 
      8.02
    ], 
    [
      5.82, 
      8.03
    ], 
    [
      5.81, 
      8.02
    ], 
    [
      5.7, 
      8.02
    ], 
    [
      5.69, 
      8.03
    ], 
    [
      0.12, 
      8.03
    ], 
    [
      0.12, 
      11.35
    ], 
    [
      7.26, 
      11.35
    ], 
    [
      7.26, 
      11.2
    ], 
    [
      7.27, 
      11.19
    ], 
    [
      7.37, 
      11.19
    ], 
    [
      7.38, 
      11.2
    ], 
    [
      7.38, 
      11.5
    ], 
    [
      7.37, 
      11.51
    ], 
    [
      7.27, 
      11.51
    ], 
    [
      7.26, 
      11.5
    ], 
    [
      7.26, 
      11.47
    ], 
    [
      7.1, 
      11.47
    ], 
    [
      7.09, 
      11.46
    ], 
    [
      0.12, 
      11.46
    ], 
    [
      0.12, 
      14.45
    ], 
    [
      7.27, 
      14.45
    ], 
    [
      7.27, 
      12.52
    ], 
    [
      7.28, 
      12.51
    ], 
    [
      7.37, 
      12.51
    ], 
    [
      7.38, 
      12.52
    ], 
    [
      7.38, 
      13.55
    ], 
    [
      7.39, 
      13.56
    ], 
    [
      7.39, 
      14.45
    ], 
    [
      10.45, 
      14.45
    ], 
    [
      10.46, 
      14.44
    ], 
    [
      15.01, 
      14.44
    ], 
    [
      15.02, 
      14.43
    ], 
    [
      17.48, 
      14.43
    ], 
    [
      17.48, 
      6.04
    ], 
    [
      17.47, 
      6.03
    ], 
    [
      17.47, 
      4.18
    ], 
    [
      17.46, 
      4.17
    ], 
    [
      17.46, 
      2.92
    ], 
    [
      13.68, 
      2.92
    ], 
    [
      13.67, 
      2.93
    ], 
    [
      12.49, 
      2.93
    ], 
    [
      12.49, 
      8.01
    ], 
    [
      12.47, 
      8.03
    ], 
    [
      11.42, 
      8.03
    ], 
    [
      11.41, 
      8.02
    ], 
    [
      11.41, 
      7.92
    ], 
    [
      11.42, 
      7.91
    ], 
    [
      12.37, 
      7.91
    ], 
    [
      12.37, 
      2.93
    ], 
    [
      7.39, 
      2.93
    ], 
    [
      7.39, 
      4.76
    ], 
    [
      7.38, 
      4.77
    ], 
    [
      7.28, 
      4.77
    ], 
    [
      7.27, 
      4.76
    ], 
    [
      7.27, 
      2.9
    ], 
    [
      7.23, 
      2.86
    ], 
    [
      7.22, 
      2.86
    ], 
    [
      7.18, 
      2.82
    ], 
    [
      7.17, 
      2.82
    ], 
    [
      7.13, 
      2.78
    ], 
    [
      7.12, 
      2.78
    ], 
    [
      7.08, 
      2.74
    ], 
    [
      7.07, 
      2.74
    ], 
    [
      7.04, 
      2.71
    ], 
    [
      7.03, 
      2.71
    ], 
    [
      6.99, 
      2.67
    ], 
    [
      6.98, 
      2.67
    ], 
    [
      6.94, 
      2.63
    ], 
    [
      6.93, 
      2.63
    ], 
    [
      6.89, 
      2.59
    ], 
    [
      6.88, 
      2.59
    ], 
    [
      6.84, 
      2.55
    ], 
    [
      6.83, 
      2.55
    ], 
    [
      6.79, 
      2.51
    ], 
    [
      6.78, 
      2.51
    ], 
    [
      6.74, 
      2.47
    ], 
    [
      6.73, 
      2.47
    ], 
    [
      6.69, 
      2.43
    ], 
    [
      6.68, 
      2.43
    ], 
    [
      6.64, 
      2.39
    ], 
    [
      6.63, 
      2.39
    ], 
    [
      6.6, 
      2.36
    ], 
    [
      6.59, 
      2.36
    ], 
    [
      6.55, 
      2.32
    ], 
    [
      6.54, 
      2.32
    ], 
    [
      6.5, 
      2.28
    ], 
    [
      6.49, 
      2.28
    ], 
    [
      6.45, 
      2.24
    ], 
    [
      6.44, 
      2.24
    ], 
    [
      6.4, 
      2.2
    ], 
    [
      6.39, 
      2.2
    ], 
    [
      6.35, 
      2.16
    ], 
    [
      6.34, 
      2.16
    ], 
    [
      6.3, 
      2.12
    ], 
    [
      6.29, 
      2.12
    ], 
    [
      6.25, 
      2.08
    ], 
    [
      6.24, 
      2.08
    ], 
    [
      6.21, 
      2.05
    ], 
    [
      6.2, 
      2.05
    ], 
    [
      6.16, 
      2.01
    ], 
    [
      6.15, 
      2.01
    ], 
    [
      6.11, 
      1.97
    ], 
    [
      6.1, 
      1.97
    ], 
    [
      6.06, 
      1.93
    ], 
    [
      6.05, 
      1.93
    ], 
    [
      6.01, 
      1.89
    ], 
    [
      6.0, 
      1.89
    ], 
    [
      5.96, 
      1.85
    ], 
    [
      5.95, 
      1.85
    ], 
    [
      5.91, 
      1.81
    ], 
    [
      5.9, 
      1.81
    ], 
    [
      5.86, 
      1.77
    ], 
    [
      5.85, 
      1.77
    ], 
    [
      5.81, 
      1.73
    ], 
    [
      5.8, 
      1.73
    ], 
    [
      5.77, 
      1.7
    ], 
    [
      5.76, 
      1.7
    ], 
    [
      5.72, 
      1.66
    ], 
    [
      5.71, 
      1.66
    ], 
    [
      5.67, 
      1.62
    ], 
    [
      5.66, 
      1.62
    ], 
    [
      5.62, 
      1.58
    ], 
    [
      5.61, 
      1.58
    ], 
    [
      5.57, 
      1.54
    ], 
    [
      5.56, 
      1.54
    ], 
    [
      5.52, 
      1.5
    ], 
    [
      5.51, 
      1.5
    ], 
    [
      5.47, 
      1.46
    ], 
    [
      5.46, 
      1.46
    ], 
    [
      5.42, 
      1.42
    ], 
    [
      5.41, 
      1.42
    ], 
    [
      5.37, 
      1.38
    ], 
    [
      5.36, 
      1.38
    ], 
    [
