{
  "room_category": {
    "Entryway": {
      "simulation_statistics": [
        {
          "not_completed_agents": 0, 
          "max_evacuation_time": 150.004547, 
          "min_evacuation_time": 2.149999, 
          "exit_flow_rate": 0.0066664645839035796, 
          "completed_agents": 1, 
          "max_traveled_distance": 1.403069, 
          "avg_evacuation_time": 76.077273, 
          "avg_traveled_distance": 1.364497, 
          "min_traveled_distance": 1.325925
        }
      ], 
      "bounds": [
        [
          -0.74, 
          1.91, 
          1.69, 
          5.09
        ]
      ]
    }, 
    "Living_Room": {
      "simulation_statistics": [
        {
          "not_completed_agents": 0, 
          "max_evacuation_time": 3.499998, 
          "min_evacuation_time": 0.0, 
          "exit_flow_rate": 2.000001142857796, 
          "completed_agents": 7, 
          "max_traveled_distance": 4.228064, 
          "avg_evacuation_time": 1.757142142857143, 
          "avg_traveled_distance": 2.092862142857143, 
          "min_traveled_distance": 0.0
        }
      ], 
      "bounds": [
        [
          1.57, 
          -0.02, 
          6.78, 
          7.09
        ]
      ]
    }, 
    "Office": {
      "simulation_statistics": [
        {
          "not_completed_agents": 0, 
          "max_evacuation_time": 4.099998, 
          "min_evacuation_time": 1.35, 
          "exit_flow_rate": 1.7073179060087345, 
          "completed_agents": 7, 
          "max_traveled_distance": 4.861405, 
          "avg_evacuation_time": 2.692856, 
          "avg_traveled_distance": 3.4724740000000005, 
          "min_traveled_distance": 1.768736
        }
      ], 
      "bounds": [
        [
          1.57, 
          -0.02, 
          6.78, 
          7.09
        ]
      ]
    }
  }, 
  "room_num": 2, 
  "verts": [
    [
      1.7, 
      0.1
    ], 
    [
      1.69, 
      0.11
    ], 
    [
      1.69, 
      1.9
    ], 
    [
      1.68, 
      1.91
    ], 
    [
      1.68, 
      2.05
    ], 
    [
      1.67, 
      2.06
    ], 
    [
      1.58, 
      2.06
    ], 
    [
      1.57, 
      2.05
    ], 
    [
      1.57, 
      2.02
    ], 
    [
      0.11, 
      2.02
    ], 
    [
      0.1, 
      2.03
    ], 
    [
      0.1, 
      4.98
    ], 
    [
      1.57, 
      4.98
    ], 
    [
      1.57, 
      4.83
    ], 
    [
      1.58, 
      4.82
    ], 
    [
      1.67, 
      4.82
    ], 
    [
      1.68, 
      4.83
    ], 
    [
      1.68, 
      5.09
    ], 
    [
      1.69, 
      5.1
    ], 
    [
      1.69, 
      6.98
    ], 
    [
      6.65, 
      6.98
    ], 
    [
      6.65, 
      0.1
    ]
  ], 
  "bbox": {
    "max": [
      6.65, 
      6.98
    ], 
    "min": [
      0.1, 
      0.1
    ]
  }, 
  "id": "746be279887d53dfa14c76f1d6c0ff0b"
}