{
  "room_category": {
    "Garage": {
      "simulation_statistics": [
        {
          "not_completed_agents": 0, 
          "max_evacuation_time": 5.350002, 
          "min_evacuation_time": 0.0, 
          "exit_flow_rate": 2.0560739977293467, 
          "completed_agents": 11, 
          "max_traveled_distance": 6.915111, 
          "avg_evacuation_time": 3.3454538181818183, 
          "avg_traveled_distance": 4.312751272727272, 
          "min_traveled_distance": 0.0
        }
      ], 
      "bounds": [
        [
          -0.54, 
          -0.02, 
          9.97, 
          5.17
        ]
      ]
    }, 
    "Kitchen": {
      "simulation_statistics": [
        {
          "not_completed_agents": 0, 
          "max_evacuation_time": 150.004547, 
          "min_evacuation_time": 8.000012, 
          "exit_flow_rate": 0.07333111042293938, 
          "completed_agents": 11, 
          "max_traveled_distance": 15.71392, 
          "avg_evacuation_time": 42.247423285714284, 
          "avg_traveled_distance": 12.523318214285714, 
          "min_traveled_distance": 5.786181
        }
      ], 
      "bounds": [
        [
          -0.79, 
          9.47, 
          9.98, 
          16.14
        ]
      ]
    }
  }, 
  "room_num": 3, 
  "verts": [
    [
      0.11, 
      0.1
    ], 
    [
      0.1, 
      0.11
    ], 
    [
      0.1, 
      5.07
    ], 
    [
      4.37, 
      5.07
    ], 
    [
      4.38, 
      5.08
    ], 
    [
      4.38, 
      5.18
    ], 
    [
      4.37, 
      5.19
    ], 
    [
      0.1, 
      5.19
    ], 
    [
      0.1, 
      10.94
    ], 
    [
      4.19, 
      10.94
    ], 
    [
      4.2, 
      10.95
    ], 
    [
      4.2, 
      11.05
    ], 
    [
      4.19, 
      11.06
    ], 
    [
      0.1, 
      11.06
    ], 
    [
      0.1, 
      16.03
    ], 
    [
      9.87, 
      16.03
    ], 
    [
      9.87, 
      11.06
    ], 
    [
      7.31, 
      11.06
    ], 
    [
      7.3, 
      11.05
    ], 
    [
      7.3, 
      10.95
    ], 
    [
      7.31, 
      10.94
    ], 
    [
      9.95, 
      10.94
    ], 
    [
      9.95, 
      5.19
    ], 
    [
      5.59, 
      5.19
    ], 
    [
      5.58, 
      5.18
    ], 
    [
      5.58, 
      5.08
    ], 
    [
      5.59, 
      5.07
    ], 
    [
      9.86, 
      5.07
    ], 
    [
      9.86, 
      0.1
    ]
  ], 
  "bbox": {
    "max": [
      9.95, 
      16.03
    ], 
    "min": [
      0.1, 
      0.1
    ]
  }, 
  "id": "751ad32893f2e5c54c2887dbac3cc799"
}