{
  "room_category": {
    "Bathroom": {
      "simulation_statistics": [
        {
          "not_completed_agents": 0, 
          "max_evacuation_time": 3.449998, 
          "min_evacuation_time": 3.449998, 
          "exit_flow_rate": 0.2898552404957916, 
          "completed_agents": 1, 
          "max_traveled_distance": 3.120129, 
          "avg_evacuation_time": 3.449998, 
          "avg_traveled_distance": 3.120129, 
          "min_traveled_distance": 3.120129
        }
      ], 
      "bounds": [
        [
          3.04, 
          3.07, 
          5.27, 
          5.26
        ]
      ]
    }, 
    "Bedroom": {
      "simulation_statistics": [
        {
          "not_completed_agents": 0, 
          "max_evacuation_time": 0.95, 
          "min_evacuation_time": 0.0, 
          "exit_flow_rate": 3.1578947368421053, 
          "completed_agents": 3, 
          "max_traveled_distance": 1.410782, 
          "avg_evacuation_time": 0.6, 
          "avg_traveled_distance": 0.8420803333333332, 
          "min_traveled_distance": 0.0
        }
      ], 
      "bounds": [
        [
          1.03, 
          -0.02, 
          5.25, 
          3.17
        ]
      ]
    }
  }, 
  "room_num": 3, 
  "verts": [
    [
      1.16, 
      0.1
    ], 
    [
      1.15, 
      0.11
    ], 
    [
      1.15, 
      3.06
    ], 
    [
      3.53, 
      3.06
    ], 
    [
      3.54, 
      3.07
    ], 
    [
      3.54, 
      3.17
    ], 
    [
      3.53, 
      3.18
    ], 
    [
      3.16, 
      3.18
    ], 
    [
      3.16, 
      3.26
    ], 
    [
      3.15, 
      3.27
    ], 
    [
      3.05, 
      3.27
    ], 
    [
      3.04, 
      3.26
    ], 
    [
      3.04, 
      3.18
    ], 
    [
      0.11, 
      3.18
    ], 
    [
      0.1, 
      3.19
    ], 
    [
      0.1, 
      5.15
    ], 
    [
      3.04, 
      5.15
    ], 
    [
      3.04, 
      4.02
    ], 
    [
      3.05, 
      4.01
    ], 
    [
      3.15, 
      4.01
    ], 
    [
      3.16, 
      4.02
    ], 
    [
      3.16, 
      5.15
    ], 
    [
      5.13, 
      5.15
    ], 
    [
      5.13, 
      3.18
    ], 
    [
      4.75, 
      3.18
    ], 
    [
      4.74, 
      3.17
    ], 
    [
      4.74, 
      3.07
    ], 
    [
      4.75, 
      3.06
    ], 
    [
      5.11, 
      3.06
    ], 
    [
      5.11, 
      0.1
    ]
  ], 
  "bbox": {
    "max": [
      5.13, 
      5.15
    ], 
    "min": [
      0.1, 
      0.1
    ]
  }, 
  "id": "76b9a71d817265e75864ef7ab4bdbe8e"
}