{
  "room_category": {
    "Toilet": {
      "simulation_statistics": [
        {
          "not_completed_agents": 0, 
          "max_evacuation_time": 150.004547, 
          "min_evacuation_time": 0.0, 
          "exit_flow_rate": 0.0066664645839035796, 
          "completed_agents": 1, 
          "max_traveled_distance": 15.14773, 
          "avg_evacuation_time": 125.00378916666666, 
          "avg_traveled_distance": 3.3764149999999997, 
          "min_traveled_distance": 0.0
        }
      ], 
      "bounds": [
        [
          -0.01, 
          -0.02, 
          6.05, 
          4.74
        ]
      ]
    }, 
    "Living_Room": {
      "simulation_statistics": [
        {
          "not_completed_agents": 0, 
          "max_evacuation_time": 150.004547, 
          "min_evacuation_time": 150.004547, 
          "exit_flow_rate": 0.0, 
          "completed_agents": 0, 
          "max_traveled_distance": 19.465275, 
          "avg_evacuation_time": 150.004547, 
          "avg_traveled_distance": 11.096321166666668, 
          "min_traveled_distance": 0.754183
        }
      ], 
      "bounds": [
        [
          -0.02, 
          4.66, 
          5.18, 
          10.73
        ]
      ]
    }
  }, 
  "room_num": 2, 
  "verts": [
    [
      4.35, 
      0.1
    ], 
    [
      4.34, 
      0.11
    ], 
    [
      3.82, 
      0.11
    ], 
    [
      3.82, 
      0.83
    ], 
    [
      3.83, 
      0.84
    ], 
    [
      3.83, 
      1.7
    ], 
    [
      3.82, 
      1.71
    ], 
    [
      3.72, 
      1.71
    ], 
    [
      3.71, 
      1.7
    ], 
    [
      3.71, 
      0.11
    ], 
    [
      3.47, 
      0.11
    ], 
    [
      3.46, 
      0.12
    ], 
    [
      0.11, 
      0.12
    ], 
    [
      0.1, 
      0.13
    ], 
    [
      0.1, 
      2.23
    ], 
    [
      2.58, 
      2.23
    ], 
    [
      2.59, 
      2.24
    ], 
    [
      2.59, 
      2.33
    ], 
    [
      2.58, 
      2.34
    ], 
    [
      0.1, 
      2.34
    ], 
    [
      0.1, 
      2.75
    ], 
    [
      0.11, 
      2.76
    ], 
    [
      0.11, 
      3.77
    ], 
    [
      0.12, 
      3.78
    ], 
    [
      0.12, 
      4.63
    ], 
    [
      1.54, 
      4.63
    ], 
    [
      1.55, 
      4.64
    ], 
    [
      2.97, 
      4.64
    ], 
    [
      2.98, 
      4.65
    ], 
    [
      2.98, 
      4.75
    ], 
    [
      2.97, 
      4.76
    ], 
    [
      2.1, 
      4.76
    ], 
    [
      2.09, 
      4.77
    ], 
    [
      0.7, 
      4.77
    ], 
    [
      0.69, 
      4.78
    ], 
    [
      0.1, 
      4.78
    ], 
    [
      0.1, 
      9.75
    ], 
    [
      5.06, 
      9.75
    ], 
    [
      5.06, 
      4.76
    ], 
    [
      3.74, 
      4.76
    ], 
    [
      3.72, 
      4.74
    ], 
    [
      3.72, 
      4.43
    ], 
    [
      3.73, 
      4.42
    ], 
    [
      3.82, 
      4.42
    ], 
    [
      3.83, 
      4.43
    ], 
    [
      3.83, 
      4.65
    ], 
    [
      5.06, 
      4.65
    ], 
    [
      5.06, 
      2.89
    ], 
    [
      3.83, 
      2.89
    ], 
    [
      3.83, 
      3.41
    ], 
    [
      3.82, 
      3.42
    ], 
    [
      3.73, 
      3.42
    ], 
    [
      3.72, 
      3.41
    ], 
    [
      3.72, 
      2.72
    ], 
    [
      3.73, 
      2.71
    ], 
    [
      3.82, 
      2.71
    ], 
    [
      3.83, 
      2.72
    ], 
    [
      3.83, 
      2.78
    ], 
    [
      5.06, 
      2.78
    ], 
    [
      5.06, 
      0.1
    ]
  ], 
  "bbox": {
    "max": [
      5.06, 
      9.75
    ], 
    "min": [
      0.1, 
      0.1
    ]
  }, 
  "id": "7725a5f461668a5b79efd9ac0d8814aa"
}