{
  "room_category": {
    "Bathroom": {
      "simulation_statistics": [
        {
          "not_completed_agents": 0, 
          "max_evacuation_time": 43.149628, 
          "min_evacuation_time": 7.900012, 
          "exit_flow_rate": 0.1390510249590101, 
          "completed_agents": 6, 
          "max_traveled_distance": 38.919327, 
          "avg_evacuation_time": 23.749860666666667, 
          "avg_traveled_distance": 24.08094133333333, 
          "min_traveled_distance": 10.346997
        }
      ], 
      "bounds": [
        [
          -0.03, 
          5.13, 
          6.08, 
          10.36
        ]
      ]
    }, 
    "Room": {
      "simulation_statistics": [
        {
          "not_completed_agents": 0, 
          "max_evacuation_time": 59.699375, 
          "min_evacuation_time": 8.200013, 
          "exit_flow_rate": 0.7872779237638584, 
          "completed_agents": 47, 
          "max_traveled_distance": 50.366116, 
          "avg_evacuation_time": 25.85944829787234, 
          "avg_traveled_distance": 30.760294531914894, 
          "min_traveled_distance": 11.878094
        }, 
        {
          "not_completed_agents": 0, 
          "max_evacuation_time": 29.89983, 
          "min_evacuation_time": 5.900004, 
          "exit_flow_rate": 0.16722503104532702, 
          "completed_agents": 5, 
          "max_traveled_distance": 40.804111, 
          "avg_evacuation_time": 11.7999736, 
          "avg_traveled_distance": 15.832554400000001, 
          "min_traveled_distance": 6.485972
        }, 
        {
          "not_completed_agents": 0, 
          "max_evacuation_time": 6.550007, 
          "min_evacuation_time": 3.349998, 
          "exit_flow_rate": 0.7633579628235512, 
          "completed_agents": 5, 
          "max_traveled_distance": 8.415501, 
          "avg_evacuation_time": 5.4000032, 
          "avg_traveled_distance": 6.8841155999999994, 
          "min_traveled_distance": 4.231457
        }
      ], 
      "bounds": [
        [
          -0.02, 
          10.23, 
          20.45, 
          21.69
        ], 
        [
          5.38, 
          5.14, 
          9.82, 
          10.32
        ], 
        [
          5.37, 
          0.03, 
          9.82, 
          5.23
        ]
      ]
    }, 
    "Office": {
      "simulation_statistics": [
        {
          "not_completed_agents": 0, 
          "max_evacuation_time": 150.004547, 
          "min_evacuation_time": 10.250021, 
          "exit_flow_rate": 0.31332383544346826, 
          "completed_agents": 47, 
          "max_traveled_distance": 49.424099, 
          "avg_evacuation_time": 28.961423541666665, 
          "avg_traveled_distance": 31.052366541666668, 
          "min_traveled_distance": 0.902529
        }
      ], 
      "bounds": [
        [
          -0.02, 
          10.23, 
          21.09, 
          21.71
        ]
      ]
    }, 
    "Living_Room": {
      "simulation_statistics": [
        {
          "not_completed_agents": 0, 
          "max_evacuation_time": 50.049522, 
          "min_evacuation_time": 11.200025, 
          "exit_flow_rate": 0.9590501184007311, 
          "completed_agents": 48, 
          "max_traveled_distance": 47.599533, 
          "avg_evacuation_time": 25.387390229166666, 
          "avg_traveled_distance": 32.199003041666664, 
          "min_traveled_distance": 17.917459
        }
      ], 
      "bounds": [
        [
          -0.02, 
          10.23, 
          21.09, 
          21.71
        ]
      ]
    }, 
    "Bedroom": {
      "simulation_statistics": [
        {
          "not_completed_agents": 0, 
          "max_evacuation_time": 2.199999, 
          "min_evacuation_time": 0.0, 
          "exit_flow_rate": 2.7272739669427124, 
          "completed_agents": 6, 
          "max_traveled_distance": 3.58083, 
          "avg_evacuation_time": 0.7249996666666667, 
          "avg_traveled_distance": 1.0199891666666667, 
          "min_traveled_distance": 0.0
        }, 
        {
          "not_completed_agents": 0, 
          "max_evacuation_time": 45.349594, 
          "min_evacuation_time": 7.100009, 
          "exit_flow_rate": 0.2646109687332592, 
          "completed_agents": 12, 
          "max_traveled_distance": 49.317963, 
          "avg_evacuation_time": 30.7664585, 
          "avg_traveled_distance": 32.75915083333333, 
          "min_traveled_distance": 9.197052
        }
      ], 
      "bounds": [
        [
          -0.03, 
          -0.02, 
          6.09, 
          5.17
        ], 
        [
          9.1, 
          0.02, 
          20.54, 
          5.22
        ]
      ]
    }, 
    "Kitchen": {
      "simulation_statistics": [
        {
          "not_completed_agents": 0, 
          "max_evacuation_time": 41.449654, 
          "min_evacuation_time": 9.700019, 
          "exit_flow_rate": 0.2895078448664493, 
          "completed_agents": 12, 
          "max_traveled_distance": 41.634468, 
          "avg_evacuation_time": 26.7831985, 
          "avg_traveled_distance": 31.245854750000003, 
          "min_traveled_distance": 14.096009
        }
      ], 
      "bounds": [
        [
          9.09, 
          5.14, 
          20.48, 
          10.32
        ]
      ]
    }
  }, 
  "room_num": 8, 
  "verts": [
    [
      0.11, 
      0.1
    ], 
    [
      0.1, 
      0.11
    ], 
    [
      0.1, 
      5.07
    ], 
    [
      5.99, 
      5.07
    ], 
    [
      5.99, 
      5.02
    ], 
    [
      6.0, 
      5.01
    ], 
    [
      6.1, 
      5.01
    ], 
    [
      6.11, 
      5.02
    ], 
    [
      6.11, 
      5.23
    ], 
    [
      6.1, 
      5.24
    ], 
    [
      6.1, 
      7.19
    ], 
    [
      6.09, 
      7.2
    ], 
    [
      5.99, 
      7.2
    ], 
    [
      5.98, 
      7.19
    ], 
    [
      5.98, 
      5.24
    ], 
    [
      0.1, 
      5.24
    ], 
    [
      0.1, 
      10.23
    ], 
    [
      2.6, 
      10.23
    ], 
    [
      2.61, 
      10.22
    ], 
    [
      2.64, 
      10.22
    ], 
    [
      2.65, 
      10.23
    ], 
    [
      2.65, 
      10.33
    ], 
    [
      2.64, 
      10.34
    ], 
    [
      0.1, 
      10.34
    ], 
    [
      0.1, 
      21.58
    ], 
    [
      20.34, 
      21.58
    ], 
    [
      20.34, 
      10.33
    ], 
    [
      20.35, 
      10.32
    ], 
    [
      20.35, 
      10.24
    ], 
    [
      20.36, 
      10.23
    ], 
    [
      20.37, 
      10.23
    ], 
    [
      20.37, 
      5.25
    ], 
    [
      9.2, 
      5.25
    ], 
    [
      9.2, 
      6.77
    ], 
    [
      9.21, 
      6.78
    ], 
    [
      9.21, 
      8.25
    ], 
    [
      9.2, 
      8.26
    ], 
    [
      9.09, 
      8.26
    ], 
    [
      9.08, 
      8.25
    ], 
    [
      9.08, 
      2.39
    ], 
    [
      9.09, 
      2.38
    ], 
    [
      9.2, 
      2.38
    ], 
    [
      9.21, 
      2.39
    ], 
    [
      9.21, 
      5.12
    ], 
    [
      20.41, 
      5.12
    ], 
    [
      20.41, 
      0.15
    ], 
    [
      9.21, 
      0.15
    ], 
    [
      9.21, 
      0.53
    ], 
    [
      9.2, 
      0.54
    ], 
    [
      9.09, 
      0.54
    ], 
    [
      9.08, 
      0.53
    ], 
    [
      9.08, 
      0.16
    ], 
    [
      6.11, 
      0.16
    ], 
    [
      6.11, 
      3.16
    ], 
    [
      6.1, 
      3.17
    ], 
    [
      6.0, 
      3.17
    ], 
    [
      5.99, 
      3.16
    ], 
    [
      5.99, 
      0.1
    ]
  ], 
  "bbox": {
    "max": [
      20.41, 
      21.58
    ],