{
  "room_category": {
    "Toilet": {
      "simulation_statistics": [
        {
          "not_completed_agents": 0, 
          "max_evacuation_time": 21.149963, 
          "min_evacuation_time": 6.450006, 
          "exit_flow_rate": 0.283688439549516, 
          "completed_agents": 6, 
          "max_traveled_distance": 15.320315, 
          "avg_evacuation_time": 11.9916775, 
          "avg_traveled_distance": 12.124577166666667, 
          "min_traveled_distance": 8.803277
        }, 
        {
          "not_completed_agents": 0, 
          "max_evacuation_time": 150.004547, 
          "min_evacuation_time": 13.050032, 
          "exit_flow_rate": 0.013332929167807159, 
          "completed_agents": 2, 
          "max_traveled_distance": 12.424296, 
          "avg_evacuation_time": 61.101518666666664, 
          "avg_traveled_distance": 9.287767666666667, 
          "min_traveled_distance": 4.19333
        }, 
        {
          "not_completed_agents": 0, 
          "max_evacuation_time": 6.350006, 
          "min_evacuation_time": 3.799998, 
          "exit_flow_rate": 0.4724404984814188, 
          "completed_agents": 3, 
          "max_traveled_distance": 6.014375, 
          "avg_evacuation_time": 5.033335, 
          "avg_traveled_distance": 5.466422666666666, 
          "min_traveled_distance": 5.021474
        }
      ], 
      "bounds": [
        [
          -0.01, 
          8.28, 
          5.51, 
          13.77
        ], 
        [
          5.29, 
          6.52, 
          10.63, 
          9.62
        ], 
        [
          5.33, 
          4.11, 
          10.65, 
          6.54
        ]
      ]
    }, 
    "Bathroom": {
      "simulation_statistics": [
        {
          "not_completed_agents": 0, 
          "max_evacuation_time": 27.049873, 
          "min_evacuation_time": 7.850012, 
          "exit_flow_rate": 0.22181250167052538, 
          "completed_agents": 6, 
          "max_traveled_distance": 19.354092, 
          "avg_evacuation_time": 15.783318000000001, 
          "avg_traveled_distance": 13.925623, 
          "min_traveled_distance": 11.327765
        }, 
        {
          "not_completed_agents": 0, 
          "max_evacuation_time": 19.549988, 
          "min_evacuation_time": 5.800004, 
          "exit_flow_rate": 0.15345277961295936, 
          "completed_agents": 3, 
          "max_traveled_distance": 14.818935, 
          "avg_evacuation_time": 14.400002, 
          "avg_traveled_distance": 12.48221, 
          "min_traveled_distance": 8.801659
        }, 
        {
          "not_completed_agents": 0, 
          "max_evacuation_time": 150.004547, 
          "min_evacuation_time": 9.200017, 
          "exit_flow_rate": 0.013332929167807159, 
          "completed_agents": 2, 
          "max_traveled_distance": 7.473986, 
          "avg_evacuation_time": 58.484867333333334, 
          "avg_traveled_distance": 6.80998, 
          "min_traveled_distance": 6.289306
        }
      ], 
      "bounds": [
        [
          -0.01, 
          8.28, 
          5.51, 
          13.77
        ], 
        [
          5.29, 
          6.52, 
          10.63, 
          9.62
        ], 
        [
          5.33, 
          4.11, 
          10.65, 
          6.54
        ]
      ]
    }, 
    "Room": {
      "simulation_statistics": [
        {
          "not_completed_agents": 0, 
          "max_evacuation_time": 10.05002, 
          "min_evacuation_time": 10.05002, 
          "exit_flow_rate": 0.09950228954768249, 
          "completed_agents": 1, 
          "max_traveled_distance": 10.898175, 
          "avg_evacuation_time": 10.05002, 
          "avg_traveled_distance": 10.898175, 
          "min_traveled_distance": 10.898175
        }
      ], 
      "bounds": [
        [
          3.86, 
          11.0, 
          4.69, 
          13.81
        ], 
        [
          0.09, 
          0.02, 
          5.35, 
          0.13
        ], 
        [
          0.02, 
          7.03, 
          1.02, 
          9.87
        ], 
        [
          0.06, 
          7.04, 
          0.16, 
          12.22
        ]
      ]
    }, 
    "Bedroom": {
      "simulation_statistics": [
        {
          "not_completed_agents": 0, 
          "max_evacuation_time": 25.849892, 
          "min_evacuation_time": 5.500003, 
          "exit_flow_rate": 0.23210928695562827, 
          "completed_agents": 6, 
          "max_traveled_distance": 17.324675, 
          "avg_evacuation_time": 16.199963666666665, 
          "avg_traveled_distance": 13.335575333333333, 
          "min_traveled_distance": 9.283178
        }, 
        {
          "not_completed_agents": 0, 
          "max_evacuation_time": 1.5, 
          "min_evacuation_time": 0.0, 
          "exit_flow_rate": 4.0, 
          "completed_agents": 6, 
          "max_traveled_distance": 1.948366, 
          "avg_evacuation_time": 0.7583333333333333, 
          "avg_traveled_distance": 0.7874715, 
          "min_traveled_distance": 0.0
        }
      ], 
      "bounds": [
        [
          -0.01, 
          8.28, 
          5.51, 
          13.77
        ], 
        [
          4.45, 
          -0.05, 
          10.67, 
          4.73
        ]
      ]
    }, 
    "Dining_Room": {
      "simulation_statistics": [
        {
          "not_completed_agents": 0, 
          "max_evacuation_time": 15.35004, 
          "min_evacuation_time": 2.849998, 
          "exit_flow_rate": 0.39087846025156936, 
          "completed_agents": 6, 
          "max_traveled_distance": 11.283403, 
          "avg_evacuation_time": 9.158351, 
          "avg_traveled_distance": 7.148683833333333, 
          "min_traveled_distance": 2.681175
        }
      ], 
      "bounds": [
        [
          0.09, 
          0.02, 
          4.22, 
          7.08
        ]
      ]
    }, 
    "Hall": {
      "simulation_statistics": [
        {
          "not_completed_agents": 0, 
          "max_evacuation_time": 22.449944, 
          "min_evacuation_time": 9.600019, 
          "exit_flow_rate": 0.26726124572961074, 
          "completed_agents": 6, 
          "max_traveled_distance": 15.830593, 
          "avg_evacuation_time": 16.091669166666666, 
          "avg_traveled_distance": 13.583853166666666, 
          "min_traveled_distance": 11.71624
        }
      ], 
      "bounds": [
        [
          5.31, 
          8.28, 
          10.61, 
          13.83
        ]
      ]
    }, 
    "Kitchen": {
      "simulation_statistics": [
        {
          "not_completed_agents": 0, 
          "max_evacuation_time": 23.699924, 
          "min_evacuation_time": 8.250013, 
          "exit_flow_rate": 0.1265826844001694, 
          "completed_agents": 3, 
          "max_traveled_distance": 13.833482, 
          "avg_evacuation_time": 13.716651333333333, 
          "avg_traveled_distance": 10.689517666666667, 
          "min_traveled_distance": 8.756087
        }
      ], 
      "bounds": [
        [
          0.09, 
          2.47, 
          3.59, 
          7.08
        ]
      ]
    }
  }, 
  "room_num": 11,