{
  "room_category": {
    "Garage": {
      "simulation_statistics": [
        {
          "not_completed_agents": 0, 
          "max_evacuation_time": 17.350021, 
          "min_evacuation_time": 10.300021, 
          "exit_flow_rate": 0.4034577249214856, 
          "completed_agents": 7, 
          "max_traveled_distance": 17.640488, 
          "avg_evacuation_time": 13.878602, 
          "avg_traveled_distance": 15.480401, 
          "min_traveled_distance": 12.469858
        }
      ], 
      "bounds": [
        [
          8.5, 
          7.61, 
          17.21, 
          11.57
        ]
      ]
    }, 
    "Office": {
      "simulation_statistics": [
        {
          "not_completed_agents": 0, 
          "max_evacuation_time": 20.69997, 
          "min_evacuation_time": 7.950012, 
          "exit_flow_rate": 0.1932369950294614, 
          "completed_agents": 4, 
          "max_traveled_distance": 14.936795, 
          "avg_evacuation_time": 14.237498, 
          "avg_traveled_distance": 12.407027, 
          "min_traveled_distance": 10.104748
        }
      ], 
      "bounds": [
        [
          3.24, 
          7.64, 
          8.6, 
          11.57
        ]
      ]
    }, 
    "Bedroom": {
      "simulation_statistics": [
        {
          "not_completed_agents": 0, 
          "max_evacuation_time": 5.150002, 
          "min_evacuation_time": 0.95, 
          "exit_flow_rate": 2.5242708643608296, 
          "completed_agents": 13, 
          "max_traveled_distance": 6.448961, 
          "avg_evacuation_time": 3.088460692307692, 
          "avg_traveled_distance": 3.9451033846153845, 
          "min_traveled_distance": 0.908037
        }
      ], 
      "bounds": [
        [
          -0.03, 
          -0.03, 
          8.6, 
          7.75
        ]
      ]
    }
  }, 
  "room_num": 4, 
  "verts": [
    [
      0.11, 
      0.1
    ], 
    [
      0.1, 
      0.11
    ], 
    [
      0.1, 
      7.65
    ], 
    [
      1.95, 
      7.65
    ], 
    [
      1.96, 
      7.66
    ], 
    [
      1.96, 
      7.76
    ], 
    [
      1.95, 
      7.77
    ], 
    [
      1.94, 
      7.76
    ], 
    [
      1.93, 
      7.76
    ], 
    [
      1.92, 
      7.77
    ], 
    [
      0.1, 
      7.77
    ], 
    [
      0.1, 
      11.45
    ], 
    [
      3.23, 
      11.45
    ], 
    [
      3.23, 
      7.77
    ], 
    [
      2.97, 
      7.77
    ], 
    [
      2.96, 
      7.76
    ], 
    [
      2.96, 
      7.66
    ], 
    [
      2.97, 
      7.65
    ], 
    [
      6.34, 
      7.65
    ], 
    [
      6.35, 
      7.66
    ], 
    [
      6.35, 
      7.76
    ], 
    [
      6.34, 
      7.77
    ], 
    [
      3.35, 
      7.77
    ], 
    [
      3.35, 
      11.45
    ], 
    [
      8.49, 
      11.45
    ], 
    [
      8.49, 
      10.19
    ], 
    [
      8.5, 
      10.18
    ], 
    [
      8.6, 
      10.18
    ], 
    [
      8.61, 
      10.19
    ], 
    [
      8.61, 
      11.45
    ], 
    [
      16.56, 
      11.45
    ], 
    [
      16.56, 
      7.72
    ], 
    [
      8.61, 
      7.72
    ], 
    [
      8.61, 
      8.97
    ], 
    [
      8.6, 
      8.98
    ], 
    [
      8.5, 
      8.98
    ], 
    [
      8.49, 
      8.97
    ], 
    [
      8.49, 
      7.77
    ], 
    [
      7.36, 
      7.77
    ], 
    [
      7.35, 
      7.76
    ], 
    [
      7.35, 
      7.66
    ], 
    [
      7.36, 
      7.65
    ], 
    [
      7.37, 
      7.66
    ], 
    [
      7.38, 
      7.65
    ], 
    [
      8.49, 
      7.65
    ], 
    [
      8.49, 
      7.61
    ], 
    [
      8.48, 
      7.6
    ], 
    [
      8.48, 
      0.1
    ]
  ], 
  "bbox": {
    "max": [
      16.56, 
      11.45
    ], 
    "min": [
      0.1, 
      0.1
    ]
  }, 
  "id": "7e8a824483d11d1dd59f5513f364ccc4"
}