{
  "room_category": {
    "Garage": {
      "simulation_statistics": [
        {
          "not_completed_agents": 0, 
          "max_evacuation_time": 43.099628, 
          "min_evacuation_time": 11.250025, 
          "exit_flow_rate": 0.2552226204829424, 
          "completed_agents": 11, 
          "max_traveled_distance": 36.126846, 
          "avg_evacuation_time": 21.58175572727273, 
          "avg_traveled_distance": 22.02992418181818, 
          "min_traveled_distance": 14.174479
        }
      ], 
      "bounds": [
        [
          14.71, 
          0.06, 
          20.01, 
          10.83
        ]
      ]
    }, 
    "Gym": {
      "simulation_statistics": [
        {
          "not_completed_agents": 0, 
          "max_evacuation_time": 40.299671, 
          "min_evacuation_time": 10.00002, 
          "exit_flow_rate": 0.27295508194099155, 
          "completed_agents": 11, 
          "max_traveled_distance": 27.783098, 
          "avg_evacuation_time": 24.15444327272727, 
          "avg_traveled_distance": 22.580768000000003, 
          "min_traveled_distance": 13.000309
        }, 
        {
          "not_completed_agents": 0, 
          "max_evacuation_time": 37.699711, 
          "min_evacuation_time": 23.499928, 
          "exit_flow_rate": 0.15915241366173868, 
          "completed_agents": 6, 
          "max_traveled_distance": 31.309383, 
          "avg_evacuation_time": 30.449821666666665, 
          "avg_traveled_distance": 28.302469666666667, 
          "min_traveled_distance": 25.587904
        }
      ], 
      "bounds": [
        [
          14.71, 
          0.06, 
          20.01, 
          10.83
        ], 
        [
          19.92, 
          5.1, 
          25.11, 
          11.02
        ]
      ]
    }, 
    "Kitchen": {
      "simulation_statistics": [
        {
          "not_completed_agents": 0, 
          "max_evacuation_time": 27.699863, 
          "min_evacuation_time": 10.400022, 
          "exit_flow_rate": 0.32491135425471235, 
          "completed_agents": 9, 
          "max_traveled_distance": 22.177952, 
          "avg_evacuation_time": 17.166651222222225, 
          "avg_traveled_distance": 17.42960122222222, 
          "min_traveled_distance": 12.404012
        }
      ], 
      "bounds": [
        [
          10.2, 
          1.97, 
          15.42, 
          10.32
        ]
      ]
    }, 
    "Dining_Room": {
      "simulation_statistics": [
        {
          "not_completed_agents": 0, 
          "max_evacuation_time": 21.149963, 
          "min_evacuation_time": 3.499998, 
          "exit_flow_rate": 0.567376879099032, 
          "completed_agents": 12, 
          "max_traveled_distance": 13.320433, 
          "avg_evacuation_time": 8.033337833333333, 
          "avg_traveled_distance": 8.657868333333333, 
          "min_traveled_distance": 4.768482
        }
      ], 
      "bounds": [
        [
          -0.02, 
          5.1, 
          10.31, 
          11.08
        ]
      ]
    }, 
    "Bedroom": {
      "simulation_statistics": [
        {
          "not_completed_agents": 0, 
          "max_evacuation_time": 150.004547, 
          "min_evacuation_time": 150.004547, 
          "exit_flow_rate": 0.0, 
          "completed_agents": 0, 
          "max_traveled_distance": 18.867002, 
          "avg_evacuation_time": 150.004547, 
          "avg_traveled_distance": 17.01345, 
          "min_traveled_distance": 15.994738
        }
      ], 
      "bounds": [
        [
          5.08, 
          1.97, 
          10.27, 
          5.22
        ]
      ]
    }
  }, 
  "room_num": 6, 
  "verts": [
    [
      0.11, 
      0.1
    ], 
    [
      0.1, 
      0.11
    ], 
    [
      0.1, 
      5.07
    ], 
    [
      0.99, 
      5.07
    ], 
    [
      1.0, 
      5.08
    ], 
    [
      1.0, 
      5.2
    ], 
    [
      0.99, 
      5.21
    ], 
    [
      0.1, 
      5.21
    ], 
    [
      0.1, 
      10.18
    ], 
    [
      10.21, 
      10.18
    ], 
    [
      10.21, 
      6.35
    ], 
    [
      10.22, 
      6.34
    ], 
    [
      10.32, 
      6.34
    ], 
    [
      10.33, 
      6.35
    ], 
    [
      10.32, 
      6.36
    ], 
    [
      10.32, 
      6.4
    ], 
    [
      10.33, 
      6.41
    ], 
    [
      10.33, 
      10.18
    ], 
    [
      15.31, 
      10.18
    ], 
    [
      15.31, 
      5.91
    ], 
    [
      15.32, 
      5.9
    ], 
    [
      15.42, 
      5.9
    ], 
    [
      15.43, 
      5.91
    ], 
    [
      15.43, 
      10.18
    ], 
    [
      19.91, 
      10.18
    ], 
    [
      19.91, 
      8.31
    ], 
    [
      19.92, 
      8.3
    ], 
    [
      20.02, 
      8.3
    ], 
    [
      20.03, 
      8.31
    ], 
    [
      20.03, 
      10.18
    ], 
    [
      25.0, 
      10.18
    ], 
    [
      25.0, 
      5.22
    ], 
    [
      20.03, 
      5.22
    ], 
    [
      20.03, 
      7.09
    ], 
    [
      20.02, 
      7.1
    ], 
    [
      19.92, 
      7.1
    ], 
    [
      19.91, 
      7.09
    ], 
    [
      19.91, 
      5.11
    ], 
    [
      19.9, 
      5.1
    ], 
    [
      19.9, 
      2.09
    ], 
    [
      15.43, 
      2.09
    ], 
    [
      15.43, 
      4.89
    ], 
    [
      15.42, 
      4.9
    ], 
    [
      15.32, 
      4.9
    ], 
    [
      15.31, 
      4.89
    ], 
    [
      15.31, 
      2.1
    ], 
    [
      10.33, 
      2.1
    ], 
    [
      10.33, 
      5.33
    ], 
    [
      10.32, 
      5.34
    ], 
    [
      10.22, 
      5.34
    ], 
    [
      10.21, 
      5.33
    ], 
    [
      10.21, 
      5.21
    ], 
    [
      8.4, 
      5.21
    ], 
    [
      8.39, 
      5.2
    ], 
    [
      8.39, 
      5.08
    ], 
    [
      8.4, 
      5.07
    ], 
    [
      10.17, 
      5.07
    ], 
    [
      10.17, 
      2.1
    ], 
    [
      5.19, 
      2.1
    ], 
    [
      5.19, 
      5.07
    ], 
    [
      7.64, 
      5.07
    ], 
    [
      7.65, 
      5.08
    ], 
    [
      7.65, 
      5.2
    ], 
    [
      7.64, 
      5.21
    ], 
    [
      2.25, 
      5.21
    ], 
    [
      2.24, 
      5.2
    ], 
    [
      2.24, 
      5.08
    ], 
    [
      2.25, 
      5.07
    ], 
    [
      5.07, 
      5.07
    ], 
    [
      5.07, 
      1.99
    ], 
    [
      5.06, 
      1.98
    ], 
    [
      5.06, 
      0.1
    ]
  ], 
  "bbox": {
    "max": [
      25.0, 
      10.18
    ], 
    "min": [
      0.1, 
      0.1
    ]
  }, 
  "id": "7ee20ab5460d5fa267ddfd23091470ed"
}