{
  "room_category": {
    "Toilet": {
      "simulation_statistics": [
        {
          "not_completed_agents": 0, 
          "max_evacuation_time": 150.004547, 
          "min_evacuation_time": 19.39999, 
          "exit_flow_rate": 0.0066664645839035796, 
          "completed_agents": 1, 
          "max_traveled_distance": 14.626339, 
          "avg_evacuation_time": 106.46969466666667, 
          "avg_traveled_distance": 10.434295666666666, 
          "min_traveled_distance": 6.468927
        }
      ], 
      "bounds": [
        [
          6.5, 
          5.07, 
          10.64, 
          8.27
        ]
      ]
    }, 
    "Bathroom": {
      "simulation_statistics": [
        {
          "not_completed_agents": 0, 
          "max_evacuation_time": 150.004547, 
          "min_evacuation_time": 15.35004, 
          "exit_flow_rate": 0.013332929167807159, 
          "completed_agents": 2, 
          "max_traveled_distance": 13.922928, 
          "avg_evacuation_time": 60.66820633333333, 
          "avg_traveled_distance": 12.798667, 
          "min_traveled_distance": 10.761724
        }
      ], 
      "bounds": [
        [
          6.5, 
          5.07, 
          10.64, 
          8.27
        ]
      ]
    }, 
    "Kitchen": {
      "simulation_statistics": [
        {
          "not_completed_agents": 0, 
          "max_evacuation_time": 150.004547, 
          "min_evacuation_time": 23.749924, 
          "exit_flow_rate": 0.013332929167807159, 
          "completed_agents": 2, 
          "max_traveled_distance": 20.892735, 
          "avg_evacuation_time": 108.13633600000001, 
          "avg_traveled_distance": 16.977438833333334, 
          "min_traveled_distance": 12.839394
        }
      ], 
      "bounds": [
        [
          3.31, 
          0.0, 
          7.21, 
          8.24
        ]
      ]
    }, 
    "Garage": {
      "simulation_statistics": [
        {
          "not_completed_agents": 0, 
          "max_evacuation_time": 150.004547, 
          "min_evacuation_time": 12.150028, 
          "exit_flow_rate": 0.0066664645839035796, 
          "completed_agents": 1, 
          "max_traveled_distance": 17.531881, 
          "avg_evacuation_time": 104.05304066666667, 
          "avg_traveled_distance": 16.373030333333332, 
          "min_traveled_distance": 14.947584
        }
      ], 
      "bounds": [
        [
          -0.02, 
          -0.53, 
          3.42, 
          4.34
        ]
      ]
    }, 
    "Bedroom": {
      "simulation_statistics": [
        {
          "not_completed_agents": 0, 
          "max_evacuation_time": 150.004547, 
          "min_evacuation_time": 10.10002, 
          "exit_flow_rate": 0.0066664645839035796, 
          "completed_agents": 1, 
          "max_traveled_distance": 12.5816, 
          "avg_evacuation_time": 115.02841525, 
          "avg_traveled_distance": 11.54293225, 
          "min_traveled_distance": 10.017426
        }, 
        {
          "not_completed_agents": 0, 
          "max_evacuation_time": 150.004547, 
          "min_evacuation_time": 1.0, 
          "exit_flow_rate": 0.04666525208732506, 
          "completed_agents": 7, 
          "max_traveled_distance": 12.633282, 
          "avg_evacuation_time": 25.713080875, 
          "avg_traveled_distance": 8.6878885, 
          "min_traveled_distance": 1.076285
        }
      ], 
      "bounds": [
        [
          11.02, 
          -0.01, 
          14.79, 
          5.18
        ], 
        [
          10.52, 
          2.45, 
          17.38, 
          8.25
        ]
      ]
    }
  }, 
  "room_num": 7, 
  "verts": [
    [
      14.79, 
      0.1
    ], 
    [
      14.79, 
      0.7
    ], 
    [
      14.8, 
      0.71
    ], 
    [
      14.8, 
      1.95
    ], 
    [
      14.81, 
      1.96
    ], 
    [
      14.81, 
      2.49
    ], 
    [
      15.11, 
      2.49
    ], 
    [
      15.12, 
      2.5
    ], 
    [
      15.12, 
      2.59
    ], 
    [
      15.11, 
      2.6
    ], 
    [
      14.8, 
      2.6
    ], 
    [
      14.8, 
      2.63
    ], 
    [
      14.79, 
      2.64
    ], 
    [
      14.78, 
      2.64
    ], 
    [
      14.78, 
      5.18
    ], 
    [
      14.76, 
      5.2
    ], 
    [
      11.47, 
      5.2
    ], 
    [
      11.46, 
      5.19
    ], 
    [
      11.46, 
      5.1
    ], 
    [
      11.47, 
      5.09
    ], 
    [
      11.55, 
      5.09
    ], 
    [
      11.55, 
      5.03
    ], 
    [
      11.56, 
      5.02
    ], 
    [
      11.65, 
      5.02
    ], 
    [
      11.66, 
      5.03
    ], 
    [
      11.66, 
      5.09
    ], 
    [
      14.66, 
      5.09
    ], 
    [
      14.66, 
      2.5
    ], 
    [
      14.67, 
      2.49
    ], 
    [
      14.68, 
      2.49
    ], 
    [
      14.68, 
      1.28
    ], 
    [
      14.67, 
      1.27
    ], 
    [
      14.67, 
      0.11
    ], 
    [
      11.66, 
      0.11
    ], 
    [
      11.66, 
      4.27
    ], 
    [
      11.65, 
      4.28
    ], 
    [
      11.56, 
      4.28
    ], 
    [
      11.55, 
      4.27
    ], 
    [
      11.55, 
      0.11
    ], 
    [
      6.59, 
      0.11
    ], 
    [
      6.59, 
      0.25
    ], 
    [
      6.58, 
      0.26
    ], 
    [
      6.48, 
      0.26
    ], 
    [
      6.47, 
      0.25
    ], 
    [
      6.47, 
      0.11
    ], 
    [
      3.43, 
      0.11
    ], 
    [
      3.43, 
      1.56
    ], 
    [
      3.42, 
      1.57
    ], 
    [
      3.32, 
      1.57
    ], 
    [
      3.31, 
      1.56
    ], 
    [
      3.31, 
      0.11
    ], 
    [
      0.11, 
      0.11
    ], 
    [
      0.1, 
      0.12
    ], 
    [
      0.1, 
      4.23
    ], 
    [
      3.31, 
      4.23
    ], 
    [
      3.31, 
      2.78
    ], 
    [
      3.32, 
      2.77
    ], 
    [
      3.42, 
      2.77
    ], 
    [
      3.43, 
      2.78
    ], 
    [
      3.43, 
      4.33
    ], 
    [
      3.42, 
      4.34
    ], 
    [
      3.43, 
      4.35
    ], 
    [
      3.43, 
      8.13
    ], 
    [
      6.47, 
      8.13
    ], 
    [
      6.47, 
      2.11
    ], 
    [
      6.48, 
      2.1
    ], 
    [
      6.58, 
      2.1
    ], 
    [
      6.59, 
      2.11
    ], 
    [
      6.59, 
      5.09
    ], 
    [
      9.6, 
      5.09
    ], 
    [
      9.61, 
      5.1
    ], 
    [
      9.61, 
      5.19
    ], 
    [
      9.6, 
      5.2
    ], 
    [
      6.61, 
      5.2
    ], 
    [
      6.61, 
      8.13
    ], 
    [
      10.51, 
      8.13
    ], 
    [
      10.51, 
      5.2
    ], 
    [
      10.36, 
      5.2
    ], 
    [
      10.35, 
      5.19
    ], 
    [
      10.35, 
      5.1
    ], 
    [
      10.36, 
      5.09
    ], 
    [
      10.71, 
      5.09
    ], 
    [
      10.72, 
      5.1
    ], 
    [
      10.72, 
      5.19
    ], 
    [
      10.71, 
      5.2
    ], 
    [
      10.63, 
      5.2
    ], 
    [
      10.63, 
      8.13
    ], 
    [
      13.95, 
      8.13
    ], 
    [
      13.96, 
      8.14
    ], 
    [
      17.26, 
      8.14
    ], 
    [
      17.26, 
      2.6
    ], 
    [
      16.97, 
      2.6
    ], 
    [
      16.96, 
      2.59
    ], 
    [
      16.96, 
      2.5
    ], 
    [
      16.97, 
      2.49
    ], 
    [
      17.26, 
      2.49
    ], 
    [
      17.26, 
      0.1
    ]
  ], 
  "bbox": {
    "max": [
      17.26, 
      8.14
    ], 
    "min": [
      0.1, 
      0.1
    ]
  },