{
  "room_category": {
    "Kitchen": {
      "simulation_statistics": [
        {
          "not_completed_agents": 0, 
          "max_evacuation_time": 150.004547, 
          "min_evacuation_time": 0.85, 
          "exit_flow_rate": 0.0066664645839035796, 
          "completed_agents": 1, 
          "max_traveled_distance": 19.536964, 
          "avg_evacuation_time": 141.71818327777777, 
          "avg_traveled_distance": 12.0794185, 
          "min_traveled_distance": 0.502125
        }
      ], 
      "bounds": [
        [
          -0.01, 
          -0.41, 
          11.17, 
          7.62
        ]
      ]
    }, 
    "Bedroom": {
      "simulation_statistics": [
        {
          "not_completed_agents": 0, 
          "max_evacuation_time": 150.004547, 
          "min_evacuation_time": 150.004547, 
          "exit_flow_rate": 0.0, 
          "completed_agents": 0, 
          "max_traveled_distance": 17.259214, 
          "avg_evacuation_time": 150.004547, 
          "avg_traveled_distance": 6.982292, 
          "min_traveled_distance": 2.07809
        }, 
        {
          "not_completed_agents": 0, 
          "max_evacuation_time": 150.004547, 
          "min_evacuation_time": 150.004547, 
          "exit_flow_rate": 0.0, 
          "completed_agents": 0, 
          "max_traveled_distance": 13.0885, 
          "avg_evacuation_time": 150.004547, 
          "avg_traveled_distance": 7.25726975, 
          "min_traveled_distance": 1.439714
        }
      ], 
      "bounds": [
        [
          6.54, 
          3.75, 
          11.17, 
          7.62
        ], 
        [
          6.6, 
          -0.01, 
          11.17, 
          3.9
        ]
      ]
    }
  }, 
  "room_num": 4, 
  "verts": [
    [
      10.72, 
      0.1
    ], 
    [
      10.71, 
      0.11
    ], 
    [
      10.09, 
      0.11
    ], 
    [
      10.08, 
      0.12
    ], 
    [
      9.46, 
      0.12
    ], 
    [
      9.45, 
      0.13
    ], 
    [
      8.82, 
      0.13
    ], 
    [
      8.81, 
      0.14
    ], 
    [
      8.19, 
      0.14
    ], 
    [
      8.18, 
      0.15
    ], 
    [
      7.56, 
      0.15
    ], 
    [
      7.55, 
      0.16
    ], 
    [
      7.34, 
      0.16
    ], 
    [
      7.34, 
      0.29
    ], 
    [
      7.33, 
      0.3
    ], 
    [
      7.24, 
      0.3
    ], 
    [
      7.23, 
      0.29
    ], 
    [
      7.23, 
      0.11
    ], 
    [
      6.98, 
      0.11
    ], 
    [
      6.97, 
      0.12
    ], 
    [
      4.19, 
      0.12
    ], 
    [
      4.18, 
      0.13
    ], 
    [
      1.39, 
      0.13
    ], 
    [
      1.38, 
      0.14
    ], 
    [
      0.11, 
      0.14
    ], 
    [
      0.1, 
      0.15
    ], 
    [
      0.1, 
      2.13
    ], 
    [
      0.11, 
      2.14
    ], 
    [
      0.11, 
      5.01
    ], 
    [
      0.91, 
      5.01
    ], 
    [
      0.92, 
      5.02
    ], 
    [
      0.92, 
      5.12
    ], 
    [
      0.91, 
      5.13
    ], 
    [
      0.11, 
      5.13
    ], 
    [
      0.11, 
      6.4
    ], 
    [
      0.12, 
      6.41
    ], 
    [
      0.12, 
      7.51
    ], 
    [
      1.48, 
      7.51
    ], 
    [
      1.49, 
      7.5
    ], 
    [
      2.38, 
      7.5
    ], 
    [
      2.39, 
      7.49
    ], 
    [
      2.74, 
      7.49
    ], 
    [
      2.74, 
      5.13
    ], 
    [
      1.91, 
      5.13
    ], 
    [
      1.9, 
      5.12
    ], 
    [
      1.9, 
      5.02
    ], 
    [
      1.91, 
      5.01
    ], 
    [
      2.84, 
      5.01
    ], 
    [
      2.85, 
      5.02
    ], 
    [
      2.85, 
      7.51
    ], 
    [
      7.23, 
      7.51
    ], 
    [
      7.23, 
      6.24
    ], 
    [
      7.24, 
      6.23
    ], 
    [
      7.33, 
      6.23
    ], 
    [
      7.34, 
      6.24
    ], 
    [
      7.34, 
      7.51
    ], 
    [
      11.06, 
      7.51
    ], 
    [
      11.06, 
      3.86
    ], 
    [
      7.34, 
      3.86
    ], 
    [
      7.34, 
      5.24
    ], 
    [
      7.33, 
      5.25
    ], 
    [
      7.24, 
      5.25
    ], 
    [
      7.23, 
      5.24
    ], 
    [
      7.23, 
      2.15
    ], 
    [
      7.24, 
      2.14
    ], 
    [
      7.33, 
      2.14
    ], 
    [
      7.34, 
      2.15
    ], 
    [
      7.34, 
      3.74
    ], 
    [
      11.06, 
      3.74
    ], 
    [
      11.06, 
      0.1
    ]
  ], 
  "bbox": {
    "max": [
      11.06, 
      7.51
    ], 
    "min": [
      0.1, 
      0.1
    ]
  }, 
  "id": "80655295d4178896867d7e0fbc18bac4"
}