{
  "room_category": {
    "Toilet": {
      "simulation_statistics": [
        {
          "not_completed_agents": 0, 
          "max_evacuation_time": 11.300025, 
          "min_evacuation_time": 10.250021, 
          "exit_flow_rate": 0.1769907588700025, 
          "completed_agents": 2, 
          "max_traveled_distance": 12.642534, 
          "avg_evacuation_time": 10.775023000000001, 
          "avg_traveled_distance": 12.193197999999999, 
          "min_traveled_distance": 11.743862
        }, 
        {
          "not_completed_agents": 0, 
          "max_evacuation_time": 150.004547, 
          "min_evacuation_time": 17.700016, 
          "exit_flow_rate": 0.013332929167807159, 
          "completed_agents": 2, 
          "max_traveled_distance": 19.633924, 
          "avg_evacuation_time": 63.484834, 
          "avg_traveled_distance": 13.710781333333335, 
          "min_traveled_distance": 4.478101
        }
      ], 
      "bounds": [
        [
          11.88, 
          8.85, 
          14.8, 
          11.69
        ], 
        [
          1.09, 
          3.11, 
          5.21, 
          6.26
        ]
      ]
    }, 
    "Bathroom": {
      "simulation_statistics": [
        {
          "not_completed_agents": 0, 
          "max_evacuation_time": 9.95002, 
          "min_evacuation_time": 9.000016, 
          "exit_flow_rate": 0.20100462109623898, 
          "completed_agents": 2, 
          "max_traveled_distance": 11.588296, 
          "avg_evacuation_time": 9.475018, 
          "avg_traveled_distance": 11.496589499999999, 
          "min_traveled_distance": 11.404883
        }, 
        {
          "not_completed_agents": 0, 
          "max_evacuation_time": 24.099918, 
          "min_evacuation_time": 18.650002, 
          "exit_flow_rate": 0.12448175134869754, 
          "completed_agents": 3, 
          "max_traveled_distance": 18.879894, 
          "avg_evacuation_time": 21.483291666666663, 
          "avg_traveled_distance": 18.756801999999997, 
          "min_traveled_distance": 18.65806
        }
      ], 
      "bounds": [
        [
          11.88, 
          8.85, 
          14.8, 
          11.69
        ], 
        [
          1.09, 
          3.11, 
          5.21, 
          6.26
        ]
      ]
    }, 
    "Gym": {
      "simulation_statistics": [
        {
          "not_completed_agents": 0, 
          "max_evacuation_time": 15.100039, 
          "min_evacuation_time": 14.150036, 
          "exit_flow_rate": 0.13244998903645216, 
          "completed_agents": 2, 
          "max_traveled_distance": 15.65409, 
          "avg_evacuation_time": 14.625037500000001, 
          "avg_traveled_distance": 15.354784, 
          "min_traveled_distance": 15.055478
        }
      ], 
      "bounds": [
        [
          5.12, 
          3.65, 
          8.31, 
          7.21
        ]
      ]
    }, 
    "Living_Room": {
      "simulation_statistics": [
        {
          "not_completed_agents": 0, 
          "max_evacuation_time": 9.400018, 
          "min_evacuation_time": 2.949998, 
          "exit_flow_rate": 0.4255311000468297, 
          "completed_agents": 4, 
          "max_traveled_distance": 7.712907, 
          "avg_evacuation_time": 4.912503, 
          "avg_traveled_distance": 5.1975465000000005, 
          "min_traveled_distance": 3.929332
        }
      ], 
      "bounds": [
        [
          8.25, 
          4.5, 
          13.23, 
          8.94
        ]
      ]
    }, 
    "Bedroom": {
      "simulation_statistics": [
        {
          "not_completed_agents": 0, 
          "max_evacuation_time": 19.949982, 
          "min_evacuation_time": 12.050028, 
          "exit_flow_rate": 0.250626792545477, 
          "completed_agents": 5, 
          "max_traveled_distance": 17.129219, 
          "avg_evacuation_time": 15.4500228, 
          "avg_traveled_distance": 15.5667878, 
          "min_traveled_distance": 14.022294
        }
      ], 
      "bounds": [
        [
          -0.02, 
          6.14, 
          5.17, 
          11.34
        ]
      ]
    }, 
    "Dining_Room": {
      "simulation_statistics": [
        {
          "not_completed_agents": 0, 
          "max_evacuation_time": 8.300014, 
          "min_evacuation_time": 0.9, 
          "exit_flow_rate": 0.8433720714206026, 
          "completed_agents": 7, 
          "max_traveled_distance": 6.441658, 
          "avg_evacuation_time": 4.350003714285714, 
          "avg_traveled_distance": 4.083277285714286, 
          "min_traveled_distance": 0.613634
        }
      ], 
      "bounds": [
        [
          8.28, 
          -0.02, 
          12.73, 
          7.75
        ]
      ]
    }, 
    "Kitchen": {
      "simulation_statistics": [
        {
          "not_completed_agents": 0, 
          "max_evacuation_time": 5.200002, 
          "min_evacuation_time": 0.0, 
          "exit_flow_rate": 1.3461533284025662, 
          "completed_agents": 7, 
          "max_traveled_distance": 5.963989, 
          "avg_evacuation_time": 1.6857141428571427, 
          "avg_traveled_distance": 1.7704588571428572, 
          "min_traveled_distance": 0.0
        }
      ], 
      "bounds": [
        [
          8.28, 
          -0.02, 
          12.73, 
          7.75
        ]
      ]
    }
  }, 
  "room_num": 8,