{
  "room_category": {
    "Toilet": {
      "simulation_statistics": [
        {
          "not_completed_agents": 0, 
          "max_evacuation_time": 41.199657, 
          "min_evacuation_time": 28.249855, 
          "exit_flow_rate": 0.07281614019262345, 
          "completed_agents": 3, 
          "max_traveled_distance": 33.236946, 
          "avg_evacuation_time": 33.549774, 
          "avg_traveled_distance": 32.50402533333334, 
          "min_traveled_distance": 31.554995
        }, 
        {
          "not_completed_agents": 0, 
          "max_evacuation_time": 21.799953, 
          "min_evacuation_time": 17.400021, 
          "exit_flow_rate": 0.13761497559191987, 
          "completed_agents": 3, 
          "max_traveled_distance": 27.68062, 
          "avg_evacuation_time": 19.916649, 
          "avg_traveled_distance": 25.888311333333334, 
          "min_traveled_distance": 23.472788
        }
      ], 
      "bounds": [
        [
          27.29, 
          2.56, 
          31.71, 
          5.47
        ], 
        [
          25.43, 
          -0.02, 
          31.71, 
          2.66
        ]
      ]
    }, 
    "Room": {
      "simulation_statistics": [
        {
          "not_completed_agents": 0, 
          "max_evacuation_time": 15.550041, 
          "min_evacuation_time": 14.150036, 
          "exit_flow_rate": 0.19292553633781415, 
          "completed_agents": 3, 
          "max_traveled_distance": 20.105589, 
          "avg_evacuation_time": 14.900038666666667, 
          "avg_traveled_distance": 19.340916333333336, 
          "min_traveled_distance": 18.270918
        }
      ], 
      "bounds": [
        [
          20.08, 
          -0.02, 
          26.13, 
          2.65
        ]
      ]
    }, 
    "Office": {
      "simulation_statistics": [
        {
          "not_completed_agents": 0, 
          "max_evacuation_time": 29.049843, 
          "min_evacuation_time": 14.500037, 
          "exit_flow_rate": 0.1721179697941913, 
          "completed_agents": 5, 
          "max_traveled_distance": 25.960939, 
          "avg_evacuation_time": 19.239987, 
          "avg_traveled_distance": 21.8491666, 
          "min_traveled_distance": 18.947311
        }, 
        {
          "not_completed_agents": 0, 
          "max_evacuation_time": 39.499683, 
          "min_evacuation_time": 17.900013, 
          "exit_flow_rate": 0.45569985966722826, 
          "completed_agents": 18, 
          "max_traveled_distance": 34.51054, 
          "avg_evacuation_time": 27.105428, 
          "avg_traveled_distance": 30.152129555555558, 
          "min_traveled_distance": 22.685911
        }
      ], 
      "bounds": [
        [
          20.71, 
          2.56, 
          26.75, 
          6.47
        ], 
        [
          20.71, 
          2.56, 
          31.71, 
          10.95
        ]
      ]
    }, 
    "Garage": {
      "simulation_statistics": [
        {
          "not_completed_agents": 0, 
          "max_evacuation_time": 15.35004, 
          "min_evacuation_time": 0.0, 
          "exit_flow_rate": 3.127027682012555, 
          "completed_agents": 48, 
          "max_traveled_distance": 20.054583, 
          "avg_evacuation_time": 7.5916798125, 
          "avg_traveled_distance": 9.8081160625, 
          "min_traveled_distance": 0.0
        }
      ], 
      "bounds": [
        [
          -0.03, 
          -0.02, 
          20.8, 
          11.62
        ]
      ]
    }
  }, 
  "room_num": 6, 
  "verts": [
    [
      0.11, 
      0.1
    ], 
    [
      0.1, 
      0.11
    ], 
    [
      0.1, 
      11.48
    ], 
    [
      20.69, 
      11.48
    ], 
    [
      20.69, 
      10.88
    ], 
    [
      20.7, 
      10.87
    ], 
    [
      20.7, 
      5.12
    ], 
    [
      20.71, 
      5.11
    ], 
    [
      20.81, 
      5.11
    ], 
    [
      20.82, 
      5.12
    ], 
    [
      20.82, 
      6.37
    ], 
    [
      26.03, 
      6.37
    ], 
    [
      26.03, 
      6.27
    ], 
    [
      26.04, 
      6.26
    ], 
    [
      26.14, 
      6.26
    ], 
    [
      26.15, 
      6.27
    ], 
    [
      26.15, 
      6.47
    ], 
    [
      26.13, 
      6.49
    ], 
    [
      26.04, 
      6.49
    ], 
    [
      26.03, 
      6.48
    ], 
    [
      20.82, 
      6.48
    ], 
    [
      20.82, 
      10.76
    ], 
    [
      31.6, 
      10.76
    ], 
    [
      31.6, 
      5.48
    ], 
    [
      27.92, 
      5.48
    ], 
    [
      27.91, 
      5.49
    ], 
    [
      27.89, 
      5.47
    ], 
    [
      27.89, 
      5.23
    ], 
    [
      27.9, 
      5.22
    ], 
    [
      28.0, 
      5.22
    ], 
    [
      28.01, 
      5.23
    ], 
    [
      28.01, 
      5.37
    ], 
    [
      31.6, 
      5.37
    ], 
    [
      31.6, 
      2.67
    ], 
    [
      28.01, 
      2.67
    ], 
    [
      28.01, 
      4.19
    ], 
    [
      28.0, 
      4.2
    ], 
    [
      27.9, 
      4.2
    ], 
    [
      27.89, 
      4.19
    ], 
    [
      27.89, 
      2.66
    ], 
    [
      26.15, 
      2.66
    ], 
    [
      26.15, 
      5.23
    ], 
    [
      26.14, 
      5.24
    ], 
    [
      26.04, 
      5.24
    ], 
    [
      26.03, 
      5.23
    ], 
    [
      26.03, 
      2.66
    ], 
    [
      20.82, 
      2.66
    ], 
    [
      20.82, 
      3.9
    ], 
    [
      20.81, 
      3.91
    ], 
    [
      20.71, 
      3.91
    ], 
    [
      20.7, 
      3.9
    ], 
    [
      20.7, 
      2.16
    ], 
    [
      20.71, 
      2.15
    ], 
    [
      20.81, 
      2.15
    ], 
    [
      20.82, 
      2.16
    ], 
    [
      20.82, 
      2.55
    ], 
    [
      26.03, 
      2.55
    ], 
    [
      26.03, 
      1.6
    ], 
    [
      26.04, 
      1.59
    ], 
    [
      26.14, 
      1.59
    ], 
    [
      26.15, 
      1.6
    ], 
    [
      26.15, 
      2.55
    ], 
    [
      31.13, 
      2.55
    ], 
    [
      31.13, 
      0.1
    ], 
    [
      26.15, 
      0.1
    ], 
    [
      26.15, 
      0.56
    ], 
    [
      26.14, 
      0.57
    ], 
    [
      26.04, 
      0.57
    ], 
    [
      26.03, 
      0.56
    ], 
    [
      26.03, 
      0.1
    ], 
    [
      20.82, 
      0.1
    ], 
    [
      20.82, 
      0.3
    ], 
    [
      20.81, 
      0.31
    ], 
    [
      20.71, 
      0.31
    ], 
    [
      20.7, 
      0.3
    ], 
    [
      20.7, 
      0.1
    ]
  ], 
  "bbox": {
    "max": [
      31.6, 
      11.48
    ], 
    "min": [
      0.1, 
      0.1
    ]
  }, 
  "id": "83d0819af26389b0f3d55b048c911f09"
}