{
  "room_category": {
    "Toilet": {
      "simulation_statistics": [
        {
          "not_completed_agents": 0, 
          "max_evacuation_time": 36.749725, 
          "min_evacuation_time": 24.599911, 
          "exit_flow_rate": 0.1904776158188939, 
          "completed_agents": 7, 
          "max_traveled_distance": 36.926651, 
          "avg_evacuation_time": 31.635517714285715, 
          "avg_traveled_distance": 34.933513857142856, 
          "min_traveled_distance": 30.916151
        }
      ], 
      "bounds": [
        [
          14.26, 
          -0.02, 
          23.37, 
          3.94
        ]
      ]
    }, 
    "Bathroom": {
      "simulation_statistics": [
        {
          "not_completed_agents": 0, 
          "max_evacuation_time": 46.94957, 
          "min_evacuation_time": 26.149887, 
          "exit_flow_rate": 0.14909614720646003, 
          "completed_agents": 7, 
          "max_traveled_distance": 39.210567, 
          "avg_evacuation_time": 33.26406428571429, 
          "avg_traveled_distance": 35.411961285714284, 
          "min_traveled_distance": 31.309908
        }, 
        {
          "not_completed_agents": 0, 
          "max_evacuation_time": 6.850008, 
          "min_evacuation_time": 0.0, 
          "exit_flow_rate": 2.4817489264246113, 
          "completed_agents": 17, 
          "max_traveled_distance": 8.831552, 
          "avg_evacuation_time": 3.255883117647059, 
          "avg_traveled_distance": 4.172986647058823, 
          "min_traveled_distance": 0.0
        }
      ], 
      "bounds": [
        [
          14.26, 
          -0.02, 
          23.37, 
          3.94
        ], 
        [
          -0.02, 
          -0.02, 
          10.58, 
          8.21
        ]
      ]
    }, 
    "Gym": {
      "simulation_statistics": [
        {
          "not_completed_agents": 0, 
          "max_evacuation_time": 22.999935, 
          "min_evacuation_time": 6.750008, 
          "exit_flow_rate": 1.1304379773247184, 
          "completed_agents": 26, 
          "max_traveled_distance": 21.417459, 
          "avg_evacuation_time": 13.11924476923077, 
          "avg_traveled_distance": 14.388538384615384, 
          "min_traveled_distance": 9.327412
        }
      ], 
      "bounds": [
        [
          -0.02, 
          8.12, 
          11.34, 
          19.43
        ]
      ]
    }, 
    "Bedroom": {
      "simulation_statistics": [
        {
          "not_completed_agents": 0, 
          "max_evacuation_time": 150.004547, 
          "min_evacuation_time": 31.599804, 
          "exit_flow_rate": 0.053331716671228636, 
          "completed_agents": 8, 
          "max_traveled_distance": 42.997746, 
          "avg_evacuation_time": 51.19467711111111, 
          "avg_traveled_distance": 37.80251622222222, 
          "min_traveled_distance": 9.449528
        }, 
        {
          "not_completed_agents": 0, 
          "max_evacuation_time": 150.004547, 
          "min_evacuation_time": 150.004547, 
          "exit_flow_rate": 0.0, 
          "completed_agents": 0, 
          "max_traveled_distance": 19.690599, 
          "avg_evacuation_time": 150.004547, 
          "avg_traveled_distance": 13.360248111111112, 
          "min_traveled_distance": 4.89092
        }, 
        {
          "not_completed_agents": 0, 
          "max_evacuation_time": 150.004547, 
          "min_evacuation_time": 150.004547, 
          "exit_flow_rate": 0.0, 
          "completed_agents": 0, 
          "max_traveled_distance": 21.737274, 
          "avg_evacuation_time": 150.004547, 
          "avg_traveled_distance": 12.7924644, 
          "min_traveled_distance": 2.662086
        }
      ], 
      "bounds": [
        [
          26.13, 
          -0.02, 
          33.17, 
          6.48
        ], 
        [
          26.68, 
          6.43, 
          33.18, 
          13.15
        ], 
        [
          26.15, 
          12.15, 
          33.17, 
          19.44
        ]
      ]
    }
  }, 
  "room_num": 9,