{
  "room_category": {
    "Living_Room": {
      "simulation_statistics": [
        {
          "not_completed_agents": 0, 
          "max_evacuation_time": 7.25001, 
          "min_evacuation_time": 0.0, 
          "exit_flow_rate": 2.7586168846663663, 
          "completed_agents": 20, 
          "max_traveled_distance": 9.733247, 
          "avg_evacuation_time": 4.10000085, 
          "avg_traveled_distance": 5.28054325, 
          "min_traveled_distance": 0.0
        }
      ], 
      "bounds": [
        [
          -0.02, 
          -0.03, 
          8.92, 
          11.18
        ]
      ]
    }, 
    "Bedroom": {
      "simulation_statistics": [
        {
          "not_completed_agents": 0, 
          "max_evacuation_time": 12.350029, 
          "min_evacuation_time": 6.000005, 
          "exit_flow_rate": 0.8906861676195255, 
          "completed_agents": 11, 
          "max_traveled_distance": 16.083488, 
          "avg_evacuation_time": 8.890924818181817, 
          "avg_traveled_distance": 11.513972272727273, 
          "min_traveled_distance": 8.0462
        }
      ], 
      "bounds": [
        [
          8.79, 
          -0.03, 
          18.72, 
          5.29
        ]
      ]
    }
  }, 
  "room_num": 3, 
  "verts": [
    [
      0.11, 
      0.1
    ], 
    [
      0.1, 
      0.11
    ], 
    [
      0.1, 
      11.02
    ], 
    [
      1.72, 
      11.02
    ], 
    [
      1.73, 
      11.03
    ], 
    [
      4.36, 
      11.03
    ], 
    [
      4.37, 
      11.04
    ], 
    [
      6.99, 
      11.04
    ], 
    [
      7.0, 
      11.05
    ], 
    [
      8.82, 
      11.05
    ], 
    [
      8.82, 
      8.76
    ], 
    [
      8.83, 
      8.75
    ], 
    [
      8.99, 
      8.75
    ], 
    [
      9.0, 
      8.76
    ], 
    [
      9.0, 
      11.06
    ], 
    [
      18.55, 
      11.06
    ], 
    [
      18.55, 
      4.67
    ], 
    [
      14.4, 
      4.67
    ], 
    [
      14.39, 
      4.66
    ], 
    [
      14.39, 
      4.56
    ], 
    [
      14.4, 
      4.55
    ], 
    [
      18.58, 
      4.55
    ], 
    [
      18.58, 
      0.12
    ], 
    [
      9.0, 
      0.12
    ], 
    [
      9.0, 
      1.28
    ], 
    [
      8.99, 
      1.29
    ], 
    [
      8.83, 
      1.29
    ], 
    [
      8.82, 
      1.28
    ], 
    [
      8.82, 
      0.13
    ], 
    [
      7.16, 
      0.13
    ], 
    [
      7.15, 
      0.12
    ], 
    [
      4.52, 
      0.12
    ], 
    [
      4.51, 
      0.11
    ], 
    [
      1.88, 
      0.11
    ], 
    [
      1.87, 
      0.1
    ]
  ], 
  "bbox": {
    "max": [
      18.58, 
      11.06
    ], 
    "min": [
      0.1, 
      0.1
    ]
  }, 
  "id": "8768a9b10d644d61f1d9f5f34be708f1"
}