{
  "room_category": {
    "Garage": {
      "simulation_statistics": [
        {
          "not_completed_agents": 0, 
          "max_evacuation_time": 11.350025, 
          "min_evacuation_time": 4.499999, 
          "exit_flow_rate": 0.5286331968431788, 
          "completed_agents": 6, 
          "max_traveled_distance": 11.993387, 
          "avg_evacuation_time": 8.750015333333334, 
          "avg_traveled_distance": 9.790973666666668, 
          "min_traveled_distance": 5.818881
        }
      ], 
      "bounds": [
        [
          2.36, 
          4.55, 
          11.24, 
          8.12
        ]
      ]
    }, 
    "Living_Room": {
      "simulation_statistics": [
        {
          "not_completed_agents": 0, 
          "max_evacuation_time": 2.449999, 
          "min_evacuation_time": 0.0, 
          "exit_flow_rate": 2.4489805914206495, 
          "completed_agents": 6, 
          "max_traveled_distance": 3.182575, 
          "avg_evacuation_time": 1.308333, 
          "avg_traveled_distance": 1.7412136666666667, 
          "min_traveled_distance": 0.0
        }
      ], 
      "bounds": [
        [
          0.02, 
          -0.03, 
          6.08, 
          5.17
        ]
      ]
    }, 
    "Kitchen": {
      "simulation_statistics": [
        {
          "not_completed_agents": 0, 
          "max_evacuation_time": 15.700042, 
          "min_evacuation_time": 3.749998, 
          "exit_flow_rate": 0.4458586798684997, 
          "completed_agents": 7, 
          "max_traveled_distance": 19.097015, 
          "avg_evacuation_time": 10.057163428571428, 
          "avg_traveled_distance": 10.337270571428572, 
          "min_traveled_distance": 5.169569
        }
      ], 
      "bounds": [
        [
          -0.04, 
          4.37, 
          6.08, 
          10.13
        ]
      ]
    }
  }, 
  "room_num": 4, 
  "verts": [
    [
      0.15, 
      0.1
    ], 
    [
      0.14, 
      0.11
    ], 
    [
      0.14, 
      2.66
    ], 
    [
      0.13, 
      2.67
    ], 
    [
      0.13, 
      5.05
    ], 
    [
      0.71, 
      5.05
    ], 
    [
      0.72, 
      5.06
    ], 
    [
      0.72, 
      5.16
    ], 
    [
      0.71, 
      5.17
    ], 
    [
      0.13, 
      5.17
    ], 
    [
      0.13, 
      5.87
    ], 
    [
      0.12, 
      5.88
    ], 
    [
      0.12, 
      7.49
    ], 
    [
      0.11, 
      7.5
    ], 
    [
      0.11, 
      9.11
    ], 
    [
      0.1, 
      9.12
    ], 
    [
      0.1, 
      10.0
    ], 
    [
      2.35, 
      10.0
    ], 
    [
      2.35, 
      8.1
    ], 
    [
      2.36, 
      8.09
    ], 
    [
      2.36, 
      8.06
    ], 
    [
      2.37, 
      8.05
    ], 
    [
      2.37, 
      8.04
    ], 
    [
      2.41, 
      8.0
    ], 
    [
      2.42, 
      8.0
    ], 
    [
      2.43, 
      7.99
    ], 
    [
      2.46, 
      7.99
    ], 
    [
      2.47, 
      7.98
    ], 
    [
      2.99, 
      7.98
    ], 
    [
      3.0, 
      7.97
    ], 
    [
      4.23, 
      7.97
    ], 
    [
      4.24, 
      7.96
    ], 
    [
      5.46, 
      7.96
    ], 
    [
      5.47, 
      7.95
    ], 
    [
      5.98, 
      7.95
    ], 
    [
      5.98, 
      5.19
    ], 
    [
      3.8, 
      5.19
    ], 
    [
      3.79, 
      5.18
    ], 
    [
      1.71, 
      5.18
    ], 
    [
      1.7, 
      5.17
    ], 
    [
      1.7, 
      5.07
    ], 
    [
      1.71, 
      5.06
    ], 
    [
      3.94, 
      5.06
    ], 
    [
      3.95, 
      5.07
    ], 
    [
      5.99, 
      5.07
    ], 
    [
      5.99, 
      4.99
    ], 
    [
      5.98, 
      4.98
    ], 
    [
      5.98, 
      1.11
    ], 
    [
      5.99, 
      1.1
    ], 
    [
      6.09, 
      1.1
    ], 
    [
      6.1, 
      1.11
    ], 
    [
      6.1, 
      5.08
    ], 
    [
      6.44, 
      5.08
    ], 
    [
      6.45, 
      5.07
    ], 
    [
      6.46, 
      5.08
    ], 
    [
      6.46, 
      5.18
    ], 
    [
      6.45, 
      5.19
    ], 
    [
      6.1, 
      5.19
    ], 
    [
      6.1, 
      7.95
    ], 
    [
      8.59, 
      7.95
    ], 
    [
      8.6, 
      7.94
    ], 
    [
      11.07, 
      7.94
    ], 
    [
      11.07, 
      2.7
    ], 
    [
      8.69, 
      2.7
    ], 
    [
      8.68, 
      2.69
    ], 
    [
      8.6, 
      2.69
    ], 
    [
      8.58, 
      2.67
    ], 
    [
      8.58, 
      2.59
    ], 
    [
      8.57, 
      2.58
    ], 
    [
      8.57, 
      0.1
    ], 
    [
      6.1, 
      0.1
    ], 
    [
      6.1, 
      0.11
    ], 
    [
      6.09, 
      0.12
    ], 
    [
      5.99, 
      0.12
    ], 
    [
      5.98, 
      0.11
    ], 
    [
      5.98, 
      0.1
    ]
  ], 
  "bbox": {
    "max": [
      11.07, 
      10.0
    ], 
    "min": [
      0.1, 
      0.1
    ]
  }, 
  "id": "8a547cf9ed1d97afb8fa73f19bdd2c41"
}