{
  "room_category": {
    "Office": {
      "simulation_statistics": [
        {
          "not_completed_agents": 0, 
          "max_evacuation_time": 31.249809, 
          "min_evacuation_time": 12.50003, 
          "exit_flow_rate": 0.5120031293631266, 
          "completed_agents": 16, 
          "max_traveled_distance": 30.545897, 
          "avg_evacuation_time": 20.943710125, 
          "avg_traveled_distance": 22.2467815625, 
          "min_traveled_distance": 15.123166
        }
      ], 
      "bounds": [
        [
          -0.03, 
          11.39, 
          9.21, 
          20.24
        ]
      ]
    }
  }, 
  "room_num": 3, 
  "verts": [
    [
      0.11, 
      0.1
    ], 
    [
      0.1, 
      0.11
    ], 
    [
      0.1, 
      11.39
    ], 
    [
      1.21, 
      11.39
    ], 
    [
      1.22, 
      11.4
    ], 
    [
      4.28, 
      11.4
    ], 
    [
      4.29, 
      11.41
    ], 
    [
      7.31, 
      11.41
    ], 
    [
      7.32, 
      11.42
    ], 
    [
      8.47, 
      11.42
    ], 
    [
      8.47, 
      10.23
    ], 
    [
      8.48, 
      10.22
    ], 
    [
      8.57, 
      10.22
    ], 
    [
      8.58, 
      10.23
    ], 
    [
      8.58, 
      10.54
    ], 
    [
      8.59, 
      10.55
    ], 
    [
      8.59, 
      12.9
    ], 
    [
      8.6, 
      12.91
    ], 
    [
      8.6, 
      15.78
    ], 
    [
      8.61, 
      15.79
    ], 
    [
      8.61, 
      18.74
    ], 
    [
      8.62, 
      18.75
    ], 
    [
      8.62, 
      20.12
    ], 
    [
      20.97, 
      20.12
    ], 
    [
      20.97, 
      18.78
    ], 
    [
      20.96, 
      18.77
    ], 
    [
      20.96, 
      15.88
    ], 
    [
      20.95, 
      15.87
    ], 
    [
      20.95, 
      12.97
    ], 
    [
      20.94, 
      12.96
    ], 
    [
      20.94, 
      10.07
    ], 
    [
      20.93, 
      10.06
    ], 
    [
      20.93, 
      8.71
    ], 
    [
      8.58, 
      8.71
    ], 
    [
      8.58, 
      9.01
    ], 
    [
      8.57, 
      9.02
    ], 
    [
      8.47, 
      9.02
    ], 
    [
      8.46, 
      9.01
    ], 
    [
      8.46, 
      8.61
    ], 
    [
      8.48, 
      8.59
    ], 
    [
      8.94, 
      8.59
    ], 
    [
      8.95, 
      8.6
    ], 
    [
      20.93, 
      8.6
    ], 
    [
      20.93, 
      0.1
    ]
  ], 
  "bbox": {
    "max": [
      20.97, 
      20.12
    ], 
    "min": [
      0.1, 
      0.1
    ]
  }, 
  "id": "8b2755ba3c9ab5e2c86be8ffc210fd8a"
}