{
  "room_category": {
    "Toilet": {
      "simulation_statistics": [
        {
          "not_completed_agents": 0, 
          "max_evacuation_time": 16.15004, 
          "min_evacuation_time": 13.250032, 
          "exit_flow_rate": 0.18575805385002142, 
          "completed_agents": 3, 
          "max_traveled_distance": 13.653945, 
          "avg_evacuation_time": 14.73337, 
          "avg_traveled_distance": 13.517894, 
          "min_traveled_distance": 13.347188
        }
      ], 
      "bounds": [
        [
          8.08, 
          -0.02, 
          12.27, 
          3.65
        ]
      ]
    }, 
    "Bathroom": {
      "simulation_statistics": [
        {
          "not_completed_agents": 0, 
          "max_evacuation_time": 17.700016, 
          "min_evacuation_time": 8.450014, 
          "exit_flow_rate": 0.16949137221118896, 
          "completed_agents": 3, 
          "max_traveled_distance": 13.61639, 
          "avg_evacuation_time": 12.800019666666666, 
          "avg_traveled_distance": 12.027706666666667, 
          "min_traveled_distance": 10.027274
        }
      ], 
      "bounds": [
        [
          8.08, 
          -0.02, 
          12.27, 
          3.65
        ]
      ]
    }, 
    "Bedroom": {
      "simulation_statistics": [
        {
          "not_completed_agents": 0, 
          "max_evacuation_time": 4.599999, 
          "min_evacuation_time": 0.0, 
          "exit_flow_rate": 2.6086962192817866, 
          "completed_agents": 12, 
          "max_traveled_distance": 5.792656, 
          "avg_evacuation_time": 2.416665666666667, 
          "avg_traveled_distance": 3.0966389999999997, 
          "min_traveled_distance": 0.0
        }
      ], 
      "bounds": [
        [
          -0.05, 
          -0.02, 
          8.17, 
          7.2
        ]
      ]
    }
  }, 
  "room_num": 3, 
  "verts": [
    [
      0.11, 
      0.1
    ], 
    [
      0.1, 
      0.11
    ], 
    [
      0.1, 
      7.06
    ], 
    [
      8.07, 
      7.06
    ], 
    [
      8.07, 
      5.82
    ], 
    [
      8.08, 
      5.81
    ], 
    [
      8.18, 
      5.81
    ], 
    [
      8.19, 
      5.82
    ], 
    [
      8.19, 
      7.06
    ], 
    [
      12.16, 
      7.06
    ], 
    [
      12.16, 
      3.64
    ], 
    [
      9.83, 
      3.64
    ], 
    [
      9.82, 
      3.63
    ], 
    [
      9.82, 
      3.53
    ], 
    [
      9.83, 
      3.52
    ], 
    [
      12.16, 
      3.52
    ], 
    [
      12.16, 
      0.1
    ], 
    [
      8.19, 
      0.1
    ], 
    [
      8.19, 
      3.52
    ], 
    [
      8.81, 
      3.52
    ], 
    [
      8.82, 
      3.53
    ], 
    [
      8.82, 
      3.63
    ], 
    [
      8.81, 
      3.64
    ], 
    [
      8.19, 
      3.64
    ], 
    [
      8.19, 
      4.8
    ], 
    [
      8.18, 
      4.81
    ], 
    [
      8.08, 
      4.81
    ], 
    [
      8.07, 
      4.8
    ], 
    [
      8.08, 
      4.79
    ], 
    [
      8.08, 
      4.74
    ], 
    [
      8.07, 
      4.73
    ], 
    [
      8.07, 
      0.1
    ]
  ], 
  "bbox": {
    "max": [
      12.16, 
      7.06
    ], 
    "min": [
      0.1, 
      0.1
    ]
  }, 
  "id": "8dbeef83ec70e896764006a09674dd0a"
}