{
  "room_category": {
    "Toilet": {
      "simulation_statistics": [
        {
          "not_completed_agents": 0, 
          "max_evacuation_time": 24.349915, 
          "min_evacuation_time": 0.0, 
          "exit_flow_rate": 1.6837841117720536, 
          "completed_agents": 41, 
          "max_traveled_distance": 20.959383, 
          "avg_evacuation_time": 8.298789048780488, 
          "avg_traveled_distance": 10.59270087804878, 
          "min_traveled_distance": 0.0
        }
      ], 
      "bounds": [
        [
          -0.01, 
          -0.05, 
          13.64, 
          14.98
        ]
      ]
    }, 
    "Bathroom": {
      "simulation_statistics": [
        {
          "not_completed_agents": 0, 
          "max_evacuation_time": 23.149933, 
          "min_evacuation_time": 1.35, 
          "exit_flow_rate": 1.7710634410907367, 
          "completed_agents": 41, 
          "max_traveled_distance": 20.860559, 
          "avg_evacuation_time": 9.23781680487805, 
          "avg_traveled_distance": 11.627486219512196, 
          "min_traveled_distance": 1.532234
        }
      ], 
      "bounds": [
        [
          -0.01, 
          -0.05, 
          13.64, 
          14.98
        ]
      ]
    }, 
    "Bedroom": {
      "simulation_statistics": [
        {
          "not_completed_agents": 0, 
          "max_evacuation_time": 29.89983, 
          "min_evacuation_time": 0.75, 
          "exit_flow_rate": 1.3712452545716813, 
          "completed_agents": 41, 
          "max_traveled_distance": 27.036438, 
          "avg_evacuation_time": 11.740228073170732, 
          "avg_traveled_distance": 12.890244512195123, 
          "min_traveled_distance": 1.104771
        }
      ], 
      "bounds": [
        [
          -0.01, 
          -0.05, 
          13.64, 
          14.98
        ]
      ]
    }
  }, 
  "room_num": 1, 
  "verts": [
    [
      0.11, 
      0.1
    ], 
    [
      0.1, 
      0.11
    ], 
    [
      0.1, 
      2.86
    ], 
    [
      0.11, 
      2.87
    ], 
    [
      0.11, 
      5.44
    ], 
    [
      5.25, 
      5.44
    ], 
    [
      5.27, 
      5.46
    ], 
    [
      5.27, 
      9.49
    ], 
    [
      5.26, 
      9.5
    ], 
    [
      5.26, 
      14.84
    ], 
    [
      6.66, 
      14.84
    ], 
    [
      6.67, 
      14.85
    ], 
    [
      10.95, 
      14.85
    ], 
    [
      10.96, 
      14.84
    ], 
    [
      13.52, 
      14.84
    ], 
    [
      13.52, 
      13.02
    ], 
    [
      13.51, 
      13.01
    ], 
    [
      13.51, 
      2.73
    ], 
    [
      13.52, 
      2.72
    ], 
    [
      13.52, 
      0.1
    ]
  ], 
  "bbox": {
    "max": [
      13.52, 
      14.85
    ], 
    "min": [
      0.1, 
      0.1
    ]
  }, 
  "id": "8dc1e179fe49d3c53a428234b0c72003"
}