{
  "room_category": {
    "Toilet": {
      "simulation_statistics": [
        {
          "not_completed_agents": 0, 
          "max_evacuation_time": 150.004547, 
          "min_evacuation_time": 62.849327, 
          "exit_flow_rate": 0.013332929167807159, 
          "completed_agents": 2, 
          "max_traveled_distance": 59.636597, 
          "avg_evacuation_time": 95.71793600000001, 
          "avg_traveled_distance": 36.744618333333335, 
          "min_traveled_distance": 4.975695
        }, 
        {
          "not_completed_agents": 0, 
          "max_evacuation_time": 150.004547, 
          "min_evacuation_time": 38.099705, 
          "exit_flow_rate": 0.026665858335614318, 
          "completed_agents": 4, 
          "max_traveled_distance": 76.122063, 
          "avg_evacuation_time": 104.083449375, 
          "avg_traveled_distance": 31.549371999999998, 
          "min_traveled_distance": 0.824429
        }
      ], 
      "bounds": [
        [
          10.68, 
          -0.02, 
          14.63, 
          3.22
        ], 
        [
          0.26, 
          20.09, 
          6.18, 
          27.14
        ]
      ]
    }, 
    "Bathroom": {
      "simulation_statistics": [
        {
          "not_completed_agents": 0, 
          "max_evacuation_time": 68.049553, 
          "min_evacuation_time": 28.049858, 
          "exit_flow_rate": 0.04408552103200442, 
          "completed_agents": 3, 
          "max_traveled_distance": 40.78093, 
          "avg_evacuation_time": 46.649676, 
          "avg_traveled_distance": 31.838143666666667, 
          "min_traveled_distance": 19.131145
        }, 
        {
          "not_completed_agents": 0, 
          "max_evacuation_time": 150.004547, 
          "min_evacuation_time": 29.699833, 
          "exit_flow_rate": 0.0333323229195179, 
          "completed_agents": 5, 
          "max_traveled_distance": 57.8284, 
          "avg_evacuation_time": 86.65144000000001, 
          "avg_traveled_distance": 34.116215125000004, 
          "min_traveled_distance": 2.593697
        }
      ], 
      "bounds": [
        [
          10.68, 
          -0.02, 
          14.63, 
          3.22
        ], 
        [
          0.26, 
          20.09, 
          6.18, 
          27.14
        ]
      ]
    }, 
    "Gym": {
      "simulation_statistics": [
        {
          "not_completed_agents": 0, 
          "max_evacuation_time": 150.004547, 
          "min_evacuation_time": 30.249825, 
          "exit_flow_rate": 0.053331716671228636, 
          "completed_agents": 8, 
          "max_traveled_distance": 62.689835, 
          "avg_evacuation_time": 64.678163, 
          "avg_traveled_distance": 43.906457, 
          "min_traveled_distance": 32.636326
        }
      ], 
      "bounds": [
        [
          -0.02, 
          14.13, 
          5.45, 
          22.04
        ]
      ]
    }, 
    "Garage": {
      "simulation_statistics": [
        {
          "not_completed_agents": 0, 
          "max_evacuation_time": 75.04998, 
          "min_evacuation_time": 23.849922, 
          "exit_flow_rate": 0.1465689930896717, 
          "completed_agents": 11, 
          "max_traveled_distance": 57.577053, 
          "avg_evacuation_time": 45.258762818181815, 
          "avg_traveled_distance": 43.109035636363636, 
          "min_traveled_distance": 28.664583
        }
      ], 
      "bounds": [
        [
          14.58, 
          10.54, 
          23.48, 
          16.65
        ]
      ]
    }, 
    "Bedroom": {
      "simulation_statistics": [
        {
          "not_completed_agents": 0, 
          "max_evacuation_time": 40.699665, 
          "min_evacuation_time": 5.350002, 
          "exit_flow_rate": 0.2948427216784217, 
          "completed_agents": 12, 
          "max_traveled_distance": 39.175934, 
          "avg_evacuation_time": 21.329085000000003, 
          "avg_traveled_distance": 21.457589916666667, 
          "min_traveled_distance": 4.558813
        }, 
        {
          "not_completed_agents": 0, 
          "max_evacuation_time": 150.004547, 
          "min_evacuation_time": 43.599621, 
          "exit_flow_rate": 0.0999969687585537, 
          "completed_agents": 15, 
          "max_traveled_distance": 65.786499, 
          "avg_evacuation_time": 67.5969790625, 
          "avg_traveled_distance": 48.0180704375, 
          "min_traveled_distance": 32.290237
        }, 
        {
          "not_completed_agents": 0, 
          "max_evacuation_time": 150.004547, 
          "min_evacuation_time": 36.44973, 
          "exit_flow_rate": 0.0333323229195179, 
          "completed_agents": 5, 
          "max_traveled_distance": 65.859894, 
          "avg_evacuation_time": 97.782962375, 
          "avg_traveled_distance": 36.877153875, 
          "min_traveled_distance": 9.445962
        }
      ], 
      "bounds": [
        [
          5.41, 
          -0.02, 
          14.67, 
          6.44
        ], 
        [
          5.45, 
          16.09, 
          14.67, 
          24.89
        ], 
        [
          14.05, 
          0.78, 
          23.81, 
          4.98
        ]
      ]
    }, 
    "Kitchen": {
      "simulation_statistics": [
        {
          "not_completed_agents": 0, 
          "max_evacuation_time": 91.750999, 
          "min_evacuation_time": 7.800012, 
          "exit_flow_rate": 0.20708221389502257, 
          "completed_agents": 19, 
          "max_traveled_distance": 69.718498, 
          "avg_evacuation_time": 39.26579194736842, 
          "avg_traveled_distance": 35.60853752631579, 
          "min_traveled_distance": 8.854072
        }
      ], 
      "bounds": [
        [
          5.41, 
          6.32, 
          14.67, 
          16.57
        ]
      ]
    }
  }, 
  "room_num": 12,