{
  "room_category": {
    "Dining_Room": {
      "simulation_statistics": [
        {
          "not_completed_agents": 0, 
          "max_evacuation_time": 17.650017, 
          "min_evacuation_time": 5.800004, 
          "exit_flow_rate": 1.6997150767616827, 
          "completed_agents": 30, 
          "max_traveled_distance": 17.344545, 
          "avg_evacuation_time": 10.278353399999999, 
          "avg_traveled_distance": 12.570523766666668, 
          "min_traveled_distance": 7.156992
        }
      ], 
      "bounds": [
        [
          -0.03, 
          6.82, 
          12.62, 
          18.64
        ]
      ]
    }, 
    "Kitchen": {
      "simulation_statistics": [
        {
          "not_completed_agents": 0, 
          "max_evacuation_time": 18.150009, 
          "min_evacuation_time": 11.650026, 
          "exit_flow_rate": 0.7713494797716078, 
          "completed_agents": 14, 
          "max_traveled_distance": 23.023199, 
          "avg_evacuation_time": 14.871461, 
          "avg_traveled_distance": 19.199876285714286, 
          "min_traveled_distance": 15.472382
        }
      ], 
      "bounds": [
        [
          12.47, 
          13.39, 
          22.32, 
          20.59
        ]
      ]
    }
  }, 
  "room_num": 5, 
  "verts": [
    [
      3.43, 
      0.1
    ], 
    [
      3.42, 
      0.11
    ], 
    [
      3.42, 
      6.82
    ], 
    [
      6.52, 
      6.82
    ], 
    [
      6.53, 
      6.83
    ], 
    [
      6.53, 
      6.93
    ], 
    [
      6.52, 
      6.94
    ], 
    [
      0.11, 
      6.94
    ], 
    [
      0.1, 
      6.95
    ], 
    [
      0.1, 
      18.53
    ], 
    [
      2.76, 
      18.53
    ], 
    [
      2.77, 
      18.54
    ], 
    [
      3.87, 
      18.54
    ], 
    [
      3.88, 
      18.55
    ], 
    [
      3.88, 
      18.65
    ], 
    [
      3.87, 
      18.66
    ], 
    [
      2.88, 
      18.66
    ], 
    [
      2.88, 
      24.22
    ], 
    [
      9.58, 
      24.22
    ], 
    [
      9.58, 
      18.66
    ], 
    [
      9.11, 
      18.66
    ], 
    [
      9.1, 
      18.65
    ], 
    [
      9.1, 
      18.55
    ], 
    [
      9.11, 
      18.54
    ], 
    [
      9.69, 
      18.54
    ], 
    [
      9.7, 
      18.53
    ], 
    [
      12.48, 
      18.53
    ], 
    [
      12.48, 
      17.97
    ], 
    [
      12.49, 
      17.96
    ], 
    [
      12.49, 
      16.92
    ], 
    [
      12.5, 
      16.91
    ], 
    [
      12.5, 
      16.3
    ], 
    [
      12.51, 
      16.29
    ], 
    [
      12.62, 
      16.29
    ], 
    [
      12.63, 
      16.3
    ], 
    [
      12.63, 
      18.64
    ], 
    [
      12.62, 
      18.65
    ], 
    [
      12.6, 
      18.65
    ], 
    [
      12.6, 
      19.0
    ], 
    [
      12.59, 
      19.01
    ], 
    [
      12.59, 
      20.05
    ], 
    [
      12.58, 
      20.06
    ], 
    [
      12.58, 
      20.47
    ], 
    [
      22.2, 
      20.47
    ], 
    [
      22.2, 
      13.51
    ], 
    [
      17.81, 
      13.51
    ], 
    [
      17.8, 
      13.5
    ], 
    [
      17.8, 
      13.4
    ], 
    [
      17.81, 
      13.39
    ], 
    [
      20.32, 
      13.39
    ], 
    [
      20.32, 
      6.84
    ], 
    [
      20.04, 
      6.84
    ], 
    [
      20.03, 
      6.85
    ], 
    [
      19.25, 
      6.85
    ], 
    [
      19.24, 
      6.86
    ], 
    [
      18.46, 
      6.86
    ], 
    [
      18.45, 
      6.87
    ], 
    [
      17.43, 
      6.87
    ], 
    [
      17.42, 
      6.88
    ], 
    [
      16.69, 
      6.88
    ], 
    [
      16.68, 
      6.89
    ], 
    [
      15.95, 
      6.89
    ], 
    [
      15.94, 
      6.9
    ], 
    [
      15.2, 
      6.9
    ], 
    [
      15.19, 
      6.91
    ], 
    [
      14.46, 
      6.91
    ], 
    [
      14.45, 
      6.92
    ], 
    [
      13.7, 
      6.92
    ], 
    [
      13.69, 
      6.93
    ], 
    [
      12.93, 
      6.93
    ], 
    [
      12.92, 
      6.94
    ], 
    [
      12.64, 
      6.94
    ], 
    [
      12.64, 
      9.55
    ], 
    [
      12.63, 
      9.56
    ], 
    [
      12.53, 
      9.56
    ], 
    [
      12.52, 
      9.55
    ], 
    [
      12.52, 
      6.94
    ], 
    [
      9.64, 
      6.94
    ], 
    [
      9.63, 
      6.93
    ], 
    [
      9.63, 
      6.83
    ], 
    [
      9.64, 
      6.82
    ], 
    [
      12.57, 
      6.82
    ], 
    [
      12.57, 
      0.1
    ]
  ], 
  "bbox": {
    "max": [
      22.2, 
      24.22
    ], 
    "min": [
      0.1, 
      0.1
    ]
  }, 
  "id": "8ecd76498009c04ac8f8ee4b5ea977fa"
}