{
  "room_category": {
    "Toilet": {
      "simulation_statistics": [
        {
          "not_completed_agents": 0, 
          "max_evacuation_time": 12.950031, 
          "min_evacuation_time": 5.800004, 
          "exit_flow_rate": 0.3860994618468481, 
          "completed_agents": 5, 
          "max_traveled_distance": 10.483607, 
          "avg_evacuation_time": 8.2200132, 
          "avg_traveled_distance": 8.758929599999998, 
          "min_traveled_distance": 7.82297
        }, 
        {
          "not_completed_agents": 0, 
          "max_evacuation_time": 13.950035, 
          "min_evacuation_time": 10.10002, 
          "exit_flow_rate": 0.2150532238808003, 
          "completed_agents": 3, 
          "max_traveled_distance": 15.57066, 
          "avg_evacuation_time": 12.000027333333334, 
          "avg_traveled_distance": 14.242559666666667, 
          "min_traveled_distance": 12.031045
        }
      ], 
      "bounds": [
        [
          5.43, 
          -0.02, 
          10.0, 
          5.44
        ], 
        [
          7.02, 
          10.49, 
          10.1, 
          15.26
        ], 
        [
          8.69, 
          15.21, 
          10.09, 
          16.4
        ]
      ]
    }, 
    "Kitchen": {
      "simulation_statistics": [
        {
          "not_completed_agents": 0, 
          "max_evacuation_time": 17.950012, 
          "min_evacuation_time": 6.200006, 
          "exit_flow_rate": 0.27855134581525626, 
          "completed_agents": 5, 
          "max_traveled_distance": 12.841626, 
          "avg_evacuation_time": 10.310013399999999, 
          "avg_traveled_distance": 9.4453606, 
          "min_traveled_distance": 7.460258
        }
      ], 
      "bounds": [
        [
          -0.01, 
          5.42, 
          4.58, 
          10.59
        ]
      ]
    }, 
    "Living_Room": {
      "simulation_statistics": [
        {
          "not_completed_agents": 0, 
          "max_evacuation_time": 14.300036, 
          "min_evacuation_time": 5.000001, 
          "exit_flow_rate": 0.559439151062277, 
          "completed_agents": 8, 
          "max_traveled_distance": 10.932496, 
          "avg_evacuation_time": 7.575010750000001, 
          "avg_traveled_distance": 8.767482375, 
          "min_traveled_distance": 7.202103
        }
      ], 
      "bounds": [
        [
          3.84, 
          5.31, 
          10.02, 
          11.43
        ]
      ]
    }, 
    "Room": {
      "simulation_statistics": [
        {
          "not_completed_agents": 0, 
          "max_evacuation_time": 6.000005, 
          "min_evacuation_time": 4.900001, 
          "exit_flow_rate": 0.33333305555578707, 
          "completed_agents": 2, 
          "max_traveled_distance": 6.401029, 
          "avg_evacuation_time": 5.450003, 
          "avg_traveled_distance": 6.3393440000000005, 
          "min_traveled_distance": 6.277659
        }, 
        {
          "not_completed_agents": 0, 
          "max_evacuation_time": 15.750042, 
          "min_evacuation_time": 10.400022, 
          "exit_flow_rate": 0.19047568254103703, 
          "completed_agents": 3, 
          "max_traveled_distance": 14.523857, 
          "avg_evacuation_time": 12.483362999999999, 
          "avg_traveled_distance": 14.127507, 
          "min_traveled_distance": 13.586083
        }, 
        {
          "not_completed_agents": 0, 
          "max_evacuation_time": 8.350014, 
          "min_evacuation_time": 8.350014, 
          "exit_flow_rate": 0.11976027824624007, 
          "completed_agents": 1, 
          "max_traveled_distance": 10.486969, 
          "avg_evacuation_time": 8.350014, 
          "avg_traveled_distance": 10.486969, 
          "min_traveled_distance": 10.486969
        }
      ], 
      "bounds": [
        [
          8.67, 
          15.17, 
          10.09, 
          16.4
        ], 
        [
          5.44, 
          -0.02, 
          10.04, 
          1.99
        ], 
        [
          7.02, 
          10.41, 
          10.09, 
          15.26
        ], 
        [
          6.41, 
          10.37, 
          10.05, 
          12.13
        ]
      ]
    }, 
    "Bedroom": {
      "simulation_statistics": [
        {
          "not_completed_agents": 0, 
          "max_evacuation_time": 2.999998, 
          "min_evacuation_time": 0.0, 
          "exit_flow_rate": 2.333334888889926, 
          "completed_agents": 7, 
          "max_traveled_distance": 3.506274, 
          "avg_evacuation_time": 1.621428, 
          "avg_traveled_distance": 2.0106227142857143, 
          "min_traveled_distance": 0.0
        }, 
        {
          "not_completed_agents": 0, 
          "max_evacuation_time": 19.249992, 
          "min_evacuation_time": 9.850019, 
          "exit_flow_rate": 0.3636365147580321, 
          "completed_agents": 7, 
          "max_traveled_distance": 18.859314, 
          "avg_evacuation_time": 14.100025, 
          "avg_traveled_distance": 15.089806285714285, 
          "min_traveled_distance": 11.872438
        }
      ], 
      "bounds": [
        [
          -0.01, 
          -0.02, 
          6.16, 
          5.51
        ], 
        [
          0.06, 
          10.36, 
          7.2, 
          15.23
        ]
      ]
    }
  }, 
  "room_num": 12,