{
  "room_category": {
    "Garage": {
      "simulation_statistics": [
        {
          "not_completed_agents": 0, 
          "max_evacuation_time": 150.004547, 
          "min_evacuation_time": 150.004547, 
          "exit_flow_rate": 0.0, 
          "completed_agents": 0, 
          "max_traveled_distance": 21.929298, 
          "avg_evacuation_time": 150.004547, 
          "avg_traveled_distance": 14.188283000000002, 
          "min_traveled_distance": 1.099204
        }
      ], 
      "bounds": [
        [
          4.09, 
          12.88, 
          10.29, 
          20.57
        ]
      ]
    }, 
    "Bathroom": {
      "simulation_statistics": [
        {
          "not_completed_agents": 0, 
          "max_evacuation_time": 150.004547, 
          "min_evacuation_time": 150.004547, 
          "exit_flow_rate": 0.0, 
          "completed_agents": 0, 
          "max_traveled_distance": 16.997873, 
          "avg_evacuation_time": 150.004547, 
          "avg_traveled_distance": 13.343525833333333, 
          "min_traveled_distance": 1.876393
        }
      ], 
      "bounds": [
        [
          -0.02, 
          7.54, 
          5.17, 
          12.97
        ]
      ]
    }, 
    "Kitchen": {
      "simulation_statistics": [
        {
          "not_completed_agents": 0, 
          "max_evacuation_time": 4.549999, 
          "min_evacuation_time": 0.5, 
          "exit_flow_rate": 2.1978026808357543, 
          "completed_agents": 10, 
          "max_traveled_distance": 5.660175, 
          "avg_evacuation_time": 2.8599988, 
          "avg_traveled_distance": 3.6677422999999996, 
          "min_traveled_distance": 0.507092
        }
      ], 
      "bounds": [
        [
          3.62, 
          -0.01, 
          9.96, 
          7.63
        ]
      ]
    }
  }, 
  "room_num": 4, 
  "verts": [
    [
      3.74, 
      0.1
    ], 
    [
      3.73, 
      0.11
    ], 
    [
      3.73, 
      7.52
    ], 
    [
      5.3, 
      7.52
    ], 
    [
      5.31, 
      7.53
    ], 
    [
      5.31, 
      7.67
    ], 
    [
      5.3, 
      7.68
    ], 
    [
      5.18, 
      7.68
    ], 
    [
      5.18, 
      8.15
    ], 
    [
      5.17, 
      8.16
    ], 
    [
      5.08, 
      8.16
    ], 
    [
      5.07, 
      8.15
    ], 
    [
      5.07, 
      7.65
    ], 
    [
      0.11, 
      7.65
    ], 
    [
      0.1, 
      7.66
    ], 
    [
      0.1, 
      12.86
    ], 
    [
      5.07, 
      12.86
    ], 
    [
      5.07, 
      8.91
    ], 
    [
      5.08, 
      8.9
    ], 
    [
      5.17, 
      8.9
    ], 
    [
      5.18, 
      8.91
    ], 
    [
      5.18, 
      12.86
    ], 
    [
      7.07, 
      12.86
    ], 
    [
      7.08, 
      12.87
    ], 
    [
      7.08, 
      12.97
    ], 
    [
      7.07, 
      12.98
    ], 
    [
      4.2, 
      12.98
    ], 
    [
      4.2, 
      13.77
    ], 
    [
      4.21, 
      13.78
    ], 
    [
      4.21, 
      15.0
    ], 
    [
      4.22, 
      15.01
    ], 
    [
      4.22, 
      16.22
    ], 
    [
      4.23, 
      16.23
    ], 
    [
      4.23, 
      17.45
    ], 
    [
      4.24, 
      17.46
    ], 
    [
      4.24, 
      18.68
    ], 
    [
      4.25, 
      18.69
    ], 
    [
      4.25, 
      19.9
    ], 
    [
      4.26, 
      19.91
    ], 
    [
      4.26, 
      20.41
    ], 
    [
      10.18, 
      20.41
    ], 
    [
      10.18, 
      19.89
    ], 
    [
      10.17, 
      19.88
    ], 
    [
      10.17, 
      18.62
    ], 
    [
      10.16, 
      18.61
    ], 
    [
      10.16, 
      17.34
    ], 
    [
      10.15, 
      17.33
    ], 
    [
      10.15, 
      16.07
    ], 
    [
      10.14, 
      16.06
    ], 
    [
      10.14, 
      14.8
    ], 
    [
      10.13, 
      14.79
    ], 
    [
      10.13, 
      13.52
    ], 
    [
      10.12, 
      13.51
    ], 
    [
      10.12, 
      12.99
    ], 
    [
      8.95, 
      12.99
    ], 
    [
      8.94, 
      12.98
    ], 
    [
      7.83, 
      12.98
    ], 
    [
      7.82, 
      12.97
    ], 
    [
      7.82, 
      12.87
    ], 
    [
      7.83, 
      12.86
    ], 
    [
      8.83, 
      12.86
    ], 
    [
      8.83, 
      7.68
    ], 
    [
      6.06, 
      7.68
    ], 
    [
      6.05, 
      7.67
    ], 
    [
      6.05, 
      7.53
    ], 
    [
      6.06, 
      7.52
    ], 
    [
      9.85, 
      7.52
    ], 
    [
      9.85, 
      0.1
    ]
  ], 
  "bbox": {
    "max": [
      10.18, 
      20.41
    ], 
    "min": [
      0.1, 
      0.1
    ]
  }, 
  "id": "8fe75c2bc0d5d7e7f963d65cd0b1e6ab"
}