{
  "room_category": {
    "Toilet": {
      "simulation_statistics": [
        {
          "not_completed_agents": 0, 
          "max_evacuation_time": 0.0, 
          "min_evacuation_time": 0.0, 
          "exit_flow_rate": 0, 
          "completed_agents": 4, 
          "max_traveled_distance": 0.0, 
          "avg_evacuation_time": 0.0, 
          "avg_traveled_distance": 0.0, 
          "min_traveled_distance": 0.0
        }
      ], 
      "bounds": [
        [
          -0.02, 
          -0.02, 
          5.17, 
          3.39
        ]
      ]
    }, 
    "Bathroom": {
      "simulation_statistics": [
        {
          "not_completed_agents": 0, 
          "max_evacuation_time": 1.649999, 
          "min_evacuation_time": 0.0, 
          "exit_flow_rate": 2.4242438934811474, 
          "completed_agents": 4, 
          "max_traveled_distance": 2.178022, 
          "avg_evacuation_time": 0.41249975, 
          "avg_traveled_distance": 0.5445055, 
          "min_traveled_distance": 0.0
        }
      ], 
      "bounds": [
        [
          -0.02, 
          -0.02, 
          5.17, 
          3.39
        ]
      ]
    }
  }, 
  "room_num": 3, 
  "verts": [
    [
      0.11, 
      0.1
    ], 
    [
      0.1, 
      0.11
    ], 
    [
      0.1, 
      2.68
    ], 
    [
      1.9, 
      2.68
    ], 
    [
      1.91, 
      2.69
    ], 
    [
      1.91, 
      2.78
    ], 
    [
      1.9, 
      2.79
    ], 
    [
      0.1, 
      2.79
    ], 
    [
      0.1, 
      7.03
    ], 
    [
      5.07, 
      7.03
    ], 
    [
      5.07, 
      6.52
    ], 
    [
      5.08, 
      6.51
    ], 
    [
      5.18, 
      6.51
    ], 
    [
      5.19, 
      6.52
    ], 
    [
      5.19, 
      7.03
    ], 
    [
      12.57, 
      7.03
    ], 
    [
      12.57, 
      2.02
    ], 
    [
      12.56, 
      2.01
    ], 
    [
      12.56, 
      0.1
    ], 
    [
      5.19, 
      0.1
    ], 
    [
      5.19, 
      2.86
    ], 
    [
      5.18, 
      2.87
    ], 
    [
      5.08, 
      2.87
    ], 
    [
      5.07, 
      2.86
    ], 
    [
      5.07, 
      2.79
    ], 
    [
      2.92, 
      2.79
    ], 
    [
      2.91, 
      2.78
    ], 
    [
      2.91, 
      2.69
    ], 
    [
      2.92, 
      2.68
    ], 
    [
      5.07, 
      2.68
    ], 
    [
      5.07, 
      0.1
    ]
  ], 
  "bbox": {
    "max": [
      12.57, 
      7.03
    ], 
    "min": [
      0.1, 
      0.1
    ]
  }, 
  "id": "9033669ecaa5d920bd611ddf8152cac1"
}