{
  "room_category": {
    "Office": {
      "simulation_statistics": [
        {
          "not_completed_agents": 0, 
          "max_evacuation_time": 32.249794, 
          "min_evacuation_time": 7.550011, 
          "exit_flow_rate": 0.37209540005123753, 
          "completed_agents": 12, 
          "max_traveled_distance": 19.986502, 
          "avg_evacuation_time": 18.137466749999998, 
          "avg_traveled_distance": 14.430592333333331, 
          "min_traveled_distance": 9.132499
        }, 
        {
          "not_completed_agents": 0, 
          "max_evacuation_time": 1.949999, 
          "min_evacuation_time": 0.35, 
          "exit_flow_rate": 2.56410387902763, 
          "completed_agents": 5, 
          "max_traveled_distance": 3.123935, 
          "avg_evacuation_time": 1.1599996, 
          "avg_traveled_distance": 1.6284144, 
          "min_traveled_distance": 0.620526
        }, 
        {
          "not_completed_agents": 0, 
          "max_evacuation_time": 14.750038, 
          "min_evacuation_time": 4.349998, 
          "exit_flow_rate": 0.4067786130449291, 
          "completed_agents": 6, 
          "max_traveled_distance": 11.346197, 
          "avg_evacuation_time": 7.775011333333334, 
          "avg_traveled_distance": 7.523280333333333, 
          "min_traveled_distance": 4.377328
        }, 
        {
          "not_completed_agents": 0, 
          "max_evacuation_time": 27.999859, 
          "min_evacuation_time": 10.450022, 
          "exit_flow_rate": 0.21428679337278092, 
          "completed_agents": 6, 
          "max_traveled_distance": 21.9648, 
          "avg_evacuation_time": 18.483310166666666, 
          "avg_traveled_distance": 15.83273, 
          "min_traveled_distance": 11.016376
        }
      ], 
      "bounds": [
        [
          4.08, 
          -0.01, 
          15.37, 
          5.18
        ], 
        [
          -0.02, 
          -0.01, 
          5.14, 
          5.22
        ], 
        [
          -0.02, 
          5.09, 
          5.71, 
          10.27
        ], 
        [
          5.08, 
          5.09, 
          10.27, 
          10.91
        ]
      ]
    }
  }, 
  "room_num": 5, 
  "verts": [
    [
      0.11, 
      0.1
    ], 
    [
      0.1, 
      0.11
    ], 
    [
      0.1, 
      5.07
    ], 
    [
      1.65, 
      5.07
    ], 
    [
      1.66, 
      5.08
    ], 
    [
      1.66, 
      5.18
    ], 
    [
      1.65, 
      5.19
    ], 
    [
      1.64, 
      5.18
    ], 
    [
      1.62, 
      5.18
    ], 
    [
      1.61, 
      5.19
    ], 
    [
      0.1, 
      5.19
    ], 
    [
      0.1, 
      10.16
    ], 
    [
      5.07, 
      10.16
    ], 
    [
      5.07, 
      5.98
    ], 
    [
      5.08, 
      5.97
    ], 
    [
      5.18, 
      5.97
    ], 
    [
      5.19, 
      5.98
    ], 
    [
      5.18, 
      5.99
    ], 
    [
      5.18, 
      6.07
    ], 
    [
      5.19, 
      6.08
    ], 
    [
      5.19, 
      10.16
    ], 
    [
      10.17, 
      10.16
    ], 
    [
      10.17, 
      10.15
    ], 
    [
      10.18, 
      10.14
    ], 
    [
      10.28, 
      10.14
    ], 
    [
      10.29, 
      10.15
    ], 
    [
      10.29, 
      10.16
    ], 
    [
      15.26, 
      10.16
    ], 
    [
      15.26, 
      5.19
    ], 
    [
      10.29, 
      5.19
    ], 
    [
      10.28, 
      5.2
    ], 
    [
      10.18, 
      5.2
    ], 
    [
      10.17, 
      5.19
    ], 
    [
      5.19, 
      5.19
    ], 
    [
      5.19, 
      5.22
    ], 
    [
      5.18, 
      5.23
    ], 
    [
      5.08, 
      5.23
    ], 
    [
      5.07, 
      5.22
    ], 
    [
      5.07, 
      5.09
    ], 
    [
      5.08, 
      5.08
    ], 
    [
      5.11, 
      5.08
    ], 
    [
      5.12, 
      5.07
    ], 
    [
      10.36, 
      5.07
    ], 
    [
      10.37, 
      5.08
    ], 
    [
      15.26, 
      5.08
    ], 
    [
      15.26, 
      0.11
    ], 
    [
      15.17, 
      0.11
    ], 
    [
      15.16, 
      0.1
    ], 
    [
      4.19, 
      0.1
    ], 
    [
      4.19, 
      5.17
    ], 
    [
      4.18, 
      5.18
    ], 
    [
      4.17, 
      5.18
    ], 
    [
      4.16, 
      5.19
    ], 
    [
      4.15, 
      5.18
    ], 
    [
      4.13, 
      5.18
    ], 
    [
      4.12, 
      5.19
    ], 
    [
      2.65, 
      5.19
    ], 
    [
      2.64, 
      5.18
    ], 
    [
      2.64, 
      5.08
    ], 
    [
      2.65, 
      5.07
    ], 
    [
      4.07, 
      5.07
    ], 
    [
      4.07, 
      4.98
    ], 
    [
      4.08, 
      4.97
    ], 
    [
      4.08, 
      0.1
    ]
  ], 
  "bbox": {
    "max": [
      15.26, 
      10.16
    ], 
    "min": [
      0.1, 
      0.1
    ]
  }, 
  "id": "90cf3eccf8ab497a842bfe5972ce5695"
}