{
  "room_category": {
    "Bedroom": {
      "simulation_statistics": [
        {
          "not_completed_agents": 0, 
          "max_evacuation_time": 8.950016, 
          "min_evacuation_time": 2.249999, 
          "exit_flow_rate": 0.7821215068218873, 
          "completed_agents": 7, 
          "max_traveled_distance": 8.011589, 
          "avg_evacuation_time": 5.121431714285714, 
          "avg_traveled_distance": 5.4922962857142865, 
          "min_traveled_distance": 2.158801
        }
      ], 
      "bounds": [
        [
          -0.05, 
          3.08, 
          8.2, 
          7.3
        ]
      ]
    }, 
    "Hall": {
      "simulation_statistics": [
        {
          "not_completed_agents": 0, 
          "max_evacuation_time": 2.849998, 
          "min_evacuation_time": 0.0, 
          "exit_flow_rate": 1.0526323176367143, 
          "completed_agents": 3, 
          "max_traveled_distance": 2.729517, 
          "avg_evacuation_time": 0.9999993333333332, 
          "avg_traveled_distance": 0.9753713333333334, 
          "min_traveled_distance": 0.0
        }
      ], 
      "bounds": [
        [
          -0.87, 
          -0.02, 
          3.2, 
          3.79
        ]
      ]
    }, 
    "Kitchen": {
      "simulation_statistics": [
        {
          "not_completed_agents": 0, 
          "max_evacuation_time": 4.65, 
          "min_evacuation_time": 1.849999, 
          "exit_flow_rate": 0.6451612903225806, 
          "completed_agents": 3, 
          "max_traveled_distance": 5.299124, 
          "avg_evacuation_time": 3.199999, 
          "avg_traveled_distance": 3.5734603333333332, 
          "min_traveled_distance": 2.309443
        }
      ], 
      "bounds": [
        [
          3.08, 
          -0.05, 
          8.17, 
          3.17
        ]
      ]
    }
  }, 
  "room_num": 3, 
  "verts": [
    [
      0.11, 
      0.1
    ], 
    [
      0.1, 
      0.11
    ], 
    [
      0.1, 
      3.07
    ], 
    [
      0.43, 
      3.07
    ], 
    [
      0.44, 
      3.08
    ], 
    [
      0.44, 
      3.18
    ], 
    [
      0.43, 
      3.19
    ], 
    [
      0.1, 
      3.19
    ], 
    [
      0.1, 
      7.16
    ], 
    [
      8.06, 
      7.16
    ], 
    [
      8.06, 
      3.19
    ], 
    [
      1.45, 
      3.19
    ], 
    [
      1.44, 
      3.18
    ], 
    [
      1.44, 
      3.08
    ], 
    [
      1.45, 
      3.07
    ], 
    [
      3.07, 
      3.07
    ], 
    [
      3.07, 
      2.68
    ], 
    [
      3.08, 
      2.67
    ], 
    [
      3.18, 
      2.67
    ], 
    [
      3.19, 
      2.68
    ], 
    [
      3.19, 
      3.07
    ], 
    [
      8.06, 
      3.07
    ], 
    [
      8.06, 
      0.1
    ], 
    [
      3.19, 
      0.1
    ], 
    [
      3.19, 
      1.66
    ], 
    [
      3.18, 
      1.67
    ], 
    [
      3.08, 
      1.67
    ], 
    [
      3.07, 
      1.66
    ], 
    [
      3.08, 
      1.65
    ], 
    [
      3.08, 
      1.64
    ], 
    [
      3.07, 
      1.63
    ], 
    [
      3.07, 
      0.1
    ]
  ], 
  "bbox": {
    "max": [
      8.06, 
      7.16
    ], 
    "min": [
      0.1, 
      0.1
    ]
  }, 
  "id": "930facbe7e584fe93325b32f80f66795"
}