{
  "room_category": {
    "Toilet": {
      "simulation_statistics": [
        {
          "not_completed_agents": 0, 
          "max_evacuation_time": 15.550041, 
          "min_evacuation_time": 14.500037, 
          "exit_flow_rate": 0.19292553633781415, 
          "completed_agents": 3, 
          "max_traveled_distance": 17.823961, 
          "avg_evacuation_time": 15.000039000000001, 
          "avg_traveled_distance": 17.546386666666667, 
          "min_traveled_distance": 17.249395
        }
      ], 
      "bounds": [
        [
          6.8, 
          16.07, 
          10.18, 
          20.38
        ]
      ]
    }, 
    "Dining_Room": {
      "simulation_statistics": [
        {
          "not_completed_agents": 0, 
          "max_evacuation_time": 5.350002, 
          "min_evacuation_time": 0.0, 
          "exit_flow_rate": 2.2429898157047417, 
          "completed_agents": 12, 
          "max_traveled_distance": 8.069387, 
          "avg_evacuation_time": 2.233333, 
          "avg_traveled_distance": 3.0531368333333333, 
          "min_traveled_distance": 0.0
        }
      ], 
      "bounds": [
        [
          5.03, 
          -0.01, 
          15.22, 
          5.69
        ]
      ]
    }, 
    "Living_Room": {
      "simulation_statistics": [
        {
          "not_completed_agents": 0, 
          "max_evacuation_time": 16.550034, 
          "min_evacuation_time": 3.849998, 
          "exit_flow_rate": 1.2688795684649348, 
          "completed_agents": 21, 
          "max_traveled_distance": 15.101997, 
          "avg_evacuation_time": 8.459537523809523, 
          "avg_traveled_distance": 10.575418238095239, 
          "min_traveled_distance": 4.919607
        }, 
        {
          "not_completed_agents": 0, 
          "max_evacuation_time": 20.199978, 
          "min_evacuation_time": 5.800004, 
          "exit_flow_rate": 1.0891100970506007, 
          "completed_agents": 22, 
          "max_traveled_distance": 24.931072, 
          "avg_evacuation_time": 10.606836818181819, 
          "avg_traveled_distance": 13.756387136363635, 
          "min_traveled_distance": 8.471448
        }
      ], 
      "bounds": [
        [
          -0.02, 
          4.99, 
          10.2, 
          15.17
        ], 
        [
          10.08, 
          4.97, 
          20.89, 
          15.18
        ]
      ]
    }, 
    "Office": {
      "simulation_statistics": [
        {
          "not_completed_agents": 0, 
          "max_evacuation_time": 17.400021, 
          "min_evacuation_time": 4.299998, 
          "exit_flow_rate": 1.2068950951266093, 
          "completed_agents": 21, 
          "max_traveled_distance": 14.150498, 
          "avg_evacuation_time": 9.495254857142857, 
          "avg_traveled_distance": 11.102828809523809, 
          "min_traveled_distance": 5.660969
        }, 
        {
          "not_completed_agents": 0, 
          "max_evacuation_time": 13.200032, 
          "min_evacuation_time": 3.749998, 
          "exit_flow_rate": 1.6666626262724211, 
          "completed_agents": 22, 
          "max_traveled_distance": 15.816096, 
          "avg_evacuation_time": 8.700015045454546, 
          "avg_traveled_distance": 11.505879681818183, 
          "min_traveled_distance": 5.611405
        }
      ], 
      "bounds": [
        [
          -0.02, 
          4.99, 
          10.2, 
          15.17
        ], 
        [
          10.08, 
          4.97, 
          20.89, 
          15.18
        ]
      ]
    }, 
    "Kitchen": {
      "simulation_statistics": [
        {
          "not_completed_agents": 0, 
          "max_evacuation_time": 6.250006, 
          "min_evacuation_time": 0.0, 
          "exit_flow_rate": 1.9199981568017694, 
          "completed_agents": 12, 
          "max_traveled_distance": 7.810837, 
          "avg_evacuation_time": 2.9583340000000002, 
          "avg_traveled_distance": 3.9179678333333334, 
          "min_traveled_distance": 0.0
        }
      ], 
      "bounds": [
        [
          5.03, 
          -0.01, 
          15.22, 
          5.69
        ]
      ]
    }
  }, 
  "room_num": 6,