{
  "room_category": {
    "Toilet": {
      "simulation_statistics": [
        {
          "not_completed_agents": 0, 
          "max_evacuation_time": 55.949432, 
          "min_evacuation_time": 17.150024, 
          "exit_flow_rate": 0.12511297701824747, 
          "completed_agents": 7, 
          "max_traveled_distance": 35.117973, 
          "avg_evacuation_time": 33.292635142857144, 
          "avg_traveled_distance": 26.88313842857143, 
          "min_traveled_distance": 19.544394
        }
      ], 
      "bounds": [
        [
          8.18, 
          11.72, 
          16.81, 
          15.92
        ]
      ]
    }, 
    "Bathroom": {
      "simulation_statistics": [
        {
          "not_completed_agents": 0, 
          "max_evacuation_time": 47.149567, 
          "min_evacuation_time": 24.849907, 
          "exit_flow_rate": 0.14846371759893362, 
          "completed_agents": 7, 
          "max_traveled_distance": 30.561956, 
          "avg_evacuation_time": 34.28547742857143, 
          "avg_traveled_distance": 27.998585714285714, 
          "min_traveled_distance": 26.220491
        }
      ], 
      "bounds": [
        [
          8.18, 
          11.72, 
          16.81, 
          15.92
        ]
      ]
    }, 
    "Living_Room": {
      "simulation_statistics": [
        {
          "not_completed_agents": 0, 
          "max_evacuation_time": 150.004547, 
          "min_evacuation_time": 7.100009, 
          "exit_flow_rate": 0.1666616145975895, 
          "completed_agents": 25, 
          "max_traveled_distance": 43.225849, 
          "avg_evacuation_time": 28.53852673076923, 
          "avg_traveled_distance": 22.49590253846154, 
          "min_traveled_distance": 8.394086
        }
      ], 
      "bounds": [
        [
          -0.05, 
          7.25, 
          8.99, 
          21.6
        ]
      ]
    }, 
    "Garage": {
      "simulation_statistics": [
        {
          "not_completed_agents": 0, 
          "max_evacuation_time": 70.399696, 
          "min_evacuation_time": 21.649956, 
          "exit_flow_rate": 0.11363685434096192, 
          "completed_agents": 8, 
          "max_traveled_distance": 34.207512, 
          "avg_evacuation_time": 37.399776125, 
          "avg_traveled_distance": 27.29938275, 
          "min_traveled_distance": 21.624424
        }
      ], 
      "bounds": [
        [
          14.7, 
          6.73, 
          20.19, 
          14.31
        ]
      ]
    }, 
    "Bedroom": {
      "simulation_statistics": [
        {
          "not_completed_agents": 0, 
          "max_evacuation_time": 4.7, 
          "min_evacuation_time": 0.0, 
          "exit_flow_rate": 2.553191489361702, 
          "completed_agents": 12, 
          "max_traveled_distance": 5.984566, 
          "avg_evacuation_time": 2.13333275, 
          "avg_traveled_distance": 2.7385369166666664, 
          "min_traveled_distance": 0.0
        }
      ], 
      "bounds": [
        [
          0.64, 
          -0.02, 
          8.99, 
          7.36
        ]
      ]
    }, 
    "Kitchen": {
      "simulation_statistics": [
        {
          "not_completed_agents": 0, 
          "max_evacuation_time": 60.649361, 
          "min_evacuation_time": 13.450033, 
          "exit_flow_rate": 0.23083507837782496, 
          "completed_agents": 14, 
          "max_traveled_distance": 37.948303, 
          "avg_evacuation_time": 30.996236, 
          "avg_traveled_distance": 23.751075142857143, 
          "min_traveled_distance": 16.038658
        }
      ], 
      "bounds": [
        [
          8.88, 
          -0.02, 
          14.79, 
          11.81
        ]
      ]
    }
  }, 
  "room_num": 5, 
  "verts": [
    [
      0.76, 
      0.1
    ], 
    [
      0.75, 
      0.11
    ], 
    [
      0.75, 
      7.24
    ], 
    [
      5.88, 
      7.24
    ], 
    [
      5.89, 
      7.25
    ], 
    [
      5.89, 
      7.35
    ], 
    [
      5.88, 
      7.36
    ], 
    [
      0.11, 
      7.36
    ], 
    [
      0.1, 
      7.37
    ], 
    [
      0.1, 
      17.32
    ], 
    [
      6.4, 
      17.32
    ], 
    [
      6.41, 
      17.33
    ], 
    [
      6.49, 
      17.33
    ], 
    [
      6.51, 
      17.35
    ], 
    [
      6.51, 
      17.43
    ], 
    [
      6.52, 
      17.44
    ], 
    [
      6.52, 
      20.73
    ], 
    [
      8.88, 
      20.73
    ], 
    [
      8.88, 
      15.93
    ], 
    [
      8.89, 
      15.92
    ], 
    [
      8.89, 
      13.22
    ], 
    [
      8.9, 
      13.21
    ], 
    [
      9.0, 
      13.21
    ], 
    [
      9.01, 
      13.22
    ], 
    [
      9.01, 
      15.81
    ], 
    [
      16.7, 
      15.81
    ], 
    [
      16.7, 
      14.32
    ], 
    [
      16.71, 
      14.31
    ], 
    [
      16.71, 
      11.83
    ], 
    [
      9.01, 
      11.83
    ], 
    [
      9.01, 
      12.2
    ], 
    [
      9.0, 
      12.21
    ], 
    [
      8.9, 
      12.21
    ], 
    [
      8.89, 
      12.2
    ], 
    [
      8.89, 
      9.02
    ], 
    [
      8.9, 
      9.01
    ], 
    [
      9.0, 
      9.01
    ], 
    [
      9.01, 
      9.02
    ], 
    [
      9.01, 
      11.71
    ], 
    [
      14.69, 
      11.71
    ], 
    [
      14.69, 
      9.89
    ], 
    [
      14.7, 
      9.88
    ], 
    [
      14.8, 
      9.88
    ], 
    [
      14.81, 
      9.89
    ], 
    [
      14.81, 
      11.71
    ], 
    [
      16.84, 
      11.71
    ], 
    [
      16.86, 
      11.73
    ], 
    [
      16.86, 
      14.2
    ], 
    [
      20.08, 
      14.2
    ], 
    [
      20.08, 
      6.85
    ], 
    [
      14.81, 
      6.85
    ], 
    [
      14.81, 
      8.67
    ], 
    [
      14.8, 
      8.68
    ], 
    [
      14.7, 
      8.68
    ], 
    [
      14.69, 
      8.67
    ], 
    [
      14.69, 
      6.74
    ], 
    [
      14.68, 
      6.73
    ], 
    [
      14.68, 
      0.1
    ], 
    [
      9.01, 
      0.1
    ], 
    [
      9.01, 
      8.0
    ], 
    [
      9.0, 
      8.01
    ], 
    [
      8.9, 
      8.01
    ], 
    [
      8.89, 
      8.0
    ], 
    [
      8.89, 
      7.36
    ], 
    [
      6.64, 
      7.36
    ], 
    [
      6.63, 
      7.35
    ], 
    [
      6.63, 
      7.25
    ], 
    [
      6.64, 
      7.24
    ], 
    [
      8.89, 
      7.24
    ], 
    [
      8.89, 
      0.1
    ]
  ], 
  "bbox": {
    "max": [
      20.08, 
      20.73
    ], 
    "min": [
      0.1, 
      0.1
    ]
  }, 
  "id": "9583138075e1c8e593cceb0280ecb1f5"
}