{
  "room_category": {
    "Room": {
      "simulation_statistics": [
        {
          "not_completed_agents": 0, 
          "max_evacuation_time": 1.899999, 
          "min_evacuation_time": 1.15, 
          "exit_flow_rate": 1.0526321329642805, 
          "completed_agents": 2, 
          "max_traveled_distance": 3.040729, 
          "avg_evacuation_time": 1.5249994999999998, 
          "avg_traveled_distance": 2.207286, 
          "min_traveled_distance": 1.373843
        }, 
        {
          "not_completed_agents": 0, 
          "max_evacuation_time": 1.799999, 
          "min_evacuation_time": 1.699999, 
          "exit_flow_rate": 1.1111117283954046, 
          "completed_agents": 2, 
          "max_traveled_distance": 2.355219, 
          "avg_evacuation_time": 1.7499989999999999, 
          "avg_traveled_distance": 2.2735589999999997, 
          "min_traveled_distance": 2.191899
        }, 
        {
          "not_completed_agents": 0, 
          "max_evacuation_time": 4.599999, 
          "min_evacuation_time": 0.0, 
          "exit_flow_rate": 3.0434789224954177, 
          "completed_agents": 14, 
          "max_traveled_distance": 4.985067, 
          "avg_evacuation_time": 2.289284714285714, 
          "avg_traveled_distance": 2.605010142857143, 
          "min_traveled_distance": 0.0
        }
      ], 
      "bounds": [
        [
          4.05, 
          -2.38, 
          6.65, 
          0.92
        ], 
        [
          4.06, 
          0.84, 
          6.68, 
          4.61
        ], 
        [
          -0.01, 
          -5.61, 
          6.65, 
          4.61
        ]
      ]
    }, 
    "Kitchen": {
      "simulation_statistics": [
        {
          "not_completed_agents": 0, 
          "max_evacuation_time": 2.599999, 
          "min_evacuation_time": 0.0, 
          "exit_flow_rate": 1.1538465976333068, 
          "completed_agents": 3, 
          "max_traveled_distance": 2.05393, 
          "avg_evacuation_time": 1.3999996666666668, 
          "avg_traveled_distance": 1.2334873333333334, 
          "min_traveled_distance": 0.0
        }
      ], 
      "bounds": [
        [
          -0.01, 
          -2.43, 
          4.14, 
          0.62
        ]
      ]
    }
  }, 
  "room_num": 5, 
  "verts": [
    [
      1.67, 
      0.1
    ], 
    [
      1.66, 
      0.11
    ], 
    [
      0.11, 
      0.11
    ], 
    [
      0.1, 
      0.12
    ], 
    [
      0.1, 
      4.5
    ], 
    [
      5.4, 
      4.5
    ], 
    [
      5.41, 
      4.51
    ], 
    [
      6.54, 
      4.51
    ], 
    [
      6.54, 
      0.94
    ], 
    [
      4.16, 
      0.94
    ], 
    [
      4.15, 
      0.93
    ], 
    [
      4.05, 
      0.93
    ], 
    [
      4.04, 
      0.92
    ], 
    [
      4.04, 
      0.1
    ]
  ], 
  "bbox": {
    "max": [
      6.54, 
      4.51
    ], 
    "min": [
      0.1, 
      0.1
    ]
  }, 
  "id": "99778d6d938d2bb8c33c981b48361235"
}