{
  "room_category": {
    "Toilet": {
      "simulation_statistics": [
        {
          "not_completed_agents": 0, 
          "max_evacuation_time": 34.49976, 
          "min_evacuation_time": 21.099964, 
          "exit_flow_rate": 0.1159428355443632, 
          "completed_agents": 4, 
          "max_traveled_distance": 23.876999, 
          "avg_evacuation_time": 27.499866500000003, 
          "avg_traveled_distance": 20.903886, 
          "min_traveled_distance": 18.441647
        }
      ], 
      "bounds": [
        [
          1.71, 
          11.2, 
          7.52, 
          14.7
        ]
      ]
    }, 
    "Bathroom": {
      "simulation_statistics": [
        {
          "not_completed_agents": 0, 
          "max_evacuation_time": 30.899815, 
          "min_evacuation_time": 13.850035, 
          "exit_flow_rate": 0.12945061321564547, 
          "completed_agents": 4, 
          "max_traveled_distance": 21.692348, 
          "avg_evacuation_time": 19.08748025, 
          "avg_traveled_distance": 17.94780275, 
          "min_traveled_distance": 15.575235
        }
      ], 
      "bounds": [
        [
          1.71, 
          11.2, 
          7.52, 
          14.7
        ]
      ]
    }, 
    "Kitchen": {
      "simulation_statistics": [
        {
          "not_completed_agents": 0, 
          "max_evacuation_time": 17.850014, 
          "min_evacuation_time": 8.850016, 
          "exit_flow_rate": 0.28011182512237803, 
          "completed_agents": 5, 
          "max_traveled_distance": 14.854203, 
          "avg_evacuation_time": 12.5600228, 
          "avg_traveled_distance": 12.566072, 
          "min_traveled_distance": 10.626314
        }
      ], 
      "bounds": [
        [
          3.27, 
          4.32, 
          10.28, 
          7.6
        ]
      ]
    }
  }, 
  "room_num": 4, 
  "verts": [
    [
      0.11, 
      0.1
    ], 
    [
      0.1, 
      0.11
    ], 
    [
      0.1, 
      7.76
    ], 
    [
      1.09, 
      7.76
    ], 
    [
      1.1, 
      7.77
    ], 
    [
      1.1, 
      7.87
    ], 
    [
      1.09, 
      7.88
    ], 
    [
      0.1, 
      7.88
    ], 
    [
      0.1, 
      12.85
    ], 
    [
      0.11, 
      12.86
    ], 
    [
      0.31, 
      12.86
    ], 
    [
      0.32, 
      12.87
    ], 
    [
      0.53, 
      12.87
    ], 
    [
      0.54, 
      12.88
    ], 
    [
      0.74, 
      12.88
    ], 
    [
      0.75, 
      12.89
    ], 
    [
      0.95, 
      12.89
    ], 
    [
      0.96, 
      12.9
    ], 
    [
      1.13, 
      12.9
    ], 
    [
      1.14, 
      12.91
    ], 
    [
      1.24, 
      12.91
    ], 
    [
      1.25, 
      12.92
    ], 
    [
      1.34, 
      12.92
    ], 
    [
      1.35, 
      12.93
    ], 
    [
      1.45, 
      12.93
    ], 
    [
      1.46, 
      12.94
    ], 
    [
      1.55, 
      12.94
    ], 
    [
      1.56, 
      12.95
    ], 
    [
      1.62, 
      12.95
    ], 
    [
      1.62, 
      12.82
    ], 
    [
      1.6, 
      12.8
    ], 
    [
      1.58, 
      12.8
    ], 
    [
      1.57, 
      12.79
    ], 
    [
      1.58, 
      12.78
    ], 
    [
      1.57, 
      12.77
    ], 
    [
      1.58, 
      12.76
    ], 
    [
      1.58, 
      12.75
    ], 
    [
      1.59, 
      12.74
    ], 
    [
      1.59, 
      12.69
    ], 
    [
      1.6, 
      12.68
    ], 
    [
      1.6, 
      12.63
    ], 
    [
      1.61, 
      12.62
    ], 
    [
      1.61, 
      12.57
    ], 
    [
      1.62, 
      12.56
    ], 
    [
      1.62, 
      12.15
    ], 
    [
      1.61, 
      12.14
    ], 
    [
      1.61, 
      11.91
    ], 
    [
      1.6, 
      11.9
    ], 
    [
      1.6, 
      10.86
    ], 
    [
      1.59, 
      10.85
    ], 
    [
      1.59, 
      9.78
    ], 
    [
      1.6, 
      9.77
    ], 
    [
      1.6, 
      9.05
    ], 
    [
      1.61, 
      9.04
    ], 
    [
      1.71, 
      9.04
    ], 
    [
      1.72, 
      9.05
    ], 
    [
      1.72, 
      9.41
    ], 
    [
      1.71, 
      9.42
    ], 
    [
      1.71, 
      10.0
    ], 
    [
      1.72, 
      10.0
    ], 
    [
      1.73, 
      10.01
    ], 
    [
      1.73, 
      11.2
    ], 
    [
      6.9, 
      11.2
    ], 
    [
      6.91, 
      11.21
    ], 
    [
      6.91, 
      11.8
    ], 
    [
      6.9, 
      11.81
    ], 
    [
      6.81, 
      11.81
    ], 
    [
      6.8, 
      11.8
    ], 
    [
      6.8, 
      11.31
    ], 
    [
      1.82, 
      11.31
    ], 
    [
      1.82, 
      12.87
    ], 
    [
      1.83, 
      12.87
    ], 
    [
      1.86, 
      12.9
    ], 
    [
      1.87, 
      12.9
    ], 
    [
      1.89, 
      12.92
    ], 
    [
      1.9, 
      12.92
    ], 
    [
      1.92, 
      12.94
    ], 
    [
      1.93, 
      12.94
    ], 
    [
      1.95, 
      12.96
    ], 
    [
      1.96, 
      12.96
    ], 
    [
      1.99, 
      12.99
    ], 
    [
      2.03, 
      12.99
    ], 
    [
      2.04, 
      13.0
    ], 
    [
      2.04, 
      13.02
    ], 
    [
      2.06, 
      13.04
    ], 
    [
      2.04, 
      13.06
    ], 
    [
      2.04, 
      13.1
    ], 
    [
      2.03, 
      13.11
    ], 
    [
      2.0, 
      13.11
    ], 
    [
      1.99, 
      13.12
    ], 
    [
      1.98, 
      13.12
    ], 
    [
      1.97, 
      13.11
    ], 
    [
      1.96, 
      13.11
    ], 
    [
      1.95, 
      13.1
    ], 
    [
      1.88, 
      13.1
    ], 
    [
      1.87, 
      13.09
    ], 
    [
      1.82, 
      13.09
    ], 
    [
      1.82, 
      14.6
    ], 
    [
      6.8, 
      14.6
    ], 
    [
      6.8, 
      12.82
    ], 
    [
      6.81, 
      12.81
    ], 
    [
      6.9, 
      12.81
    ], 
    [
      6.91, 
      12.82
    ], 
    [
      6.91, 
      14.61
    ], 
    [
      10.15, 
      14.61
    ], 
    [
      10.15, 
      7.51
    ], 
    [
      4.89, 
      7.51
    ], 
    [
      4.88, 
      7.5
    ], 
    [
      4.88, 
      7.41
    ], 
    [
      4.89, 
      7.4
    ], 
    [
      10.14, 
      7.4
    ], 
    [
      10.14, 
      5.75
    ], 
    [
      10.13, 
      5.74
    ], 
    [
      10.13, 
      4.43
    ], 
    [
      3.38, 
      4.43
    ], 
    [
      3.38, 
      5.97
    ], 
    [
      3.39, 
      5.98
    ], 
    [
      3.39, 
      7.4
    ], 
    [
      3.73, 
      7.4
    ], 
    [
      3.74, 
      7.41
    ], 
    [
      3.74, 
      7.5
    ], 
    [
      3.73, 
      7.51
    ], 
    [
      3.29, 
      7.51
    ], 
    [
      3.28, 
      7.5
    ], 
    [
      3.28, 
      5.98
    ], 
    [
      3.27, 
      5.97
    ], 
    [
      3.27, 
      4.4
    ], 
    [
      3.26, 
      4.39
    ], 
    [
      3.26, 
      4.33
    ], 
    [
      3.28, 
      4.31
    ], 
    [
      10.15, 
      4.31
    ], 
    [
      10.15, 
      0.1
    ]
  ], 
  "bbox": {
    "max": [
      10.15, 
      14.61
    ], 
    "min": [
      0.1, 
      0.1
    ]
  }, 
  "id": "9c80843c6f9e51558d51ce920feada37"
}