{
  "room_category": {
    "Garage": {
      "simulation_statistics": [
        {
          "not_completed_agents": 0, 
          "max_evacuation_time": 34.799755, 
          "min_evacuation_time": 21.899952, 
          "exit_flow_rate": 0.22988667592631043, 
          "completed_agents": 8, 
          "max_traveled_distance": 23.237135, 
          "avg_evacuation_time": 28.42485225, 
          "avg_traveled_distance": 20.63324775, 
          "min_traveled_distance": 16.177544
        }
      ], 
      "bounds": [
        [
          10.18, 
          11.82, 
          16.95, 
          17.43
        ]
      ]
    }, 
    "Bathroom": {
      "simulation_statistics": [
        {
          "not_completed_agents": 0, 
          "max_evacuation_time": 30.099827, 
          "min_evacuation_time": 13.950035, 
          "exit_flow_rate": 0.19933669386206107, 
          "completed_agents": 6, 
          "max_traveled_distance": 18.534447, 
          "avg_evacuation_time": 20.049972666666665, 
          "avg_traveled_distance": 15.2410315, 
          "min_traveled_distance": 12.315642
        }, 
        {
          "not_completed_agents": 0, 
          "max_evacuation_time": 150.004547, 
          "min_evacuation_time": 5.100001, 
          "exit_flow_rate": 0.013332929167807159, 
          "completed_agents": 2, 
          "max_traveled_distance": 11.499259, 
          "avg_evacuation_time": 58.76817033333333, 
          "avg_traveled_distance": 8.240879333333334, 
          "min_traveled_distance": 6.353423
        }
      ], 
      "bounds": [
        [
          9.49, 
          7.36, 
          16.24, 
          11.9
        ], 
        [
          9.65, 
          4.99, 
          15.78, 
          7.45
        ]
      ]
    }, 
    "Bedroom": {
      "simulation_statistics": [
        {
          "not_completed_agents": 0, 
          "max_evacuation_time": 150.004547, 
          "min_evacuation_time": 6.200006, 
          "exit_flow_rate": 0.09333050417465012, 
          "completed_agents": 14, 
          "max_traveled_distance": 17.288252, 
          "avg_evacuation_time": 21.52697906666667, 
          "avg_traveled_distance": 10.895015666666666, 
          "min_traveled_distance": 1.436032
        }
      ], 
      "bounds": [
        [
          -0.62, 
          4.92, 
          10.28, 
          11.91
        ]
      ]
    }, 
    "Kitchen": {
      "simulation_statistics": [
        {
          "not_completed_agents": 0, 
          "max_evacuation_time": 2.099999, 
          "min_evacuation_time": 0.0, 
          "exit_flow_rate": 2.857144217687723, 
          "completed_agents": 6, 
          "max_traveled_distance": 2.735795, 
          "avg_evacuation_time": 0.8999996666666666, 
          "avg_traveled_distance": 1.0820885, 
          "min_traveled_distance": 0.0
        }
      ], 
      "bounds": [
        [
          5.37, 
          -0.05, 
          10.89, 
          5.17
        ]
      ]
    }
  }, 
  "room_num": 6, 
  "verts": [
    [
      5.61, 
      0.1
    ], 
    [
      5.6, 
      0.11
    ], 
    [
      5.6, 
      4.98
    ], 
    [
      5.59, 
      4.99
    ], 
    [
      5.59, 
      5.02
    ], 
    [
      5.58, 
      5.03
    ], 
    [
      5.58, 
      5.04
    ], 
    [
      5.55, 
      5.07
    ], 
    [
      6.41, 
      5.07
    ], 
    [
      6.41, 
      4.99
    ], 
    [
      6.42, 
      4.98
    ], 
    [
      8.88, 
      4.98
    ], 
    [
      8.89, 
      4.99
    ], 
    [
      8.89, 
      5.17
    ], 
    [
      8.88, 
      5.18
    ], 
    [
      5.49, 
      5.18
    ], 
    [
      5.48, 
      5.17
    ], 
    [
      5.48, 
      5.1
    ], 
    [
      0.11, 
      5.1
    ], 
    [
      0.1, 
      5.11
    ], 
    [
      0.1, 
      11.8
    ], 
    [
      8.27, 
      11.8
    ], 
    [
      8.27, 
      11.25
    ], 
    [
      8.28, 
      11.24
    ], 
    [
      8.38, 
      11.24
    ], 
    [
      8.39, 
      11.25
    ], 
    [
      8.39, 
      11.8
    ], 
    [
      10.17, 
      11.8
    ], 
    [
      10.17, 
      10.27
    ], 
    [
      8.39, 
      10.27
    ], 
    [
      8.39, 
      10.49
    ], 
    [
      8.38, 
      10.5
    ], 
    [
      8.28, 
      10.5
    ], 
    [
      8.27, 
      10.49
    ], 
    [
      8.27, 
      10.17
    ], 
    [
      8.28, 
      10.16
    ], 
    [
      10.17, 
      10.16
    ], 
    [
      10.17, 
      10.02
    ], 
    [
      10.18, 
      10.01
    ], 
    [
      10.28, 
      10.01
    ], 
    [
      10.29, 
      10.02
    ], 
    [
      10.29, 
      11.8
    ], 
    [
      11.81, 
      11.8
    ], 
    [
      11.82, 
      11.81
    ], 
    [
      11.82, 
      11.92
    ], 
    [
      11.81, 
      11.93
    ], 
    [
      10.3, 
      11.93
    ], 
    [
      10.3, 
      17.32
    ], 
    [
      16.84, 
      17.32
    ], 
    [
      16.84, 
      14.35
    ], 
    [
      14.57, 
      14.35
    ], 
    [
      14.55, 
      14.33
    ], 
    [
      14.55, 
      14.24
    ], 
    [
      14.54, 
      14.23
    ], 
    [
      14.54, 
      11.93
    ], 
    [
      13.03, 
      11.93
    ], 
    [
      13.02, 
      11.92
    ], 
    [
      13.02, 
      11.81
    ], 
    [
      13.03, 
      11.8
    ], 
    [
      14.65, 
      11.8
    ], 
    [
      14.66, 
      11.79
    ], 
    [
      16.13, 
      11.79
    ], 
    [
      16.13, 
      8.1
    ], 
    [
      10.29, 
      8.1
    ], 
    [
      10.29, 
      9.02
    ], 
    [
      10.28, 
      9.03
    ], 
    [
      10.18, 
      9.03
    ], 
    [
      10.17, 
      9.02
    ], 
    [
      10.17, 
      5.87
    ], 
    [
      10.18, 
      5.86
    ], 
    [
      10.28, 
      5.86
    ], 
    [
      10.29, 
      5.87
    ], 
    [
      10.29, 
      6.71
    ], 
    [
      12.98, 
      6.71
    ], 
    [
      12.99, 
      6.7
    ], 
    [
      13.97, 
      6.7
    ], 
    [
      13.98, 
      6.71
    ], 
    [
      14.9, 
      6.71
    ], 
    [
      14.91, 
      6.7
    ], 
    [
      15.67, 
      6.7
    ], 
    [
      15.67, 
      6.46
    ], 
    [
      15.66, 
      6.45
    ], 
    [
      15.66, 
      5.88
    ], 
    [
      15.65, 
      5.87
    ], 
    [
      15.65, 
      5.3
    ], 
    [
      15.64, 
      5.29
    ], 
    [
      15.64, 
      5.1
    ], 
    [
      10.9, 
      5.1
    ], 
    [
      10.9, 
      5.17
    ], 
    [
      10.89, 
      5.18
    ], 
    [
      10.3, 
      5.18
    ], 
    [
      10.29, 
      5.17
    ], 
    [
      10.29, 
      5.1
    ], 
    [
      10.29, 
      5.11
    ], 
    [
      10.28, 
      5.12
    ], 
    [
      10.18, 
      5.12
    ], 
    [
      10.17, 
      5.11
    ], 
    [
      10.17, 
      5.1
    ], 
    [
      9.88, 
      5.1
    ], 
    [
      9.87, 
      5.09
    ], 
    [
      9.87, 
      4.99
    ], 
    [
      9.88, 
      4.98
    ], 
    [
      10.78, 
      4.98
    ], 
    [
      10.78, 
      0.1
    ]
  ], 
  "bbox": {
    "max": [
      16.84, 
      17.32
    ], 
    "min": [
      0.1, 
      0.1
    ]
  }, 
  "id": "9d1b501be003fb91f2dc6fbd98967e04"
}