{
  "room_category": {
    "Living_Room": {
      "simulation_statistics": [
        {
          "not_completed_agents": 0, 
          "max_evacuation_time": 22.099949, 
          "min_evacuation_time": 1.899999, 
          "exit_flow_rate": 0.6787345979848189, 
          "completed_agents": 15, 
          "max_traveled_distance": 14.407534, 
          "avg_evacuation_time": 12.093341533333334, 
          "avg_traveled_distance": 10.011273133333333, 
          "min_traveled_distance": 2.286138
        }
      ], 
      "bounds": [
        [
          -0.05, 
          3.05, 
          14.47, 
          8.31
        ]
      ]
    }, 
    "Office": {
      "simulation_statistics": [
        {
          "not_completed_agents": 0, 
          "max_evacuation_time": 23.449928, 
          "min_evacuation_time": 3.099998, 
          "exit_flow_rate": 0.6396608126046271, 
          "completed_agents": 15, 
          "max_traveled_distance": 14.396202, 
          "avg_evacuation_time": 9.116674266666667, 
          "avg_traveled_distance": 8.3146504, 
          "min_traveled_distance": 2.275215
        }, 
        {
          "not_completed_agents": 0, 
          "max_evacuation_time": 0.7, 
          "min_evacuation_time": 0.0, 
          "exit_flow_rate": 5.714285714285714, 
          "completed_agents": 4, 
          "max_traveled_distance": 0.889927, 
          "avg_evacuation_time": 0.22499999999999998, 
          "avg_traveled_distance": 0.28681125, 
          "min_traveled_distance": 0.0
        }
      ], 
      "bounds": [
        [
          -0.05, 
          3.05, 
          14.47, 
          8.31
        ], 
        [
          9.08, 
          -0.05, 
          13.74, 
          3.79
        ]
      ]
    }
  }, 
  "room_num": 2, 
  "verts": [
    [
      9.2, 
      0.1
    ], 
    [
      9.19, 
      0.11
    ], 
    [
      9.19, 
      3.07
    ], 
    [
      9.93, 
      3.07
    ], 
    [
      9.94, 
      3.08
    ], 
    [
      9.94, 
      3.18
    ], 
    [
      9.93, 
      3.19
    ], 
    [
      9.08, 
      3.19
    ], 
    [
      9.07, 
      3.2
    ], 
    [
      0.11, 
      3.2
    ], 
    [
      0.1, 
      3.21
    ], 
    [
      0.1, 
      8.17
    ], 
    [
      13.64, 
      8.17
    ], 
    [
      13.64, 
      3.19
    ], 
    [
      10.95, 
      3.19
    ], 
    [
      10.94, 
      3.18
    ], 
    [
      10.94, 
      3.08
    ], 
    [
      10.95, 
      3.07
    ], 
    [
      13.63, 
      3.07
    ], 
    [
      13.63, 
      0.1
    ]
  ], 
  "bbox": {
    "max": [
      13.64, 
      8.17
    ], 
    "min": [
      0.1, 
      0.1
    ]
  }, 
  "id": "9d883ce8c1039c9c6089161d45145b35"
}