{
  "room_category": {
    "Bathroom": {
      "simulation_statistics": [
        {
          "not_completed_agents": 0, 
          "max_evacuation_time": 11.650026, 
          "min_evacuation_time": 7.35001, 
          "exit_flow_rate": 0.34334687321727864, 
          "completed_agents": 4, 
          "max_traveled_distance": 11.151076, 
          "avg_evacuation_time": 9.0875165, 
          "avg_traveled_distance": 10.28351, 
          "min_traveled_distance": 9.110555
        }
      ], 
      "bounds": [
        [
          0.0, 
          6.81, 
          5.31, 
          11.03
        ]
      ]
    }, 
    "Living_Room": {
      "simulation_statistics": [
        {
          "not_completed_agents": 0, 
          "max_evacuation_time": 10.800023, 
          "min_evacuation_time": 6.350006, 
          "exit_flow_rate": 0.7407391632406709, 
          "completed_agents": 8, 
          "max_traveled_distance": 11.256199, 
          "avg_evacuation_time": 8.11251275, 
          "avg_traveled_distance": 9.878168375, 
          "min_traveled_distance": 7.765043
        }
      ], 
      "bounds": [
        [
          5.14, 
          6.65, 
          11.1, 
          13.59
        ]
      ]
    }, 
    "Kitchen": {
      "simulation_statistics": [
        {
          "not_completed_agents": 0, 
          "max_evacuation_time": 150.004547, 
          "min_evacuation_time": 0.45, 
          "exit_flow_rate": 0.10666343334245727, 
          "completed_agents": 16, 
          "max_traveled_distance": 8.508277, 
          "avg_evacuation_time": 12.176739294117647, 
          "avg_traveled_distance": 3.618034705882353, 
          "min_traveled_distance": 0.406168
        }
      ], 
      "bounds": [
        [
          -0.01, 
          -0.05, 
          11.1, 
          7.43
        ]
      ]
    }
  }, 
  "room_num": 4, 
  "verts": [
    [
      5.76, 
      0.1
    ], 
    [
      5.75, 
      0.11
    ], 
    [
      5.75, 
      3.78
    ], 
    [
      5.74, 
      3.79
    ], 
    [
      5.74, 
      3.87
    ], 
    [
      5.72, 
      3.89
    ], 
    [
      5.64, 
      3.89
    ], 
    [
      5.63, 
      3.9
    ], 
    [
      1.88, 
      3.9
    ], 
    [
      1.88, 
      5.94
    ], 
    [
      1.87, 
      5.95
    ], 
    [
      1.77, 
      5.95
    ], 
    [
      1.76, 
      5.94
    ], 
    [
      1.76, 
      3.9
    ], 
    [
      0.11, 
      3.9
    ], 
    [
      0.1, 
      3.91
    ], 
    [
      0.1, 
      5.72
    ], 
    [
      0.11, 
      5.73
    ], 
    [
      0.11, 
      6.31
    ], 
    [
      0.1, 
      6.32
    ], 
    [
      0.1, 
      6.96
    ], 
    [
      0.11, 
      6.96
    ], 
    [
      0.12, 
      6.97
    ], 
    [
      0.12, 
      7.3
    ], 
    [
      1.76, 
      7.3
    ], 
    [
      1.76, 
      6.7
    ], 
    [
      1.77, 
      6.69
    ], 
    [
      1.87, 
      6.69
    ], 
    [
      1.88, 
      6.7
    ], 
    [
      1.88, 
      7.33
    ], 
    [
      3.41, 
      7.33
    ], 
    [
      3.42, 
      7.34
    ], 
    [
      3.42, 
      7.44
    ], 
    [
      3.41, 
      7.45
    ], 
    [
      0.11, 
      7.45
    ], 
    [
      0.11, 
      10.92
    ], 
    [
      5.15, 
      10.92
    ], 
    [
      5.15, 
      10.08
    ], 
    [
      5.14, 
      10.07
    ], 
    [
      5.14, 
      9.21
    ], 
    [
      5.15, 
      9.2
    ], 
    [
      5.27, 
      9.2
    ], 
    [
      5.28, 
      9.21
    ], 
    [
      5.28, 
      9.6
    ], 
    [
      5.29, 
      9.61
    ], 
    [
      5.29, 
      10.2
    ], 
    [
      5.3, 
      10.21
    ], 
    [
      5.3, 
      10.8
    ], 
    [
      5.31, 
      10.81
    ], 
    [
      5.31, 
      11.14
    ], 
    [
      5.32, 
      11.15
    ], 
    [
      5.32, 
      11.66
    ], 
    [
      5.33, 
      11.67
    ], 
    [
      5.33, 
      12.19
    ], 
    [
      5.34, 
      12.2
    ], 
    [
      5.34, 
      12.71
    ], 
    [
      5.35, 
      12.72
    ], 
    [
      5.35, 
      13.23
    ], 
    [
      5.36, 
      13.24
    ], 
    [
      5.36, 
      13.39
    ], 
    [
      10.96, 
      13.39
    ], 
    [
      10.96, 
      10.43
    ], 
    [
      10.95, 
      10.42
    ], 
    [
      10.95, 
      7.45
    ], 
    [
      6.74, 
      7.45
    ], 
    [
      6.73, 
      7.44
    ], 
    [
      6.73, 
      7.34
    ], 
    [
      6.74, 
      7.33
    ], 
    [
      6.75, 
      7.34
    ], 
    [
      6.83, 
      7.34
    ], 
    [
      6.84, 
      7.33
    ], 
    [
      10.95, 
      7.33
    ], 
    [
      10.95, 
      3.71
    ], 
    [
      10.96, 
      3.7
    ], 
    [
      10.96, 
      0.1
    ]
  ], 
  "bbox": {
    "max": [
      10.96, 
      13.39
    ], 
    "min": [
      0.1, 
      0.1
    ]
  }, 
  "id": "9fe00b8a2ab98b3e3b82c7393ef5b52b"
}