{
  "room_category": {
    "Entryway": {
      "simulation_statistics": [
        {
          "not_completed_agents": 0, 
          "max_evacuation_time": 3.449998, 
          "min_evacuation_time": 0.0, 
          "exit_flow_rate": 1.7391314429747495, 
          "completed_agents": 6, 
          "max_traveled_distance": 4.50126, 
          "avg_evacuation_time": 1.1083328333333333, 
          "avg_traveled_distance": 1.4485891666666666, 
          "min_traveled_distance": 0.0
        }
      ], 
      "bounds": [
        [
          -0.03, 
          -0.64, 
          7.59, 
          3.2
        ]
      ]
    }, 
    "Terrace": {
      "simulation_statistics": [
        {
          "not_completed_agents": 0, 
          "max_evacuation_time": 6.000005, 
          "min_evacuation_time": 2.649999, 
          "exit_flow_rate": 1.6666652777789353, 
          "completed_agents": 10, 
          "max_traveled_distance": 7.589066, 
          "avg_evacuation_time": 4.3350002000000005, 
          "avg_traveled_distance": 5.4824599, 
          "min_traveled_distance": 3.21075
        }
      ], 
      "bounds": [
        [
          -0.03, 
          3.09, 
          7.56, 
          9.67
        ]
      ]
    }, 
    "Kitchen": {
      "simulation_statistics": [
        {
          "not_completed_agents": 0, 
          "max_evacuation_time": 10.350021, 
          "min_evacuation_time": 4.85, 
          "exit_flow_rate": 0.6763271301575137, 
          "completed_agents": 7, 
          "max_traveled_distance": 12.915689, 
          "avg_evacuation_time": 7.478581714285714, 
          "avg_traveled_distance": 9.279501714285715, 
          "min_traveled_distance": 6.488387
        }
      ], 
      "bounds": [
        [
          7.46, 
          -0.02, 
          11.04, 
          9.66
        ]
      ]
    }
  }, 
  "room_num": 3, 
  "verts": [
    [
      0.11, 
      0.1
    ], 
    [
      0.1, 
      0.11
    ], 
    [
      0.1, 
      3.07
    ], 
    [
      0.72, 
      3.07
    ], 
    [
      0.73, 
      3.08
    ], 
    [
      0.73, 
      3.18
    ], 
    [
      0.72, 
      3.19
    ], 
    [
      0.1, 
      3.19
    ], 
    [
      0.1, 
      9.55
    ], 
    [
      7.46, 
      9.55
    ], 
    [
      7.46, 
      3.19
    ], 
    [
      6.68, 
      3.19
    ], 
    [
      6.67, 
      3.18
    ], 
    [
      6.67, 
      3.08
    ], 
    [
      6.68, 
      3.07
    ], 
    [
      6.69, 
      3.08
    ], 
    [
      6.7, 
      3.07
    ], 
    [
      7.46, 
      3.07
    ], 
    [
      7.46, 
      2.49
    ], 
    [
      7.47, 
      2.48
    ], 
    [
      7.57, 
      2.48
    ], 
    [
      7.58, 
      2.49
    ], 
    [
      7.58, 
      3.54
    ], 
    [
      7.57, 
      3.55
    ], 
    [
      7.57, 
      6.5
    ], 
    [
      7.58, 
      6.51
    ], 
    [
      7.58, 
      9.55
    ], 
    [
      10.91, 
      9.55
    ], 
    [
      10.91, 
      0.15
    ], 
    [
      10.55, 
      0.15
    ], 
    [
      10.54, 
      0.14
    ], 
    [
      9.87, 
      0.14
    ], 
    [
      9.86, 
      0.13
    ], 
    [
      9.19, 
      0.13
    ], 
    [
      9.18, 
      0.12
    ], 
    [
      8.51, 
      0.12
    ], 
    [
      8.5, 
      0.11
    ], 
    [
      7.83, 
      0.11
    ], 
    [
      7.82, 
      0.1
    ], 
    [
      7.57, 
      0.1
    ], 
    [
      7.57, 
      0.52
    ], 
    [
      7.58, 
      0.53
    ], 
    [
      7.57, 
      0.54
    ], 
    [
      7.47, 
      0.54
    ], 
    [
      7.46, 
      0.53
    ], 
    [
      7.46, 
      0.1
    ]
  ], 
  "bbox": {
    "max": [
      10.91, 
      9.55
    ], 
    "min": [
      0.1, 
      0.1
    ]
  }, 
  "id": "a00404613c2c6ed7716a2d433754d841"
}