{
  "room_category": {
    "Room": {
      "simulation_statistics": [
        {
          "not_completed_agents": 0, 
          "max_evacuation_time": 0.25, 
          "min_evacuation_time": 0.25, 
          "exit_flow_rate": 4.0, 
          "completed_agents": 1, 
          "max_traveled_distance": 0.302112, 
          "avg_evacuation_time": 0.25, 
          "avg_traveled_distance": 0.302112, 
          "min_traveled_distance": 0.302112
        }
      ], 
      "bounds": [
        [
          6.06, 
          -0.01, 
          8.28, 
          1.97
        ]
      ]
    }, 
    "Bedroom": {
      "simulation_statistics": [
        {
          "not_completed_agents": 0, 
          "max_evacuation_time": 3.299998, 
          "min_evacuation_time": 0.0, 
          "exit_flow_rate": 2.121213406796004, 
          "completed_agents": 7, 
          "max_traveled_distance": 3.738388, 
          "avg_evacuation_time": 2.135713142857143, 
          "avg_traveled_distance": 2.2176324285714286, 
          "min_traveled_distance": 0.0
        }
      ], 
      "bounds": [
        [
          -0.02, 
          -0.01, 
          6.44, 
          5.34
        ]
      ]
    }
  }, 
  "room_num": 2, 
  "verts": [
    [
      4.46, 
      0.1
    ], 
    [
      4.45, 
      0.11
    ], 
    [
      1.48, 
      0.11
    ], 
    [
      1.47, 
      0.12
    ], 
    [
      0.11, 
      0.12
    ], 
    [
      0.1, 
      0.13
    ], 
    [
      0.1, 
      0.37
    ], 
    [
      0.11, 
      0.38
    ], 
    [
      0.11, 
      0.73
    ], 
    [
      0.12, 
      0.74
    ], 
    [
      0.12, 
      1.09
    ], 
    [
      0.13, 
      1.1
    ], 
    [
      0.13, 
      1.44
    ], 
    [
      0.14, 
      1.45
    ], 
    [
      0.14, 
      1.8
    ], 
    [
      0.15, 
      1.81
    ], 
    [
      0.15, 
      2.16
    ], 
    [
      0.16, 
      2.17
    ], 
    [
      0.16, 
      2.51
    ], 
    [
      0.17, 
      2.52
    ], 
    [
      0.17, 
      2.87
    ], 
    [
      0.18, 
      2.88
    ], 
    [
      0.18, 
      3.22
    ], 
    [
      0.19, 
      3.23
    ], 
    [
      0.19, 
      3.58
    ], 
    [
      0.2, 
      3.59
    ], 
    [
      0.2, 
      3.94
    ], 
    [
      0.21, 
      3.95
    ], 
    [
      0.21, 
      4.29
    ], 
    [
      0.22, 
      4.3
    ], 
    [
      0.22, 
      4.65
    ], 
    [
      0.23, 
      4.66
    ], 
    [
      0.23, 
      5.01
    ], 
    [
      0.24, 
      5.02
    ], 
    [
      0.24, 
      5.09
    ], 
    [
      6.31, 
      5.09
    ], 
    [
      6.3, 
      5.08
    ], 
    [
      6.3, 
      4.88
    ], 
    [
      6.29, 
      4.87
    ], 
    [
      6.29, 
      4.68
    ], 
    [
      6.28, 
      4.67
    ], 
    [
      6.28, 
      4.47
    ], 
    [
      6.27, 
      4.46
    ], 
    [
      6.27, 
      4.26
    ], 
    [
      6.26, 
      4.25
    ], 
    [
      6.26, 
      4.05
    ], 
    [
      6.25, 
      4.04
    ], 
    [
      6.25, 
      3.84
    ], 
    [
      6.24, 
      3.83
    ], 
    [
      6.24, 
      3.64
    ], 
    [
      6.23, 
      3.63
    ], 
    [
      6.23, 
      3.43
    ], 
    [
      6.22, 
      3.42
    ], 
    [
      6.22, 
      3.21
    ], 
    [
      6.21, 
      3.2
    ], 
    [
      6.21, 
      2.99
    ], 
    [
      6.2, 
      2.98
    ], 
    [
      6.2, 
      2.77
    ], 
    [
      6.19, 
      2.76
    ], 
    [
      6.19, 
      2.56
    ], 
    [
      6.18, 
      2.55
    ], 
    [
      6.18, 
      2.34
    ], 
    [
      6.17, 
      2.33
    ], 
    [
      6.17, 
      2.12
    ], 
    [
      6.16, 
      2.11
    ], 
    [
      6.16, 
      1.98
    ], 
    [
      6.12, 
      1.98
    ], 
    [
      6.11, 
      1.97
    ], 
    [
      6.11, 
      1.77
    ], 
    [
      6.1, 
      1.76
    ], 
    [
      6.1, 
      1.35
    ], 
    [
      6.09, 
      1.34
    ], 
    [
      6.09, 
      1.13
    ], 
    [
      6.1, 
      1.12
    ], 
    [
      6.23, 
      1.12
    ], 
    [
      6.24, 
      1.13
    ], 
    [
      6.24, 
      1.23
    ], 
    [
      6.25, 
      1.24
    ], 
    [
      6.25, 
      1.45
    ], 
    [
      6.26, 
      1.46
    ], 
    [
      6.26, 
      1.67
    ], 
    [
      6.27, 
      1.68
    ], 
    [
      6.27, 
      1.87
    ], 
    [
      6.28, 
      1.86
    ], 
    [
      8.17, 
      1.86
    ], 
    [
      8.17, 
      0.1
    ], 
    [
      6.19, 
      0.1
    ], 
    [
      6.19, 
      0.11
    ], 
    [
      6.18, 
      0.12
    ], 
    [
      6.08, 
      0.12
    ], 
    [
      6.07, 
      0.11
    ], 
    [
      6.07, 
      0.1
    ]
  ], 
  "bbox": {
    "max": [
      8.17, 
      5.09
    ], 
    "min": [
      0.1, 
      0.1
    ]
  }, 
  "id": "a0e67d9baf53f3a5d3b747d65ad61d78"
}