{
  "room_category": {
    "Toilet": {
      "simulation_statistics": [
        {
          "not_completed_agents": 0, 
          "max_evacuation_time": 21.899952, 
          "min_evacuation_time": 0.0, 
          "exit_flow_rate": 0.5022842059197208, 
          "completed_agents": 11, 
          "max_traveled_distance": 15.88943, 
          "avg_evacuation_time": 11.60454909090909, 
          "avg_traveled_distance": 9.490891272727273, 
          "min_traveled_distance": 0.0
        }
      ], 
      "bounds": [
        [
          -0.02, 
          -0.09, 
          10.52, 
          4.92
        ]
      ]
    }, 
    "Room": [
      [
        2.98, 
        -0.23, 
        3.19, 
        4.31
      ], 
      [
        4.25, 
        0.0, 
        5.18, 
        2.39
      ], 
      [
        4.26, 
        1.76, 
        5.03, 
        2.39
      ], 
      [
        2.96, 
        1.25, 
        3.65, 
        1.34
      ], 
      [
        3.05, 
        1.25, 
        3.68, 
        4.3
      ], 
      [
        2.96, 
        3.39, 
        4.26, 
        3.49
      ], 
      [
        2.94, 
        0.05, 
        3.14, 
        4.35
      ]
    ]
  }, 
  "room_num": 9, 
  "verts": [
    [
      0.15, 
      0.1
    ], 
    [
      0.14, 
      0.11
    ], 
    [
      0.14, 
      0.54
    ], 
    [
      0.13, 
      0.55
    ], 
    [
      0.13, 
      1.64
    ], 
    [
      0.12, 
      1.65
    ], 
    [
      0.12, 
      2.74
    ], 
    [
      0.11, 
      2.75
    ], 
    [
      0.11, 
      3.84
    ], 
    [
      0.1, 
      3.85
    ], 
    [
      0.1, 
      4.3
    ], 
    [
      3.02, 
      4.3
    ], 
    [
      3.02, 
      4.28
    ], 
    [
      3.03, 
      4.27
    ], 
    [
      3.13, 
      4.27
    ], 
    [
      3.14, 
      4.28
    ], 
    [
      3.14, 
      4.3
    ], 
    [
      4.58, 
      4.3
    ], 
    [
      4.59, 
      4.31
    ], 
    [
      5.26, 
      4.31
    ], 
    [
      5.27, 
      4.3
    ], 
    [
      5.59, 
      4.3
    ], 
    [
      5.6, 
      4.31
    ], 
    [
      6.73, 
      4.31
    ], 
    [
      6.74, 
      4.32
    ], 
    [
      8.71, 
      4.32
    ], 
    [
      8.72, 
      4.33
    ], 
    [
      10.33, 
      4.33
    ], 
    [
      10.33, 
      4.2
    ], 
    [
      10.32, 
      4.19
    ], 
    [
      10.32, 
      4.17
    ], 
    [
      10.31, 
      4.16
    ], 
    [
      10.31, 
      4.14
    ], 
    [
      10.3, 
      4.13
    ], 
    [
      10.3, 
      4.12
    ], 
    [
      10.29, 
      4.11
    ], 
    [
      10.29, 
      4.09
    ], 
    [
      10.28, 
      4.08
    ], 
    [
      10.28, 
      4.06
    ], 
    [
      10.27, 
      4.05
    ], 
    [
      10.27, 
      4.03
    ], 
    [
      10.26, 
      4.02
    ], 
    [
      10.26, 
      4.01
    ], 
    [
      10.25, 
      4.0
    ], 
    [
      10.25, 
      3.98
    ], 
    [
      10.24, 
      3.97
    ], 
    [
      10.24, 
      3.95
    ], 
    [
      10.23, 
      3.94
    ], 
    [
      10.23, 
      3.92
    ], 
    [
      10.22, 
      3.91
    ], 
    [
      10.22, 
      3.89
    ], 
    [
      10.21, 
      3.88
    ], 
    [
      10.21, 
      3.87
    ], 
    [
      10.2, 
      3.86
    ], 
    [
      10.2, 
      3.84
    ], 
    [
      10.19, 
      3.83
    ], 
    [
      10.19, 
      3.81
    ], 
    [
      10.18, 
      3.8
    ], 
    [
      10.18, 
      3.78
    ], 
    [
      10.17, 
      3.77
    ], 
    [
      10.17, 
      3.75
    ], 
    [
      10.16, 
      3.74
    ], 
    [
      10.16, 
      3.73
    ], 
    [
      10.15, 
      3.72
    ], 
    [
      10.15, 
      3.7
    ], 
    [
      10.14, 
      3.69
    ], 
    [
      10.14, 
      3.67
    ], 
    [
      10.13, 
      3.66
    ], 
    [
      10.13, 
      3.64
    ], 
    [
      10.12, 
      3.63
    ], 
    [
      10.12, 
      3.62
    ], 
    [
      10.11, 
      3.61
    ], 
    [
      10.11, 
      3.59
    ], 
    [
      10.1, 
      3.58
    ], 
    [
      10.1, 
      3.56
    ], 
    [
      10.09, 
      3.55
    ], 
    [
      10.09, 
      3.53
    ], 
    [
      10.08, 
      3.52
    ], 
    [
      10.08, 
      3.5
    ], 
    [
      10.07, 
      3.49
    ], 
    [
      10.07, 
      3.48
    ], 
    [
      10.06, 
      3.47
    ], 
    [
      10.06, 
      3.45
    ], 
    [
      10.05, 
      3.44
    ], 
    [
      10.05, 
      3.42
    ], 
    [
      10.04, 
      3.41
    ], 
    [
      10.04, 
      3.39
    ], 
    [
      10.03, 
      3.38
    ], 
    [
      10.03, 
      3.36
    ], 
    [
      10.02, 
      3.35
    ], 
    [
      10.02, 
      3.34
    ], 
    [
      10.01, 
      3.33
    ], 
    [
      10.01, 
      3.31
    ], 
    [
      10.0, 
      3.3
    ], 
    [
      10.0, 
      3.28
    ], 
    [
      9.99, 
      3.27
    ], 
    [
      9.99, 
      3.25
    ], 
    [
      9.98, 
      3.24
    ], 
    [
      9.98, 
      3.23
    ], 
    [
      9.97, 
      3.22
    ], 
    [
      9.97, 
      3.2
    ], 
    [
      9.96, 
      3.19
    ], 
    [
      9.96, 
      3.17
    ], 
    [
      9.95, 
      3.16
    ], 
    [
      9.95, 
      3.14
    ], 
    [
      9.94, 
      3.13
    ], 
    [
      9.94, 
      3.11
    ], 
    [
      9.93, 
      3.1
    ], 
    [
      9.93, 
      3.09
    ], 
    [
      9.92, 
      3.08
    ], 
    [
      9.92, 
      3.06
    ], 
    [
      9.91, 
      3.05
    ], 
    [
      9.91, 
      3.03
    ], 
    [
      9.9, 
      3.02
    ], 
    [
      9.9, 
      3.0
    ], 
    [
      9.89, 
      2.99
    ], 
    [
      9.89, 
      2.97
    ], 
    [
      9.88, 
      2.96
    ], 
    [
      9.88, 
      2.95
    ], 
    [
      9.87, 
      2.94
    ], 
    [
      9.87, 
      2.92
    ], 
    [
      9.86, 
      2.91
    ], 
    [
      9.86, 
      2.89
    ], 
    [
      9.85, 
      2.88
    ], 
    [
      9.85, 
      2.86
    ], 
    [
      9.84, 
      2.85
    ], 
    [
      9.84, 
      2.84
    ], 
    [
      9.83, 
      2.83
    ], 
    [
      9.83, 
      2.81
    ], 
    [
      9.82, 
      2.8
    ], 
    [
      9.82, 
      2.78
    ], 
    [
      9.81, 
      2.77
    ], 
    [
      9.81, 
      2.75
    ], 
    [
      9.8, 
      2.74
    ], 
    [
      9.8, 
      2.72
    ], 
    [
      9.79, 
      2.71
    ], 
    [
      9.79, 
      2.7
    ], 
    [
      9.78, 
      2.69
    ], 
    [
      9.78, 
      2.67
    ], 
    [
      9.77, 
      2.66
    ], 
    [
      9.77, 
      2.64
    ], 
    [
      9.76, 
      2.63
    ], 
    [
      9.76, 
      2.61
    ], 
    [
      9.75, 
      2.6
    ], 
    [
      9.75, 
      2.58
    ], 
    [
      9.74, 
      2.57
    ], 
    [
      9.74, 
      2.56
    ], 
    [
      9.73, 
      2.55
    ], 
    [
      9.73, 
      2.53
    ], 
    [
      9.72, 
      2.52
    ], 
    [
      9.72, 
      2.5
    ], 
    [
      9.71, 
      2.49
    ], 
    [
      9.71, 
      2.47
    ], 
    [
      9.7, 
      2.46
    ], 
    [
      9.7, 
      2.45
    ], 
    [
      9.69, 
      2.44
    ], 
    [
      9.69, 
      2.42
    ], 
    [
      9.68, 
      2.41
    ], 
    [
      9.68, 
      2.39
    ], 
    [
