{
  "room_category": {
    "Office": {
      "simulation_statistics": [
        {
          "not_completed_agents": 0, 
          "max_evacuation_time": 6.250006, 
          "min_evacuation_time": 0.0, 
          "exit_flow_rate": 1.1199989248010322, 
          "completed_agents": 7, 
          "max_traveled_distance": 7.369196, 
          "avg_evacuation_time": 1.5785721428571429, 
          "avg_traveled_distance": 1.7840254285714285, 
          "min_traveled_distance": 0.0
        }
      ], 
      "bounds": [
        [
          -0.02, 
          -0.04, 
          6.43, 
          5.55
        ]
      ]
    }, 
    "Kitchen": {
      "simulation_statistics": [
        {
          "not_completed_agents": 0, 
          "max_evacuation_time": 9.650019, 
          "min_evacuation_time": 4.499999, 
          "exit_flow_rate": 0.7253871728128204, 
          "completed_agents": 7, 
          "max_traveled_distance": 9.681359, 
          "avg_evacuation_time": 6.814293571428571, 
          "avg_traveled_distance": 7.536794714285714, 
          "min_traveled_distance": 5.609122
        }
      ], 
      "bounds": [
        [
          -0.02, 
          4.85, 
          5.7, 
          10.72
        ]
      ]
    }
  }, 
  "room_num": 2, 
  "verts": [
    [
      1.57, 
      0.1
    ], 
    [
      1.54, 
      0.13
    ], 
    [
      1.54, 
      0.14
    ], 
    [
      1.51, 
      0.17
    ], 
    [
      1.51, 
      0.18
    ], 
    [
      1.48, 
      0.21
    ], 
    [
      1.48, 
      0.22
    ], 
    [
      1.45, 
      0.25
    ], 
    [
      1.45, 
      0.26
    ], 
    [
      1.42, 
      0.29
    ], 
    [
      1.42, 
      0.3
    ], 
    [
      1.39, 
      0.33
    ], 
    [
      1.39, 
      0.34
    ], 
    [
      1.36, 
      0.37
    ], 
    [
      1.36, 
      0.38
    ], 
    [
      1.32, 
      0.42
    ], 
    [
      1.32, 
      0.43
    ], 
    [
      1.29, 
      0.46
    ], 
    [
      1.29, 
      0.47
    ], 
    [
      1.26, 
      0.5
    ], 
    [
      1.26, 
      0.51
    ], 
    [
      1.23, 
      0.54
    ], 
    [
      1.23, 
      0.55
    ], 
    [
      1.2, 
      0.58
    ], 
    [
      1.2, 
      0.59
    ], 
    [
      1.17, 
      0.62
    ], 
    [
      1.17, 
      0.63
    ], 
    [
      1.14, 
      0.66
    ], 
    [
      1.14, 
      0.67
    ], 
    [
      1.11, 
      0.7
    ], 
    [
      1.09, 
      0.68
    ], 
    [
      1.08, 
      0.68
    ], 
    [
      1.07, 
      0.69
    ], 
    [
      0.11, 
      0.69
    ], 
    [
      0.1, 
      0.7
    ], 
    [
      0.1, 
      5.44
    ], 
    [
      4.21, 
      5.44
    ], 
    [
      4.22, 
      5.45
    ], 
    [
      4.22, 
      5.56
    ], 
    [
      4.21, 
      5.57
    ], 
    [
      0.1, 
      5.57
    ], 
    [
      0.1, 
      9.98
    ], 
    [
      5.59, 
      9.98
    ], 
    [
      5.59, 
      7.7
    ], 
    [
      5.58, 
      7.69
    ], 
    [
      5.58, 
      5.56
    ], 
    [
      5.38, 
      5.56
    ], 
    [
      5.37, 
      5.55
    ], 
    [
      5.37, 
      5.45
    ], 
    [
      5.38, 
      5.44
    ], 
    [
      5.58, 
      5.44
    ], 
    [
      5.58, 
      0.69
    ], 
    [
      4.7, 
      0.69
    ], 
    [
      4.69, 
      0.68
    ], 
    [
      4.67, 
      0.68
    ], 
    [
      4.65, 
      0.7
    ], 
    [
      4.64, 
      0.69
    ], 
    [
      4.64, 
      0.68
    ], 
    [
      4.63, 
      0.68
    ], 
    [
      4.62, 
      0.67
    ], 
    [
      4.62, 
      0.65
    ], 
    [
      4.59, 
      0.62
    ], 
    [
      4.59, 
      0.61
    ], 
    [
      4.56, 
      0.58
    ], 
    [
      4.56, 
      0.57
    ], 
    [
      4.52, 
      0.53
    ], 
    [
      4.52, 
      0.52
    ], 
    [
      4.49, 
      0.49
    ], 
    [
      4.49, 
      0.48
    ], 
    [
      4.45, 
      0.44
    ], 
    [
      4.45, 
      0.43
    ], 
    [
      4.42, 
      0.4
    ], 
    [
      4.42, 
      0.39
    ], 
    [
      4.39, 
      0.36
    ], 
    [
      4.39, 
      0.35
    ], 
    [
      4.35, 
      0.31
    ], 
    [
      4.35, 
      0.3
    ], 
    [
      4.32, 
      0.27
    ], 
    [
      4.32, 
      0.26
    ], 
    [
      4.28, 
      0.22
    ], 
    [
      4.28, 
      0.21
    ], 
    [
      4.25, 
      0.18
    ], 
    [
      4.25, 
      0.17
    ], 
    [
      4.22, 
      0.14
    ], 
    [
      4.22, 
      0.13
    ], 
    [
      4.19, 
      0.1
    ]
  ], 
  "bbox": {
    "max": [
      5.59, 
      9.98
    ], 
    "min": [
      0.1, 
      0.1
    ]
  }, 
  "id": "a56488e70c3355851d552f7313700016"
}