{
  "room_category": {
    "Toilet": {
      "simulation_statistics": [
        {
          "not_completed_agents": 0, 
          "max_evacuation_time": 25.2999, 
          "min_evacuation_time": 19.599987, 
          "exit_flow_rate": 0.11857754378475804, 
          "completed_agents": 3, 
          "max_traveled_distance": 27.933886, 
          "avg_evacuation_time": 22.816604666666667, 
          "avg_traveled_distance": 25.85956966666667, 
          "min_traveled_distance": 23.950247
        }
      ], 
      "bounds": [
        [
          13.9, 
          10.79, 
          16.08, 
          16.71
        ]
      ]
    }, 
    "Bathroom": {
      "simulation_statistics": [
        {
          "not_completed_agents": 0, 
          "max_evacuation_time": 23.849922, 
          "min_evacuation_time": 15.35004, 
          "exit_flow_rate": 0.12578657489949024, 
          "completed_agents": 3, 
          "max_traveled_distance": 26.648165, 
          "avg_evacuation_time": 18.566665333333333, 
          "avg_traveled_distance": 23.463134333333333, 
          "min_traveled_distance": 20.860218
        }
      ], 
      "bounds": [
        [
          13.9, 
          10.79, 
          16.08, 
          16.71
        ]
      ]
    }, 
    "Room": {
      "simulation_statistics": [
        {
          "not_completed_agents": 0, 
          "max_evacuation_time": 13.350033, 
          "min_evacuation_time": 13.350033, 
          "exit_flow_rate": 0.07490618187985004, 
          "completed_agents": 1, 
          "max_traveled_distance": 16.875092, 
          "avg_evacuation_time": 13.350033, 
          "avg_traveled_distance": 16.875092, 
          "min_traveled_distance": 16.875092
        }
      ], 
      "bounds": [
        [
          13.85, 
          6.92, 
          14.62, 
          11.56
        ]
      ]
    }, 
    "Living_Room": {
      "simulation_statistics": [
        {
          "not_completed_agents": 0, 
          "max_evacuation_time": 32.49979, 
          "min_evacuation_time": 5.650003, 
          "exit_flow_rate": 0.43077201421916883, 
          "completed_agents": 14, 
          "max_traveled_distance": 29.337563, 
          "avg_evacuation_time": 19.246402714285715, 
          "avg_traveled_distance": 21.984179642857146, 
          "min_traveled_distance": 7.583284
        }
      ], 
      "bounds": [
        [
          6.45, 
          6.25, 
          19.08, 
          11.61
        ]
      ]
    }, 
    "Garage": {
      "simulation_statistics": [
        {
          "not_completed_agents": 0, 
          "max_evacuation_time": 10.500022, 
          "min_evacuation_time": 0.0, 
          "exit_flow_rate": 2.47618528799273, 
          "completed_agents": 26, 
          "max_traveled_distance": 13.926528, 
          "avg_evacuation_time": 5.438467461538461, 
          "avg_traveled_distance": 7.081315038461539, 
          "min_traveled_distance": 0.0
        }
      ], 
      "bounds": [
        [
          -0.07, 
          -0.02, 
          18.28, 
          6.97
        ]
      ]
    }, 
    "Bedroom": {
      "simulation_statistics": [
        {
          "not_completed_agents": 0, 
          "max_evacuation_time": 33.249779, 
          "min_evacuation_time": 22.199947, 
          "exit_flow_rate": 0.1804523272169719, 
          "completed_agents": 6, 
          "max_traveled_distance": 29.509636, 
          "avg_evacuation_time": 27.358202000000002, 
          "avg_traveled_distance": 27.065862499999998, 
          "min_traveled_distance": 25.64893
        }, 
        {
          "not_completed_agents": 0, 
          "max_evacuation_time": 34.399761, 
          "min_evacuation_time": 22.799938, 
          "exit_flow_rate": 0.17441981646325974, 
          "completed_agents": 6, 
          "max_traveled_distance": 31.998144, 
          "avg_evacuation_time": 28.74984733333333, 
          "avg_traveled_distance": 29.874992833333334, 
          "min_traveled_distance": 27.229143
        }
      ], 
      "bounds": [
        [
          8.8, 
          10.8, 
          13.98, 
          16.71
        ], 
        [
          3.66, 
          11.44, 
          8.88, 
          16.71
        ]
      ]
    }, 
    "Dining_Room": {
      "simulation_statistics": [
        {
          "not_completed_agents": 0, 
          "max_evacuation_time": 24.949905, 
          "min_evacuation_time": 6.500007, 
          "exit_flow_rate": 0.5611243810347173, 
          "completed_agents": 14, 
          "max_traveled_distance": 26.322672, 
          "avg_evacuation_time": 16.100007214285714, 
          "avg_traveled_distance": 19.5171975, 
          "min_traveled_distance": 8.488774
        }
      ], 
      "bounds": [
        [
          6.45, 
          6.25, 
          19.08, 
          11.61
        ]
      ]
    }, 
    "Kitchen": {
      "simulation_statistics": [
        {
          "not_completed_agents": 0, 
          "max_evacuation_time": 150.004547, 
          "min_evacuation_time": 18.400005, 
          "exit_flow_rate": 0.013332929167807159, 
          "completed_agents": 2, 
          "max_traveled_distance": 25.868925, 
          "avg_evacuation_time": 63.468167333333334, 
          "avg_traveled_distance": 17.801646, 
          "min_traveled_distance": 5.096484
        }
      ], 
      "bounds": [
        [
          15.75, 
          11.48, 
          18.21, 
          16.68
        ]
      ]
    }
  }, 
  "room_num": 9,