{
  "room_category": {
    "Toilet": {
      "simulation_statistics": [
        {
          "not_completed_agents": 0, 
          "max_evacuation_time": 150.004547, 
          "min_evacuation_time": 3.799998, 
          "exit_flow_rate": 0.013332929167807159, 
          "completed_agents": 2, 
          "max_traveled_distance": 5.19532, 
          "avg_evacuation_time": 52.634847666666666, 
          "avg_traveled_distance": 3.678921666666666, 
          "min_traveled_distance": 0.887889
        }
      ], 
      "bounds": [
        [
          0.06, 
          5.89, 
          3.35, 
          11.03
        ]
      ]
    }, 
    "Dining_Room": {
      "simulation_statistics": [
        {
          "not_completed_agents": 0, 
          "max_evacuation_time": 10.300021, 
          "min_evacuation_time": 0.0, 
          "exit_flow_rate": 1.844656433224748, 
          "completed_agents": 19, 
          "max_traveled_distance": 11.727354, 
          "avg_evacuation_time": 4.171055736842105, 
          "avg_traveled_distance": 5.3134073157894735, 
          "min_traveled_distance": 0.0
        }
      ], 
      "bounds": [
        [
          -0.01, 
          -0.04, 
          11.4, 
          8.4
        ]
      ]
    }, 
    "Kitchen": {
      "simulation_statistics": [
        {
          "not_completed_agents": 0, 
          "max_evacuation_time": 150.004547, 
          "min_evacuation_time": 4.449999, 
          "exit_flow_rate": 0.0333323229195179, 
          "completed_agents": 5, 
          "max_traveled_distance": 14.242059, 
          "avg_evacuation_time": 32.5507715, 
          "avg_traveled_distance": 9.615824, 
          "min_traveled_distance": 5.42123
        }
      ], 
      "bounds": [
        [
          3.27, 
          5.86, 
          9.03, 
          11.03
        ]
      ]
    }
  }, 
  "room_num": 7, 
  "verts": [
    [
      0.11, 
      0.1
    ], 
    [
      0.1, 
      0.11
    ], 
    [
      0.1, 
      0.75
    ], 
    [
      0.11, 
      0.76
    ], 
    [
      0.11, 
      1.79
    ], 
    [
      0.12, 
      1.8
    ], 
    [
      0.12, 
      2.83
    ], 
    [
      0.13, 
      2.84
    ], 
    [
      0.13, 
      3.36
    ], 
    [
      0.14, 
      3.37
    ], 
    [
      0.14, 
      3.92
    ], 
    [
      0.15, 
      3.93
    ], 
    [
      0.15, 
      5.2
    ], 
    [
      0.16, 
      5.21
    ], 
    [
      0.16, 
      5.96
    ], 
    [
      0.17, 
      5.97
    ], 
    [
      0.17, 
      7.35
    ], 
    [
      0.18, 
      7.36
    ], 
    [
      0.18, 
      7.76
    ], 
    [
      0.73, 
      7.76
    ], 
    [
      0.74, 
      7.77
    ], 
    [
      0.74, 
      7.86
    ], 
    [
      0.73, 
      7.87
    ], 
    [
      0.17, 
      7.87
    ], 
    [
      0.17, 
      10.89
    ], 
    [
      3.25, 
      10.89
    ], 
    [
      3.25, 
      10.88
    ], 
    [
      3.26, 
      10.87
    ], 
    [
      3.26, 
      7.86
    ], 
    [
      2.45, 
      7.86
    ], 
    [
      2.44, 
      7.87
    ], 
    [
      1.49, 
      7.87
    ], 
    [
      1.48, 
      7.86
    ], 
    [
      1.48, 
      7.77
    ], 
    [
      1.49, 
      7.76
    ], 
    [
      2.44, 
      7.76
    ], 
    [
      2.45, 
      7.75
    ], 
    [
      4.08, 
      7.75
    ], 
    [
      4.09, 
      7.76
    ], 
    [
      4.09, 
      7.85
    ], 
    [
      4.08, 
      7.86
    ], 
    [
      3.37, 
      7.86
    ], 
    [
      3.37, 
      10.89
    ], 
    [
      8.94, 
      10.89
    ], 
    [
      8.94, 
      8.95
    ], 
    [
      8.93, 
      8.94
    ], 
    [
      8.93, 
      6.36
    ], 
    [
      8.92, 
      6.35
    ], 
    [
      8.92, 
      5.96
    ], 
    [
      5.62, 
      5.96
    ], 
    [
      5.62, 
      7.84
    ], 
    [
      5.6, 
      7.86
    ], 
    [
      4.84, 
      7.86
    ], 
    [
      4.83, 
      7.85
    ], 
    [
      4.83, 
      7.76
    ], 
    [
      4.84, 
      7.75
    ], 
    [
      5.51, 
      7.75
    ], 
    [
      5.51, 
      5.86
    ], 
    [
      5.52, 
      5.85
    ], 
    [
      9.02, 
      5.85
    ], 
    [
      9.03, 
      5.86
    ], 
    [
      9.03, 
      6.35
    ], 
    [
      9.04, 
      6.36
    ], 
    [
      9.04, 
      7.57
    ], 
    [
      9.71, 
      7.57
    ], 
    [
      9.72, 
      7.58
    ], 
    [
      9.72, 
      7.67
    ], 
    [
      9.71, 
      7.68
    ], 
    [
      9.05, 
      7.68
    ], 
    [
      9.05, 
      10.89
    ], 
    [
      11.33, 
      10.89
    ], 
    [
      11.33, 
      9.66
    ], 
    [
      11.34, 
      9.65
    ], 
    [
      11.34, 
      9.64
    ], 
    [
      11.33, 
      9.63
    ], 
    [
      11.33, 
      7.68
    ], 
    [
      10.71, 
      7.68
    ], 
    [
      10.7, 
      7.67
    ], 
    [
      10.7, 
      7.58
    ], 
    [
      10.71, 
      7.57
    ], 
    [
      11.33, 
      7.57
    ], 
    [
      11.33, 
      6.9
    ], 
    [
      11.32, 
      6.89
    ], 
    [
      11.32, 
      4.0
    ], 
    [
      11.31, 
      3.99
    ], 
    [
      11.31, 
      0.27
    ], 
    [
      11.3, 
      0.26
    ], 
    [
      11.3, 
      0.16
    ], 
    [
      10.74, 
      0.16
    ], 
    [
      10.73, 
      0.17
    ], 
    [
      9.38, 
      0.17
    ], 
    [
      9.37, 
      0.18
    ], 
    [
      7.33, 
      0.18
    ], 
    [
      7.32, 
      0.17
    ], 
    [
      7.32, 
      0.11
    ], 
    [
      7.1, 
      0.11
    ], 
    [
      7.09, 
      0.1
    ], 
    [
      6.81, 
      0.1
    ], 
    [
      6.8, 
      0.11
    ], 
    [
      4.76, 
      0.11
    ], 
    [
      4.75, 
      0.1
    ]
  ], 
  "bbox": {
    "max": [
      11.34, 
      10.89
    ], 
    "min": [
      0.1, 
      0.1
    ]
  }, 
  "id": "a613cc9275c4559abfc5b24795458966"
}