{
  "room_category": {
    "Toilet": {
      "simulation_statistics": [
        {
          "not_completed_agents": 0, 
          "max_evacuation_time": 17.350021, 
          "min_evacuation_time": 9.550018, 
          "exit_flow_rate": 0.17291045353777956, 
          "completed_agents": 3, 
          "max_traveled_distance": 15.550632, 
          "avg_evacuation_time": 12.566687333333334, 
          "avg_traveled_distance": 13.065355666666667, 
          "min_traveled_distance": 10.788619
        }
      ], 
      "bounds": [
        [
          3.63, 
          1.42, 
          6.82, 
          6.75
        ]
      ]
    }, 
    "Bathroom": {
      "simulation_statistics": [
        {
          "not_completed_agents": 0, 
          "max_evacuation_time": 15.400041, 
          "min_evacuation_time": 11.700027, 
          "exit_flow_rate": 0.19480467616936864, 
          "completed_agents": 3, 
          "max_traveled_distance": 13.170844, 
          "avg_evacuation_time": 13.483367000000001, 
          "avg_traveled_distance": 12.370738666666668, 
          "min_traveled_distance": 11.055277
        }
      ], 
      "bounds": [
        [
          3.63, 
          1.42, 
          6.82, 
          6.75
        ]
      ]
    }, 
    "Office": {
      "simulation_statistics": [
        {
          "not_completed_agents": 0, 
          "max_evacuation_time": 150.004547, 
          "min_evacuation_time": 1.45, 
          "exit_flow_rate": 0.11999636251026444, 
          "completed_agents": 18, 
          "max_traveled_distance": 17.030161, 
          "avg_evacuation_time": 15.463405368421054, 
          "avg_traveled_distance": 9.034517736842105, 
          "min_traveled_distance": 1.39375
        }
      ], 
      "bounds": [
        [
          -0.04, 
          2.98, 
          10.83, 
          11.69
        ]
      ]
    }, 
    "Living_Room": {
      "simulation_statistics": [
        {
          "not_completed_agents": 0, 
          "max_evacuation_time": 19.649986, 
          "min_evacuation_time": 0.9, 
          "exit_flow_rate": 0.9669218084939094, 
          "completed_agents": 19, 
          "max_traveled_distance": 18.074482, 
          "avg_evacuation_time": 9.655278684210527, 
          "avg_traveled_distance": 10.393173947368421, 
          "min_traveled_distance": 1.325808
        }
      ], 
      "bounds": [
        [
          -0.04, 
          2.98, 
          10.83, 
          11.69
        ]
      ]
    }, 
    "Bedroom": {
      "simulation_statistics": [
        {
          "not_completed_agents": 0, 
          "max_evacuation_time": 2.849998, 
          "min_evacuation_time": 0.1, 
          "exit_flow_rate": 2.4561420744856663, 
          "completed_agents": 7, 
          "max_traveled_distance": 3.165394, 
          "avg_evacuation_time": 1.235713857142857, 
          "avg_traveled_distance": 1.534012857142857, 
          "min_traveled_distance": 0.130566
        }
      ], 
      "bounds": [
        [
          6.73, 
          -0.03, 
          11.44, 
          6.89
        ]
      ]
    }, 
    "Kitchen": {
      "simulation_statistics": [
        {
          "not_completed_agents": 0, 
          "max_evacuation_time": 18.799999, 
          "min_evacuation_time": 0.8, 
          "exit_flow_rate": 1.0106383516296995, 
          "completed_agents": 19, 
          "max_traveled_distance": 18.890577, 
          "avg_evacuation_time": 9.355276789473685, 
          "avg_traveled_distance": 10.235394263157895, 
          "min_traveled_distance": 1.622227
        }
      ], 
      "bounds": [
        [
          -0.04, 
          2.98, 
          10.83, 
          11.69
        ]
      ]
    }
  }, 
  "room_num": 3, 
  "verts": [
    [
      6.86, 
      0.1
    ], 
    [
      6.85, 
      0.11
    ], 
    [
      6.85, 
      1.42
    ], 
    [
      6.84, 
      1.43
    ], 
    [
      6.84, 
      6.75
    ], 
    [
      6.83, 
      6.76
    ], 
    [
      6.73, 
      6.76
    ], 
    [
      6.72, 
      6.75
    ], 
    [
      6.72, 
      1.54
    ], 
    [
      3.75, 
      1.54
    ], 
    [
      3.74, 
      1.55
    ], 
    [
      3.74, 
      6.75
    ], 
    [
      3.73, 
      6.76
    ], 
    [
      3.63, 
      6.76
    ], 
    [
      3.62, 
      6.75
    ], 
    [
      3.62, 
      3.11
    ], 
    [
      0.11, 
      3.11
    ], 
    [
      0.1, 
      3.12
    ], 
    [
      0.1, 
      10.84
    ], 
    [
      10.71, 
      10.84
    ], 
    [
      10.71, 
      0.1
    ]
  ], 
  "bbox": {
    "max": [
      10.71, 
      10.84
    ], 
    "min": [
      0.1, 
      0.1
    ]
  }, 
  "id": "a743f05d90c9fadc162fb1adf5aa687c"
}