{
  "room_category": {
    "Boiler_room": {
      "simulation_statistics": [
        {
          "not_completed_agents": 0, 
          "max_evacuation_time": 94.451164, 
          "min_evacuation_time": 58.549393, 
          "exit_flow_rate": 0.08469985610764945, 
          "completed_agents": 8, 
          "max_traveled_distance": 76.869698, 
          "avg_evacuation_time": 71.11231000000001, 
          "avg_traveled_distance": 70.30648425, 
          "min_traveled_distance": 64.133469
        }
      ], 
      "bounds": [
        [
          12.47, 
          24.77, 
          21.29, 
          29.36
        ]
      ]
    }, 
    "Bathroom": {
      "simulation_statistics": [
        {
          "not_completed_agents": 0, 
          "max_evacuation_time": 87.850761, 
          "min_evacuation_time": 87.850761, 
          "exit_flow_rate": 0.011382940666842941, 
          "completed_agents": 1, 
          "max_traveled_distance": 70.741753, 
          "avg_evacuation_time": 87.850761, 
          "avg_traveled_distance": 70.741753, 
          "min_traveled_distance": 70.741753
        }
      ], 
      "bounds": [
        [
          31.08, 
          31.74, 
          33.73, 
          33.9
        ]
      ]
    }, 
    "Office": {
      "simulation_statistics": [
        {
          "not_completed_agents": 0, 
          "max_evacuation_time": 95.751244, 
          "min_evacuation_time": 44.799603, 
          "exit_flow_rate": 0.17754338523267646, 
          "completed_agents": 17, 
          "max_traveled_distance": 74.600105, 
          "avg_evacuation_time": 72.89712547058824, 
          "avg_traveled_distance": 68.52256482352941, 
          "min_traveled_distance": 55.920605
        }
      ], 
      "bounds": [
        [
          21.2, 
          26.83, 
          31.19, 
          35.2
        ]
      ]
    }, 
    "Entryway": {
      "simulation_statistics": [
        {
          "not_completed_agents": 0, 
          "max_evacuation_time": 150.004547, 
          "min_evacuation_time": 29.049843, 
          "exit_flow_rate": 0.21332686668491455, 
          "completed_agents": 32, 
          "max_traveled_distance": 64.386345, 
          "avg_evacuation_time": 46.60878370588235, 
          "avg_traveled_distance": 49.56404570588236, 
          "min_traveled_distance": 37.312145
        }
      ], 
      "bounds": [
        [
          13.26, 
          10.98, 
          31.19, 
          20.36
        ]
      ]
    }, 
    "Living_Room": {
      "simulation_statistics": [
        {
          "not_completed_agents": 0, 
          "max_evacuation_time": 150.004547, 
          "min_evacuation_time": 50.999508, 
          "exit_flow_rate": 0.10666343334245727, 
          "completed_agents": 16, 
          "max_traveled_distance": 85.920692, 
          "avg_evacuation_time": 79.29447282352942, 
          "avg_traveled_distance": 68.64124429411766, 
          "min_traveled_distance": 54.24292
        }
      ], 
      "bounds": [
        [
          21.2, 
          26.83, 
          31.19, 
          35.2
        ]
      ]
    }, 
    "Garage": {
      "simulation_statistics": [
        {
          "not_completed_agents": 0, 
          "max_evacuation_time": 150.004547, 
          "min_evacuation_time": 52.549484, 
          "exit_flow_rate": 0.0666646458390358, 
          "completed_agents": 10, 
          "max_traveled_distance": 74.812088, 
          "avg_evacuation_time": 72.47277172727273, 
          "avg_traveled_distance": 62.81158818181818, 
          "min_traveled_distance": 10.67401
        }
      ], 
      "bounds": [
        [
          9.66, 
          20.21, 
          21.32, 
          24.89
        ]
      ]
    }, 
    "Bedroom": {
      "simulation_statistics": [
        {
          "not_completed_agents": 0, 
          "max_evacuation_time": 66.049431, 
          "min_evacuation_time": 35.999737, 
          "exit_flow_rate": 0.12112140678395852, 
          "completed_agents": 8, 
          "max_traveled_distance": 61.141102, 
          "avg_evacuation_time": 46.293348875, 
          "avg_traveled_distance": 53.564640875, 
          "min_traveled_distance": 46.10223
        }, 
        {
          "not_completed_agents": 0, 
          "max_evacuation_time": 61.099354, 
          "min_evacuation_time": 46.29958, 
          "exit_flow_rate": 0.11456749608187347, 
          "completed_agents": 7, 
          "max_traveled_distance": 65.318481, 
          "avg_evacuation_time": 51.942350714285716, 
          "avg_traveled_distance": 61.217464428571425, 
          "min_traveled_distance": 57.592339
        }, 
        {
          "not_completed_agents": 0, 
          "max_evacuation_time": 59.249382, 
          "min_evacuation_time": 30.299824, 
          "exit_flow_rate": 0.2869228239376404, 
          "completed_agents": 17, 
          "max_traveled_distance": 63.625626, 
          "avg_evacuation_time": 46.384872470588235, 
          "avg_traveled_distance": 53.04356470588235, 
          "min_traveled_distance": 39.731934
        }
      ], 
      "bounds": [
        [
          31.1, 
          22.69, 
          38.72, 
          27.77
        ], 
        [
          38.01, 
          23.29, 
          46.1, 
          27.79
        ], 
        [
          35.97, 
          14.74, 
          46.08, 
          23.38
        ]
      ]
    }, 
    "Dining_Room": {
      "simulation_statistics": [
        {
          "not_completed_agents": 0, 
          "max_evacuation_time": 80.250298, 
          "min_evacuation_time": 41.749649, 
          "exit_flow_rate": 0.19937620667776212, 
          "completed_agents": 16, 
          "max_traveled_distance": 71.052338, 
          "avg_evacuation_time": 52.805807625, 
          "avg_traveled_distance": 61.627841000000004, 
          "min_traveled_distance": 54.679455
        }
      ], 
      "bounds": [
        [
          21.2, 
          19.6, 
          31.19, 
          27.53
        ]
      ]
    }
  }, 
  "room_num": 12,