{
  "room_category": {
    "Balcony": {
      "simulation_statistics": [
        {
          "not_completed_agents": 0, 
          "max_evacuation_time": 1.45, 
          "min_evacuation_time": 0.0, 
          "exit_flow_rate": 2.0689655172413794, 
          "completed_agents": 3, 
          "max_traveled_distance": 1.655074, 
          "avg_evacuation_time": 0.9333333333333332, 
          "avg_traveled_distance": 1.0095483333333333, 
          "min_traveled_distance": 0.0
        }
      ], 
      "bounds": [
        [
          -0.02, 
          -0.01, 
          3.23, 
          3.99
        ]
      ]
    }, 
    "Hall": {
      "simulation_statistics": [
        {
          "not_completed_agents": 0, 
          "max_evacuation_time": 7.050009, 
          "min_evacuation_time": 2.299999, 
          "exit_flow_rate": 1.276594114986236, 
          "completed_agents": 9, 
          "max_traveled_distance": 7.752798, 
          "avg_evacuation_time": 4.833335333333333, 
          "avg_traveled_distance": 5.817079888888888, 
          "min_traveled_distance": 3.026856
        }
      ], 
      "bounds": [
        [
          -0.74, 
          3.86, 
          8.22, 
          9.04
        ]
      ]
    }, 
    "Kitchen": {
      "simulation_statistics": [
        {
          "not_completed_agents": 0, 
          "max_evacuation_time": 8.050013, 
          "min_evacuation_time": 0.15, 
          "exit_flow_rate": 0.49689360750100653, 
          "completed_agents": 4, 
          "max_traveled_distance": 8.269756, 
          "avg_evacuation_time": 4.662504, 
          "avg_traveled_distance": 5.26127125, 
          "min_traveled_distance": 0.164623
        }
      ], 
      "bounds": [
        [
          3.08, 
          0.0, 
          8.22, 
          3.94
        ]
      ]
    }
  }, 
  "room_num": 3, 
  "verts": [
    [
      1.45, 
      0.1
    ], 
    [
      1.44, 
      0.11
    ], 
    [
      0.11, 
      0.11
    ], 
    [
      0.1, 
      0.12
    ], 
    [
      0.1, 
      3.84
    ], 
    [
      0.56, 
      3.84
    ], 
    [
      0.57, 
      3.85
    ], 
    [
      0.57, 
      3.95
    ], 
    [
      0.56, 
      3.96
    ], 
    [
      0.1, 
      3.96
    ], 
    [
      0.1, 
      8.93
    ], 
    [
      8.11, 
      8.93
    ], 
    [
      8.11, 
      0.11
    ], 
    [
      3.19, 
      0.11
    ], 
    [
      3.19, 
      3.94
    ], 
    [
      3.17, 
      3.96
    ], 
    [
      2.42, 
      3.96
    ], 
    [
      2.41, 
      3.95
    ], 
    [
      2.41, 
      3.85
    ], 
    [
      2.42, 
      3.84
    ], 
    [
      3.07, 
      3.84
    ], 
    [
      3.07, 
      0.1
    ]
  ], 
  "bbox": {
    "max": [
      8.11, 
      8.93
    ], 
    "min": [
      0.1, 
      0.1
    ]
  }, 
  "id": "ab730ca2eb160f8fa851cc23fdfa68ca"
}