{
  "room_category": {
    "Office": {
      "simulation_statistics": [
        {
          "not_completed_agents": 0, 
          "max_evacuation_time": 16.15004, 
          "min_evacuation_time": 5.150002, 
          "exit_flow_rate": 0.6811128641167452, 
          "completed_agents": 11, 
          "max_traveled_distance": 13.358762, 
          "avg_evacuation_time": 10.854568454545454, 
          "avg_traveled_distance": 10.499643454545454, 
          "min_traveled_distance": 5.796679
        }
      ], 
      "bounds": [
        [
          -0.02, 
          3.09, 
          7.68, 
          10.29
        ]
      ]
    }
  }, 
  "room_num": 6, 
  "verts": [
    [
      0.11, 
      0.1
    ], 
    [
      0.1, 
      0.11
    ], 
    [
      0.1, 
      3.07
    ], 
    [
      5.17, 
      3.07
    ], 
    [
      5.18, 
      3.08
    ], 
    [
      5.18, 
      3.17
    ], 
    [
      5.17, 
      3.18
    ], 
    [
      0.1, 
      3.18
    ], 
    [
      0.1, 
      10.16
    ], 
    [
      2.58, 
      10.16
    ], 
    [
      2.59, 
      10.17
    ], 
    [
      5.08, 
      10.17
    ], 
    [
      5.08, 
      5.08
    ], 
    [
      5.09, 
      5.07
    ], 
    [
      7.67, 
      5.07
    ], 
    [
      7.68, 
      5.08
    ], 
    [
      7.68, 
      5.17
    ], 
    [
      7.67, 
      5.18
    ], 
    [
      5.19, 
      5.18
    ], 
    [
      5.19, 
      10.16
    ], 
    [
      5.5, 
      10.16
    ], 
    [
      5.51, 
      10.17
    ], 
    [
      7.73, 
      10.17
    ], 
    [
      7.74, 
      10.16
    ], 
    [
      8.93, 
      10.16
    ], 
    [
      8.94, 
      10.17
    ], 
    [
      12.67, 
      10.17
    ], 
    [
      12.67, 
      5.19
    ], 
    [
      10.19, 
      5.19
    ], 
    [
      10.18, 
      5.18
    ], 
    [
      10.18, 
      5.09
    ], 
    [
      10.19, 
      5.08
    ], 
    [
      12.67, 
      5.08
    ], 
    [
      12.67, 
      1.17
    ], 
    [
      12.68, 
      1.16
    ], 
    [
      12.78, 
      1.16
    ], 
    [
      12.79, 
      1.17
    ], 
    [
      12.78, 
      1.18
    ], 
    [
      12.78, 
      1.23
    ], 
    [
      12.79, 
      1.24
    ], 
    [
      12.79, 
      5.08
    ], 
    [
      15.27, 
      5.08
    ], 
    [
      15.28, 
      5.09
    ], 
    [
      16.92, 
      5.09
    ], 
    [
      16.93, 
      5.1
    ], 
    [
      16.93, 
      5.2
    ], 
    [
      16.92, 
      5.21
    ], 
    [
      14.78, 
      5.21
    ], 
    [
      14.77, 
      5.2
    ], 
    [
      12.79, 
      5.2
    ], 
    [
      12.79, 
      5.25
    ], 
    [
      12.78, 
      5.26
    ], 
    [
      12.78, 
      10.17
    ], 
    [
      15.52, 
      10.17
    ], 
    [
      15.53, 
      10.18
    ], 
    [
      20.26, 
      10.18
    ], 
    [
      20.26, 
      5.21
    ], 
    [
      19.88, 
      5.21
    ], 
    [
      19.87, 
      5.2
    ], 
    [
      19.87, 
      5.1
    ], 
    [
      19.88, 
      5.09
    ], 
    [
      20.26, 
      5.09
    ], 
    [
      20.26, 
      0.11
    ], 
    [
      12.79, 
      0.11
    ], 
    [
      12.78, 
      0.12
    ], 
    [
      12.68, 
      0.12
    ], 
    [
      12.66, 
      0.1
    ], 
    [
      5.18, 
      0.1
    ], 
    [
      5.18, 
      1.89
    ], 
    [
      5.17, 
      1.9
    ], 
    [
      5.08, 
      1.9
    ], 
    [
      5.07, 
      1.89
    ], 
    [
      5.07, 
      0.1
    ]
  ], 
  "bbox": {
    "max": [
      20.26, 
      10.18
    ], 
    "min": [
      0.1, 
      0.1
    ]
  }, 
  "id": "abbf55b23574390e7b0a360785e8ed25"
}