{
  "room_category": {
    "Toilet": {
      "simulation_statistics": [
        {
          "not_completed_agents": 0, 
          "max_evacuation_time": 5.600003, 
          "min_evacuation_time": 4.099998, 
          "exit_flow_rate": 0.5357139987246435, 
          "completed_agents": 3, 
          "max_traveled_distance": 6.00461, 
          "avg_evacuation_time": 4.833333666666667, 
          "avg_traveled_distance": 5.807927333333333, 
          "min_traveled_distance": 5.493364
        }
      ], 
      "bounds": [
        [
          3.28, 
          5.04, 
          7.52, 
          8.29
        ]
      ]
    }, 
    "Bathroom": {
      "simulation_statistics": [
        {
          "not_completed_agents": 0, 
          "max_evacuation_time": 5.950005, 
          "min_evacuation_time": 2.949998, 
          "exit_flow_rate": 0.5042012569737336, 
          "completed_agents": 3, 
          "max_traveled_distance": 6.707778, 
          "avg_evacuation_time": 4.566667666666667, 
          "avg_traveled_distance": 5.784889333333333, 
          "min_traveled_distance": 4.556734
        }
      ], 
      "bounds": [
        [
          3.28, 
          5.04, 
          7.52, 
          8.29
        ]
      ]
    }, 
    "Room": {
      "simulation_statistics": [
        {
          "not_completed_agents": 0, 
          "max_evacuation_time": 33.949768, 
          "min_evacuation_time": 23.249931, 
          "exit_flow_rate": 0.08836584685939533, 
          "completed_agents": 3, 
          "max_traveled_distance": 29.890203, 
          "avg_evacuation_time": 27.716529666666663, 
          "avg_traveled_distance": 28.687196666666665, 
          "min_traveled_distance": 28.066912
        }, 
        {
          "not_completed_agents": 0, 
          "max_evacuation_time": 24.549911, 
          "min_evacuation_time": 19.749985, 
          "exit_flow_rate": 0.12220003567426374, 
          "completed_agents": 3, 
          "max_traveled_distance": 26.977055, 
          "avg_evacuation_time": 21.56662366666667, 
          "avg_traveled_distance": 26.484554000000003, 
          "min_traveled_distance": 26.238232
        }, 
        {
          "not_completed_agents": 0, 
          "max_evacuation_time": 33.14978, 
          "min_evacuation_time": 25.249901, 
          "exit_flow_rate": 0.12066445086513394, 
          "completed_agents": 4, 
          "max_traveled_distance": 31.119728, 
          "avg_evacuation_time": 29.349838, 
          "avg_traveled_distance": 30.58726775, 
          "min_traveled_distance": 29.979399
        }, 
        {
          "not_completed_agents": 0, 
          "max_evacuation_time": 36.299732, 
          "min_evacuation_time": 17.850014, 
          "exit_flow_rate": 0.33058095304946056, 
          "completed_agents": 12, 
          "max_traveled_distance": 29.257374, 
          "avg_evacuation_time": 25.93322375, 
          "avg_traveled_distance": 25.819486583333333, 
          "min_traveled_distance": 20.085903
        }, 
        {
          "not_completed_agents": 0, 
          "max_evacuation_time": 18.450005, 
          "min_evacuation_time": 12.300029, 
          "exit_flow_rate": 0.21680210926772106, 
          "completed_agents": 4, 
          "max_traveled_distance": 18.618336, 
          "avg_evacuation_time": 15.012527500000001, 
          "avg_traveled_distance": 17.1156125, 
          "min_traveled_distance": 16.049173
        }, 
        {
          "not_completed_agents": 0, 
          "max_evacuation_time": 17.150024, 
          "min_evacuation_time": 11.250025, 
          "exit_flow_rate": 0.17492686890700562, 
          "completed_agents": 3, 
          "max_traveled_distance": 17.142824, 
          "avg_evacuation_time": 14.366695666666667, 
          "avg_traveled_distance": 16.210060333333335, 
          "min_traveled_distance": 14.401183
        }, 
        {
          "not_completed_agents": 0, 
          "max_evacuation_time": 39.799679, 
          "min_evacuation_time": 12.900031, 
          "exit_flow_rate": 0.07537749236620728, 
          "completed_agents": 3, 
          "max_traveled_distance": 24.533913, 
          "avg_evacuation_time": 22.833250666666668, 
          "avg_traveled_distance": 19.120113, 
          "min_traveled_distance": 16.055708
        }, 
        {
          "not_completed_agents": 0, 
          "max_evacuation_time": 38.349701, 
          "min_evacuation_time": 6.550007, 
          "exit_flow_rate": 0.2607582259898193, 
          "completed_agents": 10, 
          "max_traveled_distance": 24.261557, 
          "avg_evacuation_time": 15.299973399999999, 
          "avg_traveled_distance": 14.9906696, 
          "min_traveled_distance": 8.440498
        }
      ], 
      "bounds": [
        [
          24.48, 
          5.1, 
          28.72, 
          8.31
        ], 
        [
          24.46, 
          3.12, 
          28.72, 
          6.94
        ], 
        [
          27.26, 
          0.04, 
          31.47, 
          4.33
        ], 
        [
          20.36, 
          -0.03, 
          27.37, 
          8.32
        ], 
        [
          16.26, 
          -0.02, 
          20.47, 
          4.27
        ], 
        [
          13.46, 
          3.65, 
          17.72, 
          6.88
        ], 
        [
          13.48, 
          5.04, 
          17.72, 
          8.25
        ], 
        [
          10.18, 
          -0.06, 
          16.37, 
          8.25
        ]
      ]
    }, 
    "Office": {
      "simulation_statistics": [
        {
          "not_completed_agents": 0, 
          "max_evacuation_time": 5.450003, 
          "min_evacuation_time": 0.0, 
          "exit_flow_rate": 1.834861375305665, 
          "completed_agents": 10, 
          "max_traveled_distance": 6.694614, 
          "avg_evacuation_time": 2.1249995999999998, 
          "avg_traveled_distance": 2.6197713, 
          "min_traveled_distance": 0.0
        }
      ], 
      "bounds": [
        [
          -0.05, 
          -0.06, 
          6.17, 
          8.29
        ]
      ]
    }, 
    "Living_Room": {
      "simulation_statistics": [
        {
          "not_completed_agents": 0, 
          "max_evacuation_time": 4.099998, 
          "min_evacuation_time": 0.55, 
          "exit_flow_rate": 2.439025580012478, 
          "completed_agents": 10, 
          "max_traveled_distance": 4.89629, 
          "avg_evacuation_time": 1.9349992, 
          "avg_traveled_distance": 2.3870432, 
          "min_traveled_distance": 0.639754
        }
      ], 
      "bounds": [
        [
          -0.05, 
          -0.06, 
          6.17, 
          8.29
        ]
      ]
    }, 
    "Bedroom": {
      "simulation_statistics": [
        {
          "not_completed_agents": 0, 
          "max_evacuation_time": 19.749985, 
          "min_evacuation_time": 4.75, 
          "exit_flow_rate": 0.3037976990868601, 
          "completed_agents": 6, 
          "max_traveled_distance": 23.686514, 
          "avg_evacuation_time": 10.758335333333333, 
          "avg_traveled_distance": 13.373976333333333, 
          "min_traveled_distance": 5.95932
        }
      ], 
      "bounds": [
        [
          6.06, 
          -0.02, 
          11.97, 
          5.27
        ]
      ]
    }, 
    "Kitchen": {
      "simulation_statistics": [
        {
          "not_completed_agents": 0, 
          "max_evacuation_time": 4.599999, 
          "min_evacuation_time": 0.0, 
          "exit_flow_rate": 2.1739135160681555, 
          "completed_agents": 10, 
          "max_traveled_distance": 5.772838, 
          "avg_evacuation_time": 2.0499992000000002, 
          "avg_traveled_distance": 2.5876849,