{
  "room_category": {
    "Toilet": {
      "simulation_statistics": [
        {
          "not_completed_agents": 0, 
          "max_evacuation_time": 18.999996, 
          "min_evacuation_time": 12.050028, 
          "exit_flow_rate": 0.1578947700831095, 
          "completed_agents": 3, 
          "max_traveled_distance": 21.735836, 
          "avg_evacuation_time": 16.633340666666665, 
          "avg_traveled_distance": 19.58552733333333, 
          "min_traveled_distance": 15.767418
        }, 
        {
          "not_completed_agents": 0, 
          "max_evacuation_time": 27.649864, 
          "min_evacuation_time": 22.04995, 
          "exit_flow_rate": 0.10849962950993176, 
          "completed_agents": 3, 
          "max_traveled_distance": 29.265985, 
          "avg_evacuation_time": 24.783241333333333, 
          "avg_traveled_distance": 27.587463333333332, 
          "min_traveled_distance": 26.349411
        }, 
        {
          "not_completed_agents": 0, 
          "max_evacuation_time": 37.699711, 
          "min_evacuation_time": 37.699711, 
          "exit_flow_rate": 0.026525402276956447, 
          "completed_agents": 1, 
          "max_traveled_distance": 37.73687, 
          "avg_evacuation_time": 37.699711, 
          "avg_traveled_distance": 37.73687, 
          "min_traveled_distance": 37.73687
        }, 
        {
          "not_completed_agents": 0, 
          "max_evacuation_time": 41.799648, 
          "min_evacuation_time": 41.799648, 
          "exit_flow_rate": 0.023923646438362353, 
          "completed_agents": 1, 
          "max_traveled_distance": 35.471321, 
          "avg_evacuation_time": 41.799648, 
          "avg_traveled_distance": 35.471321, 
          "min_traveled_distance": 35.471321
        }
      ], 
      "bounds": [
        [
          9.44, 
          10.17, 
          15.17, 
          12.45
        ], 
        [
          9.44, 
          12.36, 
          15.17, 
          14.73
        ], 
        [
          12.61, 
          12.37, 
          15.17, 
          14.73
        ], 
        [
          12.61, 
          10.17, 
          15.17, 
          12.44
        ]
      ]
    }, 
    "Office": {
      "simulation_statistics": [
        {
          "not_completed_agents": 0, 
          "max_evacuation_time": 49.149536, 
          "min_evacuation_time": 18.000011, 
          "exit_flow_rate": 0.447613584795592, 
          "completed_agents": 22, 
          "max_traveled_distance": 40.284328, 
          "avg_evacuation_time": 33.92931368181818, 
          "avg_traveled_distance": 30.88739863636364, 
          "min_traveled_distance": 22.957855
        }, 
        {
          "not_completed_agents": 0, 
          "max_evacuation_time": 33.599773, 
          "min_evacuation_time": 12.65003, 
          "exit_flow_rate": 0.17857263499964718, 
          "completed_agents": 6, 
          "max_traveled_distance": 31.720333, 
          "avg_evacuation_time": 20.991612, 
          "avg_traveled_distance": 21.719210166666667, 
          "min_traveled_distance": 14.298635
        }, 
        {
          "not_completed_agents": 0, 
          "max_evacuation_time": 36.899723, 
          "min_evacuation_time": 10.400022, 
          "exit_flow_rate": 0.16260284663925526, 
          "completed_agents": 6, 
          "max_traveled_distance": 32.218376, 
          "avg_evacuation_time": 21.049932333333334, 
          "avg_traveled_distance": 22.036586166666666, 
          "min_traveled_distance": 12.813908
        }, 
        {
          "not_completed_agents": 0, 
          "max_evacuation_time": 9.450018, 
          "min_evacuation_time": 0.45, 
          "exit_flow_rate": 1.6931184681341347, 
          "completed_agents": 16, 
          "max_traveled_distance": 12.22741, 
          "avg_evacuation_time": 5.2812554375, 
          "avg_traveled_distance": 6.85309275, 
          "min_traveled_distance": 0.521593
        }
      ], 
      "bounds": [
        [
          -0.03, 
          14.64, 
          15.19, 
          21.89
        ], 
        [
          -0.04, 
          5.08, 
          6.3, 
          10.2
        ], 
        [
          9.46, 
          5.07, 
          15.2, 
          10.26
        ], 
        [
          -0.02, 
          -0.03, 
          15.19, 
          5.17
        ]
      ]
    }, 
    "Kitchen": {
      "simulation_statistics": [
        {
          "not_completed_agents": 0, 
          "max_evacuation_time": 30.799816, 
          "min_evacuation_time": 13.750034, 
          "exit_flow_rate": 0.1948063585834409, 
          "completed_agents": 6, 
          "max_traveled_distance": 32.992828, 
          "avg_evacuation_time": 18.316657833333334, 
          "avg_traveled_distance": 21.87400583333333, 
          "min_traveled_distance": 16.586849
        }
      ], 
      "bounds": [
        [
          -0.04, 
          10.1, 
          6.32, 
          14.68
        ]
      ]
    }
  }, 
  "room_num": 12,