{
  "room_category": {
    "Toilet": {
      "simulation_statistics": [
        {
          "not_completed_agents": 0, 
          "max_evacuation_time": 15.400041, 
          "min_evacuation_time": 12.50003, 
          "exit_flow_rate": 0.12986978411291242, 
          "completed_agents": 2, 
          "max_traveled_distance": 15.808942, 
          "avg_evacuation_time": 13.9500355, 
          "avg_traveled_distance": 15.1917215, 
          "min_traveled_distance": 14.574501
        }, 
        {
          "not_completed_agents": 0, 
          "max_evacuation_time": 18.450005, 
          "min_evacuation_time": 13.800035, 
          "exit_flow_rate": 0.10840105463386053, 
          "completed_agents": 2, 
          "max_traveled_distance": 18.397999, 
          "avg_evacuation_time": 16.12502, 
          "avg_traveled_distance": 17.1357265, 
          "min_traveled_distance": 15.873454
        }, 
        {
          "not_completed_agents": 0, 
          "max_evacuation_time": 24.749908, 
          "min_evacuation_time": 22.199947, 
          "exit_flow_rate": 0.08080838118670985, 
          "completed_agents": 2, 
          "max_traveled_distance": 25.324562, 
          "avg_evacuation_time": 23.4749275, 
          "avg_traveled_distance": 23.6193285, 
          "min_traveled_distance": 21.914095
        }, 
        {
          "not_completed_agents": 0, 
          "max_evacuation_time": 39.849678, 
          "min_evacuation_time": 29.399837, 
          "exit_flow_rate": 0.05018861131073631, 
          "completed_agents": 2, 
          "max_traveled_distance": 33.772507, 
          "avg_evacuation_time": 34.6247575, 
          "avg_traveled_distance": 30.6721555, 
          "min_traveled_distance": 27.571804
        }
      ], 
      "bounds": [
        [
          2.08, 
          11.28, 
          5.17, 
          14.47
        ], 
        [
          7.18, 
          11.28, 
          10.27, 
          14.47
        ], 
        [
          12.28, 
          11.28, 
          15.37, 
          14.47
        ], 
        [
          17.38, 
          11.28, 
          20.47, 
          14.47
        ]
      ]
    }, 
    "Bathroom": {
      "simulation_statistics": [
        {
          "not_completed_agents": 0, 
          "max_evacuation_time": 15.750042, 
          "min_evacuation_time": 10.650023, 
          "exit_flow_rate": 0.12698378836069135, 
          "completed_agents": 2, 
          "max_traveled_distance": 16.2822, 
          "avg_evacuation_time": 13.200032499999999, 
          "avg_traveled_distance": 14.7955005, 
          "min_traveled_distance": 13.308801
        }, 
        {
          "not_completed_agents": 0, 
          "max_evacuation_time": 26.549881, 
          "min_evacuation_time": 14.850039, 
          "exit_flow_rate": 0.07532990449185065, 
          "completed_agents": 2, 
          "max_traveled_distance": 23.107553, 
          "avg_evacuation_time": 20.69996, 
          "avg_traveled_distance": 19.716887999999997, 
          "min_traveled_distance": 16.326223
        }, 
        {
          "not_completed_agents": 0, 
          "max_evacuation_time": 19.799984, 
          "min_evacuation_time": 17.500019, 
          "exit_flow_rate": 0.10101018263449102, 
          "completed_agents": 2, 
          "max_traveled_distance": 20.080654, 
          "avg_evacuation_time": 18.650001500000002, 
          "avg_traveled_distance": 19.960579, 
          "min_traveled_distance": 19.840504
        }, 
        {
          "not_completed_agents": 0, 
          "max_evacuation_time": 37.199718, 
          "min_evacuation_time": 35.899738, 
          "exit_flow_rate": 0.053763848424872474, 
          "completed_agents": 2, 
          "max_traveled_distance": 30.548954, 
          "avg_evacuation_time": 36.549728, 
          "avg_traveled_distance": 30.279257, 
          "min_traveled_distance": 30.00956
        }
      ], 
      "bounds": [
        [
          2.08, 
          11.28, 
          5.17, 
          14.47
        ], 
        [
          7.18, 
          11.28, 
          10.27, 
          14.47
        ], 
        [
          12.28, 
          11.28, 
          15.37, 
          14.47
        ], 
        [
          17.38, 
          11.28, 
          20.47, 
          14.47
        ]
      ]
    }, 
    "Room": {
      "simulation_statistics": [
        {
          "not_completed_agents": 0, 
          "max_evacuation_time": 3.749998, 
          "min_evacuation_time": 3.749998, 
          "exit_flow_rate": 0.2666668088889647, 
          "completed_agents": 1, 
          "max_traveled_distance": 4.746238, 
          "avg_evacuation_time": 3.749998, 
          "avg_traveled_distance": 4.746238, 
          "min_traveled_distance": 4.746238
        }
      ], 
      "bounds": [
        [
          5.68, 
          1.72, 
          7.3, 
          4.24
        ]
      ]
    }, 
    "Living_Room": {
      "simulation_statistics": [
        {
          "not_completed_agents": 0, 
          "max_evacuation_time": 4.199998, 
          "min_evacuation_time": 0.0, 
          "exit_flow_rate": 2.857144217687723, 
          "completed_agents": 12, 
          "max_traveled_distance": 5.617602, 
          "avg_evacuation_time": 2.1458321666666667, 
          "avg_traveled_distance": 2.722693083333333, 
          "min_traveled_distance": 0.0
        }
      ], 
      "bounds": [
        [
          -0.05, 
          -0.02, 
          7.31, 
          8.27
        ]
      ]
    }, 
    "Bedroom": {
      "simulation_statistics": [
        {
          "not_completed_agents": 0, 
          "max_evacuation_time": 150.004547, 
          "min_evacuation_time": 11.700027, 
          "exit_flow_rate": 0.01999939375171074, 
          "completed_agents": 3, 
          "max_traveled_distance": 17.442038, 
          "avg_evacuation_time": 67.871838, 
          "avg_traveled_distance": 11.698168800000001, 
          "min_traveled_distance": 5.318076
        }, 
        {
          "not_completed_agents": 0, 
          "max_evacuation_time": 23.099934, 
          "min_evacuation_time": 16.300037, 
          "exit_flow_rate": 0.21645083488117325, 
          "completed_agents": 5, 
          "max_traveled_distance": 20.661545, 
          "avg_evacuation_time": 19.999981, 
          "avg_traveled_distance": 20.1708344, 
          "min_traveled_distance": 19.654398
        }, 
        {
          "not_completed_agents": 0, 
          "max_evacuation_time": 26.749878, 
          "min_evacuation_time": 18.650002, 
          "exit_flow_rate": 0.18691674033055403, 
          "completed_agents": 5, 
          "max_traveled_distance": 26.199268, 
          "avg_evacuation_time": 23.3899294, 
          "avg_traveled_distance": 24.5394008, 
          "min_traveled_distance": 22.043545
        }, 
        {
          "not_completed_agents": 0, 
          "max_evacuation_time": 38.899693, 
          "min_evacuation_time": 23.499928, 
          "exit_flow_rate": 0.12853571877803766, 
          "completed_agents": 5, 
          "max_traveled_distance": 30.874718, 
          "avg_evacuation_time": 29.849831000000002, 
          "avg_traveled_distance": 28.1646746, 
          "min_traveled_distance": 25.561749
        }
      ], 
      "bounds": [
        [
          -0.02, 
          14.38, 
          5.19, 
          19.6
        ], 
        [
          5.08, 
          14.38, 
          10.27, 
          19.6
        ], 
        [
          10.18, 
          14.38, 
          15.37, 
          19.6
        ], 
        [
          15.28, 
          14.38, 
          20.47, 
          19.6
        ]
      ]
    },