{
  "room_category": {
    "Toilet": {
      "simulation_statistics": [
        {
          "not_completed_agents": 0, 
          "max_evacuation_time": 150.004547, 
          "min_evacuation_time": 27.099873, 
          "exit_flow_rate": 0.0066664645839035796, 
          "completed_agents": 1, 
          "max_traveled_distance": 25.268354, 
          "avg_evacuation_time": 88.55221, 
          "avg_traveled_distance": 14.1862, 
          "min_traveled_distance": 3.104046
        }
      ], 
      "bounds": [
        [
          13.36, 
          0.01, 
          15.98, 
          3.57
        ]
      ]
    }, 
    "Bathroom": {
      "simulation_statistics": [
        {
          "not_completed_agents": 0, 
          "max_evacuation_time": 54.699451, 
          "min_evacuation_time": 0.0, 
          "exit_flow_rate": 0.16453547221159495, 
          "completed_agents": 9, 
          "max_traveled_distance": 31.999033, 
          "avg_evacuation_time": 8.683276555555556, 
          "avg_traveled_distance": 6.345389444444445, 
          "min_traveled_distance": 0.0
        }
      ], 
      "bounds": [
        [
          -0.05, 
          -0.02, 
          7.78, 
          5.71
        ]
      ]
    }, 
    "Bedroom": {
      "simulation_statistics": [
        {
          "not_completed_agents": 0, 
          "max_evacuation_time": 150.004547, 
          "min_evacuation_time": 29.199841, 
          "exit_flow_rate": 0.0066664645839035796, 
          "completed_agents": 1, 
          "max_traveled_distance": 28.235598, 
          "avg_evacuation_time": 139.93748816666667, 
          "avg_traveled_distance": 16.747458916666666, 
          "min_traveled_distance": 11.417565
        }, 
        {
          "not_completed_agents": 0, 
          "max_evacuation_time": 150.004547, 
          "min_evacuation_time": 32.699787, 
          "exit_flow_rate": 0.05999818125513222, 
          "completed_agents": 9, 
          "max_traveled_distance": 33.714684, 
          "avg_evacuation_time": 62.609612545454546, 
          "avg_traveled_distance": 27.687444818181817, 
          "min_traveled_distance": 11.247523
        }
      ], 
      "bounds": [
        [
          7.67, 
          14.45, 
          16.01, 
          21.85
        ], 
        [
          7.67, 
          7.89, 
          16.0, 
          14.53
        ]
      ]
    }, 
    "Balcony": {
      "simulation_statistics": [
        {
          "not_completed_agents": 0, 
          "max_evacuation_time": 34.399761, 
          "min_evacuation_time": 12.150028, 
          "exit_flow_rate": 0.08720990823162987, 
          "completed_agents": 3, 
          "max_traveled_distance": 30.404018, 
          "avg_evacuation_time": 21.266603999999997, 
          "avg_traveled_distance": 21.303308333333334, 
          "min_traveled_distance": 13.457092
        }
      ], 
      "bounds": [
        [
          8.79, 
          5.67, 
          14.79, 
          7.88
        ]
      ]
    }, 
    "Dining_Room": {
      "simulation_statistics": [
        {
          "not_completed_agents": 0, 
          "max_evacuation_time": 19.599987, 
          "min_evacuation_time": 6.200006, 
          "exit_flow_rate": 0.40816353602683514, 
          "completed_agents": 8, 
          "max_traveled_distance": 18.986052, 
          "avg_evacuation_time": 12.600012625, 
          "avg_traveled_distance": 12.610799375000001, 
          "min_traveled_distance": 7.103915
        }
      ], 
      "bounds": [
        [
          -0.02, 
          5.63, 
          7.78, 
          10.83
        ]
      ]
    }, 
    "Hall": {
      "simulation_statistics": [
        {
          "not_completed_agents": 0, 
          "max_evacuation_time": 60.599361, 
          "min_evacuation_time": 18.650002, 
          "exit_flow_rate": 0.2640291867104011, 
          "completed_agents": 16, 
          "max_traveled_distance": 34.144184, 
          "avg_evacuation_time": 32.1435455625, 
          "avg_traveled_distance": 26.7167634375, 
          "min_traveled_distance": 19.404011
        }
      ], 
      "bounds": [
        [
          -0.02, 
          10.62, 
          7.78, 
          20.75
        ]
      ]
    }, 
    "Kitchen": {
      "simulation_statistics": [
        {
          "not_completed_agents": 0, 
          "max_evacuation_time": 41.649651, 
          "min_evacuation_time": 5.350002, 
          "exit_flow_rate": 0.33613727039393443, 
          "completed_agents": 14, 
          "max_traveled_distance": 29.634922, 
          "avg_evacuation_time": 21.246349857142857, 
          "avg_traveled_distance": 19.601246142857143, 
          "min_traveled_distance": 5.869879
        }
      ], 
      "bounds": [
        [
          4.11, 
          0.01, 
          15.98, 
          5.72
        ]
      ]
    }
  }, 
  "room_num": 9,