{
  "room_category": {
    "Toilet": {
      "simulation_statistics": [
        {
          "not_completed_agents": 0, 
          "max_evacuation_time": 18.849998, 
          "min_evacuation_time": 17.200024, 
          "exit_flow_rate": 0.15915121052002235, 
          "completed_agents": 3, 
          "max_traveled_distance": 22.187006, 
          "avg_evacuation_time": 18.016677666666666, 
          "avg_traveled_distance": 22.009000333333333, 
          "min_traveled_distance": 21.817631
        }, 
        {
          "not_completed_agents": 0, 
          "max_evacuation_time": 16.300037, 
          "min_evacuation_time": 13.650034, 
          "exit_flow_rate": 0.18404866197542988, 
          "completed_agents": 3, 
          "max_traveled_distance": 17.839712, 
          "avg_evacuation_time": 15.150037333333332, 
          "avg_traveled_distance": 17.403921333333333, 
          "min_traveled_distance": 16.835995
        }
      ], 
      "bounds": [
        [
          9.83, 
          16.37, 
          15.14, 
          19.56
        ], 
        [
          -0.01, 
          16.05, 
          3.16, 
          21.4
        ]
      ]
    }, 
    "Bathroom": {
      "simulation_statistics": [
        {
          "not_completed_agents": 0, 
          "max_evacuation_time": 23.799923, 
          "min_evacuation_time": 19.699986, 
          "exit_flow_rate": 0.1260508279795695, 
          "completed_agents": 3, 
          "max_traveled_distance": 24.637096, 
          "avg_evacuation_time": 21.43329266666667, 
          "avg_traveled_distance": 23.180616999999998, 
          "min_traveled_distance": 22.381178
        }, 
        {
          "not_completed_agents": 0, 
          "max_evacuation_time": 14.700038, 
          "min_evacuation_time": 11.600026, 
          "exit_flow_rate": 0.20408110509646302, 
          "completed_agents": 3, 
          "max_traveled_distance": 17.658844, 
          "avg_evacuation_time": 12.933364666666668, 
          "avg_traveled_distance": 16.105412666666666, 
          "min_traveled_distance": 15.082558
        }
      ], 
      "bounds": [
        [
          9.83, 
          16.37, 
          15.14, 
          19.56
        ], 
        [
          -0.01, 
          16.05, 
          3.16, 
          21.4
        ]
      ]
    }, 
    "Office": {
      "simulation_statistics": [
        {
          "not_completed_agents": 0, 
          "max_evacuation_time": 15.650042, 
          "min_evacuation_time": 10.450022, 
          "exit_flow_rate": 0.6389759209591898, 
          "completed_agents": 10, 
          "max_traveled_distance": 19.732384, 
          "avg_evacuation_time": 13.270032599999999, 
          "avg_traveled_distance": 17.377568500000002, 
          "min_traveled_distance": 13.397576
        }
      ], 
      "bounds": [
        [
          3.07, 
          13.82, 
          9.92, 
          21.4
        ]
      ]
    }, 
    "Living_Room": {
      "simulation_statistics": [
        {
          "not_completed_agents": 0, 
          "max_evacuation_time": 8.450014, 
          "min_evacuation_time": 0.0, 
          "exit_flow_rate": 2.7218889814857112, 
          "completed_agents": 23, 
          "max_traveled_distance": 10.929321, 
          "avg_evacuation_time": 4.473915086956522, 
          "avg_traveled_distance": 5.692569913043478, 
          "min_traveled_distance": 0.0
        }
      ], 
      "bounds": [
        [
          -0.01, 
          -0.79, 
          9.86, 
          10.83
        ]
      ]
    }, 
    "Bedroom": {
      "simulation_statistics": [
        {
          "not_completed_agents": 0, 
          "max_evacuation_time": 11.750027, 
          "min_evacuation_time": 6.500007, 
          "exit_flow_rate": 0.7659556867401242, 
          "completed_agents": 9, 
          "max_traveled_distance": 13.716084, 
          "avg_evacuation_time": 9.094461222222222, 
          "avg_traveled_distance": 11.339407555555557, 
          "min_traveled_distance": 8.440149
        }, 
        {
          "not_completed_agents": 0, 
          "max_evacuation_time": 12.900031, 
          "min_evacuation_time": 9.200017, 
          "exit_flow_rate": 0.5426343549096897, 
          "completed_agents": 7, 
          "max_traveled_distance": 16.64534, 
          "avg_evacuation_time": 11.264310428571429, 
          "avg_traveled_distance": 14.458369142857142, 
          "min_traveled_distance": 12.049217
        }
      ], 
      "bounds": [
        [
          9.16, 
          -0.02, 
          15.19, 
          7.79
        ], 
        [
          9.75, 
          7.7, 
          15.17, 
          13.94
        ]
      ]
    }, 
    "Kitchen": {
      "simulation_statistics": [
        {
          "not_completed_agents": 0, 
          "max_evacuation_time": 14.450037, 
          "min_evacuation_time": 10.900023, 
          "exit_flow_rate": 0.692039750486452, 
          "completed_agents": 10, 
          "max_traveled_distance": 18.518444, 
          "avg_evacuation_time": 12.7350305, 
          "avg_traveled_distance": 16.930526899999997, 
          "min_traveled_distance": 14.850449
        }
      ], 
      "bounds": [
        [
          3.07, 
          13.82, 
          9.92, 
          21.4
        ]
      ]
    }
  }, 
  "room_num": 10,