{
  "room_category": {
    "Dining_Room": {
      "simulation_statistics": [
        {
          "not_completed_agents": 0, 
          "max_evacuation_time": 23.099934, 
          "min_evacuation_time": 3.749998, 
          "exit_flow_rate": 0.6060623376672851, 
          "completed_agents": 14, 
          "max_traveled_distance": 13.898016, 
          "avg_evacuation_time": 11.4785765, 
          "avg_traveled_distance": 9.365506785714286, 
          "min_traveled_distance": 3.76914
        }
      ], 
      "bounds": [
        [
          -0.52, 
          1.49, 
          5.67, 
          12.81
        ]
      ]
    }, 
    "Living_Room": {
      "simulation_statistics": [
        {
          "not_completed_agents": 0, 
          "max_evacuation_time": 19.349991, 
          "min_evacuation_time": 1.4, 
          "exit_flow_rate": 0.7235145484046995, 
          "completed_agents": 14, 
          "max_traveled_distance": 12.706908, 
          "avg_evacuation_time": 10.571446642857143, 
          "avg_traveled_distance": 8.975194, 
          "min_traveled_distance": 1.365886
        }
      ], 
      "bounds": [
        [
          -0.52, 
          1.49, 
          5.67, 
          12.81
        ]
      ]
    }, 
    "Kitchen": {
      "simulation_statistics": [
        {
          "not_completed_agents": 0, 
          "max_evacuation_time": 20.549973, 
          "min_evacuation_time": 3.299998, 
          "exit_flow_rate": 0.29197118653148596, 
          "completed_agents": 6, 
          "max_traveled_distance": 10.700653, 
          "avg_evacuation_time": 8.466667, 
          "avg_traveled_distance": 6.444243833333334, 
          "min_traveled_distance": 2.924185
        }
      ], 
      "bounds": [
        [
          4.86, 
          3.09, 
          10.84, 
          8.27
        ]
      ]
    }
  }, 
  "room_num": 3, 
  "verts": [
    [
      5.69, 
      0.1
    ], 
    [
      5.69, 
      0.13
    ], 
    [
      5.68, 
      0.14
    ], 
    [
      5.68, 
      0.23
    ], 
    [
      5.69, 
      0.24
    ], 
    [
      5.69, 
      0.79
    ], 
    [
      5.68, 
      0.8
    ], 
    [
      5.68, 
      1.54
    ], 
    [
      5.67, 
      1.55
    ], 
    [
      5.68, 
      1.56
    ], 
    [
      5.68, 
      1.58
    ], 
    [
      5.67, 
      1.59
    ], 
    [
      5.67, 
      1.84
    ], 
    [
      5.66, 
      1.85
    ], 
    [
      5.57, 
      1.85
    ], 
    [
      5.56, 
      1.84
    ], 
    [
      5.56, 
      1.61
    ], 
    [
      5.54, 
      1.61
    ], 
    [
      5.53, 
      1.62
    ], 
    [
      5.46, 
      1.62
    ], 
    [
      5.45, 
      1.63
    ], 
    [
      5.39, 
      1.63
    ], 
    [
      5.38, 
      1.64
    ], 
    [
      5.32, 
      1.64
    ], 
    [
      5.31, 
      1.65
    ], 
    [
      5.24, 
      1.65
    ], 
    [
      5.23, 
      1.66
    ], 
    [
      5.17, 
      1.66
    ], 
    [
      5.16, 
      1.67
    ], 
    [
      5.09, 
      1.67
    ], 
    [
      5.08, 
      1.68
    ], 
    [
      5.02, 
      1.68
    ], 
    [
      5.01, 
      1.69
    ], 
    [
      4.95, 
      1.69
    ], 
    [
      4.94, 
      1.7
    ], 
    [
      4.87, 
      1.7
    ], 
    [
      4.86, 
      1.71
    ], 
    [
      4.8, 
      1.71
    ], 
    [
      4.79, 
      1.72
    ], 
    [
      4.72, 
      1.72
    ], 
    [
      4.71, 
      1.73
    ], 
    [
      4.65, 
      1.73
    ], 
    [
      4.64, 
      1.74
    ], 
    [
      4.58, 
      1.74
    ], 
    [
      4.57, 
      1.75
    ], 
    [
      4.5, 
      1.75
    ], 
    [
      4.49, 
      1.76
    ], 
    [
      4.43, 
      1.76
    ], 
    [
      4.42, 
      1.77
    ], 
    [
      4.36, 
      1.77
    ], 
    [
      4.35, 
      1.78
    ], 
    [
      4.28, 
      1.78
    ], 
    [
      4.27, 
      1.79
    ], 
    [
      4.21, 
      1.79
    ], 
    [
      4.2, 
      1.8
    ], 
    [
      4.13, 
      1.8
    ], 
    [
      4.12, 
      1.81
    ], 
    [
      4.06, 
      1.81
    ], 
    [
      4.05, 
      1.82
    ], 
    [
      3.99, 
      1.82
    ], 
    [
      3.98, 
      1.83
    ], 
    [
      3.91, 
      1.83
    ], 
    [
      3.9, 
      1.84
    ], 
    [
      3.84, 
      1.84
    ], 
    [
      3.83, 
      1.85
    ], 
    [
      3.76, 
      1.85
    ], 
    [
      3.75, 
      1.86
    ], 
    [
      3.69, 
      1.86
    ], 
    [
      3.68, 
      1.87
    ], 
    [
      3.62, 
      1.87
    ], 
    [
      3.61, 
      1.88
    ], 
    [
      2.76, 
      1.88
    ], 
    [
      2.75, 
      1.89
    ], 
    [
      2.75, 
      2.3
    ], 
    [
      2.74, 
      2.31
    ], 
    [
      2.74, 
      2.39
    ], 
    [
      2.72, 
      2.41
    ], 
    [
      2.64, 
      2.41
    ], 
    [
      2.63, 
      2.42
    ], 
    [
      0.11, 
      2.42
    ], 
    [
      0.1, 
      2.43
    ], 
    [
      0.1, 
      12.69
    ], 
    [
      4.83, 
      12.69
    ], 
    [
      4.83, 
      8.25
    ], 
    [
      4.84, 
      8.24
    ], 
    [
      4.84, 
      8.16
    ], 
    [
      4.86, 
      8.14
    ], 
    [
      4.94, 
      8.14
    ], 
    [
      4.95, 
      8.13
    ], 
    [
      9.94, 
      8.13
    ], 
    [
      9.94, 
      3.2
    ], 
    [
      5.57, 
      3.2
    ], 
    [
      5.55, 
      3.18
    ], 
    [
      5.55, 
      2.86
    ], 
    [
      5.56, 
      2.85
    ], 
    [
      5.66, 
      2.85
    ], 
    [
      5.67, 
      2.86
    ], 
    [
      5.67, 
      3.08
    ], 
    [
      8.07, 
      3.08
    ], 
    [
      8.07, 
      0.1
    ]
  ], 
  "bbox": {
    "max": [
      9.94, 
      12.69
    ], 
    "min": [
      0.1, 
      0.1
    ]
  }, 
  "id": "b87d5e2517b0f3b184aae344fa19d712"
}