{
  "room_category": {
    "Bathroom": {
      "simulation_statistics": [
        {
          "not_completed_agents": 0, 
          "max_evacuation_time": 15.500041, 
          "min_evacuation_time": 15.500041, 
          "exit_flow_rate": 0.06451595837714236, 
          "completed_agents": 1, 
          "max_traveled_distance": 16.285126, 
          "avg_evacuation_time": 15.500041, 
          "avg_traveled_distance": 16.285126, 
          "min_traveled_distance": 16.285126
        }
      ], 
      "bounds": [
        [
          0.0, 
          13.93, 
          2.29, 
          17.03
        ]
      ]
    }, 
    "Living_Room": {
      "simulation_statistics": [
        {
          "not_completed_agents": 0, 
          "max_evacuation_time": 17.050026, 
          "min_evacuation_time": 2.399999, 
          "exit_flow_rate": 2.4633393520924836, 
          "completed_agents": 42, 
          "max_traveled_distance": 19.064211, 
          "avg_evacuation_time": 9.453589095238096, 
          "avg_traveled_distance": 11.665431428571429, 
          "min_traveled_distance": 2.957515
        }
      ], 
      "bounds": [
        [
          1.68, 
          2.98, 
          16.71, 
          17.01
        ]
      ]
    }, 
    "Room": [
      [
        3.7, 
        5.65, 
        6.47, 
        6.06
      ], 
      [
        15.2, 
        0.0, 
        16.68, 
        1.49
      ]
    ], 
    "Kitchen": {
      "simulation_statistics": [
        {
          "not_completed_agents": 0, 
          "max_evacuation_time": 14.900039, 
          "min_evacuation_time": 2.049999, 
          "exit_flow_rate": 2.8187845682820027, 
          "completed_agents": 42, 
          "max_traveled_distance": 15.73003, 
          "avg_evacuation_time": 8.86668276190476, 
          "avg_traveled_distance": 10.892253404761906, 
          "min_traveled_distance": 2.731767
        }
      ], 
      "bounds": [
        [
          1.68, 
          2.98, 
          16.71, 
          17.01
        ]
      ]
    }
  }, 
  "room_num": 6, 
  "verts": [
    [
      1.8, 
      0.1
    ], 
    [
      1.79, 
      0.11
    ], 
    [
      1.79, 
      3.03
    ], 
    [
      1.93, 
      3.03
    ], 
    [
      1.94, 
      3.02
    ], 
    [
      2.43, 
      3.02
    ], 
    [
      2.44, 
      3.01
    ], 
    [
      2.92, 
      3.01
    ], 
    [
      2.93, 
      3.0
    ], 
    [
      3.19, 
      3.0
    ], 
    [
      3.2, 
      2.99
    ], 
    [
      3.22, 
      2.99
    ], 
    [
      3.23, 
      3.0
    ], 
    [
      3.23, 
      3.1
    ], 
    [
      3.22, 
      3.11
    ], 
    [
      2.93, 
      3.11
    ], 
    [
      2.92, 
      3.12
    ], 
    [
      2.44, 
      3.12
    ], 
    [
      2.43, 
      3.13
    ], 
    [
      1.94, 
      3.13
    ], 
    [
      1.93, 
      3.14
    ], 
    [
      1.8, 
      3.14
    ], 
    [
      1.8, 
      7.84
    ], 
    [
      1.79, 
      7.85
    ], 
    [
      1.79, 
      8.63
    ], 
    [
      1.78, 
      8.64
    ], 
    [
      1.63, 
      8.64
    ], 
    [
      1.62, 
      8.63
    ], 
    [
      1.62, 
      7.96
    ], 
    [
      0.12, 
      7.96
    ], 
    [
      0.11, 
      7.97
    ], 
    [
      0.11, 
      8.84
    ], 
    [
      0.1, 
      8.85
    ], 
    [
      0.1, 
      8.95
    ], 
    [
      0.11, 
      8.96
    ], 
    [
      0.11, 
      12.13
    ], 
    [
      0.1, 
      12.14
    ], 
    [
      0.1, 
      12.23
    ], 
    [
      0.11, 
      12.24
    ], 
    [
      0.11, 
      13.85
    ], 
    [
      1.62, 
      13.85
    ], 
    [
      1.62, 
      13.59
    ], 
    [
      1.63, 
      13.58
    ], 
    [
      1.78, 
      13.58
    ], 
    [
      1.79, 
      13.59
    ], 
    [
      1.79, 
      14.15
    ], 
    [
      1.78, 
      14.16
    ], 
    [
      1.66, 
      14.16
    ], 
    [
      1.64, 
      14.14
    ], 
    [
      1.64, 
      14.04
    ], 
    [
      0.11, 
      14.04
    ], 
    [
      0.11, 
      14.78
    ], 
    [
      0.12, 
      14.79
    ], 
    [
      0.12, 
      16.26
    ], 
    [
      0.13, 
      16.27
    ], 
    [
      0.13, 
      16.89
    ], 
    [
      1.66, 
      16.89
    ], 
    [
      1.66, 
      15.91
    ], 
    [
      1.65, 
      15.9
    ], 
    [
      1.65, 
      14.91
    ], 
    [
      1.66, 
      14.9
    ], 
    [
      1.78, 
      14.9
    ], 
    [
      1.79, 
      14.91
    ], 
    [
      1.79, 
      15.97
    ], 
    [
      1.78, 
      15.98
    ], 
    [
      1.78, 
      16.89
    ], 
    [
      16.58, 
      16.89
    ], 
    [
      16.58, 
      10.01
    ], 
    [
      16.59, 
      10.0
    ], 
    [
      16.59, 
      3.11
    ], 
    [
      15.69, 
      3.11
    ], 
    [
      15.68, 
      3.12
    ], 
    [
      13.67, 
      3.12
    ], 
    [
      13.66, 
      3.13
    ], 
    [
      11.65, 
      3.13
    ], 
    [
      11.64, 
      3.14
    ], 
    [
      8.73, 
      3.14
    ], 
    [
      8.72, 
      3.15
    ], 
    [
      8.71, 
      3.14
    ], 
    [
      8.62, 
      3.14
    ], 
    [
      8.6, 
      3.12
    ], 
    [
      8.6, 
      0.1
    ]
  ], 
  "bbox": {
    "max": [
      16.59, 
      16.89
    ], 
    "min": [
      0.1, 
      0.1
    ]
  }, 
  "id": "bb379ebc373c47ee86467d719a749f2b"
}