{
  "room_category": {
    "Garage": {
      "simulation_statistics": [
        {
          "not_completed_agents": 0, 
          "max_evacuation_time": 3.599998, 
          "min_evacuation_time": 0.0, 
          "exit_flow_rate": 1.6666675925931072, 
          "completed_agents": 6, 
          "max_traveled_distance": 4.912254, 
          "avg_evacuation_time": 2.0916656666666666, 
          "avg_traveled_distance": 2.599286333333333, 
          "min_traveled_distance": 0.0
        }
      ], 
      "bounds": [
        [
          8.83, 
          -0.04, 
          12.87, 
          7.25
        ]
      ]
    }, 
    "Office": {
      "simulation_statistics": [
        {
          "not_completed_agents": 0, 
          "max_evacuation_time": 150.004547, 
          "min_evacuation_time": 17.800014, 
          "exit_flow_rate": 0.0066664645839035796, 
          "completed_agents": 1, 
          "max_traveled_distance": 20.745203, 
          "avg_evacuation_time": 133.478980375, 
          "avg_traveled_distance": 13.824142, 
          "min_traveled_distance": 1.565142
        }
      ], 
      "bounds": [
        [
          -0.04, 
          3.78, 
          5.96, 
          10.62
        ]
      ]
    }, 
    "Kitchen": {
      "simulation_statistics": [
        {
          "not_completed_agents": 0, 
          "max_evacuation_time": 150.004547, 
          "min_evacuation_time": 150.004547, 
          "exit_flow_rate": 0.0, 
          "completed_agents": 0, 
          "max_traveled_distance": 19.230282, 
          "avg_evacuation_time": 150.004547, 
          "avg_traveled_distance": 16.0508135, 
          "min_traveled_distance": 12.871345
        }
      ], 
      "bounds": [
        [
          -0.01, 
          3.78, 
          2.76, 
          7.07
        ]
      ]
    }
  }, 
  "room_num": 5, 
  "verts": [
    [
      8.99, 
      0.1
    ], 
    [
      8.98, 
      0.11
    ], 
    [
      8.98, 
      3.77
    ], 
    [
      8.97, 
      3.78
    ], 
    [
      8.97, 
      3.81
    ], 
    [
      8.96, 
      3.82
    ], 
    [
      8.96, 
      3.83
    ], 
    [
      8.92, 
      3.87
    ], 
    [
      8.91, 
      3.87
    ], 
    [
      8.9, 
      3.88
    ], 
    [
      8.87, 
      3.88
    ], 
    [
      8.86, 
      3.89
    ], 
    [
      5.98, 
      3.89
    ], 
    [
      5.98, 
      7.16
    ], 
    [
      6.36, 
      7.16
    ], 
    [
      6.37, 
      7.17
    ], 
    [
      6.37, 
      7.26
    ], 
    [
      6.36, 
      7.27
    ], 
    [
      5.98, 
      7.27
    ], 
    [
      5.98, 
      7.47
    ], 
    [
      5.97, 
      7.48
    ], 
    [
      5.87, 
      7.48
    ], 
    [
      5.86, 
      7.47
    ], 
    [
      5.87, 
      7.46
    ], 
    [
      5.87, 
      7.39
    ], 
    [
      5.86, 
      7.38
    ], 
    [
      5.86, 
      3.89
    ], 
    [
      2.77, 
      3.89
    ], 
    [
      2.77, 
      5.35
    ], 
    [
      2.76, 
      5.36
    ], 
    [
      2.76, 
      7.05
    ], 
    [
      2.75, 
      7.06
    ], 
    [
      2.07, 
      7.06
    ], 
    [
      2.06, 
      7.05
    ], 
    [
      2.06, 
      6.96
    ], 
    [
      2.07, 
      6.95
    ], 
    [
      2.65, 
      6.95
    ], 
    [
      2.65, 
      5.36
    ], 
    [
      2.66, 
      5.35
    ], 
    [
      2.66, 
      3.89
    ], 
    [
      0.11, 
      3.89
    ], 
    [
      0.1, 
      3.9
    ], 
    [
      0.1, 
      6.95
    ], 
    [
      0.11, 
      6.95
    ], 
    [
      0.12, 
      6.96
    ], 
    [
      0.12, 
      7.05
    ], 
    [
      0.11, 
      7.06
    ], 
    [
      0.11, 
      9.64
    ], 
    [
      5.86, 
      9.64
    ], 
    [
      5.86, 
      9.33
    ], 
    [
      5.87, 
      9.32
    ], 
    [
      5.97, 
      9.32
    ], 
    [
      5.98, 
      9.33
    ], 
    [
      5.98, 
      9.64
    ], 
    [
      10.95, 
      9.64
    ], 
    [
      10.95, 
      7.27
    ], 
    [
      8.47, 
      7.27
    ], 
    [
      8.46, 
      7.26
    ], 
    [
      8.46, 
      7.17
    ], 
    [
      8.47, 
      7.16
    ], 
    [
      8.85, 
      7.16
    ], 
    [
      8.85, 
      6.57
    ], 
    [
      8.86, 
      6.56
    ], 
    [
      8.86, 
      4.39
    ], 
    [
      8.87, 
      4.38
    ], 
    [
      8.98, 
      4.38
    ], 
    [
      8.99, 
      4.39
    ], 
    [
      8.99, 
      5.45
    ], 
    [
      8.98, 
      5.46
    ], 
    [
      8.98, 
      6.56
    ], 
    [
      8.97, 
      6.57
    ], 
    [
      8.97, 
      7.15
    ], 
    [
      11.06, 
      7.15
    ], 
    [
      11.07, 
      7.14
    ], 
    [
      12.76, 
      7.14
    ], 
    [
      12.76, 
      0.1
    ]
  ], 
  "bbox": {
    "max": [
      12.76, 
      9.64
    ], 
    "min": [
      0.1, 
      0.1
    ]
  }, 
  "id": "bb5daf51eff5ad4a3f21b0122b52e8de"
}