{
  "room_category": {
    "Room": {
      "simulation_statistics": [
        {
          "not_completed_agents": 0, 
          "max_evacuation_time": 12.60003, 
          "min_evacuation_time": 6.050005, 
          "exit_flow_rate": 0.396824452005273, 
          "completed_agents": 5, 
          "max_traveled_distance": 14.472515, 
          "avg_evacuation_time": 9.3200176, 
          "avg_traveled_distance": 10.4729608, 
          "min_traveled_distance": 6.092134
        }, 
        {
          "not_completed_agents": 0, 
          "max_evacuation_time": 150.004547, 
          "min_evacuation_time": 0.05, 
          "exit_flow_rate": 0.026665858335614318, 
          "completed_agents": 4, 
          "max_traveled_distance": 2.142732, 
          "avg_evacuation_time": 30.9409092, 
          "avg_traveled_distance": 1.1894719999999999, 
          "min_traveled_distance": 0.064353
        }
      ], 
      "bounds": [
        [
          4.31, 
          0.0, 
          9.5, 
          5.19
        ], 
        [
          12.38, 
          -0.02, 
          17.57, 
          5.17
        ]
      ]
    }
  }, 
  "room_num": 4, 
  "verts": [
    [
      12.5, 
      0.1
    ], 
    [
      12.49, 
      0.11
    ], 
    [
      12.49, 
      0.42
    ], 
    [
      12.5, 
      0.43
    ], 
    [
      12.5, 
      1.28
    ], 
    [
      12.51, 
      1.29
    ], 
    [
      12.51, 
      2.14
    ], 
    [
      12.52, 
      2.15
    ], 
    [
      12.52, 
      3.01
    ], 
    [
      12.53, 
      3.02
    ], 
    [
      12.53, 
      3.39
    ], 
    [
      12.54, 
      3.4
    ], 
    [
      12.54, 
      3.55
    ], 
    [
      12.53, 
      3.56
    ], 
    [
      12.42, 
      3.56
    ], 
    [
      12.41, 
      3.55
    ], 
    [
      12.41, 
      3.34
    ], 
    [
      12.21, 
      3.34
    ], 
    [
      12.2, 
      3.35
    ], 
    [
      11.58, 
      3.35
    ], 
    [
      11.57, 
      3.36
    ], 
    [
      10.95, 
      3.36
    ], 
    [
      10.94, 
      3.37
    ], 
    [
      10.32, 
      3.37
    ], 
    [
      10.31, 
      3.38
    ], 
    [
      9.69, 
      3.38
    ], 
    [
      9.68, 
      3.39
    ], 
    [
      9.51, 
      3.39
    ], 
    [
      9.51, 
      3.64
    ], 
    [
      9.5, 
      3.65
    ], 
    [
      9.37, 
      3.65
    ], 
    [
      9.36, 
      3.64
    ], 
    [
      9.36, 
      3.47
    ], 
    [
      9.35, 
      3.46
    ], 
    [
      9.35, 
      3.28
    ], 
    [
      9.36, 
      3.27
    ], 
    [
      9.39, 
      3.27
    ], 
    [
      9.39, 
      0.11
    ], 
    [
      4.43, 
      0.11
    ], 
    [
      4.42, 
      0.12
    ], 
    [
      4.42, 
      2.58
    ], 
    [
      6.91, 
      2.58
    ], 
    [
      6.92, 
      2.59
    ], 
    [
      7.0, 
      2.59
    ], 
    [
      7.02, 
      2.61
    ], 
    [
      7.02, 
      2.69
    ], 
    [
      7.03, 
      2.7
    ], 
    [
      7.03, 
      5.08
    ], 
    [
      9.37, 
      5.08
    ], 
    [
      9.37, 
      4.8
    ], 
    [
      9.38, 
      4.79
    ], 
    [
      9.5, 
      4.79
    ], 
    [
      9.51, 
      4.8
    ], 
    [
      9.51, 
      5.19
    ], 
    [
      9.5, 
      5.2
    ], 
    [
      9.49, 
      5.2
    ], 
    [
      9.49, 
      5.5
    ], 
    [
      9.5, 
      5.51
    ], 
    [
      9.5, 
      6.6
    ], 
    [
      9.51, 
      6.61
    ], 
    [
      9.51, 
      7.71
    ], 
    [
      9.52, 
      7.72
    ], 
    [
      9.52, 
      8.81
    ], 
    [
      9.53, 
      8.82
    ], 
    [
      9.53, 
      9.92
    ], 
    [
      9.54, 
      9.93
    ], 
    [
      9.54, 
      11.02
    ], 
    [
      9.55, 
      11.03
    ], 
    [
      9.55, 
      11.59
    ], 
    [
      9.56, 
      11.6
    ], 
    [
      9.56, 
      11.65
    ], 
    [
      9.55, 
      11.66
    ], 
    [
      9.55, 
      11.69
    ], 
    [
      9.54, 
      11.7
    ], 
    [
      9.54, 
      11.71
    ], 
    [
      9.48, 
      11.77
    ], 
    [
      0.11, 
      11.77
    ], 
    [
      0.1, 
      11.78
    ], 
    [
      0.1, 
      19.47
    ], 
    [
      19.27, 
      19.47
    ], 
    [
      19.27, 
      11.77
    ], 
    [
      12.6, 
      11.77
    ], 
    [
      12.59, 
      11.76
    ], 
    [
      12.57, 
      11.76
    ], 
    [
      12.56, 
      11.75
    ], 
    [
      12.55, 
      11.75
    ], 
    [
      12.51, 
      11.71
    ], 
    [
      12.51, 
      11.7
    ], 
    [
      12.5, 
      11.69
    ], 
    [
      12.5, 
      11.66
    ], 
    [
      12.49, 
      11.65
    ], 
    [
      12.49, 
      10.89
    ], 
    [
      12.48, 
      10.88
    ], 
    [
      12.48, 
      9.8
    ], 
    [
      12.47, 
      9.79
    ], 
    [
      12.47, 
      8.7
    ], 
    [
      12.46, 
      8.69
    ], 
    [
      12.46, 
      7.61
    ], 
    [
      12.45, 
      7.6
    ], 
    [
      12.45, 
      6.52
    ], 
    [
      12.44, 
      6.51
    ], 
    [
      12.44, 
      5.42
    ], 
    [
      12.43, 
      5.41
    ], 
    [
      12.43, 
      5.03
    ], 
    [
      12.42, 
      5.02
    ], 
    [
      12.42, 
      4.87
    ], 
    [
      12.43, 
      4.86
    ], 
    [
      12.54, 
      4.86
    ], 
    [
      12.55, 
      4.87
    ], 
    [
      12.55, 
      5.06
    ], 
    [
      14.96, 
      5.06
    ], 
    [
      14.96, 
      2.68
    ], 
    [
      14.97, 
      2.67
    ], 
    [
      14.97, 
      2.59
    ], 
    [
      14.99, 
      2.57
    ], 
    [
      15.07, 
      2.57
    ], 
    [
      15.08, 
      2.56
    ], 
    [
      17.46, 
      2.56
    ], 
    [
      17.46, 
      0.1
    ]
  ], 
  "bbox": {
    "max": [
      19.27, 
      19.47
    ], 
    "min": [
      0.1, 
      0.1
    ]
  }, 
  "id": "bb67d4d0994af5d8b0a687f52bb272c9"
}