{
  "room_category": {
    "Living_Room": {
      "simulation_statistics": [
        {
          "not_completed_agents": 0, 
          "max_evacuation_time": 12.65003, 
          "min_evacuation_time": 2.549999, 
          "exit_flow_rate": 0.4743071755561054, 
          "completed_agents": 6, 
          "max_traveled_distance": 15.246386, 
          "avg_evacuation_time": 6.600008833333334, 
          "avg_traveled_distance": 7.559379166666666, 
          "min_traveled_distance": 3.330647
        }
      ], 
      "bounds": [
        [
          -0.02, 
          3.08, 
          5.17, 
          9.03
        ]
      ]
    }, 
    "Dining_Room": {
      "simulation_statistics": [
        {
          "not_completed_agents": 0, 
          "max_evacuation_time": 15.900043, 
          "min_evacuation_time": 13.500033, 
          "exit_flow_rate": 0.18867873501977322, 
          "completed_agents": 3, 
          "max_traveled_distance": 15.875212, 
          "avg_evacuation_time": 14.716704666666667, 
          "avg_traveled_distance": 14.531281333333334, 
          "min_traveled_distance": 13.655796
        }
      ], 
      "bounds": [
        [
          5.08, 
          -0.02, 
          10.28, 
          3.21
        ]
      ]
    }, 
    "Kitchen": {
      "simulation_statistics": [
        {
          "not_completed_agents": 0, 
          "max_evacuation_time": 17.200024, 
          "min_evacuation_time": 8.400014, 
          "exit_flow_rate": 0.2906972687945087, 
          "completed_agents": 5, 
          "max_traveled_distance": 14.797063, 
          "avg_evacuation_time": 11.9000226, 
          "avg_traveled_distance": 12.0086362, 
          "min_traveled_distance": 9.506687
        }
      ], 
      "bounds": [
        [
          5.05, 
          3.08, 
          10.28, 
          8.28
        ]
      ]
    }
  }, 
  "room_num": 5, 
  "verts": [
    [
      0.11, 
      0.1
    ], 
    [
      0.1, 
      0.11
    ], 
    [
      0.1, 
      3.07
    ], 
    [
      0.37, 
      3.07
    ], 
    [
      0.38, 
      3.08
    ], 
    [
      0.38, 
      3.18
    ], 
    [
      0.37, 
      3.19
    ], 
    [
      0.1, 
      3.19
    ], 
    [
      0.1, 
      8.16
    ], 
    [
      3.88, 
      8.16
    ], 
    [
      3.89, 
      8.17
    ], 
    [
      5.07, 
      8.17
    ], 
    [
      5.07, 
      7.74
    ], 
    [
      5.08, 
      7.73
    ], 
    [
      5.18, 
      7.73
    ], 
    [
      5.19, 
      7.74
    ], 
    [
      5.19, 
      8.17
    ], 
    [
      6.28, 
      8.17
    ], 
    [
      6.29, 
      8.16
    ], 
    [
      10.16, 
      8.16
    ], 
    [
      10.16, 
      3.18
    ], 
    [
      10.15, 
      3.18
    ], 
    [
      10.14, 
      3.19
    ], 
    [
      6.98, 
      3.19
    ], 
    [
      6.97, 
      3.18
    ], 
    [
      6.97, 
      3.08
    ], 
    [
      6.98, 
      3.07
    ], 
    [
      10.16, 
      3.07
    ], 
    [
      10.16, 
      0.1
    ], 
    [
      5.19, 
      0.1
    ], 
    [
      5.19, 
      3.07
    ], 
    [
      5.82, 
      3.07
    ], 
    [
      5.83, 
      3.08
    ], 
    [
      5.83, 
      3.18
    ], 
    [
      5.82, 
      3.19
    ], 
    [
      5.19, 
      3.19
    ], 
    [
      5.19, 
      6.58
    ], 
    [
      5.18, 
      6.59
    ], 
    [
      5.08, 
      6.59
    ], 
    [
      5.07, 
      6.58
    ], 
    [
      5.08, 
      6.57
    ], 
    [
      5.08, 
      6.51
    ], 
    [
      5.07, 
      6.5
    ], 
    [
      5.07, 
      3.18
    ], 
    [
      5.04, 
      3.18
    ], 
    [
      5.03, 
      3.19
    ], 
    [
      1.59, 
      3.19
    ], 
    [
      1.58, 
      3.18
    ], 
    [
      1.58, 
      3.08
    ], 
    [
      1.59, 
      3.07
    ], 
    [
      5.07, 
      3.07
    ], 
    [
      5.07, 
      3.05
    ], 
    [
      5.08, 
      3.04
    ], 
    [
      5.08, 
      0.1
    ]
  ], 
  "bbox": {
    "max": [
      10.16, 
      8.17
    ], 
    "min": [
      0.1, 
      0.1
    ]
  }, 
  "id": "bb86e9ce755edc71c97a0b06e60fc4f9"
}