{
  "room_category": {
    "Lobby": {
      "simulation_statistics": [
        {
          "not_completed_agents": 0, 
          "max_evacuation_time": 10.350021, 
          "min_evacuation_time": 0.0, 
          "exit_flow_rate": 0.6763271301575137, 
          "completed_agents": 7, 
          "max_traveled_distance": 12.710778, 
          "avg_evacuation_time": 2.507145571428571, 
          "avg_traveled_distance": 3.059128714285714, 
          "min_traveled_distance": 0.0
        }
      ], 
      "bounds": [
        [
          -0.02, 
          -0.02, 
          5.01, 
          6.79
        ]
      ]
    }, 
    "Office": {
      "simulation_statistics": [
        {
          "not_completed_agents": 0, 
          "max_evacuation_time": 8.250013, 
          "min_evacuation_time": 3.649998, 
          "exit_flow_rate": 0.6060596510575196, 
          "completed_agents": 5, 
          "max_traveled_distance": 8.761538, 
          "avg_evacuation_time": 5.800004400000001, 
          "avg_traveled_distance": 6.7428784, 
          "min_traveled_distance": 5.036062
        }
      ], 
      "bounds": [
        [
          4.89, 
          0.0, 
          9.04, 
          6.19
        ]
      ]
    }
  }, 
  "room_num": 2, 
  "verts": [
    [
      0.11, 
      0.1
    ], 
    [
      0.1, 
      0.11
    ], 
    [
      0.1, 
      6.07
    ], 
    [
      0.15, 
      6.07
    ], 
    [
      0.16, 
      6.06
    ], 
    [
      1.16, 
      6.06
    ], 
    [
      1.17, 
      6.07
    ], 
    [
      3.11, 
      6.07
    ], 
    [
      3.12, 
      6.08
    ], 
    [
      4.91, 
      6.08
    ], 
    [
      4.91, 
      3.56
    ], 
    [
      4.9, 
      3.55
    ], 
    [
      4.9, 
      1.14
    ], 
    [
      4.91, 
      1.13
    ], 
    [
      5.01, 
      1.13
    ], 
    [
      5.02, 
      1.14
    ], 
    [
      5.02, 
      3.7
    ], 
    [
      5.03, 
      3.71
    ], 
    [
      5.03, 
      6.08
    ], 
    [
      8.93, 
      6.08
    ], 
    [
      8.93, 
      2.99
    ], 
    [
      8.92, 
      2.98
    ], 
    [
      8.92, 
      0.11
    ], 
    [
      5.02, 
      0.11
    ], 
    [
      5.02, 
      0.12
    ], 
    [
      5.01, 
      0.13
    ], 
    [
      4.91, 
      0.13
    ], 
    [
      4.9, 
      0.12
    ], 
    [
      4.9, 
      0.11
    ], 
    [
      4.56, 
      0.11
    ], 
    [
      4.55, 
      0.1
    ]
  ], 
  "bbox": {
    "max": [
      8.93, 
      6.08
    ], 
    "min": [
      0.1, 
      0.1
    ]
  }, 
  "id": "bc51379667da3e2c4af97da0d3ba2403"
}