{
  "room_category": {
    "Dining_Room": {
      "simulation_statistics": [
        {
          "not_completed_agents": 0, 
          "max_evacuation_time": 1.2, 
          "min_evacuation_time": 0.0, 
          "exit_flow_rate": 2.5, 
          "completed_agents": 3, 
          "max_traveled_distance": 1.545603, 
          "avg_evacuation_time": 0.5166666666666666, 
          "avg_traveled_distance": 0.6440393333333333, 
          "min_traveled_distance": 0.0
        }
      ], 
      "bounds": [
        [
          -0.02, 
          -0.02, 
          4.42, 
          3.76
        ]
      ]
    }, 
    "Room": {
      "simulation_statistics": [
        {
          "not_completed_agents": 0, 
          "max_evacuation_time": 1.6, 
          "min_evacuation_time": 0.0, 
          "exit_flow_rate": 1.875, 
          "completed_agents": 3, 
          "max_traveled_distance": 2.12971, 
          "avg_evacuation_time": 0.5333333333333333, 
          "avg_traveled_distance": 0.7099033333333334, 
          "min_traveled_distance": 0.0
        }
      ], 
      "bounds": [
        [
          0.28, 
          0.28, 
          4.7, 
          4.03
        ]
      ]
    }
  }, 
  "room_num": 2, 
  "verts": [
    [
      0.11, 
      0.1
    ], 
    [
      0.1, 
      0.11
    ], 
    [
      0.1, 
      3.62
    ], 
    [
      0.27, 
      3.62
    ], 
    [
      0.28, 
      3.63
    ], 
    [
      0.31, 
      3.63
    ], 
    [
      0.32, 
      3.64
    ], 
    [
      0.33, 
      3.64
    ], 
    [
      0.37, 
      3.68
    ], 
    [
      0.37, 
      3.69
    ], 
    [
      0.38, 
      3.7
    ], 
    [
      0.38, 
      3.73
    ], 
    [
      0.39, 
      3.74
    ], 
    [
      0.39, 
      3.92
    ], 
    [
      4.59, 
      3.92
    ], 
    [
      4.59, 
      0.39
    ], 
    [
      4.41, 
      0.39
    ], 
    [
      4.41, 
      1.21
    ], 
    [
      4.4, 
      1.22
    ], 
    [
      4.31, 
      1.22
    ], 
    [
      4.3, 
      1.21
    ], 
    [
      4.3, 
      0.39
    ], 
    [
      0.39, 
      0.39
    ], 
    [
      0.39, 
      3.62
    ], 
    [
      0.38, 
      3.63
    ], 
    [
      0.28, 
      3.63
    ], 
    [
      0.27, 
      3.62
    ], 
    [
      0.27, 
      0.29
    ], 
    [
      0.29, 
      0.27
    ], 
    [
      4.29, 
      0.27
    ], 
    [
      4.29, 
      0.1
    ]
  ], 
  "bbox": {
    "max": [
      4.59, 
      3.92
    ], 
    "min": [
      0.1, 
      0.1
    ]
  }, 
  "id": "bcf7184b462fa193e9bbe74db3b33036"
}