{
  "room_category": {
    "Kitchen": {
      "simulation_statistics": [
        {
          "not_completed_agents": 0, 
          "max_evacuation_time": 3.849998, 
          "min_evacuation_time": 0.6, 
          "exit_flow_rate": 2.337663552033014, 
          "completed_agents": 9, 
          "max_traveled_distance": 4.857421, 
          "avg_evacuation_time": 2.594443111111111, 
          "avg_traveled_distance": 3.3016737777777774, 
          "min_traveled_distance": 0.615118
        }
      ], 
      "bounds": [
        [
          -0.02, 
          -0.02, 
          8.1, 
          5.64
        ]
      ]
    }
  }, 
  "room_num": 2, 
  "verts": [
    [
      0.11, 
      0.1
    ], 
    [
      0.1, 
      0.11
    ], 
    [
      0.1, 
      5.45
    ], 
    [
      1.52, 
      5.45
    ], 
    [
      1.53, 
      5.46
    ], 
    [
      1.53, 
      5.56
    ], 
    [
      1.52, 
      5.57
    ], 
    [
      0.28, 
      5.57
    ], 
    [
      0.27, 
      5.56
    ], 
    [
      0.1, 
      5.56
    ], 
    [
      0.1, 
      7.29
    ], 
    [
      0.11, 
      7.3
    ], 
    [
      0.11, 
      8.52
    ], 
    [
      0.16, 
      8.57
    ], 
    [
      0.17, 
      8.57
    ], 
    [
      0.4, 
      8.8
    ], 
    [
      0.41, 
      8.8
    ], 
    [
      0.63, 
      9.02
    ], 
    [
      0.64, 
      9.02
    ], 
    [
      0.87, 
      9.25
    ], 
    [
      0.88, 
      9.25
    ], 
    [
      1.1, 
      9.47
    ], 
    [
      1.11, 
      9.47
    ], 
    [
      1.34, 
      9.7
    ], 
    [
      1.35, 
      9.7
    ], 
    [
      1.58, 
      9.93
    ], 
    [
      1.59, 
      9.93
    ], 
    [
      1.81, 
      10.15
    ], 
    [
      1.82, 
      10.15
    ], 
    [
      2.05, 
      10.38
    ], 
    [
      2.06, 
      10.38
    ], 
    [
      2.14, 
      10.46
    ], 
    [
      5.98, 
      10.46
    ], 
    [
      6.09, 
      10.35
    ], 
    [
      6.1, 
      10.35
    ], 
    [
      6.38, 
      10.07
    ], 
    [
      6.39, 
      10.07
    ], 
    [
      6.66, 
      9.8
    ], 
    [
      6.67, 
      9.8
    ], 
    [
      6.94, 
      9.53
    ], 
    [
      6.95, 
      9.53
    ], 
    [
      7.22, 
      9.26
    ], 
    [
      7.23, 
      9.26
    ], 
    [
      7.5, 
      8.99
    ], 
    [
      7.51, 
      8.99
    ], 
    [
      7.87, 
      8.63
    ], 
    [
      7.88, 
      8.63
    ], 
    [
      7.99, 
      8.52
    ], 
    [
      7.99, 
      6.83
    ], 
    [
      7.98, 
      6.82
    ], 
    [
      7.98, 
      5.57
    ], 
    [
      6.48, 
      5.57
    ], 
    [
      6.47, 
      5.56
    ], 
    [
      6.47, 
      5.47
    ], 
    [
      6.48, 
      5.46
    ], 
    [
      7.98, 
      5.46
    ], 
    [
      7.98, 
      0.11
    ], 
    [
      7.33, 
      0.11
    ], 
    [
      7.32, 
      0.1
    ]
  ], 
  "bbox": {
    "max": [
      7.99, 
      10.46
    ], 
    "min": [
      0.1, 
      0.1
    ]
  }, 
  "id": "bd6b5df0389119eacaff4698853b11a8"
}