{
  "room_category": {
    "Living_Room": {
      "simulation_statistics": [
        {
          "not_completed_agents": 0, 
          "max_evacuation_time": 4.950001, 
          "min_evacuation_time": 2.499999, 
          "exit_flow_rate": 1.2121209672482893, 
          "completed_agents": 6, 
          "max_traveled_distance": 5.398662, 
          "avg_evacuation_time": 3.6916656666666667, 
          "avg_traveled_distance": 4.392735166666667, 
          "min_traveled_distance": 3.181812
        }
      ], 
      "bounds": [
        [
          3.08, 
          -0.02, 
          9.03, 
          5.19
        ]
      ]
    }, 
    "Bedroom": {
      "simulation_statistics": [
        {
          "not_completed_agents": 0, 
          "max_evacuation_time": 1.749999, 
          "min_evacuation_time": 0.0, 
          "exit_flow_rate": 2.285715591837481, 
          "completed_agents": 4, 
          "max_traveled_distance": 2.111092, 
          "avg_evacuation_time": 0.9499995, 
          "avg_traveled_distance": 1.0798075, 
          "min_traveled_distance": 0.0
        }
      ], 
      "bounds": [
        [
          -0.05, 
          -0.02, 
          3.81, 
          5.17
        ]
      ]
    }
  }, 
  "room_num": 3, 
  "verts": [
    [
      0.11, 
      0.1
    ], 
    [
      0.1, 
      0.11
    ], 
    [
      0.1, 
      5.06
    ], 
    [
      3.07, 
      5.06
    ], 
    [
      3.07, 
      3.27
    ], 
    [
      3.08, 
      3.26
    ], 
    [
      3.18, 
      3.26
    ], 
    [
      3.19, 
      3.27
    ], 
    [
      3.19, 
      5.07
    ], 
    [
      4.04, 
      5.07
    ], 
    [
      4.05, 
      5.08
    ], 
    [
      4.05, 
      5.18
    ], 
    [
      4.04, 
      5.19
    ], 
    [
      3.2, 
      5.19
    ], 
    [
      3.2, 
      10.16
    ], 
    [
      8.16, 
      10.16
    ], 
    [
      8.16, 
      5.19
    ], 
    [
      7.7, 
      5.19
    ], 
    [
      7.69, 
      5.18
    ], 
    [
      7.69, 
      5.08
    ], 
    [
      7.7, 
      5.07
    ], 
    [
      8.16, 
      5.07
    ], 
    [
      8.16, 
      0.1
    ], 
    [
      3.19, 
      0.1
    ], 
    [
      3.19, 
      1.41
    ], 
    [
      3.18, 
      1.42
    ], 
    [
      3.08, 
      1.42
    ], 
    [
      3.07, 
      1.41
    ], 
    [
      3.08, 
      1.4
    ], 
    [
      3.08, 
      1.39
    ], 
    [
      3.07, 
      1.38
    ], 
    [
      3.07, 
      0.1
    ]
  ], 
  "bbox": {
    "max": [
      8.16, 
      10.16
    ], 
    "min": [
      0.1, 
      0.1
    ]
  }, 
  "id": "bf2cccf9ecb6151472317ca7b36e2c2e"
}