{
  "room_category": {
    "Wardrobe": [
      [
        -0.02, 
        2.96, 
        0.92, 
        5.08
      ]
    ], 
    "Bathroom": {
      "simulation_statistics": [
        {
          "not_completed_agents": 0, 
          "max_evacuation_time": 150.004547, 
          "min_evacuation_time": 150.004547, 
          "exit_flow_rate": 0.0, 
          "completed_agents": 0, 
          "max_traveled_distance": 2.184716, 
          "avg_evacuation_time": 150.004547, 
          "avg_traveled_distance": 2.184716, 
          "min_traveled_distance": 2.184716
        }
      ], 
      "bounds": [
        [
          -0.02, 
          4.97, 
          1.93, 
          6.71
        ]
      ]
    }, 
    "Storage": [
      [
        1.84, 
        4.98, 
        2.41, 
        5.59
      ]
    ], 
    "Bedroom": {
      "simulation_statistics": [
        {
          "not_completed_agents": 0, 
          "max_evacuation_time": 2.849998, 
          "min_evacuation_time": 0.0, 
          "exit_flow_rate": 2.8070195136979046, 
          "completed_agents": 8, 
          "max_traveled_distance": 3.416396, 
          "avg_evacuation_time": 1.0499996249999999, 
          "avg_traveled_distance": 1.3016637500000001, 
          "min_traveled_distance": 0.0
        }
      ], 
      "bounds": [
        [
          -0.05, 
          -0.87, 
          5.02, 
          6.72
        ]
      ]
    }
  }, 
  "room_num": 4, 
  "verts": [
    [
      0.11, 
      0.1
    ], 
    [
      0.1, 
      0.11
    ], 
    [
      0.1, 
      2.95
    ], 
    [
      0.89, 
      2.95
    ], 
    [
      0.91, 
      2.97
    ], 
    [
      0.91, 
      3.22
    ], 
    [
      0.9, 
      3.23
    ], 
    [
      0.8, 
      3.23
    ], 
    [
      0.79, 
      3.22
    ], 
    [
      0.79, 
      3.06
    ], 
    [
      0.1, 
      3.06
    ], 
    [
      0.1, 
      4.98
    ], 
    [
      0.79, 
      4.98
    ], 
    [
      0.79, 
      3.93
    ], 
    [
      0.8, 
      3.92
    ], 
    [
      0.9, 
      3.92
    ], 
    [
      0.91, 
      3.93
    ], 
    [
      0.91, 
      4.98
    ], 
    [
      1.12, 
      4.98
    ], 
    [
      1.13, 
      4.99
    ], 
    [
      1.13, 
      5.09
    ], 
    [
      1.12, 
      5.1
    ], 
    [
      1.11, 
      5.09
    ], 
    [
      1.1, 
      5.09
    ], 
    [
      1.09, 
      5.1
    ], 
    [
      0.1, 
      5.1
    ], 
    [
      0.1, 
      6.6
    ], 
    [
      1.83, 
      6.6
    ], 
    [
      1.83, 
      5.1
    ], 
    [
      1.82, 
      5.1
    ], 
    [
      1.81, 
      5.09
    ], 
    [
      1.81, 
      4.99
    ], 
    [
      1.82, 
      4.98
    ], 
    [
      1.93, 
      4.98
    ], 
    [
      1.94, 
      4.99
    ], 
    [
      2.34, 
      4.99
    ], 
    [
      2.35, 
      5.0
    ], 
    [
      2.35, 
      5.57
    ], 
    [
      2.34, 
      5.58
    ], 
    [
      1.95, 
      5.58
    ], 
    [
      1.95, 
      6.61
    ], 
    [
      4.77, 
      6.61
    ], 
    [
      4.77, 
      0.1
    ]
  ], 
  "bbox": {
    "max": [
      4.77, 
      6.61
    ], 
    "min": [
      0.1, 
      0.1
    ]
  }, 
  "id": "c05665aca27bbc30a2bf200e5398526f"
}