{
  "room_category": {
    "Hallway": {
      "simulation_statistics": [
        {
          "not_completed_agents": 0, 
          "max_evacuation_time": 18.550003, 
          "min_evacuation_time": 11.700027, 
          "exit_flow_rate": 0.10781669415363437, 
          "completed_agents": 2, 
          "max_traveled_distance": 18.864611, 
          "avg_evacuation_time": 15.125015000000001, 
          "avg_traveled_distance": 16.539450000000002, 
          "min_traveled_distance": 14.214289
        }, 
        {
          "not_completed_agents": 0, 
          "max_evacuation_time": 35.599743, 
          "min_evacuation_time": 35.599743, 
          "exit_flow_rate": 0.028090090425652796, 
          "completed_agents": 1, 
          "max_traveled_distance": 23.840534, 
          "avg_evacuation_time": 35.599743, 
          "avg_traveled_distance": 23.840534, 
          "min_traveled_distance": 23.840534
        }
      ], 
      "bounds": [
        [
          7.54, 
          6.8, 
          10.2, 
          10.41
        ], 
        [
          5.32, 
          1.1, 
          7.59, 
          3.74
        ]
      ]
    }, 
    "Room": {
      "simulation_statistics": [
        {
          "not_completed_agents": 0, 
          "max_evacuation_time": 13.850035, 
          "min_evacuation_time": 5.400002, 
          "exit_flow_rate": 0.28880793442038233, 
          "completed_agents": 4, 
          "max_traveled_distance": 9.556768, 
          "avg_evacuation_time": 9.16251675, 
          "avg_traveled_distance": 7.878061, 
          "min_traveled_distance": 5.737724
        }, 
        {
          "not_completed_agents": 0, 
          "max_evacuation_time": 30.749817, 
          "min_evacuation_time": 22.199947, 
          "exit_flow_rate": 0.09756155621999311, 
          "completed_agents": 3, 
          "max_traveled_distance": 23.331264, 
          "avg_evacuation_time": 25.316566333333338, 
          "avg_traveled_distance": 22.15681566666667, 
          "min_traveled_distance": 21.422535
        }, 
        {
          "not_completed_agents": 0, 
          "max_evacuation_time": 46.94957, 
          "min_evacuation_time": 27.699863, 
          "exit_flow_rate": 0.06389834880276858, 
          "completed_agents": 3, 
          "max_traveled_distance": 33.092663, 
          "avg_evacuation_time": 37.39971533333333, 
          "avg_traveled_distance": 30.928678666666666, 
          "min_traveled_distance": 28.09173
        }
      ], 
      "bounds": [
        [
          7.51, 
          3.67, 
          14.27, 
          6.86
        ], 
        [
          10.07, 
          6.79, 
          13.67, 
          10.45
        ], 
        [
          13.57, 
          10.4, 
          16.45, 
          15.6
        ]
      ]
    }, 
    "Office": {
      "simulation_statistics": [
        {
          "not_completed_agents": 0, 
          "max_evacuation_time": 150.004547, 
          "min_evacuation_time": 36.44973, 
          "exit_flow_rate": 0.013332929167807159, 
          "completed_agents": 2, 
          "max_traveled_distance": 30.5201, 
          "avg_evacuation_time": 94.06462575, 
          "avg_traveled_distance": 27.017545249999998, 
          "min_traveled_distance": 24.75835
        }
      ], 
      "bounds": [
        [
          -0.02, 
          -0.01, 
          5.39, 
          3.76
        ]
      ]
    }, 
    "Dining_Room": {
      "simulation_statistics": [
        {
          "not_completed_agents": 0, 
          "max_evacuation_time": 53.949463, 
          "min_evacuation_time": 10.700023, 
          "exit_flow_rate": 0.14828692548802572, 
          "completed_agents": 8, 
          "max_traveled_distance": 29.290001, 
          "avg_evacuation_time": 31.9247865, 
          "avg_traveled_distance": 21.678243875, 
          "min_traveled_distance": 13.498016
        }
      ], 
      "bounds": [
        [
          -0.05, 
          3.66, 
          7.58, 
          8.94
        ]
      ]
    }, 
    "Bedroom": {
      "simulation_statistics": [
        {
          "not_completed_agents": 0, 
          "max_evacuation_time": 150.004547, 
          "min_evacuation_time": 26.999874, 
          "exit_flow_rate": 0.0333323229195179, 
          "completed_agents": 5, 
          "max_traveled_distance": 32.765877, 
          "avg_evacuation_time": 55.300534, 
          "avg_traveled_distance": 30.061707333333334, 
          "min_traveled_distance": 26.967377
        }
      ], 
      "bounds": [
        [
          7.57, 
          10.41, 
          13.68, 
          15.61
        ]
      ]
    }, 
    "Guest_Room": {
      "simulation_statistics": [
        {
          "not_completed_agents": 0, 
          "max_evacuation_time": 1.849999, 
          "min_evacuation_time": 0.0, 
          "exit_flow_rate": 2.7027041636238724, 
          "completed_agents": 5, 
          "max_traveled_distance": 2.273693, 
          "avg_evacuation_time": 0.9599996000000001, 
          "avg_traveled_distance": 1.2581140000000002, 
          "min_traveled_distance": 0.0
        }
      ], 
      "bounds": [
        [
          7.51, 
          -0.05, 
          13.68, 
          3.76
        ]
      ]
    }, 
    "Hall": {
      "simulation_statistics": [
        {
          "not_completed_agents": 0, 
          "max_evacuation_time": 47.699558, 
          "min_evacuation_time": 19.249992, 
          "exit_flow_rate": 0.14675188394827474, 
          "completed_agents": 7, 
          "max_traveled_distance": 31.630682, 
          "avg_evacuation_time": 29.56412057142857, 
          "avg_traveled_distance": 23.78808157142857, 
          "min_traveled_distance": 20.490219
        }
      ], 
      "bounds": [
        [
          1.44, 
          8.74, 
          7.62, 
          14.13
        ]
      ]
    }
  }, 
  "room_num": 11,