{
  "room_category": {
    "Living_Room": {
      "simulation_statistics": [
        {
          "not_completed_agents": 0, 
          "max_evacuation_time": 16.950027, 
          "min_evacuation_time": 4.349998, 
          "exit_flow_rate": 0.8259573863805645, 
          "completed_agents": 14, 
          "max_traveled_distance": 20.788826, 
          "avg_evacuation_time": 8.79287007142857, 
          "avg_traveled_distance": 10.427437928571427, 
          "min_traveled_distance": 5.921254
        }
      ], 
      "bounds": [
        [
          -0.02, 
          4.95, 
          7.28, 
          14.43
        ]
      ]
    }
  }, 
  "room_num": 2, 
  "verts": [
    [
      3.19, 
      0.1
    ], 
    [
      3.18, 
      0.11
    ], 
    [
      3.18, 
      5.0
    ], 
    [
      3.32, 
      5.0
    ], 
    [
      3.33, 
      5.01
    ], 
    [
      3.84, 
      5.01
    ], 
    [
      3.85, 
      5.02
    ], 
    [
      4.19, 
      5.02
    ], 
    [
      4.2, 
      5.03
    ], 
    [
      4.2, 
      5.17
    ], 
    [
      4.19, 
      5.18
    ], 
    [
      3.07, 
      5.18
    ], 
    [
      3.06, 
      5.17
    ], 
    [
      3.06, 
      5.12
    ], 
    [
      2.86, 
      5.12
    ], 
    [
      2.85, 
      5.11
    ], 
    [
      2.34, 
      5.11
    ], 
    [
      2.33, 
      5.1
    ], 
    [
      1.82, 
      5.1
    ], 
    [
      1.81, 
      5.09
    ], 
    [
      1.3, 
      5.09
    ], 
    [
      1.29, 
      5.08
    ], 
    [
      0.78, 
      5.08
    ], 
    [
      0.77, 
      5.07
    ], 
    [
      0.26, 
      5.07
    ], 
    [
      0.25, 
      5.06
    ], 
    [
      0.13, 
      5.06
    ], 
    [
      0.12, 
      5.07
    ], 
    [
      0.1, 
      5.07
    ], 
    [
      0.1, 
      13.62
    ], 
    [
      0.45, 
      13.62
    ], 
    [
      0.46, 
      13.63
    ], 
    [
      1.12, 
      13.63
    ], 
    [
      1.13, 
      13.64
    ], 
    [
      1.79, 
      13.64
    ], 
    [
      1.8, 
      13.65
    ], 
    [
      2.33, 
      13.65
    ], 
    [
      2.34, 
      13.66
    ], 
    [
      2.85, 
      13.66
    ], 
    [
      2.86, 
      13.67
    ], 
    [
      3.37, 
      13.67
    ], 
    [
      3.38, 
      13.68
    ], 
    [
      3.89, 
      13.68
    ], 
    [
      3.9, 
      13.69
    ], 
    [
      4.41, 
      13.69
    ], 
    [
      4.42, 
      13.7
    ], 
    [
      4.97, 
      13.7
    ], 
    [
      4.98, 
      13.71
    ], 
    [
      5.48, 
      13.71
    ], 
    [
      5.49, 
      13.72
    ], 
    [
      6.0, 
      13.72
    ], 
    [
      6.01, 
      13.73
    ], 
    [
      6.51, 
      13.73
    ], 
    [
      6.52, 
      13.74
    ], 
    [
      7.02, 
      13.74
    ], 
    [
      7.03, 
      13.75
    ], 
    [
      7.17, 
      13.75
    ], 
    [
      7.17, 
      5.19
    ], 
    [
      6.94, 
      5.19
    ], 
    [
      6.93, 
      5.18
    ], 
    [
      6.06, 
      5.18
    ], 
    [
      6.05, 
      5.17
    ], 
    [
      6.05, 
      5.06
    ], 
    [
      6.06, 
      5.05
    ], 
    [
      6.35, 
      5.05
    ], 
    [
      6.36, 
      5.06
    ], 
    [
      6.93, 
      5.06
    ], 
    [
      6.94, 
      5.07
    ], 
    [
      7.17, 
      5.07
    ], 
    [
      7.17, 
      0.1
    ]
  ], 
  "bbox": {
    "max": [
      7.17, 
      13.75
    ], 
    "min": [
      0.1, 
      0.1
    ]
  }, 
  "id": "c3a034fc71f857a2ab01fa4d87c9a1b4"
}