{
  "room_category": {
    "Hallway": {
      "simulation_statistics": [
        {
          "not_completed_agents": 0, 
          "max_evacuation_time": 13.700034, 
          "min_evacuation_time": 9.90002, 
          "exit_flow_rate": 0.218977558741825, 
          "completed_agents": 3, 
          "max_traveled_distance": 15.464545, 
          "avg_evacuation_time": 12.150028333333333, 
          "avg_traveled_distance": 14.690896333333333, 
          "min_traveled_distance": 13.346079
        }, 
        {
          "not_completed_agents": 0, 
          "max_evacuation_time": 16.550034, 
          "min_evacuation_time": 11.350025, 
          "exit_flow_rate": 0.30211418296784165, 
          "completed_agents": 5, 
          "max_traveled_distance": 17.537157, 
          "avg_evacuation_time": 13.140029799999999, 
          "avg_traveled_distance": 15.997814400000001, 
          "min_traveled_distance": 14.815388
        }
      ], 
      "bounds": [
        [
          12.22, 
          3.58, 
          14.35, 
          10.7
        ], 
        [
          13.81, 
          3.48, 
          20.26, 
          7.37
        ]
      ]
    }, 
    "Toilet": {
      "simulation_statistics": [
        {
          "not_completed_agents": 0, 
          "max_evacuation_time": 18.350006, 
          "min_evacuation_time": 15.800042, 
          "exit_flow_rate": 0.10899178997543651, 
          "completed_agents": 2, 
          "max_traveled_distance": 18.213263, 
          "avg_evacuation_time": 17.075024, 
          "avg_traveled_distance": 17.612446, 
          "min_traveled_distance": 17.011629
        }
      ], 
      "bounds": [
        [
          16.27, 
          -0.02, 
          19.47, 
          3.68
        ]
      ]
    }, 
    "Living_Room": {
      "simulation_statistics": [
        {
          "not_completed_agents": 0, 
          "max_evacuation_time": 19.799984, 
          "min_evacuation_time": 7.40001, 
          "exit_flow_rate": 0.6060610958069461, 
          "completed_agents": 12, 
          "max_traveled_distance": 17.423683, 
          "avg_evacuation_time": 10.904179083333332, 
          "avg_traveled_distance": 12.847468166666665, 
          "min_traveled_distance": 10.278861
        }
      ], 
      "bounds": [
        [
          5.08, 
          3.59, 
          12.26, 
          11.78
        ]
      ]
    }, 
    "Storage": {
      "simulation_statistics": [
        {
          "not_completed_agents": 0, 
          "max_evacuation_time": 0.45, 
          "min_evacuation_time": 0.0, 
          "exit_flow_rate": 8.88888888888889, 
          "completed_agents": 4, 
          "max_traveled_distance": 0.581106, 
          "avg_evacuation_time": 0.225, 
          "avg_traveled_distance": 0.2519715, 
          "min_traveled_distance": 0.0
        }
      ], 
      "bounds": [
        [
          -0.02, 
          -0.01, 
          5.26, 
          3.74
        ]
      ]
    }, 
    "Terrace": {
      "simulation_statistics": [
        {
          "not_completed_agents": 0, 
          "max_evacuation_time": 17.750015, 
          "min_evacuation_time": 6.500007, 
          "exit_flow_rate": 0.28168990279726525, 
          "completed_agents": 5, 
          "max_traveled_distance": 15.128648, 
          "avg_evacuation_time": 12.700019000000001, 
          "avg_traveled_distance": 11.561894599999999, 
          "min_traveled_distance": 8.054405
        }
      ], 
      "bounds": [
        [
          -0.06, 
          3.59, 
          5.19, 
          8.78
        ]
      ]
    }, 
    "Lobby": {
      "simulation_statistics": [
        {
          "not_completed_agents": 0, 
          "max_evacuation_time": 14.100036, 
          "min_evacuation_time": 12.250029, 
          "exit_flow_rate": 0.14184360947730915, 
          "completed_agents": 2, 
          "max_traveled_distance": 15.726523, 
          "avg_evacuation_time": 13.1750325, 
          "avg_traveled_distance": 15.3468835, 
          "min_traveled_distance": 14.967244
        }
      ], 
      "bounds": [
        [
          13.67, 
          -0.02, 
          16.97, 
          3.68
        ]
      ]
    }, 
    "Kitchen": {
      "simulation_statistics": [
        {
          "not_completed_agents": 0, 
          "max_evacuation_time": 20.599972, 
          "min_evacuation_time": 9.450018, 
          "exit_flow_rate": 0.33980628711534167, 
          "completed_agents": 7, 
          "max_traveled_distance": 18.531729, 
          "avg_evacuation_time": 13.442877714285714, 
          "avg_traveled_distance": 15.862459999999999, 
          "min_traveled_distance": 12.912621
        }
      ], 
      "bounds": [
        [
          12.25, 
          7.06, 
          19.47, 
          11.72
        ]
      ]
    }
  }, 
  "room_num": 10, 
  "verts": [
    [
      0.11, 
      0.1
    ], 
    [
      0.1, 
      0.11
    ], 
    [
      0.1, 
      3.58
    ], 
    [
      5.07, 
      3.58
    ], 
    [
      5.07, 
      2.65
    ], 
    [
      5.08, 
      2.64
    ], 
    [
      5.17, 
      2.64
    ], 
    [
      5.18, 
      2.65
    ], 
    [
      5.18, 
      3.58
    ], 
    [
      5.19, 
      3.58
    ], 
    [
      5.2, 
      3.59
    ], 
    [
      5.2, 
      3.89
    ], 
    [
      5.19, 
      3.9
    ], 
    [
      5.08, 
      3.9
    ], 
    [
      5.07, 
      3.89
    ], 
    [
      5.07, 
      3.7
    ], 
    [
      0.1, 
      3.7
    ], 
    [
      0.1, 
      8.67
    ], 
    [
      5.07, 
      8.67
    ], 
    [
      5.07, 
      8.43
    ], 
    [
      5.08, 
      8.42
    ], 
    [
      5.18, 
      8.42
    ], 
    [
      5.19, 
      8.43
    ], 
    [
      5.19, 
      11.67
    ], 
    [
      19.36, 
      11.67
    ], 
    [
      19.36, 
      3.7
    ], 
    [
      14.29, 
      3.7
    ], 
    [
      14.27, 
      3.68
    ], 
    [
      14.27, 
      2.38
    ], 
    [
      14.28, 
      2.37
    ], 
    [
      14.38, 
      2.37
    ], 
    [
      14.39, 
      2.38
    ], 
    [
      14.39, 
      3.58
    ], 
    [
      16.87, 
      3.58
    ], 
    [
      16.87, 
      2.38
    ], 
    [
      16.88, 
      2.37
    ], 
    [
      16.98, 
      2.37
    ], 
    [
      16.99, 
      2.38
    ], 
    [
      16.99, 
      3.58
    ], 
    [
      19.36, 
      3.58
    ], 
    [
      19.36, 
      0.12
    ], 
    [
      18.83, 
      0.12
    ], 
    [
      18.82, 
      0.11
    ], 
    [
      17.54, 
      0.11
    ], 
    [
      17.53, 
      0.1
    ], 
    [
      16.99, 
      0.1
    ], 
    [
      16.99, 
      1.34
    ], 
    [
      16.98, 
      1.35
    ], 
    [
      16.88, 
      1.35
    ], 
    [
      16.87, 
      1.34
    ], 
    [
      16.87, 
      0.1
    ], 
    [
      14.39, 
      0.1
    ], 
    [
      14.39, 
      1.36
    ], 
    [
      14.38, 
      1.37
    ], 
    [
      14.28, 
      1.37
    ], 
    [
      14.27, 
      1.36
    ], 
    [
      14.27, 
      0.1
    ], 
    [
      5.18, 
      0.1
    ], 
    [
      5.18, 
      1.22
    ], 
    [
      5.17, 
      1.23
    ], 
    [
      5.08, 
      1.23
    ], 
    [
      5.07, 
      1.22
    ], 
    [
      5.07, 
      0.1
    ]
  ], 
  "bbox": {
    "max": [
      19.36, 
      11.67
    ], 
    "min": [
      0.1, 
      0.1
    ]
  }, 
  "id": "c49f76ec62d9106c07563702146dd53a"
}