{
  "room_category": {
    "Room": {
      "simulation_statistics": [
        {
          "not_completed_agents": 0, 
          "max_evacuation_time": 10.250021, 
          "min_evacuation_time": 4.950001, 
          "exit_flow_rate": 0.487803878645712, 
          "completed_agents": 5, 
          "max_traveled_distance": 12.587455, 
          "avg_evacuation_time": 7.420010400000001, 
          "avg_traveled_distance": 8.9152658, 
          "min_traveled_distance": 5.89571
        }, 
        {
          "not_completed_agents": 0, 
          "max_evacuation_time": 18.999996, 
          "min_evacuation_time": 11.400025, 
          "exit_flow_rate": 0.315789540166219, 
          "completed_agents": 6, 
          "max_traveled_distance": 17.159828, 
          "avg_evacuation_time": 14.966690999999999, 
          "avg_traveled_distance": 15.756633, 
          "min_traveled_distance": 13.608748
        }
      ], 
      "bounds": [
        [
          5.06, 
          2.47, 
          12.43, 
          6.06
        ], 
        [
          11.73, 
          -0.03, 
          16.92, 
          6.07
        ]
      ]
    }
  }, 
  "room_num": 3, 
  "verts": [
    [
      0.11, 
      0.1
    ], 
    [
      0.1, 
      0.11
    ], 
    [
      0.1, 
      5.83
    ], 
    [
      5.07, 
      5.83
    ], 
    [
      5.07, 
      4.69
    ], 
    [
      5.08, 
      4.68
    ], 
    [
      5.18, 
      4.68
    ], 
    [
      5.19, 
      4.69
    ], 
    [
      5.19, 
      5.84
    ], 
    [
      5.47, 
      5.84
    ], 
    [
      5.48, 
      5.85
    ], 
    [
      6.07, 
      5.85
    ], 
    [
      6.08, 
      5.86
    ], 
    [
      6.67, 
      5.86
    ], 
    [
      6.68, 
      5.87
    ], 
    [
      7.27, 
      5.87
    ], 
    [
      7.28, 
      5.88
    ], 
    [
      7.84, 
      5.88
    ], 
    [
      7.85, 
      5.89
    ], 
    [
      8.45, 
      5.89
    ], 
    [
      8.46, 
      5.9
    ], 
    [
      9.06, 
      5.9
    ], 
    [
      9.07, 
      5.91
    ], 
    [
      9.72, 
      5.91
    ], 
    [
      9.73, 
      5.92
    ], 
    [
      10.32, 
      5.92
    ], 
    [
      10.33, 
      5.93
    ], 
    [
      10.92, 
      5.93
    ], 
    [
      10.93, 
      5.94
    ], 
    [
      11.52, 
      5.94
    ], 
    [
      11.53, 
      5.95
    ], 
    [
      11.72, 
      5.95
    ], 
    [
      11.72, 
      4.71
    ], 
    [
      11.73, 
      4.7
    ], 
    [
      11.83, 
      4.7
    ], 
    [
      11.84, 
      4.71
    ], 
    [
      11.83, 
      4.72
    ], 
    [
      11.84, 
      4.73
    ], 
    [
      11.84, 
      5.94
    ], 
    [
      16.81, 
      5.94
    ], 
    [
      16.81, 
      0.1
    ], 
    [
      14.27, 
      0.1
    ], 
    [
      14.26, 
      0.11
    ], 
    [
      14.26, 
      2.46
    ], 
    [
      14.25, 
      2.47
    ], 
    [
      14.25, 
      2.55
    ], 
    [
      14.23, 
      2.57
    ], 
    [
      14.15, 
      2.57
    ], 
    [
      14.14, 
      2.58
    ], 
    [
      11.84, 
      2.58
    ], 
    [
      11.84, 
      3.69
    ], 
    [
      11.83, 
      3.7
    ], 
    [
      11.73, 
      3.7
    ], 
    [
      11.72, 
      3.69
    ], 
    [
      11.72, 
      2.58
    ], 
    [
      5.19, 
      2.58
    ], 
    [
      5.19, 
      3.67
    ], 
    [
      5.18, 
      3.68
    ], 
    [
      5.08, 
      3.68
    ], 
    [
      5.07, 
      3.67
    ], 
    [
      5.07, 
      2.56
    ], 
    [
      2.59, 
      2.56
    ], 
    [
      2.57, 
      2.54
    ], 
    [
      2.57, 
      2.45
    ], 
    [
      2.56, 
      2.44
    ], 
    [
      2.56, 
      0.1
    ]
  ], 
  "bbox": {
    "max": [
      16.81, 
      5.95
    ], 
    "min": [
      0.1, 
      0.1
    ]
  }, 
  "id": "c4d322fb26c043a0ddce7f3ef41cc094"
}