{
  "room_category": {
    "Toilet": {
      "simulation_statistics": [
        {
          "not_completed_agents": 0, 
          "max_evacuation_time": 10.550022, 
          "min_evacuation_time": 10.550022, 
          "exit_flow_rate": 0.09478653219870063, 
          "completed_agents": 1, 
          "max_traveled_distance": 11.475179, 
          "avg_evacuation_time": 10.550022, 
          "avg_traveled_distance": 11.475179, 
          "min_traveled_distance": 11.475179
        }, 
        {
          "not_completed_agents": 0, 
          "max_evacuation_time": 9.050016, 
          "min_evacuation_time": 9.050016, 
          "exit_flow_rate": 0.110497042215174, 
          "completed_agents": 1, 
          "max_traveled_distance": 10.70852, 
          "avg_evacuation_time": 9.050016, 
          "avg_traveled_distance": 10.70852, 
          "min_traveled_distance": 10.70852
        }
      ], 
      "bounds": [
        [
          -0.01, 
          3.53, 
          2.6, 
          4.8
        ], 
        [
          -0.01, 
          2.35, 
          2.6, 
          3.62
        ]
      ]
    }, 
    "Kitchen": {
      "simulation_statistics": [
        {
          "not_completed_agents": 0, 
          "max_evacuation_time": 8.000012, 
          "min_evacuation_time": 4.950001, 
          "exit_flow_rate": 0.37499943750084375, 
          "completed_agents": 3, 
          "max_traveled_distance": 8.802374, 
          "avg_evacuation_time": 6.333339333333334, 
          "avg_traveled_distance": 6.7537009999999995, 
          "min_traveled_distance": 4.756394
        }
      ], 
      "bounds": [
        [
          -0.2, 
          -0.31, 
          5.95, 
          2.32
        ]
      ]
    }
  }, 
  "room_num": 8, 
  "verts": [
    [
      8.34, 
      0.1
    ], 
    [
      8.33, 
      0.11
    ], 
    [
      8.33, 
      2.36
    ], 
    [
      10.58, 
      2.36
    ], 
    [
      10.59, 
      2.37
    ], 
    [
      10.59, 
      2.48
    ], 
    [
      10.58, 
      2.49
    ], 
    [
      8.22, 
      2.49
    ], 
    [
      8.21, 
      2.5
    ], 
    [
      2.17, 
      2.5
    ], 
    [
      2.17, 
      2.61
    ], 
    [
      2.16, 
      2.62
    ], 
    [
      1.97, 
      2.62
    ], 
    [
      1.96, 
      2.61
    ], 
    [
      1.96, 
      2.46
    ], 
    [
      0.1, 
      2.46
    ], 
    [
      0.1, 
      3.52
    ], 
    [
      1.96, 
      3.52
    ], 
    [
      1.96, 
      3.37
    ], 
    [
      1.97, 
      3.36
    ], 
    [
      2.16, 
      3.36
    ], 
    [
      2.17, 
      3.37
    ], 
    [
      2.17, 
      3.71
    ], 
    [
      2.16, 
      3.72
    ], 
    [
      1.97, 
      3.72
    ], 
    [
      1.96, 
      3.71
    ], 
    [
      1.96, 
      3.63
    ], 
    [
      0.1, 
      3.63
    ], 
    [
      0.1, 
      4.69
    ], 
    [
      1.96, 
      4.69
    ], 
    [
      1.96, 
      4.47
    ], 
    [
      1.97, 
      4.46
    ], 
    [
      2.16, 
      4.46
    ], 
    [
      2.17, 
      4.47
    ], 
    [
      2.17, 
      4.8
    ], 
    [
      2.18, 
      4.81
    ], 
    [
      2.18, 
      4.89
    ], 
    [
      14.06, 
      4.89
    ], 
    [
      14.06, 
      2.49
    ], 
    [
      11.8, 
      2.49
    ], 
    [
      11.79, 
      2.48
    ], 
    [
      11.79, 
      2.37
    ], 
    [
      11.8, 
      2.36
    ], 
    [
      14.06, 
      2.36
    ], 
    [
      14.06, 
      0.1
    ]
  ], 
  "bbox": {
    "max": [
      14.06, 
      4.89
    ], 
    "min": [
      0.1, 
      0.1
    ]
  }, 
  "id": "c5b050bf000db65c72254f69bea33c3f"
}