{
  "room_category": {
    "Toilet": {
      "simulation_statistics": [
        {
          "not_completed_agents": 0, 
          "max_evacuation_time": 3.049998, 
          "min_evacuation_time": 2.399999, 
          "exit_flow_rate": 0.6557381349102525, 
          "completed_agents": 2, 
          "max_traveled_distance": 3.638747, 
          "avg_evacuation_time": 2.7249985, 
          "avg_traveled_distance": 3.0025455, 
          "min_traveled_distance": 2.366344
        }
      ], 
      "bounds": [
        [
          -0.05, 
          2.97, 
          3.37, 
          5.64
        ]
      ]
    }, 
    "Bathroom": {
      "simulation_statistics": [
        {
          "not_completed_agents": 0, 
          "max_evacuation_time": 3.449998, 
          "min_evacuation_time": 1.649999, 
          "exit_flow_rate": 0.5797104809915832, 
          "completed_agents": 2, 
          "max_traveled_distance": 3.590842, 
          "avg_evacuation_time": 2.5499985, 
          "avg_traveled_distance": 2.8193314999999997, 
          "min_traveled_distance": 2.047821
        }
      ], 
      "bounds": [
        [
          -0.05, 
          2.97, 
          3.37, 
          5.64
        ]
      ]
    }, 
    "Kitchen": {
      "simulation_statistics": [
        {
          "not_completed_agents": 0, 
          "max_evacuation_time": 9.650019, 
          "min_evacuation_time": 7.40001, 
          "exit_flow_rate": 0.31088021691978013, 
          "completed_agents": 3, 
          "max_traveled_distance": 9.516745, 
          "avg_evacuation_time": 8.566681333333333, 
          "avg_traveled_distance": 9.34615, 
          "min_traveled_distance": 9.170015
        }
      ], 
      "bounds": [
        [
          5.07, 
          5.55, 
          8.41, 
          10.76
        ]
      ]
    }
  }, 
  "room_num": 6, 
  "verts": [
    [
      0.11, 
      0.1
    ], 
    [
      0.1, 
      0.11
    ], 
    [
      0.1, 
      3.08
    ], 
    [
      0.78, 
      3.08
    ], 
    [
      0.79, 
      3.09
    ], 
    [
      0.79, 
      3.19
    ], 
    [
      0.78, 
      3.2
    ], 
    [
      0.77, 
      3.19
    ], 
    [
      0.76, 
      3.2
    ], 
    [
      0.1, 
      3.2
    ], 
    [
      0.1, 
      5.54
    ], 
    [
      2.57, 
      5.54
    ], 
    [
      2.57, 
      4.36
    ], 
    [
      2.58, 
      4.35
    ], 
    [
      2.68, 
      4.35
    ], 
    [
      2.69, 
      4.36
    ], 
    [
      2.69, 
      8.2
    ], 
    [
      2.68, 
      8.21
    ], 
    [
      2.68, 
      8.23
    ], 
    [
      2.69, 
      8.24
    ], 
    [
      2.68, 
      8.25
    ], 
    [
      2.58, 
      8.25
    ], 
    [
      2.57, 
      8.24
    ], 
    [
      2.57, 
      5.66
    ], 
    [
      2.56, 
      5.65
    ], 
    [
      0.1, 
      5.65
    ], 
    [
      0.1, 
      10.63
    ], 
    [
      5.07, 
      10.63
    ], 
    [
      5.07, 
      9.57
    ], 
    [
      5.08, 
      9.56
    ], 
    [
      5.18, 
      9.56
    ], 
    [
      5.19, 
      9.57
    ], 
    [
      5.18, 
      9.58
    ], 
    [
      5.18, 
      9.59
    ], 
    [
      5.19, 
      9.6
    ], 
    [
      5.19, 
      10.61
    ], 
    [
      5.2, 
      10.61
    ], 
    [
      5.21, 
      10.6
    ], 
    [
      5.23, 
      10.6
    ], 
    [
      5.24, 
      10.59
    ], 
    [
      5.25, 
      10.59
    ], 
    [
      5.26, 
      10.58
    ], 
    [
      5.28, 
      10.58
    ], 
    [
      5.29, 
      10.57
    ], 
    [
      5.3, 
      10.57
    ], 
    [
      5.31, 
      10.56
    ], 
    [
      5.32, 
      10.56
    ], 
    [
      5.33, 
      10.55
    ], 
    [
      5.35, 
      10.55
    ], 
    [
      5.36, 
      10.54
    ], 
    [
      5.37, 
      10.54
    ], 
    [
      5.38, 
      10.53
    ], 
    [
      5.4, 
      10.53
    ], 
    [
      5.41, 
      10.52
    ], 
    [
      5.42, 
      10.52
    ], 
    [
      5.43, 
      10.51
    ], 
    [
      5.45, 
      10.51
    ], 
    [
      5.46, 
      10.5
    ], 
    [
      5.47, 
      10.5
    ], 
    [
      5.48, 
      10.49
    ], 
    [
      5.5, 
      10.49
    ], 
    [
      5.51, 
      10.48
    ], 
    [
      5.52, 
      10.48
    ], 
    [
      5.53, 
      10.47
    ], 
    [
      5.55, 
      10.47
    ], 
    [
      5.56, 
      10.46
    ], 
    [
      5.57, 
      10.46
    ], 
    [
      5.58, 
      10.45
    ], 
    [
      5.6, 
      10.45
    ], 
    [
      5.61, 
      10.44
    ], 
    [
      5.62, 
      10.44
    ], 
    [
      5.63, 
      10.43
    ], 
    [
      5.65, 
      10.43
    ], 
    [
      5.66, 
      10.42
    ], 
    [
      5.67, 
      10.42
    ], 
    [
      5.68, 
      10.41
    ], 
    [
      5.7, 
      10.41
    ], 
    [
      5.71, 
      10.4
    ], 
    [
      5.72, 
      10.4
    ], 
    [
      5.73, 
      10.39
    ], 
    [
      5.75, 
      10.39
    ], 
    [
      5.76, 
      10.38
    ], 
    [
      5.77, 
      10.38
    ], 
    [
      5.78, 
      10.37
    ], 
    [
      5.8, 
      10.37
    ], 
    [
      5.81, 
      10.36
    ], 
    [
      5.82, 
      10.36
    ], 
    [
      5.83, 
      10.35
    ], 
    [
      5.84, 
      10.35
    ], 
    [
      5.85, 
      10.34
    ], 
    [
      5.87, 
      10.34
    ], 
    [
      5.88, 
      10.33
    ], 
    [
      5.89, 
      10.33
    ], 
    [
      5.9, 
      10.32
    ], 
    [
      5.92, 
      10.32
    ], 
    [
      5.93, 
      10.31
    ], 
    [
      5.94, 
      10.31
    ], 
    [
      5.95, 
      10.3
    ], 
    [
      5.97, 
      10.3
    ], 
    [
      5.98, 
      10.29
    ], 
    [
      5.99, 
      10.29
    ], 
    [
      6.0, 
      10.28
    ], 
    [
      6.02, 
      10.28
    ], 
    [
      6.03, 
      10.27
    ], 
    [
      6.04, 
      10.27
    ], 
    [
      6.05, 
      10.26
    ], 
    [
      6.07, 
      10.26
    ], 
    [
      6.08, 
      10.25
    ], 
    [
      6.09, 
      10.25
    ], 
    [
      6.1, 
      10.24
    ], 
    [
      6.12, 
      10.24
    ], 
    [
      6.13, 
      10.23
    ], 
    [
      6.14, 
      10.23
    ], 
    [
      6.15, 
      10.22
    ], 
    [
      6.17, 
      10.22
    ], 
    [
      6.18, 
      10.21
    ], 
    [
      6.19, 
      10.21
    ], 
    [
      6.2, 
      10.2
    ], 
    [
      6.22, 
      10.2
    ], 
    [
      6.23, 
      10.19
    ], 
    [
      6.24, 
      10.19
    ], 
    [
      6.25, 
      10.18
    ], 
    [
      6.27, 
      10.18
    ], 
    [
      6.28, 
      10.17
    ], 
    [
      6.29, 
      10.17
    ], 
    [
      6.3, 
      10.16
    ], 
    [
      6.31, 
      10.16
    ], 
    [
      6.32, 
      10.15
    ], 
    [
      6.34, 
      10.15
    ], 
    [
      6.35, 
      10.14
    ], 
    [
      6.36, 
      10.14
    ], 
    [
      6.37, 
      10.13
    ], 
    [
      6.39, 
      10.13
    ], 
    [
      6.4, 
      10.12
    ], 
    [
      6.41, 
      10.12
    ], 
    [
      6.42, 
      10.11
    ], 
    [
      6.44, 
      10.11
    ], 
    [
      6.45, 
      10.1
    ], 
    [
      6.47, 
      10.1
    ], 
    [
      6.52, 
      10.05
    ], 
    [
      6.53, 
      10.05
    ], 
    [
      6.58, 
      10.0
    ], 
    [
      6.59, 
      10.0
    ], 
