{
  "room_category": {
    "Bathroom": {
      "simulation_statistics": [
        {
          "not_completed_agents": 0, 
          "max_evacuation_time": 5.950005, 
          "min_evacuation_time": 5.950005, 
          "exit_flow_rate": 0.1680670856579112, 
          "completed_agents": 1, 
          "max_traveled_distance": 6.438656, 
          "avg_evacuation_time": 5.950005, 
          "avg_traveled_distance": 6.438656, 
          "min_traveled_distance": 6.438656
        }
      ], 
      "bounds": [
        [
          2.91, 
          4.53, 
          5.6, 
          7.05
        ]
      ]
    }, 
    "Bedroom": {
      "simulation_statistics": [
        {
          "not_completed_agents": 0, 
          "max_evacuation_time": 11.200025, 
          "min_evacuation_time": 0.0, 
          "exit_flow_rate": 0.8035696348892079, 
          "completed_agents": 9, 
          "max_traveled_distance": 13.565253, 
          "avg_evacuation_time": 3.222224222222222, 
          "avg_traveled_distance": 4.020659888888889, 
          "min_traveled_distance": 0.0
        }
      ], 
      "bounds": [
        [
          -0.04, 
          -0.1, 
          5.69, 
          7.94
        ]
      ]
    }
  }, 
  "room_num": 2, 
  "verts": [
    [
      0.11, 
      0.1
    ], 
    [
      0.1, 
      0.11
    ], 
    [
      0.1, 
      3.67
    ], 
    [
      0.11, 
      3.68
    ], 
    [
      0.11, 
      6.98
    ], 
    [
      1.01, 
      6.98
    ], 
    [
      1.02, 
      6.97
    ], 
    [
      1.93, 
      6.97
    ], 
    [
      1.94, 
      6.96
    ], 
    [
      2.79, 
      6.96
    ], 
    [
      2.8, 
      6.95
    ], 
    [
      3.18, 
      6.95
    ], 
    [
      3.19, 
      6.96
    ], 
    [
      3.52, 
      6.96
    ], 
    [
      3.52, 
      6.22
    ], 
    [
      3.53, 
      6.21
    ], 
    [
      3.62, 
      6.21
    ], 
    [
      3.63, 
      6.22
    ], 
    [
      3.63, 
      6.94
    ], 
    [
      5.47, 
      6.94
    ], 
    [
      5.47, 
      6.91
    ], 
    [
      5.48, 
      6.9
    ], 
    [
      5.48, 
      4.63
    ], 
    [
      3.63, 
      4.63
    ], 
    [
      3.63, 
      5.2
    ], 
    [
      3.62, 
      5.21
    ], 
    [
      3.53, 
      5.21
    ], 
    [
      3.52, 
      5.2
    ], 
    [
      3.52, 
      4.53
    ], 
    [
      3.53, 
      4.52
    ], 
    [
      5.51, 
      4.52
    ], 
    [
      5.51, 
      4.41
    ], 
    [
      5.52, 
      4.4
    ], 
    [
      5.52, 
      3.73
    ], 
    [
      5.53, 
      3.72
    ], 
    [
      5.53, 
      3.05
    ], 
    [
      5.54, 
      3.04
    ], 
    [
      5.54, 
      2.37
    ], 
    [
      5.55, 
      2.36
    ], 
    [
      5.55, 
      1.69
    ], 
    [
      5.56, 
      1.68
    ], 
    [
      5.56, 
      1.01
    ], 
    [
      5.57, 
      1.0
    ], 
    [
      5.57, 
      0.33
    ], 
    [
      5.58, 
      0.32
    ], 
    [
      5.58, 
      0.1
    ]
  ], 
  "bbox": {
    "max": [
      5.58, 
      6.98
    ], 
    "min": [
      0.1, 
      0.1
    ]
  }, 
  "id": "c66a6c269b1b92870957c784699a98f4"
}