{
  "room_category": {
    "Hallway": {
      "simulation_statistics": [
        {
          "not_completed_agents": 0, 
          "max_evacuation_time": 11.500026, 
          "min_evacuation_time": 7.700011, 
          "exit_flow_rate": 0.43478162571110707, 
          "completed_agents": 5, 
          "max_traveled_distance": 15.93901, 
          "avg_evacuation_time": 10.1000204, 
          "avg_traveled_distance": 12.502531600000001, 
          "min_traveled_distance": 9.936536
        }
      ], 
      "bounds": [
        [
          6.65, 
          5.83, 
          14.15, 
          9.06
        ]
      ]
    }, 
    "Bathroom": {
      "simulation_statistics": [
        {
          "not_completed_agents": 0, 
          "max_evacuation_time": 24.949905, 
          "min_evacuation_time": 17.750015, 
          "exit_flow_rate": 0.16032125172420494, 
          "completed_agents": 4, 
          "max_traveled_distance": 23.950935, 
          "avg_evacuation_time": 21.56245675, 
          "avg_traveled_distance": 22.543798250000002, 
          "min_traveled_distance": 20.40966
        }, 
        {
          "not_completed_agents": 0, 
          "max_evacuation_time": 33.449776, 
          "min_evacuation_time": 27.699863, 
          "exit_flow_rate": 0.08968669924725356, 
          "completed_agents": 3, 
          "max_traveled_distance": 27.05336, 
          "avg_evacuation_time": 29.866497, 
          "avg_traveled_distance": 26.038689333333334, 
          "min_traveled_distance": 25.095806
        }
      ], 
      "bounds": [
        [
          13.52, 
          5.45, 
          18.02, 
          9.57
        ], 
        [
          13.52, 
          2.68, 
          18.02, 
          5.53
        ]
      ]
    }, 
    "Office": {
      "simulation_statistics": [
        {
          "not_completed_agents": 0, 
          "max_evacuation_time": 24.149918, 
          "min_evacuation_time": 18.000011, 
          "exit_flow_rate": 0.12422402428033089, 
          "completed_agents": 3, 
          "max_traveled_distance": 24.487947, 
          "avg_evacuation_time": 21.116630666666666, 
          "avg_traveled_distance": 22.724181333333334, 
          "min_traveled_distance": 21.656017
        }
      ], 
      "bounds": [
        [
          13.48, 
          -0.04, 
          18.05, 
          2.81
        ]
      ]
    }, 
    "Guest_Room": {
      "simulation_statistics": [
        {
          "not_completed_agents": 0, 
          "max_evacuation_time": 37.449715, 
          "min_evacuation_time": 16.15004, 
          "exit_flow_rate": 0.10680989161065713, 
          "completed_agents": 4, 
          "max_traveled_distance": 25.222691, 
          "avg_evacuation_time": 29.76233225, 
          "avg_traveled_distance": 20.2567965, 
          "min_traveled_distance": 14.658979
        }
      ], 
      "bounds": [
        [
          6.64, 
          -0.04, 
          9.91, 
          6.61
        ]
      ]
    }, 
    "Living_Room": {
      "simulation_statistics": [
        {
          "not_completed_agents": 0, 
          "max_evacuation_time": 9.350018, 
          "min_evacuation_time": 4.099998, 
          "exit_flow_rate": 1.1764683233764897, 
          "completed_agents": 11, 
          "max_traveled_distance": 11.59682, 
          "avg_evacuation_time": 6.554552363636364, 
          "avg_traveled_distance": 8.266410272727272, 
          "min_traveled_distance": 5.134235
        }
      ], 
      "bounds": [
        [
          -0.87, 
          5.96, 
          6.73, 
          13.0
        ]
      ]
    }, 
    "Bedroom": {
      "simulation_statistics": [
        {
          "not_completed_agents": 0, 
          "max_evacuation_time": 23.299931, 
          "min_evacuation_time": 12.350029, 
          "exit_flow_rate": 0.21459291016784554, 
          "completed_agents": 5, 
          "max_traveled_distance": 24.764147, 
          "avg_evacuation_time": 16.3000124, 
          "avg_traveled_distance": 19.3738782, 
          "min_traveled_distance": 16.423897
        }, 
        {
          "not_completed_agents": 0, 
          "max_evacuation_time": 36.249733, 
          "min_evacuation_time": 15.500041, 
          "exit_flow_rate": 0.19310487059311582, 
          "completed_agents": 7, 
          "max_traveled_distance": 28.491796, 
          "avg_evacuation_time": 25.64989357142857, 
          "avg_traveled_distance": 22.95759157142857, 
          "min_traveled_distance": 17.921951
        }, 
        {
          "not_completed_agents": 0, 
          "max_evacuation_time": 35.299747, 
          "min_evacuation_time": 12.000028, 
          "exit_flow_rate": 0.08498644480369788, 
          "completed_agents": 3, 
          "max_traveled_distance": 25.054274, 
          "avg_evacuation_time": 21.983259000000004, 
          "avg_traveled_distance": 18.470720333333333, 
          "min_traveled_distance": 14.504534
        }
      ], 
      "bounds": [
        [
          9.82, 
          -0.04, 
          13.61, 
          6.61
        ], 
        [
          10.24, 
          8.28, 
          18.05, 
          13.0
        ], 
        [
          6.64, 
          8.28, 
          10.33, 
          13.0
        ]
      ]
    }, 
    "Dining_Room": {
      "simulation_statistics": [
        {
          "not_completed_agents": 0, 
          "max_evacuation_time": 13.100032, 
          "min_evacuation_time": 6.350006, 
          "exit_flow_rate": 0.3053427655749238, 
          "completed_agents": 4, 
          "max_traveled_distance": 13.926397, 
          "avg_evacuation_time": 9.225017, 
          "avg_traveled_distance": 10.729567, 
          "min_traveled_distance": 6.597774
        }
      ], 
      "bounds": [
        [
          3.64, 
          -0.04, 
          6.73, 
          6.05
        ]
      ]
    }, 
    "Kitchen": {
      "simulation_statistics": [
        {
          "not_completed_agents": 0, 
          "max_evacuation_time": 2.999998, 
          "min_evacuation_time": 0.45, 
          "exit_flow_rate": 1.6666677777785184, 
          "completed_agents": 5, 
          "max_traveled_distance": 3.494368, 
          "avg_evacuation_time": 1.5299994, 
          "avg_traveled_distance": 1.8717580000000003, 
          "min_traveled_distance": 0.662333
        }
      ], 
      "bounds": [
        [
          -0.05, 
          -0.02, 
          3.73, 
          6.05
        ]
      ]
    }
  }, 
  "room_num": 11,