{
  "room_category": {
    "Toilet": [
      [
        14.98, 
        8.78, 
        16.3, 
        10.5
      ]
    ], 
    "Gym": {
      "simulation_statistics": [
        {
          "not_completed_agents": 0, 
          "max_evacuation_time": 150.004547, 
          "min_evacuation_time": 32.199795, 
          "exit_flow_rate": 0.0066664645839035796, 
          "completed_agents": 1, 
          "max_traveled_distance": 34.365341, 
          "avg_evacuation_time": 120.553359, 
          "avg_traveled_distance": 24.62354275, 
          "min_traveled_distance": 20.13475
        }
      ], 
      "bounds": [
        [
          16.21, 
          6.68, 
          21.93, 
          10.5
        ]
      ]
    }, 
    "Room": {
      "simulation_statistics": [
        {
          "not_completed_agents": 0, 
          "max_evacuation_time": 18.400005, 
          "min_evacuation_time": 13.350033, 
          "exit_flow_rate": 0.21739124527411813, 
          "completed_agents": 4, 
          "max_traveled_distance": 21.566021, 
          "avg_evacuation_time": 16.01252475, 
          "avg_traveled_distance": 19.25719025, 
          "min_traveled_distance": 17.003284
        }, 
        {
          "not_completed_agents": 0, 
          "max_evacuation_time": 14.200036, 
          "min_evacuation_time": 14.200036, 
          "exit_flow_rate": 0.07042235667571546, 
          "completed_agents": 1, 
          "max_traveled_distance": 17.516689, 
          "avg_evacuation_time": 14.200036, 
          "avg_traveled_distance": 17.516689, 
          "min_traveled_distance": 17.516689
        }, 
        {
          "not_completed_agents": 0, 
          "max_evacuation_time": 9.150017, 
          "min_evacuation_time": 0.0, 
          "exit_flow_rate": 0.6557364866098063, 
          "completed_agents": 6, 
          "max_traveled_distance": 11.85663, 
          "avg_evacuation_time": 5.050005333333334, 
          "avg_traveled_distance": 6.620355666666666, 
          "min_traveled_distance": 0.0
        }
      ], 
      "bounds": [
        [
          14.14, 
          8.79, 
          15.07, 
          10.5
        ], 
        [
          14.09, 
          0.81, 
          16.81, 
          8.89
        ], 
        [
          16.22, 
          1.31, 
          18.79, 
          3.49
        ], 
        [
          -0.52, 
          -0.03, 
          15.76, 
          1.91
        ]
      ]
    }, 
    "Garage": {
      "simulation_statistics": [
        {
          "not_completed_agents": 0, 
          "max_evacuation_time": 150.004547, 
          "min_evacuation_time": 15.700042, 
          "exit_flow_rate": 0.11332989792636086, 
          "completed_agents": 17, 
          "max_traveled_distance": 36.767334, 
          "avg_evacuation_time": 34.88067288888889, 
          "avg_traveled_distance": 28.744018555555556, 
          "min_traveled_distance": 18.790363
        }
      ], 
      "bounds": [
        [
          5.49, 
          10.41, 
          21.94, 
          15.77
        ]
      ]
    }
  }, 
  "room_num": 10, 
  "verts": [
    [
      0.11, 
      0.1
    ], 
    [
      0.1, 
      0.11
    ], 
    [
      0.1, 
      1.3
    ], 
    [
      6.87, 
      1.3
    ], 
    [
      6.88, 
      1.31
    ], 
    [
      6.88, 
      1.41
    ], 
    [
      6.87, 
      1.42
    ], 
    [
      5.62, 
      1.42
    ], 
    [
      5.62, 
      9.86
    ], 
    [
      5.61, 
      9.87
    ], 
    [
      5.61, 
      9.92
    ], 
    [
      5.62, 
      9.93
    ], 
    [
      5.62, 
      9.96
    ], 
    [
      5.63, 
      9.97
    ], 
    [
      5.63, 
      15.65
    ], 
    [
      21.8, 
      15.65
    ], 
    [
      21.8, 
      10.52
    ], 
    [
      21.66, 
      10.52
    ], 
    [
      21.65, 
      10.51
    ], 
    [
      19.67, 
      10.51
    ], 
    [
      19.66, 
      10.5
    ], 
    [
      19.66, 
      10.41
    ], 
    [
      19.67, 
      10.4
    ], 
    [
      21.8, 
      10.4
    ], 
    [
      21.8, 
      7.14
    ], 
    [
      21.79, 
      7.13
    ], 
    [
      21.79, 
      6.79
    ], 
    [
      16.93, 
      6.79
    ], 
    [
      16.92, 
      6.78
    ], 
    [
      16.92, 
      6.62
    ], 
    [
      16.93, 
      6.61
    ], 
    [
      21.79, 
      6.61
    ], 
    [
      21.79, 
      3.53
    ], 
    [
      16.34, 
      3.53
    ], 
    [
      16.33, 
      3.54
    ], 
    [
      16.33, 
      6.18
    ], 
    [
      16.32, 
      6.19
    ], 
    [
      16.32, 
      10.4
    ], 
    [
      18.45, 
      10.4
    ], 
    [
      18.46, 
      10.41
    ], 
    [
      18.46, 
      10.5
    ], 
    [
      18.45, 
      10.51
    ], 
    [
      15.0, 
      10.51
    ], 
    [
      14.99, 
      10.52
    ], 
    [
      14.97, 
      10.5
    ], 
    [
      14.97, 
      8.95
    ], 
    [
      14.25, 
      8.95
    ], 
    [
      14.25, 
      10.5
    ], 
    [
      14.24, 
      10.51
    ], 
    [
      14.21, 
      10.51
    ], 
    [
      14.2, 
      10.52
    ], 
    [
      13.88, 
      10.52
    ], 
    [
      13.87, 
      10.51
    ], 
    [
      6.23, 
      10.51
    ], 
    [
      6.22, 
      10.5
    ], 
    [
      6.22, 
      10.41
    ], 
    [
      6.23, 
      10.4
    ], 
    [
      14.1, 
      10.4
    ], 
    [
      14.1, 
      1.42
    ], 
    [
      8.09, 
      1.42
    ], 
    [
      8.08, 
      1.41
    ], 
    [
      8.08, 
      1.31
    ], 
    [
      8.09, 
      1.3
    ], 
    [
      14.86, 
      1.3
    ], 
    [
      14.87, 
      1.31
    ], 
    [
      15.61, 
      1.31
    ], 
    [
      15.62, 
      1.3
    ], 
    [
      15.65, 
      1.3
    ], 
    [
      15.65, 
      0.1
    ]
  ], 
  "bbox": {
    "max": [
      21.8, 
      15.65
    ], 
    "min": [
      0.1, 
      0.1
    ]
  }, 
  "id": "c71dfea69fde735aeb5d1f8ee1abc175"
}