{
  "room_category": {
    "Hallway": {
      "simulation_statistics": [
        {
          "not_completed_agents": 0, 
          "max_evacuation_time": 150.004547, 
          "min_evacuation_time": 29.999828, 
          "exit_flow_rate": 0.21999333126881812, 
          "completed_agents": 33, 
          "max_traveled_distance": 146.575699, 
          "avg_evacuation_time": 94.30637495121951, 
          "avg_traveled_distance": 96.1060855609756, 
          "min_traveled_distance": 37.494877
        }
      ], 
      "bounds": [
        [
          7.86, 
          11.55, 
          27.9, 
          21.7
        ]
      ]
    }, 
    "Office": {
      "simulation_statistics": [
        {
          "not_completed_agents": 0, 
          "max_evacuation_time": 150.004547, 
          "min_evacuation_time": 57.099415, 
          "exit_flow_rate": 0.28665797710785396, 
          "completed_agents": 43, 
          "max_traveled_distance": 151.256058, 
          "avg_evacuation_time": 112.57776829411763, 
          "avg_traveled_distance": 116.18660509803921, 
          "min_traveled_distance": 74.062271
        }
      ], 
      "bounds": [
        [
          27.84, 
          11.6, 
          40.01, 
          32.62
        ]
      ]
    }, 
    "Living_Room": {
      "simulation_statistics": [
        {
          "not_completed_agents": 0, 
          "max_evacuation_time": 150.004547, 
          "min_evacuation_time": 21.249962, 
          "exit_flow_rate": 0.253325654188336, 
          "completed_agents": 38, 
          "max_traveled_distance": 135.850815, 
          "avg_evacuation_time": 79.55534773913043, 
          "avg_traveled_distance": 78.57102847826087, 
          "min_traveled_distance": 28.243431
        }
      ], 
      "bounds": [
        [
          7.81, 
          21.59, 
          28.54, 
          32.65
        ]
      ]
    }, 
    "Storage": {
      "simulation_statistics": [
        {
          "not_completed_agents": 0, 
          "max_evacuation_time": 4.099998, 
          "min_evacuation_time": 0.2, 
          "exit_flow_rate": 2.439025580012478, 
          "completed_agents": 10, 
          "max_traveled_distance": 5.270856, 
          "avg_evacuation_time": 2.0599990999999997, 
          "avg_traveled_distance": 2.6894697, 
          "min_traveled_distance": 0.214375
        }
      ], 
      "bounds": [
        [
          -0.01, 
          -0.02, 
          7.94, 
          6.55
        ]
      ]
    }, 
    "Dining_Room": {
      "simulation_statistics": [
        {
          "not_completed_agents": 0, 
          "max_evacuation_time": 52.499485, 
          "min_evacuation_time": 14.500037, 
          "exit_flow_rate": 0.4190517297455394, 
          "completed_agents": 22, 
          "max_traveled_distance": 45.857552, 
          "avg_evacuation_time": 24.974902999999998, 
          "avg_traveled_distance": 29.137061545454547, 
          "min_traveled_distance": 18.217339
        }
      ], 
      "bounds": [
        [
          -0.03, 
          18.7, 
          7.99, 
          32.64
        ]
      ]
    }, 
    "Hall": {
      "simulation_statistics": [
        {
          "not_completed_agents": 0, 
          "max_evacuation_time": 150.004547, 
          "min_evacuation_time": 28.249855, 
          "exit_flow_rate": 0.3733220166986005, 
          "completed_agents": 56, 
          "max_traveled_distance": 157.829361, 
          "avg_evacuation_time": 115.79342485057471, 
          "avg_traveled_distance": 111.59987144827586, 
          "min_traveled_distance": 1.232974
        }
      ], 
      "bounds": [
        [
          7.85, 
          -0.02, 
          27.87, 
          21.61
        ]
      ]
    }, 
    "Kitchen": {
      "simulation_statistics": [
        {
          "not_completed_agents": 0, 
          "max_evacuation_time": 38.549698, 
          "min_evacuation_time": 4.349998, 
          "exit_flow_rate": 0.5188108088421342, 
          "completed_agents": 20, 
          "max_traveled_distance": 35.198406, 
          "avg_evacuation_time": 14.9949768, 
          "avg_traveled_distance": 15.02297715, 
          "min_traveled_distance": 5.979663
        }
      ], 
      "bounds": [
        [
          -0.01, 
          5.94, 
          7.83, 
          18.82
        ]
      ]
    }
  }, 
  "room_num": 9,