{
  "room_category": {
    "Toilet": {
      "simulation_statistics": [
        {
          "not_completed_agents": 0, 
          "max_evacuation_time": 22.449944, 
          "min_evacuation_time": 16.80003, 
          "exit_flow_rate": 0.08908708190987025, 
          "completed_agents": 2, 
          "max_traveled_distance": 12.475785, 
          "avg_evacuation_time": 19.624986999999997, 
          "avg_traveled_distance": 11.714732999999999, 
          "min_traveled_distance": 10.953681
        }
      ], 
      "bounds": [
        [
          6.57, 
          -0.02, 
          10.18, 
          2.46
        ]
      ]
    }, 
    "Bathroom": {
      "simulation_statistics": [
        {
          "not_completed_agents": 0, 
          "max_evacuation_time": 24.699909, 
          "min_evacuation_time": 21.099964, 
          "exit_flow_rate": 0.08097195823676921, 
          "completed_agents": 2, 
          "max_traveled_distance": 12.166094, 
          "avg_evacuation_time": 22.899936500000003, 
          "avg_traveled_distance": 11.774069, 
          "min_traveled_distance": 11.382044
        }
      ], 
      "bounds": [
        [
          6.57, 
          -0.02, 
          10.18, 
          2.46
        ]
      ]
    }, 
    "Dining_Room": {
      "simulation_statistics": [
        {
          "not_completed_agents": 0, 
          "max_evacuation_time": 150.004547, 
          "min_evacuation_time": 0.0, 
          "exit_flow_rate": 0.11999636251026444, 
          "completed_agents": 18, 
          "max_traveled_distance": 14.852724, 
          "avg_evacuation_time": 18.944968315789474, 
          "avg_traveled_distance": 8.405200631578948, 
          "min_traveled_distance": 0.0
        }
      ], 
      "bounds": [
        [
          -0.01, 
          -0.04, 
          10.21, 
          9.38
        ]
      ]
    }
  }, 
  "room_num": 4, 
  "verts": [
    [
      0.11, 
      0.1
    ], 
    [
      0.1, 
      0.11
    ], 
    [
      0.1, 
      3.47
    ], 
    [
      3.04, 
      3.47
    ], 
    [
      3.04, 
      3.42
    ], 
    [
      3.05, 
      3.41
    ], 
    [
      3.14, 
      3.41
    ], 
    [
      3.15, 
      3.42
    ], 
    [
      3.15, 
      3.49
    ], 
    [
      3.16, 
      3.5
    ], 
    [
      3.16, 
      9.26
    ], 
    [
      10.07, 
      9.26
    ], 
    [
      10.07, 
      2.48
    ], 
    [
      5.91, 
      2.48
    ], 
    [
      5.91, 
      5.78
    ], 
    [
      5.9, 
      5.79
    ], 
    [
      5.81, 
      5.79
    ], 
    [
      5.8, 
      5.78
    ], 
    [
      5.8, 
      2.37
    ], 
    [
      5.81, 
      2.36
    ], 
    [
      7.06, 
      2.36
    ], 
    [
      7.06, 
      2.35
    ], 
    [
      7.07, 
      2.34
    ], 
    [
      7.17, 
      2.34
    ], 
    [
      7.18, 
      2.35
    ], 
    [
      7.18, 
      2.36
    ], 
    [
      10.07, 
      2.36
    ], 
    [
      10.07, 
      0.1
    ], 
    [
      7.18, 
      0.1
    ], 
    [
      7.18, 
      1.59
    ], 
    [
      7.17, 
      1.6
    ], 
    [
      7.07, 
      1.6
    ], 
    [
      7.06, 
      1.59
    ], 
    [
      7.06, 
      0.1
    ], 
    [
      3.15, 
      0.1
    ], 
    [
      3.15, 
      2.66
    ], 
    [
      3.14, 
      2.67
    ], 
    [
      3.05, 
      2.67
    ], 
    [
      3.04, 
      2.66
    ], 
    [
      3.04, 
      0.1
    ]
  ], 
  "bbox": {
    "max": [
      10.07, 
      9.26
    ], 
    "min": [
      0.1, 
      0.1
    ]
  }, 
  "id": "c76dc4a50f96aeaaa641d51f4134b610"
}