{
  "room_category": {
    "Toilet": {
      "simulation_statistics": [
        {
          "not_completed_agents": 0, 
          "max_evacuation_time": 8.500014, 
          "min_evacuation_time": 6.550007, 
          "exit_flow_rate": 0.47058746020888903, 
          "completed_agents": 4, 
          "max_traveled_distance": 8.6707, 
          "avg_evacuation_time": 7.7750115, 
          "avg_traveled_distance": 8.072742, 
          "min_traveled_distance": 7.253833
        }, 
        {
          "not_completed_agents": 0, 
          "max_evacuation_time": 30.449821, 
          "min_evacuation_time": 21.299961, 
          "exit_flow_rate": 0.16420457775433228, 
          "completed_agents": 5, 
          "max_traveled_distance": 27.226795, 
          "avg_evacuation_time": 25.089903200000002, 
          "avg_traveled_distance": 23.6148888, 
          "min_traveled_distance": 21.693106
        }
      ], 
      "bounds": [
        [
          -0.02, 
          2.53, 
          3.24, 
          8.87
        ], 
        [
          18.04, 
          7.18, 
          21.92, 
          13.18
        ]
      ]
    }, 
    "Room": [
      [
        13.61, 
        7.19, 
        13.7, 
        11.32
      ]
    ], 
    "Bedroom": {
      "simulation_statistics": [
        {
          "not_completed_agents": 0, 
          "max_evacuation_time": 25.599895, 
          "min_evacuation_time": 14.700038, 
          "exit_flow_rate": 0.2343759613076538, 
          "completed_agents": 6, 
          "max_traveled_distance": 21.990295, 
          "avg_evacuation_time": 20.083308833333334, 
          "avg_traveled_distance": 20.077689833333334, 
          "min_traveled_distance": 17.166491
        }, 
        {
          "not_completed_agents": 0, 
          "max_evacuation_time": 28.399853, 
          "min_evacuation_time": 15.550041, 
          "exit_flow_rate": 0.17605724931041017, 
          "completed_agents": 5, 
          "max_traveled_distance": 24.886909, 
          "avg_evacuation_time": 19.379989000000002, 
          "avg_traveled_distance": 18.704226, 
          "min_traveled_distance": 16.855675
        }
      ], 
      "bounds": [
        [
          13.6, 
          7.21, 
          18.75, 
          13.16
        ], 
        [
          13.59, 
          0.0, 
          18.79, 
          5.08
        ]
      ]
    }, 
    "Dining_Room": {
      "simulation_statistics": [
        {
          "not_completed_agents": 0, 
          "max_evacuation_time": 2.449999, 
          "min_evacuation_time": 0.15, 
          "exit_flow_rate": 2.040817159517208, 
          "completed_agents": 5, 
          "max_traveled_distance": 3.0408, 
          "avg_evacuation_time": 1.0399998, 
          "avg_traveled_distance": 1.2347396, 
          "min_traveled_distance": 0.34206
        }
      ], 
      "bounds": [
        [
          3.08, 
          -0.03, 
          8.36, 
          5.13
        ]
      ]
    }, 
    "Hall": {
      "simulation_statistics": [
        {
          "not_completed_agents": 0, 
          "max_evacuation_time": 19.449989, 
          "min_evacuation_time": 4.7, 
          "exit_flow_rate": 0.7712086623802205, 
          "completed_agents": 15, 
          "max_traveled_distance": 21.125799, 
          "avg_evacuation_time": 8.450007733333333, 
          "avg_traveled_distance": 9.896781466666665, 
          "min_traveled_distance": 6.303007
        }
      ], 
      "bounds": [
        [
          3.11, 
          5.0, 
          13.68, 
          12.1
        ]
      ]
    }, 
    "Kitchen": {
      "simulation_statistics": [
        {
          "not_completed_agents": 0, 
          "max_evacuation_time": 9.95002, 
          "min_evacuation_time": 5.600003, 
          "exit_flow_rate": 0.603013863288717, 
          "completed_agents": 6, 
          "max_traveled_distance": 9.870592, 
          "avg_evacuation_time": 7.7333445, 
          "avg_traveled_distance": 8.623826333333334, 
          "min_traveled_distance": 7.017539
        }
      ], 
      "bounds": [
        [
          8.18, 
          -0.02, 
          13.69, 
          5.13
        ]
      ]
    }
  }, 
  "room_num": 9,