{
  "room_category": {
    "Living_Room": {
      "simulation_statistics": [
        {
          "not_completed_agents": 0, 
          "max_evacuation_time": 16.15004, 
          "min_evacuation_time": 5.050001, 
          "exit_flow_rate": 0.37151610770004284, 
          "completed_agents": 6, 
          "max_traveled_distance": 12.286903, 
          "avg_evacuation_time": 9.766685166666667, 
          "avg_traveled_distance": 8.956272166666666, 
          "min_traveled_distance": 7.521125
        }
      ], 
      "bounds": [
        [
          5.08, 
          -0.7, 
          10.31, 
          5.17
        ]
      ]
    }, 
    "Child_Room": {
      "simulation_statistics": [
        {
          "not_completed_agents": 0, 
          "max_evacuation_time": 2.399999, 
          "min_evacuation_time": 0.0, 
          "exit_flow_rate": 2.5000010416671006, 
          "completed_agents": 6, 
          "max_traveled_distance": 2.397885, 
          "avg_evacuation_time": 1.2249996666666667, 
          "avg_traveled_distance": 1.3313021666666667, 
          "min_traveled_distance": 0.0
        }
      ], 
      "bounds": [
        [
          -0.02, 
          -0.05, 
          5.27, 
          5.17
        ]
      ]
    }, 
    "Office": {
      "simulation_statistics": [
        {
          "not_completed_agents": 0, 
          "max_evacuation_time": 7.150009, 
          "min_evacuation_time": 4.049997, 
          "exit_flow_rate": 0.8391597828757978, 
          "completed_agents": 6, 
          "max_traveled_distance": 7.733788, 
          "avg_evacuation_time": 5.3833356666666665, 
          "avg_traveled_distance": 6.497115666666667, 
          "min_traveled_distance": 5.600868
        }
      ], 
      "bounds": [
        [
          5.08, 
          -0.7, 
          10.31, 
          5.17
        ]
      ]
    }
  }, 
  "room_num": 2, 
  "verts": [
    [
      0.11, 
      0.1
    ], 
    [
      0.1, 
      0.11
    ], 
    [
      0.1, 
      0.67
    ], 
    [
      0.11, 
      0.68
    ], 
    [
      0.11, 
      1.67
    ], 
    [
      0.12, 
      1.68
    ], 
    [
      0.12, 
      2.67
    ], 
    [
      0.13, 
      2.68
    ], 
    [
      0.13, 
      3.67
    ], 
    [
      0.14, 
      3.68
    ], 
    [
      0.14, 
      4.67
    ], 
    [
      0.15, 
      4.68
    ], 
    [
      0.15, 
      5.06
    ], 
    [
      5.12, 
      5.06
    ], 
    [
      5.13, 
      5.05
    ], 
    [
      5.23, 
      5.05
    ], 
    [
      5.24, 
      5.06
    ], 
    [
      10.16, 
      5.06
    ], 
    [
      10.16, 
      0.1
    ], 
    [
      5.21, 
      0.1
    ], 
    [
      5.2, 
      0.11
    ], 
    [
      5.2, 
      0.74
    ], 
    [
      5.21, 
      0.75
    ], 
    [
      5.21, 
      2.04
    ], 
    [
      5.22, 
      2.05
    ], 
    [
      5.22, 
      2.7
    ], 
    [
      5.21, 
      2.71
    ], 
    [
      5.2, 
      2.71
    ], 
    [
      5.2, 
      2.72
    ], 
    [
      5.16, 
      2.76
    ], 
    [
      5.15, 
      2.76
    ], 
    [
      5.14, 
      2.77
    ], 
    [
      5.11, 
      2.77
    ], 
    [
      5.1, 
      2.78
    ], 
    [
      2.59, 
      2.78
    ], 
    [
      2.57, 
      2.76
    ], 
    [
      2.57, 
      2.67
    ], 
    [
      2.56, 
      2.66
    ], 
    [
      2.56, 
      0.1
    ]
  ], 
  "bbox": {
    "max": [
      10.16, 
      5.06
    ], 
    "min": [
      0.1, 
      0.1
    ]
  }, 
  "id": "cfec58ae366ed698a8a5ee98b291471e"
}