{
  "room_category": {
    "Room": {
      "simulation_statistics": [
        {
          "not_completed_agents": 0, 
          "max_evacuation_time": 18.999996, 
          "min_evacuation_time": 9.200017, 
          "exit_flow_rate": 0.21052636011081266, 
          "completed_agents": 4, 
          "max_traveled_distance": 12.91402, 
          "avg_evacuation_time": 12.6625155, 
          "avg_traveled_distance": 12.25154625, 
          "min_traveled_distance": 11.075094
        }
      ], 
      "bounds": [
        [
          -0.01, 
          11.19, 
          4.74, 
          15.14
        ]
      ]
    }, 
    "Balcony": {
      "simulation_statistics": [
        {
          "not_completed_agents": 0, 
          "max_evacuation_time": 150.004547, 
          "min_evacuation_time": 0.0, 
          "exit_flow_rate": 0.08666403959074653, 
          "completed_agents": 13, 
          "max_traveled_distance": 14.501039, 
          "avg_evacuation_time": 19.336037785714286, 
          "avg_traveled_distance": 7.4195623571428575, 
          "min_traveled_distance": 0.0
        }
      ], 
      "bounds": [
        [
          -0.02, 
          -0.03, 
          4.74, 
          15.14
        ]
      ]
    }
  }, 
  "room_num": 3, 
  "verts": [
    [
      1.36, 
      0.1
    ], 
    [
      1.36, 
      3.17
    ], 
    [
      2.35, 
      3.17
    ], 
    [
      2.36, 
      3.18
    ], 
    [
      2.36, 
      3.28
    ], 
    [
      2.35, 
      3.29
    ], 
    [
      1.36, 
      3.29
    ], 
    [
      1.36, 
      6.57
    ], 
    [
      1.35, 
      6.58
    ], 
    [
      1.35, 
      6.67
    ], 
    [
      1.33, 
      6.69
    ], 
    [
      0.67, 
      6.69
    ], 
    [
      0.66, 
      6.68
    ], 
    [
      0.11, 
      6.68
    ], 
    [
      0.1, 
      6.69
    ], 
    [
      0.1, 
      11.81
    ], 
    [
      1.53, 
      11.81
    ], 
    [
      1.54, 
      11.82
    ], 
    [
      1.54, 
      11.92
    ], 
    [
      1.53, 
      11.93
    ], 
    [
      0.1, 
      11.93
    ], 
    [
      0.1, 
      15.0
    ], 
    [
      1.13, 
      15.0
    ], 
    [
      1.14, 
      15.01
    ], 
    [
      2.57, 
      15.01
    ], 
    [
      2.58, 
      15.02
    ], 
    [
      4.01, 
      15.02
    ], 
    [
      4.02, 
      15.03
    ], 
    [
      4.63, 
      15.03
    ], 
    [
      4.63, 
      11.93
    ], 
    [
      3.39, 
      11.93
    ], 
    [
      3.38, 
      11.92
    ], 
    [
      3.38, 
      11.82
    ], 
    [
      3.39, 
      11.81
    ], 
    [
      4.63, 
      11.81
    ], 
    [
      4.63, 
      3.29
    ], 
    [
      3.11, 
      3.29
    ], 
    [
      3.1, 
      3.28
    ], 
    [
      3.1, 
      3.18
    ], 
    [
      3.11, 
      3.17
    ], 
    [
      4.63, 
      3.17
    ], 
    [
      4.63, 
      0.1
    ]
  ], 
  "bbox": {
    "max": [
      4.63, 
      15.03
    ], 
    "min": [
      0.1, 
      0.1
    ]
  }, 
  "id": "d2f85053aa703c64089b041f7b67df51"
}