{
  "room_category": {
    "Toilet": [
      [
        -0.01, 
        6.7, 
        1.56, 
        8.19
      ]
    ], 
    "Bathroom": [
      [
        -0.01, 
        6.7, 
        1.56, 
        8.19
      ]
    ], 
    "Bedroom": {
      "simulation_statistics": [
        {
          "not_completed_agents": 0, 
          "max_evacuation_time": 150.004547, 
          "min_evacuation_time": 150.004547, 
          "exit_flow_rate": 0.0, 
          "completed_agents": 0, 
          "max_traveled_distance": 3.494617, 
          "avg_evacuation_time": 150.004547, 
          "avg_traveled_distance": 3.494617, 
          "min_traveled_distance": 3.494617
        }
      ], 
      "bounds": [
        [
          -0.01, 
          2.53, 
          2.2, 
          5.22
        ]
      ]
    }, 
    "Kitchen": {
      "simulation_statistics": [
        {
          "not_completed_agents": 0, 
          "max_evacuation_time": 150.004547, 
          "min_evacuation_time": 0.0, 
          "exit_flow_rate": 0.01999939375171074, 
          "completed_agents": 3, 
          "max_traveled_distance": 4.107223, 
          "avg_evacuation_time": 60.0018188, 
          "avg_traveled_distance": 1.2598206, 
          "min_traveled_distance": 0.0
        }
      ], 
      "bounds": [
        [
          -0.02, 
          -0.87, 
          2.69, 
          8.19
        ], 
        [
          0.97, 
          6.77, 
          2.67, 
          8.19
        ]
      ]
    }
  }, 
  "room_num": 6, 
  "verts": [
    [
      0.12, 
      0.1
    ], 
    [
      0.12, 
      0.13
    ], 
    [
      0.11, 
      0.14
    ], 
    [
      0.11, 
      2.52
    ], 
    [
      1.69, 
      2.52
    ], 
    [
      1.7, 
      2.53
    ], 
    [
      1.7, 
      4.53
    ], 
    [
      1.69, 
      4.54
    ], 
    [
      1.6, 
      4.54
    ], 
    [
      1.59, 
      4.53
    ], 
    [
      1.59, 
      2.63
    ], 
    [
      0.1, 
      2.63
    ], 
    [
      0.1, 
      5.11
    ], 
    [
      1.59, 
      5.11
    ], 
    [
      1.59, 
      5.09
    ], 
    [
      1.6, 
      5.08
    ], 
    [
      1.69, 
      5.08
    ], 
    [
      1.7, 
      5.09
    ], 
    [
      1.7, 
      5.11
    ], 
    [
      1.89, 
      5.11
    ], 
    [
      1.9, 
      5.12
    ], 
    [
      1.9, 
      5.22
    ], 
    [
      1.89, 
      5.23
    ], 
    [
      0.1, 
      5.23
    ], 
    [
      0.1, 
      6.69
    ], 
    [
      1.56, 
      6.69
    ], 
    [
      1.57, 
      6.7
    ], 
    [
      1.57, 
      6.8
    ], 
    [
      1.56, 
      6.81
    ], 
    [
      0.1, 
      6.81
    ], 
    [
      0.1, 
      8.08
    ], 
    [
      1.46, 
      8.08
    ], 
    [
      1.46, 
      7.55
    ], 
    [
      1.47, 
      7.54
    ], 
    [
      1.56, 
      7.54
    ], 
    [
      1.57, 
      7.55
    ], 
    [
      1.57, 
      7.87
    ], 
    [
      1.58, 
      7.88
    ], 
    [
      1.58, 
      8.08
    ], 
    [
      2.56, 
      8.08
    ], 
    [
      2.56, 
      8.04
    ], 
    [
      2.57, 
      8.03
    ], 
    [
      2.57, 
      7.63
    ], 
    [
      2.56, 
      7.62
    ], 
    [
      2.56, 
      7.09
    ], 
    [
      2.57, 
      7.08
    ], 
    [
      2.57, 
      3.96
    ], 
    [
      2.58, 
      3.95
    ], 
    [
      2.58, 
      0.1
    ]
  ], 
  "bbox": {
    "max": [
      2.58, 
      8.08
    ], 
    "min": [
      0.1, 
      0.1
    ]
  }, 
  "id": "d50d9e293e0523d497c86d22ebfda99d"
}