{
  "room_category": {
    "Room": {
      "simulation_statistics": [
        {
          "not_completed_agents": 0, 
          "max_evacuation_time": 19.749985, 
          "min_evacuation_time": 12.750031, 
          "exit_flow_rate": 0.15189884954343005, 
          "completed_agents": 3, 
          "max_traveled_distance": 17.547321, 
          "avg_evacuation_time": 16.600012666666668, 
          "avg_traveled_distance": 15.632732333333331, 
          "min_traveled_distance": 14.208632
        }, 
        {
          "not_completed_agents": 0, 
          "max_evacuation_time": 0.0, 
          "min_evacuation_time": 0.0, 
          "exit_flow_rate": 0, 
          "completed_agents": 2, 
          "max_traveled_distance": 0.0, 
          "avg_evacuation_time": 0.0, 
          "avg_traveled_distance": 0.0, 
          "min_traveled_distance": 0.0
        }, 
        {
          "not_completed_agents": 0, 
          "max_evacuation_time": 150.004547, 
          "min_evacuation_time": 3.949997, 
          "exit_flow_rate": 0.10666343334245727, 
          "completed_agents": 16, 
          "max_traveled_distance": 16.023399, 
          "avg_evacuation_time": 24.936628944444447, 
          "avg_traveled_distance": 9.739981222222221, 
          "min_traveled_distance": 4.815489
        }
      ], 
      "bounds": [
        [
          -0.02, 
          7.03, 
          3.26, 
          11.42
        ], 
        [
          0.0, 
          -0.01, 
          2.63, 
          3.06
        ], 
        [
          -0.03, 
          2.94, 
          10.56, 
          11.42
        ]
      ]
    }
  }, 
  "room_num": 5, 
  "verts": [
    [
      0.12, 
      0.1
    ], 
    [
      0.11, 
      0.11
    ], 
    [
      0.11, 
      2.96
    ], 
    [
      0.12, 
      2.96
    ], 
    [
      0.13, 
      2.97
    ], 
    [
      0.13, 
      3.07
    ], 
    [
      0.12, 
      3.08
    ], 
    [
      0.11, 
      3.08
    ], 
    [
      0.11, 
      7.02
    ], 
    [
      3.14, 
      7.02
    ], 
    [
      3.14, 
      5.22
    ], 
    [
      3.15, 
      5.21
    ], 
    [
      3.25, 
      5.21
    ], 
    [
      3.26, 
      5.22
    ], 
    [
      3.26, 
      7.12
    ], 
    [
      3.25, 
      7.13
    ], 
    [
      3.24, 
      7.13
    ], 
    [
      3.24, 
      10.4
    ], 
    [
      3.23, 
      10.41
    ], 
    [
      3.14, 
      10.41
    ], 
    [
      3.13, 
      10.4
    ], 
    [
      3.13, 
      7.14
    ], 
    [
      0.1, 
      7.14
    ], 
    [
      0.1, 
      11.28
    ], 
    [
      3.13, 
      11.28
    ], 
    [
      3.13, 
      11.27
    ], 
    [
      3.14, 
      11.26
    ], 
    [
      3.23, 
      11.26
    ], 
    [
      3.24, 
      11.27
    ], 
    [
      3.24, 
      11.28
    ], 
    [
      7.09, 
      11.28
    ], 
    [
      7.09, 
      8.04
    ], 
    [
      7.1, 
      8.03
    ], 
    [
      7.1, 
      7.95
    ], 
    [
      7.11, 
      7.94
    ], 
    [
      7.11, 
      3.08
    ], 
    [
      3.26, 
      3.08
    ], 
    [
      3.26, 
      3.73
    ], 
    [
      3.25, 
      3.74
    ], 
    [
      3.15, 
      3.74
    ], 
    [
      3.14, 
      3.73
    ], 
    [
      3.14, 
      3.08
    ], 
    [
      1.34, 
      3.08
    ], 
    [
      1.33, 
      3.07
    ], 
    [
      1.33, 
      2.97
    ], 
    [
      1.34, 
      2.96
    ], 
    [
      1.36, 
      2.96
    ], 
    [
      1.36, 
      1.67
    ], 
    [
      1.38, 
      1.65
    ], 
    [
      2.52, 
      1.65
    ], 
    [
      2.52, 
      0.1
    ]
  ], 
  "bbox": {
    "max": [
      7.11, 
      11.28
    ], 
    "min": [
      0.1, 
      0.1
    ]
  }, 
  "id": "d803014979fe1e4b6a09cb48e04826ab"
}