{
  "room_category": {
    "Garage": {
      "simulation_statistics": [
        {
          "not_completed_agents": 0, 
          "max_evacuation_time": 36.849724, 
          "min_evacuation_time": 13.450033, 
          "exit_flow_rate": 0.3799214344183419, 
          "completed_agents": 14, 
          "max_traveled_distance": 24.025723, 
          "avg_evacuation_time": 22.87493314285714, 
          "avg_traveled_distance": 19.510474857142857, 
          "min_traveled_distance": 15.691759
        }
      ], 
      "bounds": [
        [
          1.73, 
          12.99, 
          11.57, 
          20.01
        ]
      ]
    }, 
    "Bedroom": {
      "simulation_statistics": [
        {
          "not_completed_agents": 0, 
          "max_evacuation_time": 20.299976, 
          "min_evacuation_time": 3.299998, 
          "exit_flow_rate": 1.2807896915740196, 
          "completed_agents": 26, 
          "max_traveled_distance": 20.134924, 
          "avg_evacuation_time": 10.50001773076923, 
          "avg_traveled_distance": 11.848233615384617, 
          "min_traveled_distance": 3.388292
        }
      ], 
      "bounds": [
        [
          -0.7, 
          2.47, 
          11.57, 
          13.08
        ]
      ]
    }, 
    "Toilet": {
      "simulation_statistics": [
        {
          "not_completed_agents": 0, 
          "max_evacuation_time": 0.55, 
          "min_evacuation_time": 0.0, 
          "exit_flow_rate": 3.6363636363636362, 
          "completed_agents": 2, 
          "max_traveled_distance": 0.743762, 
          "avg_evacuation_time": 0.275, 
          "avg_traveled_distance": 0.371881, 
          "min_traveled_distance": 0.0
        }
      ], 
      "bounds": [
        [
          7.84, 
          -0.02, 
          11.57, 
          3.17
        ]
      ]
    }
  }, 
  "room_num": 3, 
  "verts": [
    [
      7.97, 
      0.1
    ], 
    [
      7.96, 
      0.11
    ], 
    [
      7.96, 
      3.08
    ], 
    [
      10.33, 
      3.08
    ], 
    [
      10.34, 
      3.09
    ], 
    [
      10.34, 
      3.18
    ], 
    [
      10.33, 
      3.19
    ], 
    [
      7.85, 
      3.19
    ], 
    [
      7.84, 
      3.2
    ], 
    [
      0.11, 
      3.2
    ], 
    [
      0.1, 
      3.21
    ], 
    [
      0.1, 
      12.96
    ], 
    [
      1.73, 
      12.96
    ], 
    [
      1.74, 
      12.97
    ], 
    [
      2.2, 
      12.97
    ], 
    [
      2.21, 
      12.98
    ], 
    [
      2.21, 
      13.07
    ], 
    [
      2.2, 
      13.08
    ], 
    [
      1.85, 
      13.08
    ], 
    [
      1.85, 
      19.9
    ], 
    [
      11.46, 
      19.9
    ], 
    [
      11.46, 
      13.08
    ], 
    [
      6.66, 
      13.08
    ], 
    [
      6.65, 
      13.07
    ], 
    [
      6.65, 
      12.98
    ], 
    [
      6.66, 
      12.97
    ], 
    [
      11.46, 
      12.97
    ], 
    [
      11.46, 
      3.19
    ], 
    [
      11.35, 
      3.19
    ], 
    [
      11.34, 
      3.18
    ], 
    [
      11.34, 
      3.09
    ], 
    [
      11.35, 
      3.08
    ], 
    [
      11.46, 
      3.08
    ], 
    [
      11.46, 
      0.1
    ]
  ], 
  "bbox": {
    "max": [
      11.46, 
      19.9
    ], 
    "min": [
      0.1, 
      0.1
    ]
  }, 
  "id": "da3fba0d652721735c262329a2d7b75d"
}