{
  "room_category": {
    "Toilet": {
      "simulation_statistics": [
        {
          "not_completed_agents": 0, 
          "max_evacuation_time": 6.150005, 
          "min_evacuation_time": 6.150005, 
          "exit_flow_rate": 0.16260149381992373, 
          "completed_agents": 1, 
          "max_traveled_distance": 7.506715, 
          "avg_evacuation_time": 6.150005, 
          "avg_traveled_distance": 7.506715, 
          "min_traveled_distance": 7.506715
        }
      ], 
      "bounds": [
        [
          7.27, 
          7.38, 
          9.25, 
          9.07
        ]
      ]
    }, 
    "Kitchen": {
      "simulation_statistics": [
        {
          "not_completed_agents": 0, 
          "max_evacuation_time": 150.004547, 
          "min_evacuation_time": 1.6, 
          "exit_flow_rate": 0.013332929167807159, 
          "completed_agents": 2, 
          "max_traveled_distance": 12.461684, 
          "avg_evacuation_time": 51.318182, 
          "avg_traveled_distance": 5.273108333333333, 
          "min_traveled_distance": 1.410358
        }, 
        {
          "not_completed_agents": 0, 
          "max_evacuation_time": 0.75, 
          "min_evacuation_time": 0.0, 
          "exit_flow_rate": 5.333333333333333, 
          "completed_agents": 4, 
          "max_traveled_distance": 1.125457, 
          "avg_evacuation_time": 0.35, 
          "avg_traveled_distance": 0.542254, 
          "min_traveled_distance": 0.0
        }
      ], 
      "bounds": [
        [
          -0.04, 
          0.0, 
          4.52, 
          3.65
        ], 
        [
          3.92, 
          -0.02, 
          7.39, 
          5.67
        ]
      ]
    }
  }, 
  "room_num": 4, 
  "verts": [
    [
      4.03, 
      0.1
    ], 
    [
      4.03, 
      1.47
    ], 
    [
      4.02, 
      1.48
    ], 
    [
      3.92, 
      1.48
    ], 
    [
      3.91, 
      1.47
    ], 
    [
      3.91, 
      0.11
    ], 
    [
      0.11, 
      0.11
    ], 
    [
      0.1, 
      0.12
    ], 
    [
      0.1, 
      3.54
    ], 
    [
      3.91, 
      3.54
    ], 
    [
      3.91, 
      2.23
    ], 
    [
      3.92, 
      2.22
    ], 
    [
      4.02, 
      2.22
    ], 
    [
      4.03, 
      2.23
    ], 
    [
      4.03, 
      5.57
    ], 
    [
      5.44, 
      5.57
    ], 
    [
      5.45, 
      5.58
    ], 
    [
      5.45, 
      5.7
    ], 
    [
      5.44, 
      5.71
    ], 
    [
      4.03, 
      5.71
    ], 
    [
      4.03, 
      8.96
    ], 
    [
      7.29, 
      8.96
    ], 
    [
      7.29, 
      8.82
    ], 
    [
      7.3, 
      8.81
    ], 
    [
      7.4, 
      8.81
    ], 
    [
      7.41, 
      8.82
    ], 
    [
      7.41, 
      8.96
    ], 
    [
      9.11, 
      8.96
    ], 
    [
      9.11, 
      7.49
    ], 
    [
      7.41, 
      7.49
    ], 
    [
      7.41, 
      7.66
    ], 
    [
      7.4, 
      7.67
    ], 
    [
      7.3, 
      7.67
    ], 
    [
      7.29, 
      7.66
    ], 
    [
      7.29, 
      7.38
    ], 
    [
      7.28, 
      7.37
    ], 
    [
      7.28, 
      5.71
    ], 
    [
      6.6, 
      5.71
    ], 
    [
      6.59, 
      5.7
    ], 
    [
      6.59, 
      5.58
    ], 
    [
      6.6, 
      5.57
    ], 
    [
      7.28, 
      5.57
    ], 
    [
      7.28, 
      0.1
    ]
  ], 
  "bbox": {
    "max": [
      9.11, 
      8.96
    ], 
    "min": [
      0.1, 
      0.1
    ]
  }, 
  "id": "dbbfdc8bf05959153fdd93e5f9bb4c4b"
}