{
  "room_category": {
    "Gym": {
      "simulation_statistics": [
        {
          "not_completed_agents": 0, 
          "max_evacuation_time": 0.65, 
          "min_evacuation_time": 0.0, 
          "exit_flow_rate": 6.153846153846153, 
          "completed_agents": 4, 
          "max_traveled_distance": 0.743289, 
          "avg_evacuation_time": 0.375, 
          "avg_traveled_distance": 0.47017375, 
          "min_traveled_distance": 0.0
        }
      ], 
      "bounds": [
        [
          -0.03, 
          -0.03, 
          5.18, 
          3.79
        ]
      ]
    }, 
    "Dining_Room": {
      "simulation_statistics": [
        {
          "not_completed_agents": 0, 
          "max_evacuation_time": 16.900028, 
          "min_evacuation_time": 8.750015, 
          "exit_flow_rate": 0.35502899758509276, 
          "completed_agents": 6, 
          "max_traveled_distance": 12.445548, 
          "avg_evacuation_time": 12.400025999999999, 
          "avg_traveled_distance": 10.533453333333334, 
          "min_traveled_distance": 8.650299
        }
      ], 
      "bounds": [
        [
          5.16, 
          3.14, 
          10.39, 
          8.41
        ]
      ]
    }, 
    "Kitchen": {
      "simulation_statistics": [
        {
          "not_completed_agents": 0, 
          "max_evacuation_time": 15.800042, 
          "min_evacuation_time": 4.900001, 
          "exit_flow_rate": 0.37974582599210815, 
          "completed_agents": 6, 
          "max_traveled_distance": 11.333121, 
          "avg_evacuation_time": 9.816686166666667, 
          "avg_traveled_distance": 8.753725666666666, 
          "min_traveled_distance": 6.484294
        }
      ], 
      "bounds": [
        [
          5.16, 
          3.14, 
          10.39, 
          8.41
        ]
      ]
    }
  }, 
  "room_num": 4, 
  "verts": [
    [
      0.11, 
      0.1
    ], 
    [
      0.1, 
      0.11
    ], 
    [
      0.1, 
      3.06
    ], 
    [
      2.08, 
      3.06
    ], 
    [
      2.09, 
      3.07
    ], 
    [
      2.79, 
      3.07
    ], 
    [
      2.8, 
      3.08
    ], 
    [
      2.8, 
      3.24
    ], 
    [
      2.79, 
      3.25
    ], 
    [
      2.2, 
      3.25
    ], 
    [
      2.2, 
      8.23
    ], 
    [
      4.01, 
      8.23
    ], 
    [
      4.02, 
      8.24
    ], 
    [
      4.02, 
      8.34
    ], 
    [
      4.01, 
      8.35
    ], 
    [
      0.21, 
      8.35
    ], 
    [
      0.2, 
      8.36
    ], 
    [
      0.2, 
      11.32
    ], 
    [
      5.17, 
      11.32
    ], 
    [
      5.17, 
      8.35
    ], 
    [
      5.03, 
      8.35
    ], 
    [
      5.02, 
      8.34
    ], 
    [
      5.02, 
      8.24
    ], 
    [
      5.03, 
      8.23
    ], 
    [
      5.18, 
      8.23
    ], 
    [
      5.18, 
      7.17
    ], 
    [
      5.17, 
      7.16
    ], 
    [
      5.17, 
      6.09
    ], 
    [
      5.18, 
      6.08
    ], 
    [
      5.28, 
      6.08
    ], 
    [
      5.29, 
      6.09
    ], 
    [
      5.28, 
      6.1
    ], 
    [
      5.28, 
      6.11
    ], 
    [
      5.29, 
      6.12
    ], 
    [
      5.29, 
      7.22
    ], 
    [
      5.3, 
      7.23
    ], 
    [
      5.3, 
      8.22
    ], 
    [
      10.27, 
      8.22
    ], 
    [
      10.27, 
      6.89
    ], 
    [
      10.26, 
      6.88
    ], 
    [
      10.26, 
      5.22
    ], 
    [
      10.25, 
      5.21
    ], 
    [
      10.25, 
      3.57
    ], 
    [
      10.24, 
      3.56
    ], 
    [
      10.24, 
      3.26
    ], 
    [
      5.27, 
      3.26
    ], 
    [
      5.27, 
      4.15
    ], 
    [
      5.28, 
      4.16
    ], 
    [
      5.28, 
      5.07
    ], 
    [
      5.27, 
      5.08
    ], 
    [
      5.17, 
      5.08
    ], 
    [
      5.16, 
      5.07
    ], 
    [
      5.16, 
      4.1
    ], 
    [
      5.15, 
      4.09
    ], 
    [
      5.15, 
      3.26
    ], 
    [
      5.13, 
      3.26
    ], 
    [
      5.12, 
      3.25
    ], 
    [
      3.81, 
      3.25
    ], 
    [
      3.8, 
      3.24
    ], 
    [
      3.8, 
      3.08
    ], 
    [
      3.81, 
      3.07
    ], 
    [
      5.01, 
      3.07
    ], 
    [
      5.01, 
      2.91
    ], 
    [
      5.02, 
      2.9
    ], 
    [
      5.02, 
      2.38
    ], 
    [
      5.03, 
      2.37
    ], 
    [
      5.03, 
      1.85
    ], 
    [
      5.04, 
      1.84
    ], 
    [
      5.04, 
      1.32
    ], 
    [
      5.05, 
      1.31
    ], 
    [
      5.05, 
      0.79
    ], 
    [
      5.06, 
      0.78
    ], 
    [
      5.06, 
      0.26
    ], 
    [
      5.07, 
      0.25
    ], 
    [
      5.07, 
      0.1
    ]
  ], 
  "bbox": {
    "max": [
      10.27, 
      11.32
    ], 
    "min": [
      0.1, 
      0.1
    ]
  }, 
  "id": "dda15b3fb1bbe0e512738a0b7aab6587"
}