{
  "room_category": {
    "Toilet": {
      "simulation_statistics": [
        {
          "not_completed_agents": 0, 
          "max_evacuation_time": 150.004547, 
          "min_evacuation_time": 20.69997, 
          "exit_flow_rate": 0.013332929167807159, 
          "completed_agents": 2, 
          "max_traveled_distance": 18.885546, 
          "avg_evacuation_time": 71.13471733333334, 
          "avg_traveled_distance": 11.693604666666667, 
          "min_traveled_distance": 1.697678
        }
      ], 
      "bounds": [
        [
          0.48, 
          1.62, 
          5.27, 
          5.19
        ]
      ]
    }, 
    "Bathroom": {
      "simulation_statistics": [
        {
          "not_completed_agents": 0, 
          "max_evacuation_time": 150.004547, 
          "min_evacuation_time": 13.750034, 
          "exit_flow_rate": 0.013332929167807159, 
          "completed_agents": 2, 
          "max_traveled_distance": 18.340178, 
          "avg_evacuation_time": 65.93478266666666, 
          "avg_traveled_distance": 14.320906666666668, 
          "min_traveled_distance": 12.126094
        }
      ], 
      "bounds": [
        [
          0.48, 
          1.62, 
          5.27, 
          5.19
        ]
      ]
    }, 
    "Office": {
      "simulation_statistics": [
        {
          "not_completed_agents": 0, 
          "max_evacuation_time": 49.149536, 
          "min_evacuation_time": 5.200002, 
          "exit_flow_rate": 0.223806792397796, 
          "completed_agents": 11, 
          "max_traveled_distance": 20.253685, 
          "avg_evacuation_time": 22.481714272727274, 
          "avg_traveled_distance": 13.468070545454545, 
          "min_traveled_distance": 6.383273
        }
      ], 
      "bounds": [
        [
          3.05, 
          5.04, 
          13.73, 
          10.29
        ]
      ]
    }, 
    "Living_Room": {
      "simulation_statistics": [
        {
          "not_completed_agents": 0, 
          "max_evacuation_time": 150.004547, 
          "min_evacuation_time": 3.099998, 
          "exit_flow_rate": 0.0666646458390358, 
          "completed_agents": 10, 
          "max_traveled_distance": 19.033504, 
          "avg_evacuation_time": 26.504915636363638, 
          "avg_traveled_distance": 11.085680636363636, 
          "min_traveled_distance": 4.104227
        }
      ], 
      "bounds": [
        [
          3.05, 
          5.04, 
          13.73, 
          10.29
        ]
      ]
    }, 
    "Garage": {
      "simulation_statistics": [
        {
          "not_completed_agents": 0, 
          "max_evacuation_time": 6.600007, 
          "min_evacuation_time": 1.949999, 
          "exit_flow_rate": 1.060604935722038, 
          "completed_agents": 7, 
          "max_traveled_distance": 7.792053, 
          "avg_evacuation_time": 4.25, 
          "avg_traveled_distance": 5.3299838571428575, 
          "min_traveled_distance": 2.457306
        }
      ], 
      "bounds": [
        [
          9.1, 
          -4.84, 
          15.76, 
          0.1
        ]
      ]
    }, 
    "Bedroom": {
      "simulation_statistics": [
        {
          "not_completed_agents": 0, 
          "max_evacuation_time": 150.004547, 
          "min_evacuation_time": 8.900016, 
          "exit_flow_rate": 0.01999939375171074, 
          "completed_agents": 3, 
          "max_traveled_distance": 17.450233, 
          "avg_evacuation_time": 97.515349375, 
          "avg_traveled_distance": 11.592925375, 
          "min_traveled_distance": 4.174288
        }, 
        {
          "not_completed_agents": 0, 
          "max_evacuation_time": 150.004547, 
          "min_evacuation_time": 12.70003, 
          "exit_flow_rate": 0.01999939375171074, 
          "completed_agents": 3, 
          "max_traveled_distance": 16.63826, 
          "avg_evacuation_time": 50.97612575, 
          "avg_traveled_distance": 11.39265725, 
          "min_traveled_distance": 5.933851
        }
      ], 
      "bounds": [
        [
          13.61, 
          5.07, 
          21.18, 
          10.26
        ], 
        [
          -0.02, 
          1.62, 
          3.71, 
          6.88
        ]
      ]
    }, 
    "Dining_Room": {
      "simulation_statistics": [
        {
          "not_completed_agents": 0, 
          "max_evacuation_time": 46.599575, 
          "min_evacuation_time": 4.199998, 
          "exit_flow_rate": 0.23605365499578054, 
          "completed_agents": 11, 
          "max_traveled_distance": 22.172276, 
          "avg_evacuation_time": 22.09081409090909, 
          "avg_traveled_distance": 13.325047727272727, 
          "min_traveled_distance": 5.594289
        }
      ], 
      "bounds": [
        [
          3.05, 
          5.04, 
          13.73, 
          10.29
        ]
      ]
    }, 
    "Hall": {
      "simulation_statistics": [
        {
          "not_completed_agents": 0, 
          "max_evacuation_time": 150.004547, 
          "min_evacuation_time": 28.399853, 
          "exit_flow_rate": 0.026665858335614318, 
          "completed_agents": 4, 
          "max_traveled_distance": 21.761415, 
          "avg_evacuation_time": 74.96799216666666, 
          "avg_traveled_distance": 14.633639666666667, 
          "min_traveled_distance": 5.005579
        }
      ], 
      "bounds": [
        [
          7.86, 
          9.54, 
          13.72, 
          14.73
        ]
      ]
    }, 
    "Kitchen": {
      "simulation_statistics": [
        {
          "not_completed_agents": 0, 
          "max_evacuation_time": 1.899999, 
          "min_evacuation_time": 0.0, 
          "exit_flow_rate": 2.631580332410701, 
          "completed_agents": 5, 
          "max_traveled_distance": 2.030909, 
          "avg_evacuation_time": 0.5799998, 
          "avg_traveled_distance": 0.6455528, 
          "min_traveled_distance": 0.0
        }
      ], 
      "bounds": [
        [
          5.18, 
          -0.05, 
          9.69, 
          5.18
        ]
      ]
    }
  }, 
  "room_num": 8,