{
  "room_category": {
    "Toilet": {
      "simulation_statistics": [
        {
          "not_completed_agents": 0, 
          "max_evacuation_time": 10.650023, 
          "min_evacuation_time": 4.499999, 
          "exit_flow_rate": 0.5633790650029582, 
          "completed_agents": 6, 
          "max_traveled_distance": 10.278248, 
          "avg_evacuation_time": 7.100009, 
          "avg_traveled_distance": 7.931270166666667, 
          "min_traveled_distance": 5.867511
        }
      ], 
      "bounds": [
        [
          5.06, 
          -0.14, 
          10.56, 
          5.36
        ]
      ]
    }, 
    "Bathroom": {
      "simulation_statistics": [
        {
          "not_completed_agents": 0, 
          "max_evacuation_time": 12.100028, 
          "min_evacuation_time": 2.699999, 
          "exit_flow_rate": 0.4958666211350916, 
          "completed_agents": 6, 
          "max_traveled_distance": 10.35892, 
          "avg_evacuation_time": 5.866672666666666, 
          "avg_traveled_distance": 6.7489300000000005, 
          "min_traveled_distance": 3.526642
        }
      ], 
      "bounds": [
        [
          5.06, 
          -0.14, 
          10.56, 
          5.36
        ]
      ]
    }, 
    "Living_Room": {
      "simulation_statistics": [
        {
          "not_completed_agents": 0, 
          "max_evacuation_time": 13.700034, 
          "min_evacuation_time": 7.900012, 
          "exit_flow_rate": 0.5109476370642584, 
          "completed_agents": 7, 
          "max_traveled_distance": 16.801281, 
          "avg_evacuation_time": 10.550022142857143, 
          "avg_traveled_distance": 13.042663142857142, 
          "min_traveled_distance": 10.695801
        }
      ], 
      "bounds": [
        [
          10.18, 
          -0.8, 
          15.87, 
          5.38
        ]
      ]
    }
  }, 
  "room_num": 4, 
  "verts": [
    [
      0.11, 
      0.1
    ], 
    [
      0.1, 
      0.11
    ], 
    [
      0.1, 
      5.06
    ], 
    [
      5.07, 
      5.06
    ], 
    [
      5.07, 
      1.93
    ], 
    [
      5.08, 
      1.92
    ], 
    [
      5.18, 
      1.92
    ], 
    [
      5.19, 
      1.93
    ], 
    [
      5.19, 
      1.96
    ], 
    [
      7.18, 
      1.96
    ], 
    [
      7.19, 
      1.97
    ], 
    [
      7.19, 
      2.11
    ], 
    [
      7.18, 
      2.12
    ], 
    [
      5.19, 
      2.12
    ], 
    [
      5.19, 
      5.06
    ], 
    [
      10.17, 
      5.06
    ], 
    [
      10.17, 
      2.12
    ], 
    [
      8.29, 
      2.12
    ], 
    [
      8.28, 
      2.11
    ], 
    [
      8.28, 
      1.97
    ], 
    [
      8.29, 
      1.96
    ], 
    [
      10.17, 
      1.96
    ], 
    [
      10.17, 
      1.93
    ], 
    [
      10.18, 
      1.92
    ], 
    [
      10.28, 
      1.92
    ], 
    [
      10.29, 
      1.93
    ], 
    [
      10.29, 
      5.06
    ], 
    [
      15.26, 
      5.06
    ], 
    [
      15.26, 
      0.1
    ], 
    [
      10.29, 
      0.1
    ], 
    [
      10.29, 
      0.48
    ], 
    [
      10.28, 
      0.49
    ], 
    [
      10.18, 
      0.49
    ], 
    [
      10.17, 
      0.48
    ], 
    [
      10.17, 
      0.1
    ], 
    [
      5.19, 
      0.1
    ], 
    [
      5.19, 
      0.48
    ], 
    [
      5.18, 
      0.49
    ], 
    [
      5.08, 
      0.49
    ], 
    [
      5.07, 
      0.48
    ], 
    [
      5.07, 
      0.1
    ]
  ], 
  "bbox": {
    "max": [
      15.26, 
      5.06
    ], 
    "min": [
      0.1, 
      0.1
    ]
  }, 
  "id": "def88a9328ef13bb5c7f5bb439d33631"
}