{
  "room_category": {
    "Boiler_room": {
      "simulation_statistics": [
        {
          "not_completed_agents": 0, 
          "max_evacuation_time": 15.25004, 
          "min_evacuation_time": 7.30001, 
          "exit_flow_rate": 0.7213095834502729, 
          "completed_agents": 11, 
          "max_traveled_distance": 15.548952, 
          "avg_evacuation_time": 11.681844545454545, 
          "avg_traveled_distance": 13.128671454545456, 
          "min_traveled_distance": 8.069557
        }
      ], 
      "bounds": [
        [
          -7.66, 
          -3.41, 
          2.71, 
          1.9
        ]
      ]
    }, 
    "Hallway": {
      "simulation_statistics": [
        {
          "not_completed_agents": 0, 
          "max_evacuation_time": 20.799969, 
          "min_evacuation_time": 6.300006, 
          "exit_flow_rate": 0.1442309841904091, 
          "completed_agents": 3, 
          "max_traveled_distance": 14.353218, 
          "avg_evacuation_time": 12.066664000000001, 
          "avg_traveled_distance": 10.711638333333333, 
          "min_traveled_distance": 7.510837
        }
      ], 
      "bounds": [
        [
          10.07, 
          6.03, 
          12.51, 
          11.76
        ]
      ]
    }, 
    "Bathroom": {
      "simulation_statistics": [
        {
          "not_completed_agents": 0, 
          "max_evacuation_time": 23.34993, 
          "min_evacuation_time": 10.400022, 
          "exit_flow_rate": 0.1284800425525901, 
          "completed_agents": 3, 
          "max_traveled_distance": 16.728279, 
          "avg_evacuation_time": 15.683328333333334, 
          "avg_traveled_distance": 14.218980333333334, 
          "min_traveled_distance": 12.90397
        }
      ], 
      "bounds": [
        [
          5.45, 
          3.07, 
          9.09, 
          6.72
        ]
      ]
    }, 
    "Office": {
      "simulation_statistics": [
        {
          "not_completed_agents": 0, 
          "max_evacuation_time": 23.99992, 
          "min_evacuation_time": 12.450029, 
          "exit_flow_rate": 0.2500008333361111, 
          "completed_agents": 6, 
          "max_traveled_distance": 22.336388, 
          "avg_evacuation_time": 18.733321999999998, 
          "avg_traveled_distance": 19.334237666666667, 
          "min_traveled_distance": 14.64338
        }
      ], 
      "bounds": [
        [
          0.82, 
          3.31, 
          5.53, 
          9.15
        ]
      ]
    }, 
    "Bedroom": {
      "simulation_statistics": [
        {
          "not_completed_agents": 0, 
          "max_evacuation_time": 18.200008, 
          "min_evacuation_time": 6.850008, 
          "exit_flow_rate": 0.43956024634714447, 
          "completed_agents": 8, 
          "max_traveled_distance": 14.925874, 
          "avg_evacuation_time": 11.28751675, 
          "avg_traveled_distance": 12.2310685, 
          "min_traveled_distance": 8.883286
        }, 
        {
          "not_completed_agents": 0, 
          "max_evacuation_time": 18.000011, 
          "min_evacuation_time": 11.900027, 
          "exit_flow_rate": 0.3888886512347131, 
          "completed_agents": 7, 
          "max_traveled_distance": 21.108646, 
          "avg_evacuation_time": 14.978601142857142, 
          "avg_traveled_distance": 17.266686714285715, 
          "min_traveled_distance": 14.686792
        }
      ], 
      "bounds": [
        [
          8.77, 
          8.67, 
          15.52, 
          14.49
        ], 
        [
          -0.03, 
          9.07, 
          5.89, 
          14.63
        ]
      ]
    }, 
    "Dining_Room": {
      "simulation_statistics": [
        {
          "not_completed_agents": 0, 
          "max_evacuation_time": 2.049999, 
          "min_evacuation_time": 0.0, 
          "exit_flow_rate": 1.9512204640099824, 
          "completed_agents": 4, 
          "max_traveled_distance": 2.655988, 
          "avg_evacuation_time": 0.6874997500000001, 
          "avg_traveled_distance": 0.8885157499999999, 
          "min_traveled_distance": 0.0
        }
      ], 
      "bounds": [
        [
          8.99, 
          -0.03, 
          14.9, 
          3.23
        ]
      ]
    }, 
    "Hall": {
      "simulation_statistics": [
        {
          "not_completed_agents": 0, 
          "max_evacuation_time": 150.004547, 
          "min_evacuation_time": 8.150013, 
          "exit_flow_rate": 0.053331716671228636, 
          "completed_agents": 8, 
          "max_traveled_distance": 17.044384, 
          "avg_evacuation_time": 27.74496388888889, 
          "avg_traveled_distance": 11.750735333333333, 
          "min_traveled_distance": 0.714591
        }
      ], 
      "bounds": [
        [
          2.89, 
          6.03, 
          10.17, 
          12.55
        ]
      ]
    }, 
    "Kitchen": {
      "simulation_statistics": [
        {
          "not_completed_agents": 0, 
          "max_evacuation_time": 16.600033, 
          "min_evacuation_time": 2.549999, 
          "exit_flow_rate": 0.42168590869668754, 
          "completed_agents": 7, 
          "max_traveled_distance": 12.720997, 
          "avg_evacuation_time": 5.764289857142857, 
          "avg_traveled_distance": 5.1391982857142855, 
          "min_traveled_distance": 3.045537
        }
      ], 
      "bounds": [
        [
          9.01, 
          3.08, 
          14.9, 
          8.84
        ]
      ]
    }
  }, 
  "room_num": 10,