{
  "room_category": {
    "Toilet": {
      "simulation_statistics": [
        {
          "not_completed_agents": 0, 
          "max_evacuation_time": 8.650015, 
          "min_evacuation_time": 5.150002, 
          "exit_flow_rate": 0.2312134718841528, 
          "completed_agents": 2, 
          "max_traveled_distance": 8.896284, 
          "avg_evacuation_time": 6.9000085, 
          "avg_traveled_distance": 7.950578999999999, 
          "min_traveled_distance": 7.004874
        }
      ], 
      "bounds": [
        [
          8.13, 
          -0.03, 
          11.52, 
          3.19
        ]
      ]
    }, 
    "Bathroom": {
      "simulation_statistics": [
        {
          "not_completed_agents": 0, 
          "max_evacuation_time": 10.10002, 
          "min_evacuation_time": 7.40001, 
          "exit_flow_rate": 0.1980194098625547, 
          "completed_agents": 2, 
          "max_traveled_distance": 9.11854, 
          "avg_evacuation_time": 8.750015000000001, 
          "avg_traveled_distance": 8.675602, 
          "min_traveled_distance": 8.232664
        }
      ], 
      "bounds": [
        [
          8.13, 
          -0.03, 
          11.52, 
          3.19
        ]
      ]
    }, 
    "Bedroom": {
      "simulation_statistics": [
        {
          "not_completed_agents": 0, 
          "max_evacuation_time": 4.599999, 
          "min_evacuation_time": 0.0, 
          "exit_flow_rate": 2.1739135160681555, 
          "completed_agents": 10, 
          "max_traveled_distance": 5.98948, 
          "avg_evacuation_time": 1.8949994000000001, 
          "avg_traveled_distance": 2.3373495, 
          "min_traveled_distance": 0.0
        }
      ], 
      "bounds": [
        [
          -0.03, 
          -0.03, 
          8.26, 
          6.15
        ]
      ]
    }
  }, 
  "room_num": 2, 
  "verts": [
    [
      0.11, 
      0.1
    ], 
    [
      0.1, 
      0.11
    ], 
    [
      0.1, 
      5.31
    ], 
    [
      8.15, 
      5.31
    ], 
    [
      8.15, 
      3.18
    ], 
    [
      8.16, 
      3.17
    ], 
    [
      8.16, 
      2.04
    ], 
    [
      8.17, 
      2.03
    ], 
    [
      8.27, 
      2.03
    ], 
    [
      8.28, 
      2.04
    ], 
    [
      8.28, 
      3.06
    ], 
    [
      11.39, 
      3.06
    ], 
    [
      11.39, 
      0.1
    ], 
    [
      8.28, 
      0.1
    ], 
    [
      8.28, 
      1.04
    ], 
    [
      8.27, 
      1.05
    ], 
    [
      8.17, 
      1.05
    ], 
    [
      8.16, 
      1.04
    ], 
    [
      8.16, 
      0.1
    ]
  ], 
  "bbox": {
    "max": [
      11.39, 
      5.31
    ], 
    "min": [
      0.1, 
      0.1
    ]
  }, 
  "id": "e3c05e1d18d61e4aa7814c9c7ffa6eff"
}