{
  "room_category": {
    "Toilet": {
      "simulation_statistics": [
        {
          "not_completed_agents": 0, 
          "max_evacuation_time": 150.004547, 
          "min_evacuation_time": 0.05, 
          "exit_flow_rate": 2.366594927285771, 
          "completed_agents": 355, 
          "max_traveled_distance": 63.039425, 
          "avg_evacuation_time": 31.678030860215053, 
          "avg_traveled_distance": 32.202209456989245, 
          "min_traveled_distance": 0.070487
        }
      ], 
      "bounds": [
        [
          -37.46, 
          -20.43, 
          6.13, 
          22.25
        ]
      ]
    }, 
    "Bedroom": {
      "simulation_statistics": [
        {
          "not_completed_agents": 0, 
          "max_evacuation_time": 150.004547, 
          "min_evacuation_time": 0.05, 
          "exit_flow_rate": 2.3465955335340603, 
          "completed_agents": 352, 
          "max_traveled_distance": 59.612579, 
          "avg_evacuation_time": 31.534130465053764, 
          "avg_traveled_distance": 30.71902408333333, 
          "min_traveled_distance": 0.066989
        }
      ], 
      "bounds": [
        [
          -37.46, 
          -20.43, 
          6.13, 
          22.25
        ]
      ]
    }
  }, 
  "room_num": 1, 
  "verts": [
    [
      0.11, 
      0.1
    ], 
    [
      0.1, 
      0.11
    ], 
    [
      0.1, 
      2.21
    ], 
    [
      4.41, 
      2.21
    ], 
    [
      4.41, 
      2.11
    ], 
    [
      4.42, 
      2.1
    ], 
    [
      4.51, 
      2.1
    ], 
    [
      4.52, 
      2.11
    ], 
    [
      4.52, 
      4.02
    ], 
    [
      4.51, 
      4.03
    ], 
    [
      4.42, 
      4.03
    ], 
    [
      4.41, 
      4.02
    ], 
    [
      4.41, 
      2.33
    ], 
    [
      0.1, 
      2.33
    ], 
    [
      0.1, 
      4.76
    ], 
    [
      0.88, 
      4.76
    ], 
    [
      0.89, 
      4.77
    ], 
    [
      0.89, 
      4.87
    ], 
    [
      0.88, 
      4.88
    ], 
    [
      0.1, 
      4.88
    ], 
    [
      0.1, 
      7.52
    ], 
    [
      4.24, 
      7.52
    ], 
    [
      4.26, 
      7.54
    ], 
    [
      4.26, 
      7.66
    ], 
    [
      4.25, 
      7.67
    ], 
    [
      4.15, 
      7.67
    ], 
    [
      4.14, 
      7.66
    ], 
    [
      4.14, 
      7.64
    ], 
    [
      0.1, 
      7.64
    ], 
    [
      0.1, 
      10.46
    ], 
    [
      0.15, 
      10.46
    ], 
    [
      0.16, 
      10.47
    ], 
    [
      4.14, 
      10.47
    ], 
    [
      4.14, 
      8.52
    ], 
    [
      4.15, 
      8.51
    ], 
    [
      4.25, 
      8.51
    ], 
    [
      4.26, 
      8.52
    ], 
    [
      4.26, 
      13.01
    ], 
    [
      4.25, 
      13.02
    ], 
    [
      4.15, 
      13.02
    ], 
    [
      4.14, 
      13.01
    ], 
    [
      4.15, 
      13.0
    ], 
    [
      4.15, 
      12.96
    ], 
    [
      4.14, 
      12.95
    ], 
    [
      4.14, 
      10.58
    ], 
    [
      0.1, 
      10.58
    ], 
    [
      0.1, 
      13.9
    ], 
    [
      0.15, 
      13.9
    ], 
    [
      0.16, 
      13.91
    ], 
    [
      4.14, 
      13.91
    ], 
    [
      4.14, 
      13.87
    ], 
    [
      4.15, 
      13.86
    ], 
    [
      4.25, 
      13.86
    ], 
    [
      4.26, 
      13.87
    ], 
    [
      4.26, 
      14.0
    ], 
    [
      4.24, 
      14.02
    ], 
    [
      0.1, 
      14.02
    ], 
    [
      0.1, 
      15.32
    ], 
    [
      1.58, 
      15.32
    ], 
    [
      1.6, 
      15.34
    ], 
    [
      1.6, 
      15.44
    ], 
    [
      1.59, 
      15.45
    ], 
    [
      1.59, 
      18.07
    ], 
    [
      1.6, 
      18.08
    ], 
    [
      1.59, 
      18.09
    ], 
    [
      1.49, 
      18.09
    ], 
    [
      1.48, 
      18.08
    ], 
    [
      1.48, 
      15.44
    ], 
    [
      0.1, 
      15.44
    ], 
    [
      0.1, 
      20.07
    ], 
    [
      0.32, 
      20.07
    ], 
    [
      0.33, 
      20.06
    ], 
    [
      0.34, 
      20.07
    ], 
    [
      0.34, 
      20.17
    ], 
    [
      0.33, 
      20.18
    ], 
    [
      0.1, 
      20.18
    ], 
    [
      0.1, 
      22.09
    ], 
    [
      6.02, 
      22.09
    ], 
    [
      6.02, 
      20.18
    ], 
    [
      5.98, 
      20.18
    ], 
    [
      5.97, 
      20.17
    ], 
    [
      5.97, 
      20.07
    ], 
    [
      5.98, 
      20.06
    ], 
    [
      6.02, 
      20.06
    ], 
    [
      6.02, 
      4.87
    ], 
    [
      4.43, 
      4.87
    ], 
    [
      4.42, 
      4.88
    ], 
    [
      4.41, 
      4.87
    ], 
    [
      4.41, 
      4.77
    ], 
    [
      4.42, 
      4.76
    ], 
    [
      6.02, 
      4.76
    ], 
    [
      6.02, 
      0.1
    ], 
    [
      4.52, 
      0.1
    ], 
    [
      4.52, 
      1.25
    ], 
    [
      4.51, 
      1.26
    ], 
    [
      4.42, 
      1.26
    ], 
    [
      4.41, 
      1.25
    ], 
    [
      4.41, 
      0.1
    ]
  ], 
  "bbox": {
    "max": [
      6.02, 
      22.09
    ], 
    "min": [
      0.1, 
      0.1
    ]
  }, 
  "id": "e5a423ce8412c73ea0be72409d842dad"
}