{
  "room_category": {
    "Bathroom": {
      "simulation_statistics": [
        {
          "not_completed_agents": 0, 
          "max_evacuation_time": 6.050005, 
          "min_evacuation_time": 4.349998, 
          "exit_flow_rate": 0.3305782391915379, 
          "completed_agents": 2, 
          "max_traveled_distance": 5.379169, 
          "avg_evacuation_time": 5.2000015, 
          "avg_traveled_distance": 5.219726, 
          "min_traveled_distance": 5.060283
        }
      ], 
      "bounds": [
        [
          2.18, 
          5.08, 
          5.88, 
          7.77
        ]
      ]
    }, 
    "Living_Room": {
      "simulation_statistics": [
        {
          "not_completed_agents": 0, 
          "max_evacuation_time": 2.349999, 
          "min_evacuation_time": 1.2, 
          "exit_flow_rate": 2.5531925758266283, 
          "completed_agents": 6, 
          "max_traveled_distance": 2.588991, 
          "avg_evacuation_time": 1.6749995, 
          "avg_traveled_distance": 1.9760328333333332, 
          "min_traveled_distance": 1.457967
        }
      ], 
      "bounds": [
        [
          -0.05, 
          -0.05, 
          5.17, 
          5.68
        ]
      ]
    }, 
    "Kitchen": {
      "simulation_statistics": [
        {
          "not_completed_agents": 0, 
          "max_evacuation_time": 5.250002, 
          "min_evacuation_time": 2.799999, 
          "exit_flow_rate": 0.5714283537415795, 
          "completed_agents": 3, 
          "max_traveled_distance": 6.156773, 
          "avg_evacuation_time": 4.183333333333334, 
          "avg_traveled_distance": 5.014896333333334, 
          "min_traveled_distance": 3.628815
        }
      ], 
      "bounds": [
        [
          5.0, 
          -0.05, 
          8.3, 
          5.17
        ]
      ]
    }
  }, 
  "room_num": 4, 
  "verts": [
    [
      0.11, 
      0.1
    ], 
    [
      0.1, 
      0.11
    ], 
    [
      0.1, 
      5.06
    ], 
    [
      2.17, 
      5.06
    ], 
    [
      2.18, 
      5.07
    ], 
    [
      4.04, 
      5.07
    ], 
    [
      4.05, 
      5.08
    ], 
    [
      4.05, 
      5.18
    ], 
    [
      4.04, 
      5.19
    ], 
    [
      2.29, 
      5.19
    ], 
    [
      2.29, 
      7.63
    ], 
    [
      5.74, 
      7.63
    ], 
    [
      5.74, 
      6.96
    ], 
    [
      5.09, 
      6.96
    ], 
    [
      5.08, 
      6.95
    ], 
    [
      5.08, 
      6.47
    ], 
    [
      5.07, 
      6.46
    ], 
    [
      5.07, 
      6.24
    ], 
    [
      5.08, 
      6.23
    ], 
    [
      5.18, 
      6.23
    ], 
    [
      5.19, 
      6.24
    ], 
    [
      5.19, 
      6.85
    ], 
    [
      5.85, 
      6.85
    ], 
    [
      5.86, 
      6.84
    ], 
    [
      8.16, 
      6.84
    ], 
    [
      8.16, 
      5.19
    ], 
    [
      8.15, 
      5.19
    ], 
    [
      8.14, 
      5.18
    ], 
    [
      5.19, 
      5.18
    ], 
    [
      5.19, 
      5.22
    ], 
    [
      5.18, 
      5.23
    ], 
    [
      5.08, 
      5.23
    ], 
    [
      5.07, 
      5.22
    ], 
    [
      5.07, 
      5.19
    ], 
    [
      5.06, 
      5.19
    ], 
    [
      5.05, 
      5.18
    ], 
    [
      5.05, 
      5.08
    ], 
    [
      5.06, 
      5.07
    ], 
    [
      5.07, 
      5.07
    ], 
    [
      5.07, 
      3.63
    ], 
    [
      5.08, 
      3.62
    ], 
    [
      5.18, 
      3.62
    ], 
    [
      5.19, 
      3.63
    ], 
    [
      5.18, 
      3.64
    ], 
    [
      5.18, 
      3.65
    ], 
    [
      5.19, 
      3.66
    ], 
    [
      5.19, 
      5.07
    ], 
    [
      8.16, 
      5.07
    ], 
    [
      8.16, 
      0.1
    ], 
    [
      5.19, 
      0.1
    ], 
    [
      5.19, 
      0.17
    ], 
    [
      5.18, 
      0.18
    ], 
    [
      5.08, 
      0.18
    ], 
    [
      5.07, 
      0.17
    ], 
    [
      5.07, 
      0.1
    ]
  ], 
  "bbox": {
    "max": [
      8.16, 
      7.63
    ], 
    "min": [
      0.1, 
      0.1
    ]
  }, 
  "id": "e60ea45c208108c963b61e05e69375c3"
}