{
  "room_category": {
    "Living_Room": {
      "simulation_statistics": [
        {
          "not_completed_agents": 0, 
          "max_evacuation_time": 19.099995, 
          "min_evacuation_time": 5.600003, 
          "exit_flow_rate": 0.31413620788905966, 
          "completed_agents": 6, 
          "max_traveled_distance": 15.445357, 
          "avg_evacuation_time": 12.366685833333333, 
          "avg_traveled_distance": 11.687767333333333, 
          "min_traveled_distance": 6.323348
        }
      ], 
      "bounds": [
        [
          -0.49, 
          3.84, 
          5.32, 
          9.12
        ]
      ]
    }, 
    "Office": {
      "simulation_statistics": [
        {
          "not_completed_agents": 0, 
          "max_evacuation_time": 1.749999, 
          "min_evacuation_time": 0.0, 
          "exit_flow_rate": 2.285715591837481, 
          "completed_agents": 4, 
          "max_traveled_distance": 2.100027, 
          "avg_evacuation_time": 1.06249975, 
          "avg_traveled_distance": 1.28895875, 
          "min_traveled_distance": 0.0
        }
      ], 
      "bounds": [
        [
          -0.02, 
          -0.02, 
          5.32, 
          3.99
        ]
      ]
    }, 
    "Kitchen": {
      "simulation_statistics": [
        {
          "not_completed_agents": 0, 
          "max_evacuation_time": 14.150036, 
          "min_evacuation_time": 6.300006, 
          "exit_flow_rate": 0.35335599146178853, 
          "completed_agents": 5, 
          "max_traveled_distance": 13.247162, 
          "avg_evacuation_time": 9.0400164, 
          "avg_traveled_distance": 9.8765234, 
          "min_traveled_distance": 7.186262
        }
      ], 
      "bounds": [
        [
          5.19, 
          3.9, 
          10.05, 
          9.06
        ]
      ]
    }
  }, 
  "room_num": 4, 
  "verts": [
    [
      0.11, 
      0.1
    ], 
    [
      0.1, 
      0.11
    ], 
    [
      0.1, 
      3.88
    ], 
    [
      0.12, 
      3.88
    ], 
    [
      0.13, 
      3.89
    ], 
    [
      5.22, 
      3.89
    ], 
    [
      5.22, 
      2.48
    ], 
    [
      5.23, 
      2.47
    ], 
    [
      5.33, 
      2.47
    ], 
    [
      5.34, 
      2.48
    ], 
    [
      5.34, 
      3.89
    ], 
    [
      6.08, 
      3.89
    ], 
    [
      6.09, 
      3.9
    ], 
    [
      6.09, 
      4.0
    ], 
    [
      6.08, 
      4.01
    ], 
    [
      5.34, 
      4.01
    ], 
    [
      5.34, 
      4.21
    ], 
    [
      5.33, 
      4.22
    ], 
    [
      5.23, 
      4.22
    ], 
    [
      5.22, 
      4.21
    ], 
    [
      5.22, 
      4.01
    ], 
    [
      0.24, 
      4.01
    ], 
    [
      0.24, 
      8.98
    ], 
    [
      1.62, 
      8.98
    ], 
    [
      1.63, 
      8.97
    ], 
    [
      2.73, 
      8.97
    ], 
    [
      2.74, 
      8.96
    ], 
    [
      4.52, 
      8.96
    ], 
    [
      4.53, 
      8.95
    ], 
    [
      5.22, 
      8.95
    ], 
    [
      5.22, 
      5.47
    ], 
    [
      5.23, 
      5.46
    ], 
    [
      5.33, 
      5.46
    ], 
    [
      5.34, 
      5.47
    ], 
    [
      5.33, 
      5.48
    ], 
    [
      5.33, 
      5.54
    ], 
    [
      5.34, 
      5.55
    ], 
    [
      5.34, 
      8.95
    ], 
    [
      9.94, 
      8.95
    ], 
    [
      9.94, 
      4.02
    ], 
    [
      9.41, 
      4.02
    ], 
    [
      9.4, 
      4.01
    ], 
    [
      7.34, 
      4.01
    ], 
    [
      7.33, 
      4.0
    ], 
    [
      7.33, 
      3.9
    ], 
    [
      7.34, 
      3.89
    ], 
    [
      9.29, 
      3.89
    ], 
    [
      9.29, 
      0.37
    ], 
    [
      5.34, 
      0.37
    ], 
    [
      5.34, 
      1.22
    ], 
    [
      5.33, 
      1.23
    ], 
    [
      5.23, 
      1.23
    ], 
    [
      5.22, 
      1.22
    ], 
    [
      5.22, 
      0.26
    ], 
    [
      5.21, 
      0.25
    ], 
    [
      5.21, 
      0.1
    ]
  ], 
  "bbox": {
    "max": [
      9.94, 
      8.98
    ], 
    "min": [
      0.1, 
      0.1
    ]
  }, 
  "id": "e6f1f92bb57dcd9aa0b9af5d1070436a"
}