{
  "room_category": {
    "Room": [
      [
        4.19, 
        4.59, 
        4.92, 
        7.51
      ], 
      [
        0.07, 
        5.8, 
        3.24, 
        5.9
      ]
    ], 
    "Office": {
      "simulation_statistics": [
        {
          "not_completed_agents": 0, 
          "max_evacuation_time": 16.000042, 
          "min_evacuation_time": 0.0, 
          "exit_flow_rate": 1.2499967187586132, 
          "completed_agents": 20, 
          "max_traveled_distance": 11.117914, 
          "avg_evacuation_time": 6.1325115, 
          "avg_traveled_distance": 5.53765335, 
          "min_traveled_distance": 0.0
        }
      ], 
      "bounds": [
        [
          -0.02, 
          -0.64, 
          12.0, 
          7.51
        ]
      ]
    }, 
    "Kitchen": {
      "simulation_statistics": [
        {
          "not_completed_agents": 0, 
          "max_evacuation_time": 11.350025, 
          "min_evacuation_time": 0.0, 
          "exit_flow_rate": 1.762110656143929, 
          "completed_agents": 20, 
          "max_traveled_distance": 10.83769, 
          "avg_evacuation_time": 4.9475050000000005, 
          "avg_traveled_distance": 5.4988162, 
          "min_traveled_distance": 0.0
        }
      ], 
      "bounds": [
        [
          -0.02, 
          -0.64, 
          12.0, 
          7.51
        ]
      ]
    }
  }, 
  "room_num": 4, 
  "verts": [
    [
      0.11, 
      0.1
    ], 
    [
      0.1, 
      0.11
    ], 
    [
      0.1, 
      5.8
    ], 
    [
      3.24, 
      5.8
    ], 
    [
      3.25, 
      5.81
    ], 
    [
      3.25, 
      5.9
    ], 
    [
      3.24, 
      5.91
    ], 
    [
      0.1, 
      5.91
    ], 
    [
      0.1, 
      7.4
    ], 
    [
      4.79, 
      7.4
    ], 
    [
      4.79, 
      7.35
    ], 
    [
      4.8, 
      7.34
    ], 
    [
      4.8, 
      7.19
    ], 
    [
      4.81, 
      7.18
    ], 
    [
      4.9, 
      7.18
    ], 
    [
      4.91, 
      7.19
    ], 
    [
      4.91, 
      7.4
    ], 
    [
      11.89, 
      7.4
    ], 
    [
      11.89, 
      4.68
    ], 
    [
      4.92, 
      4.68
    ], 
    [
      4.92, 
      5.41
    ], 
    [
      4.91, 
      5.42
    ], 
    [
      4.91, 
      6.17
    ], 
    [
      4.9, 
      6.18
    ], 
    [
      4.81, 
      6.18
    ], 
    [
      4.8, 
      6.17
    ], 
    [
      4.8, 
      3.34
    ], 
    [
      4.81, 
      3.33
    ], 
    [
      4.91, 
      3.33
    ], 
    [
      4.92, 
      3.34
    ], 
    [
      4.92, 
      4.57
    ], 
    [
      11.89, 
      4.57
    ], 
    [
      11.89, 
      0.1
    ], 
    [
      4.92, 
      0.1
    ], 
    [
      4.92, 
      2.32
    ], 
    [
      4.91, 
      2.33
    ], 
    [
      4.81, 
      2.33
    ], 
    [
      4.8, 
      2.32
    ], 
    [
      4.8, 
      0.1
    ]
  ], 
  "bbox": {
    "max": [
      11.89, 
      7.4
    ], 
    "min": [
      0.1, 
      0.1
    ]
  }, 
  "id": "e8dafba5a52c4e71c943379307f2d76c"
}