{
  "room_category": {
    "Toilet": {
      "simulation_statistics": [
        {
          "not_completed_agents": 0, 
          "max_evacuation_time": 15.15004, 
          "min_evacuation_time": 9.450018, 
          "exit_flow_rate": 0.1320128527713458, 
          "completed_agents": 2, 
          "max_traveled_distance": 12.251503, 
          "avg_evacuation_time": 12.300029, 
          "avg_traveled_distance": 10.900998, 
          "min_traveled_distance": 9.550493
        }
      ], 
      "bounds": [
        [
          9.09, 
          6.28, 
          13.51, 
          8.98
        ]
      ]
    }, 
    "Bathroom": {
      "simulation_statistics": [
        {
          "not_completed_agents": 0, 
          "max_evacuation_time": 12.850031, 
          "min_evacuation_time": 7.35001, 
          "exit_flow_rate": 0.15564164786839815, 
          "completed_agents": 2, 
          "max_traveled_distance": 10.215254, 
          "avg_evacuation_time": 10.1000205, 
          "avg_traveled_distance": 9.38962, 
          "min_traveled_distance": 8.563986
        }
      ], 
      "bounds": [
        [
          9.09, 
          6.28, 
          13.51, 
          8.98
        ]
      ]
    }, 
    "Living_Room": {
      "simulation_statistics": [
        {
          "not_completed_agents": 0, 
          "max_evacuation_time": 16.050041, 
          "min_evacuation_time": 8.550014, 
          "exit_flow_rate": 0.3738308207436978, 
          "completed_agents": 6, 
          "max_traveled_distance": 12.858077, 
          "avg_evacuation_time": 11.966693833333332, 
          "avg_traveled_distance": 11.543502666666667, 
          "min_traveled_distance": 9.542978
        }
      ], 
      "bounds": [
        [
          -0.03, 
          3.76, 
          6.12, 
          8.98
        ]
      ]
    }
  }, 
  "room_num": 4, 
  "verts": [
    [
      6.16, 
      0.1
    ], 
    [
      6.15, 
      0.11
    ], 
    [
      6.15, 
      3.77
    ], 
    [
      9.17, 
      3.77
    ], 
    [
      9.19, 
      3.79
    ], 
    [
      9.18, 
      3.8
    ], 
    [
      9.19, 
      3.81
    ], 
    [
      9.19, 
      4.25
    ], 
    [
      9.18, 
      4.26
    ], 
    [
      9.08, 
      4.26
    ], 
    [
      9.07, 
      4.25
    ], 
    [
      9.07, 
      3.88
    ], 
    [
      6.08, 
      3.88
    ], 
    [
      6.08, 
      5.43
    ], 
    [
      6.07, 
      5.44
    ], 
    [
      5.98, 
      5.44
    ], 
    [
      5.97, 
      5.43
    ], 
    [
      5.97, 
      3.9
    ], 
    [
      0.11, 
      3.9
    ], 
    [
      0.1, 
      3.91
    ], 
    [
      0.1, 
      8.86
    ], 
    [
      5.97, 
      8.86
    ], 
    [
      5.97, 
      7.29
    ], 
    [
      5.98, 
      7.28
    ], 
    [
      6.07, 
      7.28
    ], 
    [
      6.08, 
      7.29
    ], 
    [
      6.08, 
      8.86
    ], 
    [
      9.07, 
      8.86
    ], 
    [
      9.07, 
      7.67
    ], 
    [
      9.08, 
      7.66
    ], 
    [
      9.17, 
      7.66
    ], 
    [
      9.18, 
      7.67
    ], 
    [
      9.18, 
      8.84
    ], 
    [
      13.21, 
      8.84
    ], 
    [
      13.21, 
      6.4
    ], 
    [
      11.68, 
      6.4
    ], 
    [
      11.67, 
      6.39
    ], 
    [
      9.18, 
      6.39
    ], 
    [
      9.18, 
      6.65
    ], 
    [
      9.17, 
      6.66
    ], 
    [
      9.08, 
      6.66
    ], 
    [
      9.07, 
      6.65
    ], 
    [
      9.07, 
      6.11
    ], 
    [
      9.08, 
      6.1
    ], 
    [
      9.18, 
      6.1
    ], 
    [
      9.19, 
      6.11
    ], 
    [
      9.19, 
      6.27
    ], 
    [
      11.56, 
      6.27
    ], 
    [
      11.56, 
      0.1
    ]
  ], 
  "bbox": {
    "max": [
      13.21, 
      8.86
    ], 
    "min": [
      0.1, 
      0.1
    ]
  }, 
  "id": "e8dfb738b94f1e2ef33c00255476594f"
}