{
  "room_category": {
    "Bathroom": {
      "simulation_statistics": [
        {
          "not_completed_agents": 0, 
          "max_evacuation_time": 8.750015, 
          "min_evacuation_time": 7.900012, 
          "exit_flow_rate": 0.2285710367353656, 
          "completed_agents": 2, 
          "max_traveled_distance": 8.429767, 
          "avg_evacuation_time": 8.3250135, 
          "avg_traveled_distance": 8.300218000000001, 
          "min_traveled_distance": 8.170669
        }
      ], 
      "bounds": [
        [
          9.66, 
          0.33, 
          13.46, 
          3.47
        ]
      ]
    }, 
    "Kitchen": {
      "simulation_statistics": [
        {
          "not_completed_agents": 0, 
          "max_evacuation_time": 12.250029, 
          "min_evacuation_time": 5.750004, 
          "exit_flow_rate": 0.48979475885322393, 
          "completed_agents": 6, 
          "max_traveled_distance": 11.174541, 
          "avg_evacuation_time": 8.975016166666666, 
          "avg_traveled_distance": 9.208915166666666, 
          "min_traveled_distance": 5.92495
        }
      ], 
      "bounds": [
        [
          -0.02, 
          2.31, 
          5.3, 
          7.5
        ]
      ]
    }, 
    "Bedroom": {
      "simulation_statistics": [
        {
          "not_completed_agents": 0, 
          "max_evacuation_time": 11.450026, 
          "min_evacuation_time": 5.000001, 
          "exit_flow_rate": 0.43668023111912585, 
          "completed_agents": 5, 
          "max_traveled_distance": 9.95826, 
          "avg_evacuation_time": 7.870012, 
          "avg_traveled_distance": 8.2802266, 
          "min_traveled_distance": 6.5602
        }
      ], 
      "bounds": [
        [
          10.27, 
          2.33, 
          15.46, 
          7.52
        ]
      ]
    }
  }, 
  "room_num": 4, 
  "verts": [
    [
      5.29, 
      0.1
    ], 
    [
      5.28, 
      0.11
    ], 
    [
      5.28, 
      6.2
    ], 
    [
      5.27, 
      6.21
    ], 
    [
      5.08, 
      6.21
    ], 
    [
      5.07, 
      6.2
    ], 
    [
      5.07, 
      2.42
    ], 
    [
      0.11, 
      2.42
    ], 
    [
      0.1, 
      2.43
    ], 
    [
      0.1, 
      7.39
    ], 
    [
      5.07, 
      7.39
    ], 
    [
      5.07, 
      7.22
    ], 
    [
      5.08, 
      7.21
    ], 
    [
      5.27, 
      7.21
    ], 
    [
      5.28, 
      7.22
    ], 
    [
      5.28, 
      8.87
    ], 
    [
      10.25, 
      8.87
    ], 
    [
      10.25, 
      7.53
    ], 
    [
      10.26, 
      7.52
    ], 
    [
      10.26, 
      3.45
    ], 
    [
      10.27, 
      3.44
    ], 
    [
      10.37, 
      3.44
    ], 
    [
      10.38, 
      3.45
    ], 
    [
      10.38, 
      7.41
    ], 
    [
      15.35, 
      7.41
    ], 
    [
      15.35, 
      2.45
    ], 
    [
      13.47, 
      2.45
    ], 
    [
      13.46, 
      2.44
    ], 
    [
      13.16, 
      2.44
    ], 
    [
      13.15, 
      2.43
    ], 
    [
      13.15, 
      2.33
    ], 
    [
      13.16, 
      2.32
    ], 
    [
      13.35, 
      2.32
    ], 
    [
      13.35, 
      0.45
    ], 
    [
      10.38, 
      0.45
    ], 
    [
      10.38, 
      2.32
    ], 
    [
      12.14, 
      2.32
    ], 
    [
      12.15, 
      2.33
    ], 
    [
      12.15, 
      2.43
    ], 
    [
      12.14, 
      2.44
    ], 
    [
      12.13, 
      2.43
    ], 
    [
      12.12, 
      2.43
    ], 
    [
      12.11, 
      2.44
    ], 
    [
      10.27, 
      2.44
    ], 
    [
      10.26, 
      2.43
    ], 
    [
      10.26, 
      0.34
    ], 
    [
      10.25, 
      0.33
    ], 
    [
      10.25, 
      0.1
    ]
  ], 
  "bbox": {
    "max": [
      15.35, 
      8.87
    ], 
    "min": [
      0.1, 
      0.1
    ]
  }, 
  "id": "ec0edfc40c88e272c53f245d79c65973"
}