{
  "room_category": {
    "Loggia": {
      "simulation_statistics": [
        {
          "not_completed_agents": 0, 
          "max_evacuation_time": 21.649956, 
          "min_evacuation_time": 9.250017, 
          "exit_flow_rate": 1.0623578172630004, 
          "completed_agents": 23, 
          "max_traveled_distance": 20.591473, 
          "avg_evacuation_time": 15.334800304347825, 
          "avg_traveled_distance": 17.232610347826085, 
          "min_traveled_distance": 12.5006
        }
      ], 
      "bounds": [
        [
          9.13, 
          -0.02, 
          18.82, 
          12.07
        ]
      ]
    }, 
    "Kitchen": {
      "simulation_statistics": [
        {
          "not_completed_agents": 0, 
          "max_evacuation_time": 22.549942, 
          "min_evacuation_time": 0.0, 
          "exit_flow_rate": 0.7982282171723545, 
          "completed_agents": 18, 
          "max_traveled_distance": 15.502739, 
          "avg_evacuation_time": 9.14723061111111, 
          "avg_traveled_distance": 9.09481211111111, 
          "min_traveled_distance": 0.0
        }
      ], 
      "bounds": [
        [
          1.61, 
          -0.02, 
          9.24, 
          12.06
        ]
      ]
    }
  }, 
  "room_num": 3, 
  "verts": [
    [
      0.11, 
      0.1
    ], 
    [
      0.1, 
      0.11
    ], 
    [
      0.1, 
      5.55
    ], 
    [
      1.7, 
      5.55
    ], 
    [
      1.72, 
      5.57
    ], 
    [
      1.72, 
      5.66
    ], 
    [
      1.73, 
      5.67
    ], 
    [
      1.73, 
      11.95
    ], 
    [
      9.12, 
      11.95
    ], 
    [
      9.12, 
      10.85
    ], 
    [
      9.13, 
      10.84
    ], 
    [
      9.22, 
      10.84
    ], 
    [
      9.23, 
      10.85
    ], 
    [
      9.23, 
      11.96
    ], 
    [
      18.7, 
      11.96
    ], 
    [
      18.7, 
      0.1
    ], 
    [
      9.23, 
      0.1
    ], 
    [
      9.23, 
      1.56
    ], 
    [
      9.24, 
      1.57
    ], 
    [
      9.23, 
      1.58
    ], 
    [
      9.13, 
      1.58
    ], 
    [
      9.12, 
      1.57
    ], 
    [
      9.12, 
      0.1
    ], 
    [
      1.72, 
      0.1
    ], 
    [
      1.72, 
      0.14
    ], 
    [
      1.71, 
      0.15
    ], 
    [
      1.71, 
      4.06
    ], 
    [
      1.72, 
      4.07
    ], 
    [
      1.71, 
      4.08
    ], 
    [
      1.61, 
      4.08
    ], 
    [
      1.6, 
      4.07
    ], 
    [
      1.6, 
      0.1
    ]
  ], 
  "bbox": {
    "max": [
      18.7, 
      11.96
    ], 
    "min": [
      0.1, 
      0.1
    ]
  }, 
  "id": "ed517e068dedb047ba2645cc9ea4672a"
}