{
  "room_category": {
    "Toilet": {
      "simulation_statistics": [
        {
          "not_completed_agents": 0, 
          "max_evacuation_time": 22.499943, 
          "min_evacuation_time": 22.499943, 
          "exit_flow_rate": 0.04444455703732227, 
          "completed_agents": 1, 
          "max_traveled_distance": 15.862245, 
          "avg_evacuation_time": 22.499943, 
          "avg_traveled_distance": 15.862245, 
          "min_traveled_distance": 15.862245
        }, 
        {
          "not_completed_agents": 0, 
          "max_evacuation_time": 19.549988, 
          "min_evacuation_time": 19.549988, 
          "exit_flow_rate": 0.05115092653765312, 
          "completed_agents": 1, 
          "max_traveled_distance": 16.992308, 
          "avg_evacuation_time": 19.549988, 
          "avg_traveled_distance": 16.992308, 
          "min_traveled_distance": 16.992308
        }
      ], 
      "bounds": [
        [
          3.3, 
          0.02, 
          4.43, 
          2.23
        ], 
        [
          2.27, 
          0.02, 
          3.4, 
          2.23
        ], 
        [
          1.17, 
          0.02, 
          2.37, 
          2.23
        ], 
        [
          -0.01, 
          0.02, 
          1.27, 
          2.24
        ]
      ]
    }, 
    "Gym": {
      "simulation_statistics": [
        {
          "not_completed_agents": 0, 
          "max_evacuation_time": 12.65003, 
          "min_evacuation_time": 3.799998, 
          "exit_flow_rate": 0.7114607633341582, 
          "completed_agents": 9, 
          "max_traveled_distance": 12.251992, 
          "avg_evacuation_time": 7.57778888888889, 
          "avg_traveled_distance": 7.902788111111111, 
          "min_traveled_distance": 3.726798
        }
      ], 
      "bounds": [
        [
          2.55, 
          3.96, 
          10.82, 
          9.25
        ]
      ]
    }, 
    "Room": {
      "simulation_statistics": [
        {
          "not_completed_agents": 0, 
          "max_evacuation_time": 150.004547, 
          "min_evacuation_time": 4.499999, 
          "exit_flow_rate": 0.10666343334245727, 
          "completed_agents": 16, 
          "max_traveled_distance": 16.655138, 
          "avg_evacuation_time": 36.174411684210526, 
          "avg_traveled_distance": 11.567818842105263, 
          "min_traveled_distance": 5.364313
        }
      ], 
      "bounds": [
        [
          -0.01, 
          -0.02, 
          10.15, 
          9.25
        ]
      ]
    }
  }, 
  "room_num": 9, 
  "verts": [
    [
      10.1, 
      0.1
    ], 
    [
      10.1, 
      0.17
    ], 
    [
      10.11, 
      0.18
    ], 
    [
      10.11, 
      0.81
    ], 
    [
      10.12, 
      0.82
    ], 
    [
      10.12, 
      2.08
    ], 
    [
      10.13, 
      2.09
    ], 
    [
      10.13, 
      3.34
    ], 
    [
      10.14, 
      3.35
    ], 
    [
      10.14, 
      3.98
    ], 
    [
      10.13, 
      3.99
    ], 
    [
      10.03, 
      3.99
    ], 
    [
      10.02, 
      3.98
    ], 
    [
      10.02, 
      3.94
    ], 
    [
      10.01, 
      3.93
    ], 
    [
      10.01, 
      3.63
    ], 
    [
      9.08, 
      3.63
    ], 
    [
      9.07, 
      3.64
    ], 
    [
      8.03, 
      3.64
    ], 
    [
      8.02, 
      3.63
    ], 
    [
      8.02, 
      3.54
    ], 
    [
      8.03, 
      3.53
    ], 
    [
      9.07, 
      3.53
    ], 
    [
      9.08, 
      3.52
    ], 
    [
      9.99, 
      3.52
    ], 
    [
      9.99, 
      0.12
    ], 
    [
      7.69, 
      0.12
    ], 
    [
      7.68, 
      0.13
    ], 
    [
      5.55, 
      0.13
    ], 
    [
      5.55, 
      1.47
    ], 
    [
      5.54, 
      1.48
    ], 
    [
      5.44, 
      1.48
    ], 
    [
      5.43, 
      1.47
    ], 
    [
      5.43, 
      0.13
    ], 
    [
      4.44, 
      0.13
    ], 
    [
      4.44, 
      2.21
    ], 
    [
      4.42, 
      2.23
    ], 
    [
      4.31, 
      2.23
    ], 
    [
      4.3, 
      2.22
    ], 
    [
      4.3, 
      2.12
    ], 
    [
      4.31, 
      2.11
    ], 
    [
      4.32, 
      2.11
    ], 
    [
      4.32, 
      0.13
    ], 
    [
      3.4, 
      0.13
    ], 
    [
      3.4, 
      2.11
    ], 
    [
      3.55, 
      2.11
    ], 
    [
      3.56, 
      2.12
    ], 
    [
      3.56, 
      2.22
    ], 
    [
      3.55, 
      2.23
    ], 
    [
      3.26, 
      2.23
    ], 
    [
      3.25, 
      2.22
    ], 
    [
      3.25, 
      2.12
    ], 
    [
      3.26, 
      2.11
    ], 
    [
      3.29, 
      2.11
    ], 
    [
      3.29, 
      0.13
    ], 
    [
      2.37, 
      0.13
    ], 
    [
      2.37, 
      2.11
    ], 
    [
      2.5, 
      2.11
    ], 
    [
      2.51, 
      2.12
    ], 
    [
      2.51, 
      2.22
    ], 
    [
      2.5, 
      2.23
    ], 
    [
      2.22, 
      2.23
    ], 
    [
      2.21, 
      2.22
    ], 
    [
      2.21, 
      2.12
    ], 
    [
      2.22, 
      2.11
    ], 
    [
      2.26, 
      2.11
    ], 
    [
      2.26, 
      0.13
    ], 
    [
      1.27, 
      0.13
    ], 
    [
      1.27, 
      2.11
    ], 
    [
      1.46, 
      2.11
    ], 
    [
      1.47, 
      2.12
    ], 
    [
      1.47, 
      2.22
    ], 
    [
      1.46, 
      2.23
    ], 
    [
      1.0, 
      2.23
    ], 
    [
      0.99, 
      2.22
    ], 
    [
      0.99, 
      2.13
    ], 
    [
      1.0, 
      2.12
    ], 
    [
      1.12, 
      2.12
    ], 
    [
      1.13, 
      2.11
    ], 
    [
      1.16, 
      2.11
    ], 
    [
      1.16, 
      0.13
    ], 
    [
      0.98, 
      0.13
    ], 
    [
      0.97, 
      0.14
    ], 
    [
      0.1, 
      0.14
    ], 
    [
      0.1, 
      1.09
    ], 
    [
      0.11, 
      1.1
    ], 
    [
      0.11, 
      1.79
    ], 
    [
      0.12, 
      1.8
    ], 
    [
      0.12, 
      2.13
    ], 
    [
      0.13, 
      2.13
    ], 
    [
      0.14, 
      2.12
    ], 
    [
      0.24, 
      2.12
    ], 
    [
      0.25, 
      2.13
    ], 
    [
      0.25, 
      2.23
    ], 
    [
      0.24, 
      2.24
    ], 
    [
      0.1, 
      2.24
    ], 
    [
      0.1, 
      3.54
    ], 
    [
      2.73, 
      3.54
    ], 
    [
      2.74, 
      3.55
    ], 
    [
      2.74, 
      3.64
    ], 
    [
      2.73, 
      3.65
    ], 
    [
      0.11, 
      3.65
    ], 
    [
      0.11, 
      9.14
    ], 
    [
      2.54, 
      9.14
    ], 
    [
      2.54, 
      4.94
    ], 
    [
      2.56, 
      4.92
    ], 
    [
      5.84, 
      4.92
    ], 
    [
      5.85, 
      4.93
    ], 
    [
      5.85, 
      5.03
    ], 
    [
      5.84, 
      5.04
    ], 
    [
      2.66, 
      5.04
    ], 
    [
      2.66, 
      9.14
    ], 
    [
      10.05, 
      9.14
    ], 
    [
      10.05, 
      8.38
    ], 
    [
      10.04, 
      8.37
    ], 
    [
      10.04, 
      7.02
    ], 
    [
      10.03, 
      7.01
    ], 
    [
      10.03, 
      5.66
    ], 
    [
      10.02, 
      5.65
    ], 
    [
      10.02, 
      4.98
    ], 
    [
      10.03, 
      4.97
    ], 
    [
      10.15, 
      4.97
    ], 
    [
      10.16, 
      4.98
    ], 
    [
      10.16, 
      8.55
    ], 
    [
      10.17, 
      8.56
    ], 
    [
      10.17, 
      9.14
    ], 
    [
      15.14, 
      9.14
