{
  "room_category": {
    "Garage": {
      "simulation_statistics": [
        {
          "not_completed_agents": 0, 
          "max_evacuation_time": 16.700031, 
          "min_evacuation_time": 9.150017, 
          "exit_flow_rate": 0.5389211552960591, 
          "completed_agents": 9, 
          "max_traveled_distance": 14.794899, 
          "avg_evacuation_time": 13.105585777777778, 
          "avg_traveled_distance": 13.65355988888889, 
          "min_traveled_distance": 11.499846
        }
      ], 
      "bounds": [
        [
          -0.05, 
          0.31, 
          4.97, 
          9.26
        ]
      ]
    }, 
    "Living_Room": {
      "simulation_statistics": [
        {
          "not_completed_agents": 0, 
          "max_evacuation_time": 3.999997, 
          "min_evacuation_time": 0.0, 
          "exit_flow_rate": 2.2500016875012654, 
          "completed_agents": 9, 
          "max_traveled_distance": 5.137974, 
          "avg_evacuation_time": 2.033332111111111, 
          "avg_traveled_distance": 2.4964003333333333, 
          "min_traveled_distance": 0.0
        }
      ], 
      "bounds": [
        [
          10.38, 
          -0.05, 
          18.6, 
          5.17
        ]
      ]
    }, 
    "Kitchen": {
      "simulation_statistics": [
        {
          "not_completed_agents": 0, 
          "max_evacuation_time": 18.000011, 
          "min_evacuation_time": 6.550007, 
          "exit_flow_rate": 0.3888886512347131, 
          "completed_agents": 7, 
          "max_traveled_distance": 12.812771, 
          "avg_evacuation_time": 10.792874428571428, 
          "avg_traveled_distance": 10.542356571428572, 
          "min_traveled_distance": 7.181029
        }
      ], 
      "bounds": [
        [
          10.36, 
          5.08, 
          18.57, 
          9.3
        ]
      ]
    }
  }, 
  "room_num": 4, 
  "verts": [
    [
      10.51, 
      0.1
    ], 
    [
      10.5, 
      0.11
    ], 
    [
      10.5, 
      0.29
    ], 
    [
      10.49, 
      0.3
    ], 
    [
      10.49, 
      3.64
    ], 
    [
      10.48, 
      3.65
    ], 
    [
      10.37, 
      3.65
    ], 
    [
      10.36, 
      3.64
    ], 
    [
      10.36, 
      3.6
    ], 
    [
      10.37, 
      3.59
    ], 
    [
      10.37, 
      0.41
    ], 
    [
      7.69, 
      0.41
    ], 
    [
      7.68, 
      0.42
    ], 
    [
      4.99, 
      0.42
    ], 
    [
      4.99, 
      3.88
    ], 
    [
      4.98, 
      3.89
    ], 
    [
      4.98, 
      5.88
    ], 
    [
      4.97, 
      5.89
    ], 
    [
      4.87, 
      5.89
    ], 
    [
      4.86, 
      5.88
    ], 
    [
      4.86, 
      3.89
    ], 
    [
      4.87, 
      3.88
    ], 
    [
      4.87, 
      0.42
    ], 
    [
      0.11, 
      0.42
    ], 
    [
      0.1, 
      0.43
    ], 
    [
      0.1, 
      9.09
    ], 
    [
      4.86, 
      9.09
    ], 
    [
      4.86, 
      7.1
    ], 
    [
      4.87, 
      7.09
    ], 
    [
      7.88, 
      7.09
    ], 
    [
      7.89, 
      7.08
    ], 
    [
      9.58, 
      7.08
    ], 
    [
      9.59, 
      7.09
    ], 
    [
      10.03, 
      7.09
    ], 
    [
      10.04, 
      7.08
    ], 
    [
      10.36, 
      7.08
    ], 
    [
      10.36, 
      6.6
    ], 
    [
      10.37, 
      6.59
    ], 
    [
      10.48, 
      6.59
    ], 
    [
      10.49, 
      6.6
    ], 
    [
      10.49, 
      7.19
    ], 
    [
      10.5, 
      7.2
    ], 
    [
      10.5, 
      9.16
    ], 
    [
      18.46, 
      9.16
    ], 
    [
      18.46, 
      5.19
    ], 
    [
      18.27, 
      5.19
    ], 
    [
      18.26, 
      5.18
    ], 
    [
      10.49, 
      5.18
    ], 
    [
      10.49, 
      5.28
    ], 
    [
      10.48, 
      5.29
    ], 
    [
      10.37, 
      5.29
    ], 
    [
      10.36, 
      5.28
    ], 
    [
      10.36, 
      4.96
    ], 
    [
      10.37, 
      4.95
    ], 
    [
      10.48, 
      4.95
    ], 
    [
      10.49, 
      4.96
    ], 
    [
      10.49, 
      5.07
    ], 
    [
      18.46, 
      5.07
    ], 
    [
      18.46, 
      0.1
    ]
  ], 
  "bbox": {
    "max": [
      18.46, 
      9.16
    ], 
    "min": [
      0.1, 
      0.1
    ]
  }, 
  "id": "f04f8c01e1b846c8dc47d4f6fc402558"
}