{
  "room_category": {
    "Garage": {
      "simulation_statistics": [
        {
          "not_completed_agents": 0, 
          "max_evacuation_time": 3.449998, 
          "min_evacuation_time": 0.0, 
          "exit_flow_rate": 2.0289866834705412, 
          "completed_agents": 7, 
          "max_traveled_distance": 4.422648, 
          "avg_evacuation_time": 1.4928564285714285, 
          "avg_traveled_distance": 1.9271247142857142, 
          "min_traveled_distance": 0.0
        }
      ], 
      "bounds": [
        [
          -0.08, 
          -0.79, 
          7.3, 
          3.74
        ]
      ]
    }, 
    "Room": {
      "simulation_statistics": [
        {
          "not_completed_agents": 0, 
          "max_evacuation_time": 12.100028, 
          "min_evacuation_time": 12.100028, 
          "exit_flow_rate": 0.0826444368558486, 
          "completed_agents": 1, 
          "max_traveled_distance": 11.649775, 
          "avg_evacuation_time": 12.100028, 
          "avg_traveled_distance": 11.649775, 
          "min_traveled_distance": 11.649775
        }
      ], 
      "bounds": [
        [
          0.04, 
          6.55, 
          2.38, 
          8.83
        ]
      ]
    }, 
    "Bedroom": {
      "simulation_statistics": [
        {
          "not_completed_agents": 0, 
          "max_evacuation_time": 10.450022, 
          "min_evacuation_time": 7.45001, 
          "exit_flow_rate": 0.28708073533242323, 
          "completed_agents": 3, 
          "max_traveled_distance": 10.388413, 
          "avg_evacuation_time": 8.883349, 
          "avg_traveled_distance": 9.290377666666666, 
          "min_traveled_distance": 7.907114
        }
      ], 
      "bounds": [
        [
          3.1, 
          5.7, 
          7.26, 
          9.79
        ]
      ]
    }
  }, 
  "room_num": 6, 
  "verts": [
    [
      0.11, 
      0.1
    ], 
    [
      0.1, 
      0.11
    ], 
    [
      0.1, 
      3.56
    ], 
    [
      4.06, 
      3.56
    ], 
    [
      4.07, 
      3.57
    ], 
    [
      4.07, 
      3.66
    ], 
    [
      4.06, 
      3.67
    ], 
    [
      4.06, 
      3.68
    ], 
    [
      4.05, 
      3.69
    ], 
    [
      2.75, 
      3.69
    ], 
    [
      2.75, 
      3.73
    ], 
    [
      2.74, 
      3.74
    ], 
    [
      0.15, 
      3.74
    ], 
    [
      0.15, 
      6.54
    ], 
    [
      2.75, 
      6.54
    ], 
    [
      2.75, 
      4.66
    ], 
    [
      2.76, 
      4.65
    ], 
    [
      2.85, 
      4.65
    ], 
    [
      2.86, 
      4.66
    ], 
    [
      2.86, 
      6.64
    ], 
    [
      2.85, 
      6.65
    ], 
    [
      1.7, 
      6.65
    ], 
    [
      1.7, 
      7.81
    ], 
    [
      1.69, 
      7.82
    ], 
    [
      1.6, 
      7.82
    ], 
    [
      1.59, 
      7.81
    ], 
    [
      1.59, 
      6.66
    ], 
    [
      0.15, 
      6.66
    ], 
    [
      0.15, 
      8.64
    ], 
    [
      1.56, 
      8.64
    ], 
    [
      1.57, 
      8.65
    ], 
    [
      1.57, 
      8.74
    ], 
    [
      1.56, 
      8.75
    ], 
    [
      0.1, 
      8.75
    ], 
    [
      0.1, 
      11.74
    ], 
    [
      0.12, 
      11.74
    ], 
    [
      0.13, 
      11.75
    ], 
    [
      3.7, 
      11.75
    ], 
    [
      3.7, 
      10.77
    ], 
    [
      3.71, 
      10.76
    ], 
    [
      3.81, 
      10.76
    ], 
    [
      3.82, 
      10.77
    ], 
    [
      3.82, 
      11.76
    ], 
    [
      7.16, 
      11.76
    ], 
    [
      7.16, 
      9.8
    ], 
    [
      4.85, 
      9.8
    ], 
    [
      4.84, 
      9.79
    ], 
    [
      4.84, 
      9.69
    ], 
    [
      4.85, 
      9.68
    ], 
    [
      4.86, 
      9.69
    ], 
    [
      4.9, 
      9.69
    ], 
    [
      4.91, 
      9.68
    ], 
    [
      7.16, 
      9.68
    ], 
    [
      7.16, 
      5.8
    ], 
    [
      3.82, 
      5.8
    ], 
    [
      3.82, 
      5.81
    ], 
    [
      3.81, 
      5.82
    ], 
    [
      3.71, 
      5.82
    ], 
    [
      3.7, 
      5.81
    ], 
    [
      3.7, 
      5.7
    ], 
    [
      3.71, 
      5.69
    ], 
    [
      7.16, 
      5.69
    ], 
    [
      7.16, 
      3.64
    ], 
    [
      7.17, 
      3.63
    ], 
    [
      7.17, 
      2.75
    ], 
    [
      7.18, 
      2.74
    ], 
    [
      7.18, 
      0.91
    ], 
    [
      7.19, 
      0.9
    ], 
    [
      7.19, 
      0.1
    ]
  ], 
  "bbox": {
    "max": [
      7.19, 
      11.76
    ], 
    "min": [
      0.1, 
      0.1
    ]
  }, 
  "id": "f1cde27fdf218bba636a0547c7ddb09a"
}