{
  "room_category": {
    "Toilet": {
      "simulation_statistics": [
        {
          "not_completed_agents": 0, 
          "max_evacuation_time": 3.849998, 
          "min_evacuation_time": 3.849998, 
          "exit_flow_rate": 0.2597403946703349, 
          "completed_agents": 1, 
          "max_traveled_distance": 2.810273, 
          "avg_evacuation_time": 3.849998, 
          "avg_traveled_distance": 2.810273, 
          "min_traveled_distance": 2.810273
        }
      ], 
      "bounds": [
        [
          -0.02, 
          3.85, 
          3.03, 
          5.92
        ]
      ]
    }, 
    "Room": [
      [
        0.0, 
        3.12, 
        1.97, 
        3.95
      ]
    ], 
    "Bedroom": {
      "simulation_statistics": [
        {
          "not_completed_agents": 0, 
          "max_evacuation_time": 0.95, 
          "min_evacuation_time": 0.0, 
          "exit_flow_rate": 4.2105263157894735, 
          "completed_agents": 4, 
          "max_traveled_distance": 1.160394, 
          "avg_evacuation_time": 0.4875, 
          "avg_traveled_distance": 0.57493175, 
          "min_traveled_distance": 0.0
        }
      ], 
      "bounds": [
        [
          -0.02, 
          -0.03, 
          4.15, 
          4.5
        ]
      ]
    }
  }, 
  "room_num": 3, 
  "verts": [
    [
      0.11, 
      0.1
    ], 
    [
      0.1, 
      0.11
    ], 
    [
      0.1, 
      3.14
    ], 
    [
      0.13, 
      3.14
    ], 
    [
      0.14, 
      3.15
    ], 
    [
      0.14, 
      3.24
    ], 
    [
      0.13, 
      3.25
    ], 
    [
      0.11, 
      3.25
    ], 
    [
      0.11, 
      3.85
    ], 
    [
      1.87, 
      3.85
    ], 
    [
      1.87, 
      3.25
    ], 
    [
      1.86, 
      3.24
    ], 
    [
      1.86, 
      3.15
    ], 
    [
      1.87, 
      3.14
    ], 
    [
      1.97, 
      3.14
    ], 
    [
      1.98, 
      3.15
    ], 
    [
      1.98, 
      3.86
    ], 
    [
      2.07, 
      3.86
    ], 
    [
      2.08, 
      3.87
    ], 
    [
      2.08, 
      3.97
    ], 
    [
      2.07, 
      3.98
    ], 
    [
      2.06, 
      3.97
    ], 
    [
      2.04, 
      3.97
    ], 
    [
      2.03, 
      3.98
    ], 
    [
      0.1, 
      3.98
    ], 
    [
      0.1, 
      5.81
    ], 
    [
      2.92, 
      5.81
    ], 
    [
      2.92, 
      3.98
    ], 
    [
      2.83, 
      3.98
    ], 
    [
      2.82, 
      3.97
    ], 
    [
      2.82, 
      3.87
    ], 
    [
      2.83, 
      3.86
    ], 
    [
      3.03, 
      3.86
    ], 
    [
      3.04, 
      3.85
    ], 
    [
      4.04, 
      3.85
    ], 
    [
      4.04, 
      0.1
    ]
  ], 
  "bbox": {
    "max": [
      4.04, 
      5.81
    ], 
    "min": [
      0.1, 
      0.1
    ]
  }, 
  "id": "f277a22567fd825158b773de53024a2d"
}