{
  "room_category": {
    "Living_Room": {
      "simulation_statistics": [
        {
          "not_completed_agents": 0, 
          "max_evacuation_time": 14.450037, 
          "min_evacuation_time": 6.500007, 
          "exit_flow_rate": 0.4152238502918712, 
          "completed_agents": 6, 
          "max_traveled_distance": 11.939101, 
          "avg_evacuation_time": 10.266687833333334, 
          "avg_traveled_distance": 10.039978, 
          "min_traveled_distance": 7.710837
        }
      ], 
      "bounds": [
        [
          4.02, 
          5.02, 
          9.53, 
          10.13
        ]
      ]
    }
  }, 
  "room_num": 5, 
  "verts": [
    [
      0.11, 
      0.1
    ], 
    [
      0.1, 
      0.11
    ], 
    [
      0.1, 
      4.99
    ], 
    [
      4.02, 
      4.99
    ], 
    [
      4.03, 
      5.0
    ], 
    [
      5.37, 
      5.0
    ], 
    [
      5.37, 
      2.94
    ], 
    [
      5.38, 
      2.93
    ], 
    [
      5.51, 
      2.93
    ], 
    [
      5.52, 
      2.94
    ], 
    [
      5.52, 
      5.1
    ], 
    [
      5.5, 
      5.12
    ], 
    [
      4.14, 
      5.12
    ], 
    [
      4.14, 
      10.02
    ], 
    [
      5.34, 
      10.02
    ], 
    [
      5.35, 
      10.03
    ], 
    [
      6.13, 
      10.03
    ], 
    [
      6.14, 
      10.04
    ], 
    [
      6.14, 
      10.14
    ], 
    [
      6.13, 
      10.15
    ], 
    [
      5.46, 
      10.15
    ], 
    [
      5.46, 
      13.13
    ], 
    [
      8.06, 
      13.13
    ], 
    [
      8.06, 
      10.15
    ], 
    [
      7.39, 
      10.15
    ], 
    [
      7.38, 
      10.14
    ], 
    [
      7.38, 
      10.04
    ], 
    [
      7.39, 
      10.03
    ], 
    [
      7.4, 
      10.04
    ], 
    [
      7.41, 
      10.03
    ], 
    [
      8.17, 
      10.03
    ], 
    [
      8.18, 
      10.02
    ], 
    [
      9.41, 
      10.02
    ], 
    [
      9.41, 
      5.12
    ], 
    [
      7.72, 
      5.12
    ], 
    [
      7.7, 
      5.1
    ], 
    [
      7.71, 
      5.09
    ], 
    [
      7.71, 
      5.02
    ], 
    [
      7.7, 
      5.01
    ], 
    [
      7.7, 
      3.06
    ], 
    [
      7.71, 
      3.05
    ], 
    [
      7.81, 
      3.05
    ], 
    [
      7.82, 
      3.06
    ], 
    [
      7.82, 
      5.0
    ], 
    [
      9.52, 
      5.0
    ], 
    [
      9.53, 
      4.99
    ], 
    [
      13.09, 
      4.99
    ], 
    [
      13.09, 
      0.15
    ], 
    [
      13.03, 
      0.15
    ], 
    [
      13.02, 
      0.14
    ], 
    [
      12.42, 
      0.14
    ], 
    [
      12.41, 
      0.13
    ], 
    [
      11.35, 
      0.13
    ], 
    [
      11.34, 
      0.12
    ], 
    [
      10.11, 
      0.12
    ], 
    [
      10.1, 
      0.11
    ], 
    [
      8.87, 
      0.11
    ], 
    [
      8.86, 
      0.1
    ], 
    [
      7.82, 
      0.1
    ], 
    [
      7.82, 
      2.04
    ], 
    [
      7.81, 
      2.05
    ], 
    [
      7.71, 
      2.05
    ], 
    [
      7.7, 
      2.04
    ], 
    [
      7.7, 
      0.15
    ], 
    [
      5.52, 
      0.15
    ], 
    [
      5.52, 
      1.92
    ], 
    [
      5.51, 
      1.93
    ], 
    [
      5.38, 
      1.93
    ], 
    [
      5.37, 
      1.92
    ], 
    [
      5.37, 
      0.15
    ], 
    [
      5.15, 
      0.15
    ], 
    [
      5.14, 
      0.14
    ], 
    [
      4.39, 
      0.14
    ], 
    [
      4.38, 
      0.13
    ], 
    [
      3.32, 
      0.13
    ], 
    [
      3.31, 
      0.12
    ], 
    [
      2.08, 
      0.12
    ], 
    [
      2.07, 
      0.11
    ], 
    [
      0.84, 
      0.11
    ], 
    [
      0.83, 
      0.1
    ]
  ], 
  "bbox": {
    "max": [
      13.09, 
      13.13
    ], 
    "min": [
      0.1, 
      0.1
    ]
  }, 
  "id": "f5606b16b2a4b2391cc88ebbb5bd8dd9"
}