{
  "room_category": {
    "Dining_Room": {
      "simulation_statistics": [
        {
          "not_completed_agents": 0, 
          "max_evacuation_time": 150.004547, 
          "min_evacuation_time": 10.350021, 
          "exit_flow_rate": 0.026665858335614318, 
          "completed_agents": 4, 
          "max_traveled_distance": 17.360378, 
          "avg_evacuation_time": 40.6509354, 
          "avg_traveled_distance": 12.669754000000001, 
          "min_traveled_distance": 6.238111
        }
      ], 
      "bounds": [
        [
          3.94, 
          7.33, 
          10.62, 
          10.76
        ]
      ]
    }, 
    "Kitchen": {
      "simulation_statistics": [
        {
          "not_completed_agents": 0, 
          "max_evacuation_time": 150.004547, 
          "min_evacuation_time": 13.050032, 
          "exit_flow_rate": 0.01999939375171074, 
          "completed_agents": 3, 
          "max_traveled_distance": 16.525126, 
          "avg_evacuation_time": 49.21365125, 
          "avg_traveled_distance": 13.0693075, 
          "min_traveled_distance": 4.651817
        }
      ], 
      "bounds": [
        [
          3.94, 
          3.45, 
          8.76, 
          7.98
        ]
      ]
    }
  }, 
  "room_num": 4, 
  "verts": [
    [
      2.68, 
      0.1
    ], 
    [
      2.67, 
      0.11
    ], 
    [
      2.67, 
      3.41
    ], 
    [
      8.75, 
      3.41
    ], 
    [
      8.77, 
      3.43
    ], 
    [
      8.77, 
      7.85
    ], 
    [
      9.23, 
      7.85
    ], 
    [
      9.24, 
      7.86
    ], 
    [
      9.24, 
      7.97
    ], 
    [
      9.23, 
      7.98
    ], 
    [
      7.24, 
      7.98
    ], 
    [
      7.23, 
      7.99
    ], 
    [
      5.35, 
      7.99
    ], 
    [
      5.34, 
      7.98
    ], 
    [
      5.34, 
      7.88
    ], 
    [
      5.35, 
      7.87
    ], 
    [
      6.25, 
      7.87
    ], 
    [
      6.26, 
      7.86
    ], 
    [
      7.91, 
      7.86
    ], 
    [
      7.92, 
      7.85
    ], 
    [
      8.65, 
      7.85
    ], 
    [
      8.65, 
      3.56
    ], 
    [
      4.04, 
      3.56
    ], 
    [
      4.05, 
      3.57
    ], 
    [
      4.05, 
      5.89
    ], 
    [
      4.04, 
      5.9
    ], 
    [
      3.94, 
      5.9
    ], 
    [
      3.93, 
      5.89
    ], 
    [
      3.93, 
      3.56
    ], 
    [
      3.69, 
      3.56
    ], 
    [
      3.68, 
      3.55
    ], 
    [
      3.3, 
      3.55
    ], 
    [
      3.29, 
      3.54
    ], 
    [
      2.92, 
      3.54
    ], 
    [
      2.91, 
      3.53
    ], 
    [
      2.53, 
      3.53
    ], 
    [
      2.52, 
      3.52
    ], 
    [
      2.14, 
      3.52
    ], 
    [
      2.13, 
      3.51
    ], 
    [
      1.75, 
      3.51
    ], 
    [
      1.74, 
      3.5
    ], 
    [
      1.36, 
      3.5
    ], 
    [
      1.35, 
      3.49
    ], 
    [
      0.98, 
      3.49
    ], 
    [
      0.97, 
      3.48
    ], 
    [
      0.59, 
      3.48
    ], 
    [
      0.58, 
      3.47
    ], 
    [
      0.2, 
      3.47
    ], 
    [
      0.19, 
      3.46
    ], 
    [
      0.14, 
      3.46
    ], 
    [
      0.13, 
      3.47
    ], 
    [
      0.1, 
      3.47
    ], 
    [
      0.1, 
      5.42
    ], 
    [
      0.11, 
      5.43
    ], 
    [
      0.11, 
      5.46
    ], 
    [
      0.12, 
      5.47
    ], 
    [
      0.12, 
      5.5
    ], 
    [
      0.13, 
      5.51
    ], 
    [
      0.13, 
      5.55
    ], 
    [
      0.14, 
      5.56
    ], 
    [
      0.14, 
      5.6
    ], 
    [
      0.15, 
      5.61
    ], 
    [
      0.15, 
      5.64
    ], 
    [
      0.16, 
      5.65
    ], 
    [
      0.16, 
      5.69
    ], 
    [
      0.17, 
      5.7
    ], 
    [
      0.17, 
      5.74
    ], 
    [
      0.18, 
      5.75
    ], 
    [
      0.18, 
      5.78
    ], 
    [
      0.19, 
      5.79
    ], 
    [
      0.19, 
      5.83
    ], 
    [
      0.2, 
      5.84
    ], 
    [
      0.2, 
      5.88
    ], 
    [
      0.21, 
      5.89
    ], 
    [
      0.21, 
      5.92
    ], 
    [
      0.22, 
      5.93
    ], 
    [
      0.22, 
      5.97
    ], 
    [
      0.23, 
      5.98
    ], 
    [
      0.23, 
      6.02
    ], 
    [
      0.24, 
      6.03
    ], 
    [
      0.24, 
      6.06
    ], 
    [
      0.25, 
      6.07
    ], 
    [
      0.25, 
      6.11
    ], 
    [
      0.26, 
      6.12
    ], 
    [
      0.26, 
      6.16
    ], 
    [
      0.27, 
      6.17
    ], 
    [
      0.27, 
      6.2
    ], 
    [
      0.28, 
      6.21
    ], 
    [
      0.28, 
      6.25
    ], 
    [
      0.29, 
      6.26
    ], 
    [
      0.29, 
      6.3
    ], 
    [
      0.3, 
      6.31
    ], 
    [
      0.3, 
      6.34
    ], 
    [
      0.31, 
      6.35
    ], 
    [
      0.31, 
      6.39
    ], 
    [
      0.32, 
      6.4
    ], 
    [
      0.32, 
      6.44
    ], 
    [
      0.33, 
      6.45
    ], 
    [
      0.33, 
      6.48
    ], 
    [
      0.34, 
      6.49
    ], 
    [
      0.34, 
      6.53
    ], 
    [
      0.35, 
      6.54
    ], 
    [
      0.35, 
      6.58
    ], 
    [
      0.36, 
      6.59
    ], 
    [
      0.36, 
      6.62
    ], 
    [
      0.37, 
      6.63
    ], 
    [
      0.37, 
      6.67
    ], 
    [
      0.38, 
      6.68
    ], 
    [
      0.38, 
      6.72
    ], 
    [
      0.39, 
      6.73
    ], 
    [
      0.39, 
      6.76
    ], 
    [
      0.4, 
      6.77
    ], 
    [
      0.4, 
      6.81
    ], 
    [
      0.41, 
      6.82
    ], 
    [
      0.41, 
      6.86
    ], 
    [
      0.42, 
      6.87
    ], 
    [
      0.42, 
      6.9
    ], 
    [
      0.43, 
      6.91
    ], 
    [
      0.43, 
      6.95
    ], 
    [
      0.44, 
      6.96
    ], 
    [
      0.44, 
      6.98
    ], 
    [
      0.46, 
      6.98
    ], 
    [
      0.47, 
      6.99
    ], 
    [
      0.48, 
      6.99
    ], 
    [
      0.49, 
      7.0
    ], 
    [
      0.51, 
      7.0
    ], 
    [
      0.52, 
      7.01
    ], 
    [
      0.53, 
      7.01
    ], 
    [
      0.54, 
      7.02
    ], 
    [
      0.56, 
      7.02
    ], 
    [
      0.57, 
      7.03
    ], 
    [
      0.58, 
      7.03
    ], 
    [
      0.59, 
      7.04
    ], 
    [
      0.61, 
      7.04
    ], 
    [
      0.62, 
      7.05
    ], 
    [
      0.63, 
      7.05
    ], 
    [
      0.64, 
      7.06
    ], 
    [
      0.66, 
      7.06
    ], 
    [
      0.67, 
      7.07
    ], 
    [
      0.68, 
      7.07
    ], 
    [
      0.69, 
      7.08
    ], 
    [
      0.71, 
      7.08
    ], 
    [
      0.72, 
      7.09
    ], 
    [
      0.73, 
      7.09
    ], 
    [
      0.74, 
      7.1
    ], 
    [
      0.76, 
      7.1
    ], 
    [
      0.77, 
      7.11
    ], 
    [
      0.78, 
      7.11
    ], 
    [
      0.79, 
      7.12
    ], 
    [
      0.81, 
      7.12
    ], 
    [
      0.82, 
      7.13
    ], 
    [
      0.84, 
      7.13
    ], 
    [
      0.85, 
      7.14
    ], 
    [
      0.86, 
      7.14
    ], 
    [
      0.87, 
      7.15
    ], 
    [
      0.89, 
      7.15
    ], 
    [
      0.9, 
      7.16
    ], 
    [
      0.91, 
      7.16
    ], 
    [
      0.92, 
      7.17
    ], 
    [
      0.94, 
