{
  "room_category": {
    "Gym": {
      "simulation_statistics": [
        {
          "not_completed_agents": 0, 
          "max_evacuation_time": 24.449913, 
          "min_evacuation_time": 11.000024, 
          "exit_flow_rate": 0.40899941034555015, 
          "completed_agents": 10, 
          "max_traveled_distance": 21.783146, 
          "avg_evacuation_time": 14.9050196, 
          "avg_traveled_distance": 18.084486599999998, 
          "min_traveled_distance": 14.59862
        }, 
        {
          "not_completed_agents": 0, 
          "max_evacuation_time": 36.799725, 
          "min_evacuation_time": 9.500018, 
          "exit_flow_rate": 0.2989152772201423, 
          "completed_agents": 11, 
          "max_traveled_distance": 21.070511, 
          "avg_evacuation_time": 23.727168545454546, 
          "avg_traveled_distance": 17.701582, 
          "min_traveled_distance": 12.032644
        }, 
        {
          "not_completed_agents": 0, 
          "max_evacuation_time": 3.349998, 
          "min_evacuation_time": 0.0, 
          "exit_flow_rate": 2.686568768100757, 
          "completed_agents": 9, 
          "max_traveled_distance": 4.255906, 
          "avg_evacuation_time": 1.6888882222222223, 
          "avg_traveled_distance": 2.0646913333333337, 
          "min_traveled_distance": 0.0
        }
      ], 
      "bounds": [
        [
          8.79, 
          10.5, 
          17.2, 
          16.34
        ], 
        [
          8.73, 
          -0.04, 
          17.19, 
          6.27
        ], 
        [
          -0.05, 
          -0.04, 
          6.63, 
          6.57
        ]
      ]
    }, 
    "Bathroom": {
      "simulation_statistics": [
        {
          "not_completed_agents": 0, 
          "max_evacuation_time": 23.699924, 
          "min_evacuation_time": 20.949966, 
          "exit_flow_rate": 0.1265826844001694, 
          "completed_agents": 3, 
          "max_traveled_distance": 26.86404, 
          "avg_evacuation_time": 22.083282333333333, 
          "avg_traveled_distance": 26.086330333333336, 
          "min_traveled_distance": 25.030401
        }, 
        {
          "not_completed_agents": 0, 
          "max_evacuation_time": 34.149765, 
          "min_evacuation_time": 28.399853, 
          "exit_flow_rate": 0.08784833512031488, 
          "completed_agents": 3, 
          "max_traveled_distance": 32.315514, 
          "avg_evacuation_time": 31.83313366666667, 
          "avg_traveled_distance": 31.709258333333334, 
          "min_traveled_distance": 31.002674
        }
      ], 
      "bounds": [
        [
          1.44, 
          10.54, 
          6.64, 
          13.07
        ], 
        [
          19.29, 
          10.54, 
          24.54, 
          13.07
        ]
      ]
    }, 
    "Office": {
      "simulation_statistics": [
        {
          "not_completed_agents": 0, 
          "max_evacuation_time": 26.349884, 
          "min_evacuation_time": 14.850039, 
          "exit_flow_rate": 0.18975415603347628, 
          "completed_agents": 5, 
          "max_traveled_distance": 33.078613, 
          "avg_evacuation_time": 20.5199688, 
          "avg_traveled_distance": 23.7167746, 
          "min_traveled_distance": 19.058056
        }
      ], 
      "bounds": [
        [
          9.78, 
          16.26, 
          15.71, 
          20.1
        ]
      ]
    }, 
    "Room": {
      "simulation_statistics": [
        {
          "not_completed_agents": 0, 
          "max_evacuation_time": 25.199902, 
          "min_evacuation_time": 7.600011, 
          "exit_flow_rate": 0.11904808201238243, 
          "completed_agents": 3, 
          "max_traveled_distance": 20.943815, 
          "avg_evacuation_time": 13.733309, 
          "avg_traveled_distance": 13.576721666666666, 
          "min_traveled_distance": 9.83471
        }
      ], 
      "bounds": [
        [
          4.03, 
          10.63, 
          4.13, 
          12.0
        ], 
        [
          8.76, 
          6.19, 
          17.19, 
          7.89
        ], 
        [
          21.99, 
          10.63, 
          22.09, 
          11.7
        ]
      ]
    }
  }, 
  "room_num": 13,