{
  "room_category": {
    "Bathroom": {
      "simulation_statistics": [
        {
          "not_completed_agents": 0, 
          "max_evacuation_time": 7.900012, 
          "min_evacuation_time": 6.350006, 
          "exit_flow_rate": 0.25316417240885203, 
          "completed_agents": 2, 
          "max_traveled_distance": 8.507358, 
          "avg_evacuation_time": 7.125009, 
          "avg_traveled_distance": 8.279271999999999, 
          "min_traveled_distance": 8.051186
        }
      ], 
      "bounds": [
        [
          -0.03, 
          5.16, 
          3.59, 
          8.16
        ]
      ]
    }, 
    "Room": {
      "simulation_statistics": [
        {
          "not_completed_agents": 0, 
          "max_evacuation_time": 4.199998, 
          "min_evacuation_time": 4.199998, 
          "exit_flow_rate": 0.2380953514739769, 
          "completed_agents": 1, 
          "max_traveled_distance": 5.452599, 
          "avg_evacuation_time": 4.199998, 
          "avg_traveled_distance": 5.452599, 
          "min_traveled_distance": 5.452599
        }
      ], 
      "bounds": [
        [
          11.17, 
          4.63, 
          11.33, 
          8.18
        ], 
        [
          4.87, 
          -0.62, 
          11.31, 
          0.1
        ]
      ]
    }, 
    "Kitchen": {
      "simulation_statistics": [
        {
          "not_completed_agents": 0, 
          "max_evacuation_time": 7.200009, 
          "min_evacuation_time": 3.099998, 
          "exit_flow_rate": 1.2499984375019533, 
          "completed_agents": 9, 
          "max_traveled_distance": 8.753703, 
          "avg_evacuation_time": 4.972224111111111, 
          "avg_traveled_distance": 6.394215333333333, 
          "min_traveled_distance": 4.043684
        }
      ], 
      "bounds": [
        [
          5.85, 
          -0.02, 
          11.33, 
          8.18
        ]
      ]
    }
  }, 
  "room_num": 6, 
  "verts": [
    [
      0.11, 
      0.1
    ], 
    [
      0.1, 
      0.11
    ], 
    [
      0.1, 
      5.15
    ], 
    [
      2.85, 
      5.15
    ], 
    [
      2.85, 
      4.63
    ], 
    [
      2.87, 
      4.61
    ], 
    [
      2.99, 
      4.61
    ], 
    [
      3.0, 
      4.62
    ], 
    [
      3.0, 
      4.72
    ], 
    [
      2.99, 
      4.73
    ], 
    [
      2.97, 
      4.73
    ], 
    [
      2.97, 
      5.12
    ], 
    [
      2.98, 
      5.13
    ], 
    [
      2.98, 
      5.94
    ], 
    [
      2.99, 
      5.95
    ], 
    [
      2.99, 
      6.35
    ], 
    [
      2.98, 
      6.36
    ], 
    [
      2.88, 
      6.36
    ], 
    [
      2.87, 
      6.35
    ], 
    [
      2.87, 
      6.05
    ], 
    [
      2.86, 
      6.04
    ], 
    [
      2.86, 
      5.47
    ], 
    [
      2.85, 
      5.46
    ], 
    [
      2.85, 
      5.27
    ], 
    [
      2.84, 
      5.26
    ], 
    [
      0.1, 
      5.26
    ], 
    [
      0.1, 
      8.05
    ], 
    [
      2.89, 
      8.05
    ], 
    [
      2.89, 
      7.75
    ], 
    [
      2.88, 
      7.74
    ], 
    [
      2.88, 
      7.37
    ], 
    [
      2.89, 
      7.36
    ], 
    [
      2.99, 
      7.36
    ], 
    [
      3.0, 
      7.37
    ], 
    [
      3.0, 
      7.77
    ], 
    [
      3.01, 
      7.78
    ], 
    [
      3.01, 
      8.05
    ], 
    [
      6.9, 
      8.05
    ], 
    [
      6.9, 
      7.62
    ], 
    [
      6.89, 
      7.61
    ], 
    [
      6.89, 
      6.77
    ], 
    [
      6.88, 
      6.76
    ], 
    [
      6.88, 
      5.91
    ], 
    [
      6.87, 
      5.9
    ], 
    [
      6.87, 
      5.06
    ], 
    [
      6.86, 
      5.05
    ], 
    [
      6.86, 
      4.73
    ], 
    [
      5.82, 
      4.73
    ], 
    [
      5.81, 
      4.72
    ], 
    [
      5.81, 
      4.62
    ], 
    [
      5.82, 
      4.61
    ], 
    [
      6.96, 
      4.61
    ], 
    [
      6.98, 
      4.63
    ], 
    [
      6.98, 
      5.17
    ], 
    [
      6.99, 
      5.18
    ], 
    [
      6.99, 
      6.03
    ], 
    [
      7.0, 
      6.04
    ], 
    [
      7.0, 
      6.89
    ], 
    [
      7.01, 
      6.9
    ], 
    [
      7.01, 
      7.75
    ], 
    [
      7.02, 
      7.76
    ], 
    [
      7.02, 
      8.07
    ], 
    [
      11.2, 
      8.07
    ], 
    [
      11.2, 
      0.1
    ]
  ], 
  "bbox": {
    "max": [
      11.2, 
      8.07
    ], 
    "min": [
      0.1, 
      0.1
    ]
  }, 
  "id": "f8f9ac36fe56e158604b0141568106ab"
}