{
  "room_category": {
    "Bathroom": {
      "simulation_statistics": [
        {
          "not_completed_agents": 0, 
          "max_evacuation_time": 150.004547, 
          "min_evacuation_time": 150.004547, 
          "exit_flow_rate": 0.0, 
          "completed_agents": 0, 
          "max_traveled_distance": 8.467516, 
          "avg_evacuation_time": 150.004547, 
          "avg_traveled_distance": 6.378940999999999, 
          "min_traveled_distance": 4.290366
        }
      ], 
      "bounds": [
        [
          2.55, 
          5.07, 
          6.67, 
          7.7
        ]
      ]
    }, 
    "Bedroom": {
      "simulation_statistics": [
        {
          "not_completed_agents": 0, 
          "max_evacuation_time": 11.750027, 
          "min_evacuation_time": 3.599998, 
          "exit_flow_rate": 0.34042474966227737, 
          "completed_agents": 4, 
          "max_traveled_distance": 6.249194, 
          "avg_evacuation_time": 7.23751025, 
          "avg_traveled_distance": 4.59042375, 
          "min_traveled_distance": 2.894881
        }
      ], 
      "bounds": [
        [
          -0.04, 
          1.45, 
          5.21, 
          5.19
        ]
      ]
    }
  }, 
  "room_num": 4, 
  "verts": [
    [
      0.12, 
      0.1
    ], 
    [
      0.11, 
      0.11
    ], 
    [
      0.11, 
      2.0
    ], 
    [
      2.39, 
      2.0
    ], 
    [
      2.4, 
      2.01
    ], 
    [
      2.4, 
      2.1
    ], 
    [
      2.39, 
      2.11
    ], 
    [
      0.1, 
      2.11
    ], 
    [
      0.1, 
      4.98
    ], 
    [
      0.11, 
      4.99
    ], 
    [
      0.11, 
      5.06
    ], 
    [
      0.9, 
      5.06
    ], 
    [
      0.91, 
      5.07
    ], 
    [
      3.15, 
      5.07
    ], 
    [
      3.16, 
      5.08
    ], 
    [
      3.16, 
      5.19
    ], 
    [
      3.15, 
      5.2
    ], 
    [
      2.71, 
      5.2
    ], 
    [
      2.71, 
      7.56
    ], 
    [
      6.53, 
      7.56
    ], 
    [
      6.53, 
      5.2
    ], 
    [
      6.54, 
      5.19
    ], 
    [
      6.54, 
      5.1
    ], 
    [
      6.55, 
      5.09
    ], 
    [
      6.64, 
      5.09
    ], 
    [
      6.65, 
      5.08
    ], 
    [
      10.15, 
      5.08
    ], 
    [
      10.15, 
      0.12
    ], 
    [
      5.19, 
      0.12
    ], 
    [
      5.19, 
      5.09
    ], 
    [
      5.79, 
      5.09
    ], 
    [
      5.8, 
      5.1
    ], 
    [
      5.8, 
      5.2
    ], 
    [
      5.79, 
      5.21
    ], 
    [
      4.83, 
      5.21
    ], 
    [
      4.82, 
      5.2
    ], 
    [
      3.91, 
      5.2
    ], 
    [
      3.9, 
      5.19
    ], 
    [
      3.9, 
      5.08
    ], 
    [
      3.91, 
      5.07
    ], 
    [
      5.06, 
      5.07
    ], 
    [
      5.06, 
      2.11
    ], 
    [
      3.15, 
      2.11
    ], 
    [
      3.14, 
      2.1
    ], 
    [
      3.14, 
      2.01
    ], 
    [
      3.15, 
      2.0
    ], 
    [
      5.07, 
      2.0
    ], 
    [
      5.07, 
      0.1
    ]
  ], 
  "bbox": {
    "max": [
      10.15, 
      7.56
    ], 
    "min": [
      0.1, 
      0.1
    ]
  }, 
  "id": "f90d453dab2fea3317613d1a54d1f653"
}