{
  "room_category": {
    "Entryway": {
      "simulation_statistics": [
        {
          "not_completed_agents": 0, 
          "max_evacuation_time": 56.849419, 
          "min_evacuation_time": 0.0, 
          "exit_flow_rate": 3.342162564581355, 
          "completed_agents": 190, 
          "max_traveled_distance": 73.049278, 
          "avg_evacuation_time": 27.349294147368422, 
          "avg_traveled_distance": 35.68647368947368, 
          "min_traveled_distance": 0.0
        }
      ], 
      "bounds": [
        [
          -0.02, 
          -0.01, 
          76.62, 
          12.4
        ]
      ]
    }
  }, 
  "room_num": 1, 
  "verts": [
    [
      0.51, 
      0.1
    ], 
    [
      0.5, 
      0.11
    ], 
    [
      0.5, 
      0.32
    ], 
    [
      0.49, 
      0.33
    ], 
    [
      0.49, 
      0.59
    ], 
    [
      0.48, 
      0.6
    ], 
    [
      0.48, 
      0.89
    ], 
    [
      0.47, 
      0.9
    ], 
    [
      0.47, 
      1.2
    ], 
    [
      0.46, 
      1.21
    ], 
    [
      0.46, 
      1.51
    ], 
    [
      0.45, 
      1.52
    ], 
    [
      0.45, 
      1.81
    ], 
    [
      0.44, 
      1.82
    ], 
    [
      0.44, 
      2.12
    ], 
    [
      0.43, 
      2.13
    ], 
    [
      0.43, 
      2.43
    ], 
    [
      0.42, 
      2.44
    ], 
    [
      0.42, 
      2.73
    ], 
    [
      0.41, 
      2.74
    ], 
    [
      0.41, 
      3.04
    ], 
    [
      0.4, 
      3.05
    ], 
    [
      0.4, 
      3.35
    ], 
    [
      0.39, 
      3.36
    ], 
    [
      0.39, 
      3.65
    ], 
    [
      0.38, 
      3.66
    ], 
    [
      0.38, 
      3.96
    ], 
    [
      0.37, 
      3.97
    ], 
    [
      0.37, 
      4.27
    ], 
    [
      0.36, 
      4.28
    ], 
    [
      0.36, 
      4.57
    ], 
    [
      0.35, 
      4.58
    ], 
    [
      0.35, 
      4.88
    ], 
    [
      0.34, 
      4.89
    ], 
    [
      0.34, 
      5.19
    ], 
    [
      0.33, 
      5.2
    ], 
    [
      0.33, 
      5.49
    ], 
    [
      0.32, 
      5.5
    ], 
    [
      0.32, 
      5.8
    ], 
    [
      0.31, 
      5.81
    ], 
    [
      0.31, 
      6.11
    ], 
    [
      0.3, 
      6.12
    ], 
    [
      0.3, 
      6.41
    ], 
    [
      0.29, 
      6.42
    ], 
    [
      0.29, 
      6.72
    ], 
    [
      0.28, 
      6.73
    ], 
    [
      0.28, 
      7.03
    ], 
    [
      0.27, 
      7.04
    ], 
    [
      0.27, 
      7.33
    ], 
    [
      0.26, 
      7.34
    ], 
    [
      0.26, 
      7.64
    ], 
    [
      0.25, 
      7.65
    ], 
    [
      0.25, 
      7.95
    ], 
    [
      0.24, 
      7.96
    ], 
    [
      0.24, 
      8.25
    ], 
    [
      0.23, 
      8.26
    ], 
    [
      0.23, 
      8.56
    ], 
    [
      0.22, 
      8.57
    ], 
    [
      0.22, 
      8.87
    ], 
    [
      0.21, 
      8.88
    ], 
    [
      0.21, 
      9.17
    ], 
    [
      0.2, 
      9.18
    ], 
    [
      0.2, 
      9.48
    ], 
    [
      0.19, 
      9.49
    ], 
    [
      0.19, 
      9.79
    ], 
    [
      0.18, 
      9.8
    ], 
    [
      0.18, 
      10.09
    ], 
    [
      0.17, 
      10.1
    ], 
    [
      0.17, 
      10.4
    ], 
    [
      0.16, 
      10.41
    ], 
    [
      0.16, 
      10.71
    ], 
    [
      0.15, 
      10.72
    ], 
    [
      0.15, 
      11.01
    ], 
    [
      0.14, 
      11.02
    ], 
    [
      0.14, 
      11.32
    ], 
    [
      0.13, 
      11.33
    ], 
    [
      0.13, 
      11.63
    ], 
    [
      0.12, 
      11.64
    ], 
    [
      0.12, 
      11.93
    ], 
    [
      0.11, 
      11.94
    ], 
    [
      0.11, 
      12.24
    ], 
    [
      0.1, 
      12.25
    ], 
    [
      0.11, 
      12.26
    ], 
    [
      0.11, 
      12.29
    ], 
    [
      76.09, 
      12.29
    ], 
    [
      76.1, 
      12.28
    ], 
    [
      76.1, 
      12.07
    ], 
    [
      76.11, 
      12.06
    ], 
    [
      76.11, 
      11.8
    ], 
    [
      76.12, 
      11.79
    ], 
    [
      76.12, 
      11.5
    ], 
    [
      76.13, 
      11.49
    ], 
    [
      76.13, 
      11.2
    ], 
    [
      76.14, 
      11.19
    ], 
    [
      76.14, 
      10.9
    ], 
    [
      76.15, 
      10.89
    ], 
    [
      76.15, 
      10.6
    ], 
    [
      76.16, 
      10.59
    ], 
    [
      76.16, 
      10.3
    ], 
    [
      76.17, 
      10.29
    ], 
    [
      76.17, 
      10.0
    ], 
    [
      76.18, 
      9.99
    ], 
    [
      76.18, 
      9.7
    ], 
    [
      76.19, 
      9.69
    ], 
    [
      76.19, 
      9.41
    ], 
    [
      76.2, 
      9.4
    ], 
    [
      76.2, 
      9.11
    ], 
    [
      76.21, 
      9.1
    ], 
    [
      76.21, 
      8.81
    ], 
    [
      76.22, 
      8.8
    ], 
    [
      76.22, 
      8.51
    ], 
    [
      76.23, 
      8.5
    ], 
    [
      76.23, 
      8.21
    ], 
    [
      76.24, 
      8.2
    ], 
    [
      76.24, 
      7.91
    ], 
    [
      76.25, 
      7.9
    ], 
    [
      76.25, 
      7.61
    ], 
    [
      76.26, 
      7.6
    ], 
    [
      76.26, 
      7.31
    ], 
    [
      76.27, 
      7.3
    ], 
    [
      76.27, 
      7.02
    ], 
    [
      76.28, 
      7.01
    ], 
    [
      76.28, 
      6.72
    ], 
    [
      76.29, 
      6.71
    ], 
    [
      76.29, 
      6.42
    ], 
    [
      76.3, 
      6.41
    ], 
    [
      76.3, 
      6.12
    ], 
    [
      76.31, 
      6.11
    ], 
    [
      76.31, 
      5.82
    ], 
    [
      76.32, 
      5.81
    ], 
    [
      76.32, 
      5.52
    ], 
    [
      76.33, 
      5.51
    ], 
    [
      76.33, 
      5.22
    ], 
    [
      76.34, 
      5.21
    ], 
    [
      76.34, 
      4.92
    ], 
    [
      76.35, 
      4.91
    ], 
    [
      76.35, 
      4.63
    ], 
    [
      76.36, 
      4.62
    ], 
    [
      76.36, 
      4.33
    ], 
    [
      76.37, 
      4.32
    ], 
    [
      76.37, 
      4.03
    ], 
    [
      76.38, 
      4.02
    ], 
    [
      76.38, 
      3.73
    ], 
    [
      76.39, 
      3.72
    ], 
    [
      76.39, 
      3.43
    ], 
    [
      76.4, 
      3.42
    ], 
    [
      76.4, 
      3.13
    ], 
    [
      76.41, 
      3.12
    ], 
    [
      76.41, 
      2.83
    ], 
    [
      76.42, 
      2.82
    ], 
    [
      76.42, 
      2.53
    ], 
    [
      76.43, 
      2.52
    ], 
    [
      76.43, 
      2.24
    ], 
    [
      76.44, 
      2.23
    ], 
    [
      76.44, 
      1.94
    ], 
    [
      76.45, 
      1.93
    ], 
    [
      76.45, 
      1.64
    ], 
    [
      76.46, 
      1.63
    ], 
    [
      76.46, 
      1.34
    ], 
    [
      76.47, 
      1.33
    ], 
    [
      76.47, 
      1.04
    ], 
    [
      76.48, 
      1.03
    ], 
    [
      76.48, 
      0.74
    ], 
    [
      76.49, 
      0.73
    ], 
    [
      76.49, 
      0.44
    ], 
    [
      76.5, 
      0.43
    ], 
    [
      76.5, 
      0.14
    ], 
    [
      76.51, 
      0.13
    ], 
    [
      76.51, 
      0.1
    ]
  ], 
  "bbox": {
    "max": [
      76.51, 
      12.29
    ], 
    "min": [
      0.1, 
      0.1
    ]
  },