{
  "room_category": {
    "Toilet": {
      "simulation_statistics": [
        {
          "not_completed_agents": 0, 
          "max_evacuation_time": 150.004547, 
          "min_evacuation_time": 13.850035, 
          "exit_flow_rate": 0.053331716671228636, 
          "completed_agents": 8, 
          "max_traveled_distance": 33.705364, 
          "avg_evacuation_time": 36.433784333333335, 
          "avg_traveled_distance": 22.049187777777778, 
          "min_traveled_distance": 1.146483
        }, 
        {
          "not_completed_agents": 0, 
          "max_evacuation_time": 150.004547, 
          "min_evacuation_time": 0.0, 
          "exit_flow_rate": 0.0666646458390358, 
          "completed_agents": 10, 
          "max_traveled_distance": 12.037842, 
          "avg_evacuation_time": 16.50496109090909, 
          "avg_traveled_distance": 3.757742818181818, 
          "min_traveled_distance": 0.0
        }, 
        {
          "not_completed_agents": 0, 
          "max_evacuation_time": 14.850039, 
          "min_evacuation_time": 11.900027, 
          "exit_flow_rate": 0.13467978097565939, 
          "completed_agents": 2, 
          "max_traveled_distance": 14.810921, 
          "avg_evacuation_time": 13.375033, 
          "avg_traveled_distance": 14.596589, 
          "min_traveled_distance": 14.382257
        }
      ], 
      "bounds": [
        [
          13.08, 
          7.47, 
          17.89, 
          17.17
        ], 
        [
          -0.06, 
          -0.05, 
          3.84, 
          14.59
        ], 
        [
          3.54, 
          14.51, 
          6.31, 
          17.75
        ]
      ]
    }, 
    "Bathroom": {
      "simulation_statistics": [
        {
          "not_completed_agents": 0, 
          "max_evacuation_time": 37.09972, 
          "min_evacuation_time": 11.550026, 
          "exit_flow_rate": 0.24258943194180443, 
          "completed_agents": 9, 
          "max_traveled_distance": 35.57386, 
          "avg_evacuation_time": 20.399951333333334, 
          "avg_traveled_distance": 23.46927311111111, 
          "min_traveled_distance": 16.448467
        }, 
        {
          "not_completed_agents": 0, 
          "max_evacuation_time": 14.500037, 
          "min_evacuation_time": 0.0, 
          "exit_flow_rate": 0.62068807134768, 
          "completed_agents": 9, 
          "max_traveled_distance": 9.88221, 
          "avg_evacuation_time": 4.211116555555556, 
          "avg_traveled_distance": 4.136555777777778, 
          "min_traveled_distance": 0.0
        }, 
        {
          "not_completed_agents": 0, 
          "max_evacuation_time": 150.004547, 
          "min_evacuation_time": 19.799984, 
          "exit_flow_rate": 0.0066664645839035796, 
          "completed_agents": 1, 
          "max_traveled_distance": 24.627626, 
          "avg_evacuation_time": 84.9022655, 
          "avg_traveled_distance": 13.990587999999999, 
          "min_traveled_distance": 3.35355
        }
      ], 
      "bounds": [
        [
          13.08, 
          7.47, 
          17.89, 
          17.17
        ], 
        [
          -0.08, 
          -0.05, 
          8.48, 
          5.45
        ], 
        [
          3.54, 
          14.51, 
          6.31, 
          17.75
        ]
      ]
    }, 
    "Office": {
      "simulation_statistics": [
        {
          "not_completed_agents": 0, 
          "max_evacuation_time": 26.049889, 
          "min_evacuation_time": 12.65003, 
          "exit_flow_rate": 0.15355151801222647, 
          "completed_agents": 4, 
          "max_traveled_distance": 16.219204, 
          "avg_evacuation_time": 20.26246125, 
          "avg_traveled_distance": 14.214206, 
          "min_traveled_distance": 11.444779
        }, 
        {
          "not_completed_agents": 0, 
          "max_evacuation_time": 23.849922, 
          "min_evacuation_time": 7.000009, 
          "exit_flow_rate": 0.12578657489949024, 
          "completed_agents": 3, 
          "max_traveled_distance": 20.0278, 
          "avg_evacuation_time": 13.433316333333332, 
          "avg_traveled_distance": 13.786581333333332, 
          "min_traveled_distance": 9.097537
        }
      ], 
      "bounds": [
        [
          7.19, 
          -0.05, 
          12.25, 
          3.86
        ], 
        [
          8.34, 
          7.5, 
          15.72, 
          9.22
        ]
      ]
    }, 
    "Living_Room": {
      "simulation_statistics": [
        {
          "not_completed_agents": 0, 
          "max_evacuation_time": 150.004547, 
          "min_evacuation_time": 2.499999, 
          "exit_flow_rate": 0.15332868542978234, 
          "completed_agents": 23, 
          "max_traveled_distance": 13.63106, 
          "avg_evacuation_time": 18.820372640000002, 
          "avg_traveled_distance": 8.08698276, 
          "min_traveled_distance": 0.890731
        }
      ], 
      "bounds": [
        [
          0.02, 
          0.0, 
          8.57, 
          14.62
        ]
      ]
    }, 
    "Garage": {
      "simulation_statistics": [
        {
          "not_completed_agents": 0, 
          "max_evacuation_time": 27.049873, 
          "min_evacuation_time": 9.300017, 
          "exit_flow_rate": 0.5175625038978926, 
          "completed_agents": 14, 
          "max_traveled_distance": 25.132803, 
          "avg_evacuation_time": 14.628576857142857, 
          "avg_traveled_distance": 17.51180557142857, 
          "min_traveled_distance": 13.392416
        }
      ], 
      "bounds": [
        [
          8.36, 
          7.5, 
          17.89, 
          14.67
        ]
      ]
    }, 
    "Bedroom": {
      "simulation_statistics": [
        {
          "not_completed_agents": 0, 
          "max_evacuation_time": 5.650003, 
          "min_evacuation_time": 0.05, 
          "exit_flow_rate": 1.9469016211141834, 
          "completed_agents": 11, 
          "max_traveled_distance": 7.226867, 
          "avg_evacuation_time": 3.5636362727272726, 
          "avg_traveled_distance": 4.372018545454545, 
          "min_traveled_distance": 0.064514
        }, 
        {
          "not_completed_agents": 0, 
          "max_evacuation_time": 24.699909, 
          "min_evacuation_time": 0.0, 
          "exit_flow_rate": 0.36437381206546143, 
          "completed_agents": 9, 
          "max_traveled_distance": 12.009181, 
          "avg_evacuation_time": 4.177768333333334, 
          "avg_traveled_distance": 3.114449111111111, 
          "min_traveled_distance": 0.0
        }, 
        {
          "not_completed_agents": 0, 
          "max_evacuation_time": 150.004547, 
          "min_evacuation_time": 7.35001, 
          "exit_flow_rate": 0.04666525208732506, 
          "completed_agents": 7, 
          "max_traveled_distance": 19.951691, 
          "avg_evacuation_time": 42.87878322222222, 
          "avg_traveled_distance": 14.981805777777778, 
          "min_traveled_distance": 10.512921
        }, 
        {
          "not_completed_agents": 0, 
          "max_evacuation_time": 13.350033, 
          "min_evacuation_time": 7.50001, 
          "exit_flow_rate": 0.5992494550388003, 
          "completed_agents": 8, 
          "max_traveled_distance": 17.727371, 
          "avg_evacuation_time": 10.55627225, 
          "avg_traveled_distance": 14.712748125000001, 
          "min_traveled_distance": 10.3016
        }
      ],