{
  "room_category": {
    "Toilet": {
      "simulation_statistics": [
        {
          "not_completed_agents": 0, 
          "max_evacuation_time": 21.849953, 
          "min_evacuation_time": 20.249977, 
          "exit_flow_rate": 0.13730006650357554, 
          "completed_agents": 3, 
          "max_traveled_distance": 28.738472, 
          "avg_evacuation_time": 21.099964333333332, 
          "avg_traveled_distance": 27.464505000000003, 
          "min_traveled_distance": 26.542391
        }
      ], 
      "bounds": [
        [
          25.27, 
          12.43, 
          29.56, 
          15.78
        ]
      ]
    }, 
    "Bathroom": {
      "simulation_statistics": [
        {
          "not_completed_agents": 0, 
          "max_evacuation_time": 22.69994, 
          "min_evacuation_time": 19.899982, 
          "exit_flow_rate": 0.1321589396271532, 
          "completed_agents": 3, 
          "max_traveled_distance": 29.300123, 
          "avg_evacuation_time": 21.149963333333336, 
          "avg_traveled_distance": 27.663473666666665, 
          "min_traveled_distance": 26.551868
        }
      ], 
      "bounds": [
        [
          25.27, 
          12.43, 
          29.56, 
          15.78
        ]
      ]
    }, 
    "Garage": {
      "simulation_statistics": [
        {
          "not_completed_agents": 0, 
          "max_evacuation_time": 13.450033, 
          "min_evacuation_time": 9.500018, 
          "exit_flow_rate": 0.8921911195310822, 
          "completed_agents": 12, 
          "max_traveled_distance": 16.312761, 
          "avg_evacuation_time": 11.337525166666666, 
          "avg_traveled_distance": 14.245098749999999, 
          "min_traveled_distance": 12.48362
        }, 
        {
          "not_completed_agents": 0, 
          "max_evacuation_time": 8.050013, 
          "min_evacuation_time": 3.349998, 
          "exit_flow_rate": 1.4906808225030195, 
          "completed_agents": 12, 
          "max_traveled_distance": 10.13766, 
          "avg_evacuation_time": 6.200005916666666, 
          "avg_traveled_distance": 7.767831083333333, 
          "min_traveled_distance": 4.110132
        }
      ], 
      "bounds": [
        [
          -0.01, 
          12.4, 
          8.26, 
          19.48
        ], 
        [
          -0.02, 
          5.51, 
          8.23, 
          12.54
        ]
      ]
    }
  }, 
  "room_num": 7, 
  "verts": [
    [
      0.12, 
      0.1
    ], 
    [
      0.11, 
      0.11
    ], 
    [
      0.11, 
      5.51
    ], 
    [
      0.1, 
      5.52
    ], 
    [
      0.1, 
      12.45
    ], 
    [
      1.48, 
      12.45
    ], 
    [
      1.49, 
      12.46
    ], 
    [
      1.49, 
      12.55
    ], 
    [
      1.48, 
      12.56
    ], 
    [
      0.1, 
      12.56
    ], 
    [
      0.1, 
      16.1
    ], 
    [
      0.11, 
      16.11
    ], 
    [
      0.11, 
      25.32
    ], 
    [
      31.54, 
      25.32
    ], 
    [
      31.54, 
      0.1
    ]
  ], 
  "bbox": {
    "max": [
      31.54, 
      25.32
    ], 
    "min": [
      0.1, 
      0.1
    ]
  }, 
  "id": "ff02354b60a51c810b8af5f8b2d74163"
}