{
  "room_category": {
    "Garage": {
      "simulation_statistics": [
        {
          "not_completed_agents": 0, 
          "max_evacuation_time": 150.004547, 
          "min_evacuation_time": 150.004547, 
          "exit_flow_rate": 0.0, 
          "completed_agents": 0, 
          "max_traveled_distance": 18.988167, 
          "avg_evacuation_time": 150.004547, 
          "avg_traveled_distance": 9.937377333333334, 
          "min_traveled_distance": 1.052381
        }
      ], 
      "bounds": [
        [
          15.28, 
          1.53, 
          20.52, 
          6.78
        ]
      ]
    }, 
    "Gym": {
      "simulation_statistics": [
        {
          "not_completed_agents": 0, 
          "max_evacuation_time": 150.004547, 
          "min_evacuation_time": 150.004547, 
          "exit_flow_rate": 0.0, 
          "completed_agents": 0, 
          "max_traveled_distance": 19.019964, 
          "avg_evacuation_time": 150.004547, 
          "avg_traveled_distance": 14.307272000000001, 
          "min_traveled_distance": 0.905952
        }
      ], 
      "bounds": [
        [
          -0.02, 
          5.16, 
          5.17, 
          10.35
        ]
      ]
    }, 
    "Kitchen": {
      "simulation_statistics": [
        {
          "not_completed_agents": 0, 
          "max_evacuation_time": 150.004547, 
          "min_evacuation_time": 0.0, 
          "exit_flow_rate": 0.03999878750342148, 
          "completed_agents": 6, 
          "max_traveled_distance": 29.194326, 
          "avg_evacuation_time": 25.536350571428574, 
          "avg_traveled_distance": 7.534136571428571, 
          "min_traveled_distance": 0.0
        }
      ], 
      "bounds": [
        [
          5.08, 
          -0.02, 
          11.19, 
          6.09
        ]
      ]
    }
  }, 
  "room_num": 5, 
  "verts": [
    [
      5.25, 
      0.1
    ], 
    [
      5.24, 
      0.11
    ], 
    [
      5.24, 
      0.68
    ], 
    [
      5.23, 
      0.69
    ], 
    [
      5.23, 
      1.7
    ], 
    [
      5.22, 
      1.71
    ], 
    [
      5.22, 
      2.71
    ], 
    [
      5.21, 
      2.72
    ], 
    [
      5.21, 
      3.72
    ], 
    [
      5.2, 
      3.73
    ], 
    [
      5.2, 
      4.67
    ], 
    [
      5.19, 
      4.68
    ], 
    [
      5.09, 
      4.68
    ], 
    [
      5.08, 
      4.67
    ], 
    [
      5.08, 
      3.73
    ], 
    [
      5.09, 
      3.72
    ], 
    [
      5.09, 
      2.72
    ], 
    [
      5.1, 
      2.71
    ], 
    [
      5.1, 
      1.71
    ], 
    [
      5.11, 
      1.7
    ], 
    [
      5.11, 
      1.1
    ], 
    [
      0.56, 
      1.1
    ], 
    [
      0.55, 
      1.11
    ], 
    [
      0.55, 
      5.26
    ], 
    [
      0.54, 
      5.27
    ], 
    [
      0.44, 
      5.27
    ], 
    [
      0.43, 
      5.28
    ], 
    [
      0.11, 
      5.28
    ], 
    [
      0.1, 
      5.29
    ], 
    [
      0.1, 
      10.24
    ], 
    [
      5.06, 
      10.24
    ], 
    [
      5.06, 
      5.27
    ], 
    [
      0.91, 
      5.27
    ], 
    [
      0.9, 
      5.26
    ], 
    [
      0.9, 
      5.09
    ], 
    [
      0.91, 
      5.08
    ], 
    [
      1.47, 
      5.08
    ], 
    [
      1.48, 
      5.09
    ], 
    [
      2.04, 
      5.09
    ], 
    [
      2.05, 
      5.1
    ], 
    [
      2.61, 
      5.1
    ], 
    [
      2.62, 
      5.11
    ], 
    [
      3.17, 
      5.11
    ], 
    [
      3.18, 
      5.12
    ], 
    [
      3.74, 
      5.12
    ], 
    [
      3.75, 
      5.13
    ], 
    [
      4.31, 
      5.13
    ], 
    [
      4.32, 
      5.14
    ], 
    [
      4.46, 
      5.14
    ], 
    [
      4.47, 
      5.15
    ], 
    [
      5.17, 
      5.15
    ], 
    [
      5.18, 
      5.14
    ], 
    [
      5.19, 
      5.15
    ], 
    [
      5.5, 
      5.15
    ], 
    [
      5.51, 
      5.16
    ], 
    [
      5.85, 
      5.16
    ], 
    [
      5.86, 
      5.17
    ], 
    [
      6.19, 
      5.17
    ], 
    [
      6.2, 
      5.18
    ], 
    [
      6.54, 
      5.18
    ], 
    [
      6.55, 
      5.19
    ], 
    [
      6.88, 
      5.19
    ], 
    [
      6.89, 
      5.2
    ], 
    [
      7.21, 
      5.2
    ], 
    [
      7.22, 
      5.21
    ], 
    [
      7.54, 
      5.21
    ], 
    [
      7.55, 
      5.22
    ], 
    [
      7.86, 
      5.22
    ], 
    [
      7.87, 
      5.23
    ], 
    [
      8.19, 
      5.23
    ], 
    [
      8.2, 
      5.24
    ], 
    [
      8.52, 
      5.24
    ], 
    [
      8.53, 
      5.25
    ], 
    [
      8.84, 
      5.25
    ], 
    [
      8.85, 
      5.26
    ], 
    [
      9.17, 
      5.26
    ], 
    [
      9.18, 
      5.27
    ], 
    [
      9.5, 
      5.27
    ], 
    [
      9.51, 
      5.28
    ], 
    [
      9.82, 
      5.28
    ], 
    [
      9.83, 
      5.29
    ], 
    [
      10.15, 
      5.29
    ], 
    [
      10.16, 
      5.3
    ], 
    [
      10.23, 
      5.3
    ], 
    [
      10.24, 
      5.31
    ], 
    [
      10.27, 
      5.31
    ], 
    [
      10.28, 
      5.32
    ], 
    [
      10.29, 
      5.32
    ], 
    [
      10.33, 
      5.36
    ], 
    [
      10.33, 
      5.37
    ], 
    [
      10.34, 
      5.38
    ], 
    [
      10.34, 
      5.41
    ], 
    [
      10.35, 
      5.42
    ], 
    [
      10.35, 
      6.47
    ], 
    [
      10.36, 
      6.48
    ], 
    [
      10.75, 
      6.48
    ], 
    [
      10.76, 
      6.49
    ], 
    [
      11.1, 
      6.49
    ], 
    [
      11.11, 
      6.5
    ], 
    [
      11.44, 
      6.5
    ], 
    [
      11.45, 
      6.51
    ], 
    [
      11.78, 
      6.51
    ], 
    [
      11.79, 
      6.52
    ], 
    [
      12.11, 
      6.52
    ], 
    [
      12.12, 
      6.53
    ], 
    [
      12.45, 
      6.53
    ], 
    [
      12.46, 
      6.54
    ], 
    [
      12.78, 
      6.54
    ], 
    [
      12.79, 
      6.55
    ], 
    [
      13.11, 
      6.55
    ], 
    [
      13.12, 
      6.56
    ], 
    [
      13.44, 
      6.56
    ], 
    [
      13.45, 
      6.57
    ], 
    [
      13.77, 
      6.57
    ], 
    [
      13.78, 
      6.58
    ], 
    [
      14.21, 
      6.58
    ], 
    [
      14.22, 
      6.59
    ], 
    [
      14.55, 
      6.59
    ], 
    [
      14.56, 
      6.6
    ], 
    [
      14.9, 
      6.6
    ], 
    [
      14.91, 
      6.61
    ], 
    [
      15.24, 
      6.61
    ], 
    [
      15.25, 
      6.62
    ], 
    [
      15.32, 
      6.62
    ], 
    [
      15.32, 
      4.73
    ], 
    [
      15.33, 
      4.72
    ], 
    [
      15.43, 
      4.72
    ], 
    [
      15.44, 
      4.73
    ], 
    [
      15.44, 
      6.61
    ], 
    [
      20.41, 
      6.61
    ], 
    [
      20.41, 
      1.64
    ], 
    [
      15.44, 
      1.64
    ], 
    [
      15.44, 
      3.51
    ], 
    [
      15.43, 
      3.52
    ], 
    [
      15.33, 
      3.52
    ], 
    [
      15.32, 
      3.51
    ], 
    [
      15.32, 
      1.53
    ], 
    [
      15.31, 
      1.52
    ], 
    [
      15.31, 
      0.1
    ], 
    [
      10.34, 
      0.1
    ], 
    [
      10.34, 
      4.81
    ], 
    [
      10.33, 
      4.82
    ], 
    [
      10.23, 
      4.82
    ], 
    [
      10.22, 
      4.81
    ], 
