{
  "room_category": {
    "Hallway": {
      "simulation_statistics": [
        {
          "not_completed_agents": 0, 
          "max_evacuation_time": 150.004547, 
          "min_evacuation_time": 7.700011, 
          "exit_flow_rate": 1.0666343334245727, 
          "completed_agents": 160, 
          "max_traveled_distance": 219.220581, 
          "avg_evacuation_time": 84.03585738043478, 
          "avg_traveled_distance": 120.73098985326088, 
          "min_traveled_distance": 9.687358
        }
      ], 
      "bounds": [
        [
          8.36, 
          0.0, 
          45.3, 
          24.87
        ]
      ]
    }, 
    "Bathroom": {
      "simulation_statistics": [
        {
          "not_completed_agents": 0, 
          "max_evacuation_time": 150.004547, 
          "min_evacuation_time": 27.099873, 
          "exit_flow_rate": 0.07333111042293938, 
          "completed_agents": 11, 
          "max_traveled_distance": 192.86908, 
          "avg_evacuation_time": 104.01507525, 
          "avg_traveled_distance": 132.263151875, 
          "min_traveled_distance": 48.39183
        }
      ], 
      "bounds": [
        [
          8.38, 
          10.53, 
          21.21, 
          16.9
        ]
      ]
    }, 
    "Office": {
      "simulation_statistics": [
        {
          "not_completed_agents": 0, 
          "max_evacuation_time": 116.602516, 
          "min_evacuation_time": 74.099922, 
          "exit_flow_rate": 0.06860915419698148, 
          "completed_agents": 8, 
          "max_traveled_distance": 154.043076, 
          "avg_evacuation_time": 100.1077595, 
          "avg_traveled_distance": 131.987160875, 
          "min_traveled_distance": 105.697777
        }, 
        {
          "not_completed_agents": 0, 
          "max_evacuation_time": 150.004547, 
          "min_evacuation_time": 37.09972, 
          "exit_flow_rate": 0.15999515001368592, 
          "completed_agents": 24, 
          "max_traveled_distance": 206.815369, 
          "avg_evacuation_time": 105.20378682758621, 
          "avg_traveled_distance": 145.4590297586207, 
          "min_traveled_distance": 47.232098
        }
      ], 
      "bounds": [
        [
          37.24, 
          16.63, 
          42.26, 
          24.85
        ], 
        [
          21.13, 
          16.63, 
          37.36, 
          25.65
        ]
      ]
    }, 
    "Living_Room": {
      "simulation_statistics": [
        {
          "not_completed_agents": 0, 
          "max_evacuation_time": 150.004547, 
          "min_evacuation_time": 35.949738, 
          "exit_flow_rate": 0.15999515001368592, 
          "completed_agents": 24, 
          "max_traveled_distance": 207.316986, 
          "avg_evacuation_time": 107.94178289655173, 
          "avg_traveled_distance": 154.90203293103448, 
          "min_traveled_distance": 45.535736
        }
      ], 
      "bounds": [
        [
          21.13, 
          16.63, 
          37.36, 
          25.65
        ]
      ]
    }, 
    "Storage": {
      "simulation_statistics": [
        {
          "not_completed_agents": 0, 
          "max_evacuation_time": 150.004547, 
          "min_evacuation_time": 43.299625, 
          "exit_flow_rate": 0.053331716671228636, 
          "completed_agents": 8, 
          "max_traveled_distance": 201.761612, 
          "avg_evacuation_time": 74.36713155555555, 
          "avg_traveled_distance": 118.29573144444446, 
          "min_traveled_distance": 75.370422
        }
      ], 
      "bounds": [
        [
          36.63, 
          2.87, 
          42.22, 
          11.25
        ]
      ]
    }, 
    "Garage": {
      "simulation_statistics": [
        {
          "not_completed_agents": 0, 
          "max_evacuation_time": 150.004547, 
          "min_evacuation_time": 45.199596, 
          "exit_flow_rate": 0.19332747293320382, 
          "completed_agents": 29, 
          "max_traveled_distance": 197.413681, 
          "avg_evacuation_time": 86.84510420588235, 
          "avg_traveled_distance": 98.48496370588235, 
          "min_traveled_distance": 14.531292
        }
      ], 
      "bounds": [
        [
          45.19, 
          10.15, 
          56.38, 
          25.38
        ]
      ]
    }, 
    "Bedroom": {
      "simulation_statistics": [
        {
          "not_completed_agents": 0, 
          "max_evacuation_time": 150.004547, 
          "min_evacuation_time": 17.000027, 
          "exit_flow_rate": 0.1666616145975895, 
          "completed_agents": 25, 
          "max_traveled_distance": 181.944595, 
          "avg_evacuation_time": 46.89041065384616, 
          "avg_traveled_distance": 77.05388938461539, 
          "min_traveled_distance": 26.5767
        }, 
        {
          "not_completed_agents": 0, 
          "max_evacuation_time": 150.004547, 
          "min_evacuation_time": 12.050028, 
          "exit_flow_rate": 0.11999636251026444, 
          "completed_agents": 18, 
          "max_traveled_distance": 202.462906, 
          "avg_evacuation_time": 47.01574665, 
          "avg_traveled_distance": 67.4848307, 
          "min_traveled_distance": 18.966286
        }, 
        {
          "not_completed_agents": 0, 
          "max_evacuation_time": 150.004547, 
          "min_evacuation_time": 42.699635, 
          "exit_flow_rate": 0.11999636251026444, 
          "completed_agents": 18, 
          "max_traveled_distance": 212.238007, 
          "avg_evacuation_time": 117.56787447826088, 
          "avg_traveled_distance": 157.11934452173912, 
          "min_traveled_distance": 12.830486
        }
      ], 
      "bounds": [
        [
          21.2, 
          2.8, 
          37.32, 
          10.73
        ], 
        [
          8.37, 
          2.77, 
          21.24, 
          10.64
        ], 
        [
          8.32, 
          16.27, 
          21.85, 
          24.91
        ]
      ]
    }, 
    "Dining_Room": {
      "simulation_statistics": [
        {
          "not_completed_agents": 0, 
          "max_evacuation_time": 122.552879, 
          "min_evacuation_time": 46.849571, 
          "exit_flow_rate": 0.1142364023941045, 
          "completed_agents": 14, 
          "max_traveled_distance": 176.286667, 
          "avg_evacuation_time": 75.91448349999999, 
          "avg_traveled_distance": 120.31458392857142, 
          "min_traveled_distance": 86.288933
        }
      ], 
      "bounds": [
        [
          30.44, 
          10.6, 
          42.21, 
          16.74
        ]
      ]
    }, 
    "Lobby": {
      "simulation_statistics": [
        {
          "not_completed_agents": 0, 
          "max_evacuation_time": 10.600022, 
          "min_evacuation_time": 1.849999, 
          "exit_flow_rate": 2.6415039515955723, 
          "completed_agents": 28, 
          "max_traveled_distance": 13.197572, 
          "avg_evacuation_time": 6.548222321428571, 
          "avg_traveled_distance": 8.31974917857143, 
          "min_traveled_distance": 2.466316
        }
      ], 
      "bounds": [
        [
          -0.03, 
          -0.01, 
          8.48, 
          16.38
        ]
      ]
    }, 
    "Kitchen": {
      "simulation_statistics": [
        {
          "not_completed_agents": 0, 
          "max_evacuation_time": 137.153763, 
          "min_evacuation_time": 59.449379, 
          "exit_flow_rate": 0.029164347463073254, 
          "completed_agents": 4, 
          "max_traveled_distance": 198.263809, 
          "avg_evacuation_time": 104.114338, 
          "avg_traveled_distance": 161.1830045, 
          "min_traveled_distance": 106.525124
        }
      ],