{
  "room_category": {
    "Living_Room": {
      "simulation_statistics": [
        {
          "not_completed_agents": 0, 
          "max_evacuation_time": 150.004547, 
          "min_evacuation_time": 9.600019, 
          "exit_flow_rate": 0.013332929167807159, 
          "completed_agents": 2, 
          "max_traveled_distance": 26.474926, 
          "avg_evacuation_time": 135.3645972105263, 
          "avg_traveled_distance": 13.937139473684212, 
          "min_traveled_distance": 0.920236
        }
      ], 
      "bounds": [
        [
          -0.05, 
          -0.02, 
          10.31, 
          9.11
        ]
      ]
    }
  }, 
  "room_num": 2, 
  "verts": [
    [
      9.87, 
      0.1
    ], 
    [
      9.86, 
      0.11
    ], 
    [
      9.24, 
      0.11
    ], 
    [
      9.23, 
      0.12
    ], 
    [
      8.61, 
      0.12
    ], 
    [
      8.6, 
      0.13
    ], 
    [
      7.97, 
      0.13
    ], 
    [
      7.96, 
      0.14
    ], 
    [
      7.34, 
      0.14
    ], 
    [
      7.33, 
      0.15
    ], 
    [
      7.02, 
      0.15
    ], 
    [
      7.01, 
      0.16
    ], 
    [
      6.59, 
      0.16
    ], 
    [
      6.58, 
      0.17
    ], 
    [
      6.02, 
      0.17
    ], 
    [
      6.01, 
      0.18
    ], 
    [
      5.44, 
      0.18
    ], 
    [
      5.43, 
      0.19
    ], 
    [
      4.87, 
      0.19
    ], 
    [
      4.86, 
      0.2
    ], 
    [
      4.3, 
      0.2
    ], 
    [
      4.29, 
      0.21
    ], 
    [
      3.72, 
      0.21
    ], 
    [
      3.71, 
      0.22
    ], 
    [
      3.15, 
      0.22
    ], 
    [
      3.14, 
      0.23
    ], 
    [
      2.58, 
      0.23
    ], 
    [
      2.57, 
      0.24
    ], 
    [
      2.56, 
      0.23
    ], 
    [
      2.29, 
      0.23
    ], 
    [
      2.28, 
      0.24
    ], 
    [
      1.78, 
      0.24
    ], 
    [
      1.77, 
      0.25
    ], 
    [
      1.27, 
      0.25
    ], 
    [
      1.26, 
      0.26
    ], 
    [
      0.76, 
      0.26
    ], 
    [
      0.75, 
      0.27
    ], 
    [
      0.25, 
      0.27
    ], 
    [
      0.24, 
      0.28
    ], 
    [
      0.11, 
      0.28
    ], 
    [
      0.1, 
      0.29
    ], 
    [
      0.1, 
      9.0
    ], 
    [
      5.66, 
      9.0
    ], 
    [
      5.67, 
      9.01
    ], 
    [
      5.67, 
      9.11
    ], 
    [
      5.66, 
      9.12
    ], 
    [
      0.86, 
      9.12
    ], 
    [
      0.86, 
      9.28
    ], 
    [
      0.87, 
      9.29
    ], 
    [
      0.87, 
      9.74
    ], 
    [
      0.88, 
      9.75
    ], 
    [
      0.88, 
      10.23
    ], 
    [
      0.89, 
      10.24
    ], 
    [
      0.89, 
      10.71
    ], 
    [
      0.9, 
      10.72
    ], 
    [
      0.9, 
      11.19
    ], 
    [
      0.91, 
      11.2
    ], 
    [
      0.91, 
      11.68
    ], 
    [
      0.92, 
      11.69
    ], 
    [
      0.91, 
      11.7
    ], 
    [
      0.91, 
      11.88
    ], 
    [
      0.92, 
      11.89
    ], 
    [
      0.92, 
      12.23
    ], 
    [
      0.93, 
      12.24
    ], 
    [
      0.93, 
      12.31
    ], 
    [
      10.2, 
      12.31
    ], 
    [
      10.2, 
      9.12
    ], 
    [
      9.32, 
      9.12
    ], 
    [
      9.31, 
      9.11
    ], 
    [
      9.31, 
      9.01
    ], 
    [
      9.32, 
      9.0
    ], 
    [
      10.2, 
      9.0
    ], 
    [
      10.2, 
      0.1
    ]
  ], 
  "bbox": {
    "max": [
      10.2, 
      12.31
    ], 
    "min": [
      0.1, 
      0.1
    ]
  }, 
  "id": "ffef029f03335282c1e4460252aba7b1"
}