{
  "room_category": {
    "Living_Room": {
      "simulation_statistics": [
        {
          "not_completed_agents": 0, 
          "max_evacuation_time": 23.849922, 
          "min_evacuation_time": 3.549998, 
          "exit_flow_rate": 0.9224348825962617, 
          "completed_agents": 22, 
          "max_traveled_distance": 16.80028, 
          "avg_evacuation_time": 12.706827681818181, 
          "avg_traveled_distance": 12.023420090909092, 
          "min_traveled_distance": 4.378363
        }
      ], 
      "bounds": [
        [
          4.03, 
          -0.81, 
          15.28, 
          8.83
        ]
      ]
    }, 
    "Bedroom": {
      "simulation_statistics": [
        {
          "not_completed_agents": 0, 
          "max_evacuation_time": 4.299998, 
          "min_evacuation_time": 0.0, 
          "exit_flow_rate": 1.6279077339105736, 
          "completed_agents": 7, 
          "max_traveled_distance": 5.373843, 
          "avg_evacuation_time": 1.6999991428571428, 
          "avg_traveled_distance": 2.034448285714286, 
          "min_traveled_distance": 0.0
        }
      ], 
      "bounds": [
        [
          -0.02, 
          -0.02, 
          4.17, 
          7.96
        ]
      ]
    }
  }, 
  "room_num": 3, 
  "verts": [
    [
      0.11, 
      0.1
    ], 
    [
      0.1, 
      0.11
    ], 
    [
      0.1, 
      7.82
    ], 
    [
      4.02, 
      7.82
    ], 
    [
      4.02, 
      5.87
    ], 
    [
      4.03, 
      5.86
    ], 
    [
      4.13, 
      5.86
    ], 
    [
      4.14, 
      5.87
    ], 
    [
      4.14, 
      7.9
    ], 
    [
      10.79, 
      7.9
    ], 
    [
      10.8, 
      7.91
    ], 
    [
      12.77, 
      7.91
    ], 
    [
      12.78, 
      7.92
    ], 
    [
      12.78, 
      8.02
    ], 
    [
      12.77, 
      8.03
    ], 
    [
      10.91, 
      8.03
    ], 
    [
      10.91, 
      13.44
    ], 
    [
      14.96, 
      13.44
    ], 
    [
      14.96, 
      8.03
    ], 
    [
      13.53, 
      8.03
    ], 
    [
      13.52, 
      8.02
    ], 
    [
      13.52, 
      7.92
    ], 
    [
      13.53, 
      7.91
    ], 
    [
      14.96, 
      7.91
    ], 
    [
      14.96, 
      0.1
    ], 
    [
      4.13, 
      0.1
    ], 
    [
      4.14, 
      0.11
    ], 
    [
      4.14, 
      4.87
    ], 
    [
      4.13, 
      4.88
    ], 
    [
      4.03, 
      4.88
    ], 
    [
      4.02, 
      4.87
    ], 
    [
      4.02, 
      0.1
    ]
  ], 
  "bbox": {
    "max": [
      14.96, 
      13.44
    ], 
    "min": [
      0.1, 
      0.1
    ]
  }, 
  "id": "03a07758091746234d72948cca5e63fc"
}