{
  "room_category": {
    "Toilet": {
      "simulation_statistics": [
        {
          "not_completed_agents": 0, 
          "max_evacuation_time": 46.29958, 
          "min_evacuation_time": 22.749939, 
          "exit_flow_rate": 0.04319693612771434, 
          "completed_agents": 2, 
          "max_traveled_distance": 22.329458, 
          "avg_evacuation_time": 34.5247595, 
          "avg_traveled_distance": 19.516075999999998, 
          "min_traveled_distance": 16.702694
        }
      ], 
      "bounds": [
        [
          4.12, 
          7.29, 
          5.31, 
          8.93
        ], 
        [
          8.92, 
          0.77, 
          11.33, 
          5.01
        ]
      ]
    }, 
    "Bathroom": {
      "simulation_statistics": [
        {
          "not_completed_agents": 0, 
          "max_evacuation_time": 43.149628, 
          "min_evacuation_time": 16.750031, 
          "exit_flow_rate": 0.1158758541325084, 
          "completed_agents": 5, 
          "max_traveled_distance": 23.995771, 
          "avg_evacuation_time": 27.4498674, 
          "avg_traveled_distance": 19.598673400000003, 
          "min_traveled_distance": 17.247921
        }, 
        {
          "not_completed_agents": 0, 
          "max_evacuation_time": 44.099613, 
          "min_evacuation_time": 37.74971, 
          "exit_flow_rate": 0.04535187190871721, 
          "completed_agents": 2, 
          "max_traveled_distance": 29.061449, 
          "avg_evacuation_time": 40.9246615, 
          "avg_traveled_distance": 25.266437500000002, 
          "min_traveled_distance": 21.471426
        }
      ], 
      "bounds": [
        [
          0.79, 
          11.6, 
          6.01, 
          16.13
        ], 
        [
          8.92, 
          0.77, 
          11.33, 
          5.01
        ]
      ]
    }, 
    "Room": {
      "simulation_statistics": [
        {
          "not_completed_agents": 0, 
          "max_evacuation_time": 30.049828, 
          "min_evacuation_time": 23.799923, 
          "exit_flow_rate": 0.06655612138611908, 
          "completed_agents": 2, 
          "max_traveled_distance": 21.726379, 
          "avg_evacuation_time": 26.9248755, 
          "avg_traveled_distance": 21.114023000000003, 
          "min_traveled_distance": 20.501667
        }
      ], 
      "bounds": [
        [
          8.94, 
          3.3, 
          15.17, 
          5.11
        ]
      ]
    }, 
    "Garage": {
      "simulation_statistics": [
        {
          "not_completed_agents": 0, 
          "max_evacuation_time": 2.449999, 
          "min_evacuation_time": 0.15, 
          "exit_flow_rate": 2.857144023324091, 
          "completed_agents": 7, 
          "max_traveled_distance": 3.072553, 
          "avg_evacuation_time": 1.3285710000000002, 
          "avg_traveled_distance": 1.651538, 
          "min_traveled_distance": 0.198961
        }
      ], 
      "bounds": [
        [
          -0.54, 
          -0.02, 
          6.02, 
          5.08
        ]
      ]
    }, 
    "Bedroom": {
      "simulation_statistics": [
        {
          "not_completed_agents": 0, 
          "max_evacuation_time": 44.999599, 
          "min_evacuation_time": 13.100032, 
          "exit_flow_rate": 0.11111210124339108, 
          "completed_agents": 5, 
          "max_traveled_distance": 26.285019, 
          "avg_evacuation_time": 24.4399022, 
          "avg_traveled_distance": 20.7096494, 
          "min_traveled_distance": 15.306603
        }, 
        {
          "not_completed_agents": 0, 
          "max_evacuation_time": 35.79974, 
          "min_evacuation_time": 27.699863, 
          "exit_flow_rate": 0.08379949128122159, 
          "completed_agents": 3, 
          "max_traveled_distance": 21.606667, 
          "avg_evacuation_time": 32.483123666666664, 
          "avg_traveled_distance": 19.471190333333336, 
          "min_traveled_distance": 17.945141
        }, 
        {
          "not_completed_agents": 0, 
          "max_evacuation_time": 41.449654, 
          "min_evacuation_time": 24.549911, 
          "exit_flow_rate": 0.07237696121661233, 
          "completed_agents": 3, 
          "max_traveled_distance": 25.820776, 
          "avg_evacuation_time": 34.21643066666667, 
          "avg_traveled_distance": 24.126655333333332, 
          "min_traveled_distance": 20.889486
        }, 
        {
          "not_completed_agents": 0, 
          "max_evacuation_time": 40.499668, 
          "min_evacuation_time": 26.349884, 
          "exit_flow_rate": 0.07407468130356032, 
          "completed_agents": 3, 
          "max_traveled_distance": 26.275454, 
          "avg_evacuation_time": 35.26641466666667, 
          "avg_traveled_distance": 23.835104666666666, 
          "min_traveled_distance": 21.00086
        }
      ], 
      "bounds": [
        [
          0.79, 
          11.6, 
          6.01, 
          16.13
        ], 
        [
          5.92, 
          0.77, 
          9.03, 
          5.08
        ], 
        [
          14.34, 
          0.77, 
          17.9, 
          5.09
        ], 
        [
          10.52, 
          0.77, 
          15.15, 
          3.99
        ]
      ]
    }, 
    "Kitchen": {
      "simulation_statistics": [
        {
          "not_completed_agents": 0, 
          "max_evacuation_time": 42.199642, 
          "min_evacuation_time": 5.150002, 
          "exit_flow_rate": 0.4028470194131031, 
          "completed_agents": 17, 
          "max_traveled_distance": 22.615997, 
          "avg_evacuation_time": 16.141145470588235, 
          "avg_traveled_distance": 13.825407352941177, 
          "min_traveled_distance": 5.302949
        }
      ], 
      "bounds": [
        [
          0.81, 
          5.0, 
          10.16, 
          13.97
        ]
      ]
    }
  }, 
  "room_num": 10,