{
  "room_category": {
    "Bedroom": {
      "simulation_statistics": [
        {
          "not_completed_agents": 0, 
          "max_evacuation_time": 22.599941, 
          "min_evacuation_time": 10.550022, 
          "exit_flow_rate": 0.3097353218753978, 
          "completed_agents": 7, 
          "max_traveled_distance": 14.115059, 
          "avg_evacuation_time": 16.550003, 
          "avg_traveled_distance": 12.502615857142857, 
          "min_traveled_distance": 10.978014
        }, 
        {
          "not_completed_agents": 0, 
          "max_evacuation_time": 11.300025, 
          "min_evacuation_time": 0.0, 
          "exit_flow_rate": 0.7964584149150112, 
          "completed_agents": 9, 
          "max_traveled_distance": 11.515916, 
          "avg_evacuation_time": 3.6055585555555556, 
          "avg_traveled_distance": 4.297172, 
          "min_traveled_distance": 0.0
        }, 
        {
          "not_completed_agents": 0, 
          "max_evacuation_time": 20.149979, 
          "min_evacuation_time": 6.400006, 
          "exit_flow_rate": 0.24813921642300474, 
          "completed_agents": 5, 
          "max_traveled_distance": 13.834795, 
          "avg_evacuation_time": 10.4500056, 
          "avg_traveled_distance": 9.807425, 
          "min_traveled_distance": 7.083304
        }
      ], 
      "bounds": [
        [
          -0.03, 
          2.59, 
          5.21, 
          9.28
        ], 
        [
          -0.01, 
          -0.24, 
          9.78, 
          4.32
        ], 
        [
          5.06, 
          4.2, 
          9.79, 
          9.31
        ]
      ]
    }
  }, 
  "room_num": 6, 
  "verts": [
    [
      0.14, 
      0.1
    ], 
    [
      0.13, 
      0.11
    ], 
    [
      0.13, 
      0.51
    ], 
    [
      0.12, 
      0.52
    ], 
    [
      0.12, 
      1.36
    ], 
    [
      0.11, 
      1.37
    ], 
    [
      0.11, 
      2.21
    ], 
    [
      0.1, 
      2.22
    ], 
    [
      0.1, 
      2.54
    ], 
    [
      0.34, 
      2.54
    ], 
    [
      0.35, 
      2.55
    ], 
    [
      0.86, 
      2.55
    ], 
    [
      0.87, 
      2.56
    ], 
    [
      1.38, 
      2.56
    ], 
    [
      1.39, 
      2.57
    ], 
    [
      1.9, 
      2.57
    ], 
    [
      1.91, 
      2.58
    ], 
    [
      5.11, 
      2.58
    ], 
    [
      5.13, 
      2.6
    ], 
    [
      5.13, 
      2.66
    ], 
    [
      5.12, 
      2.67
    ], 
    [
      5.12, 
      3.41
    ], 
    [
      5.13, 
      3.42
    ], 
    [
      5.13, 
      4.28
    ], 
    [
      5.14, 
      4.29
    ], 
    [
      5.12, 
      4.31
    ], 
    [
      4.33, 
      4.31
    ], 
    [
      4.32, 
      4.3
    ], 
    [
      4.32, 
      4.2
    ], 
    [
      4.33, 
      4.19
    ], 
    [
      5.02, 
      4.19
    ], 
    [
      5.02, 
      3.42
    ], 
    [
      5.01, 
      3.41
    ], 
    [
      5.01, 
      2.7
    ], 
    [
      0.1, 
      2.7
    ], 
    [
      0.1, 
      3.42
    ], 
    [
      0.11, 
      3.43
    ], 
    [
      0.11, 
      5.07
    ], 
    [
      0.12, 
      5.08
    ], 
    [
      0.12, 
      7.05
    ], 
    [
      0.13, 
      7.06
    ], 
    [
      0.13, 
      9.09
    ], 
    [
      0.15, 
      9.09
    ], 
    [
      0.16, 
      9.1
    ], 
    [
      0.58, 
      9.1
    ], 
    [
      0.59, 
      9.11
    ], 
    [
      1.34, 
      9.11
    ], 
    [
      1.35, 
      9.12
    ], 
    [
      2.11, 
      9.12
    ], 
    [
      2.12, 
      9.13
    ], 
    [
      2.87, 
      9.13
    ], 
    [
      2.88, 
      9.14
    ], 
    [
      3.64, 
      9.14
    ], 
    [
      3.65, 
      9.15
    ], 
    [
      4.4, 
      9.15
    ], 
    [
      4.41, 
      9.16
    ], 
    [
      5.11, 
      9.16
    ], 
    [
      5.11, 
      6.68
    ], 
    [
      4.35, 
      6.68
    ], 
    [
      4.34, 
      6.67
    ], 
    [
      4.34, 
      6.01
    ], 
    [
      4.33, 
      6.0
    ], 
    [
      4.33, 
      5.32
    ], 
    [
      4.32, 
      5.31
    ], 
    [
      4.32, 
      5.29
    ], 
    [
      4.33, 
      5.28
    ], 
    [
      4.43, 
      5.28
    ], 
    [
      4.44, 
      5.29
    ], 
    [
      4.44, 
      6.0
    ], 
    [
      4.45, 
      6.01
    ], 
    [
      4.45, 
      6.57
    ], 
    [
      6.03, 
      6.57
    ], 
    [
      6.03, 
      5.23
    ], 
    [
      6.04, 
      5.22
    ], 
    [
      6.13, 
      5.22
    ], 
    [
      6.14, 
      5.23
    ], 
    [
      6.14, 
      6.67
    ], 
    [
      6.13, 
      6.68
    ], 
    [
      5.23, 
      6.68
    ], 
    [
      5.23, 
      6.69
    ], 
    [
      5.22, 
      6.7
    ], 
    [
      5.22, 
      9.16
    ], 
    [
      7.32, 
      9.16
    ], 
    [
      7.33, 
      9.17
    ], 
    [
      9.65, 
      9.17
    ], 
    [
      9.65, 
      4.34
    ], 
    [
      9.62, 
      4.34
    ], 
    [
      9.61, 
      4.33
    ], 
    [
      8.87, 
      4.33
    ], 
    [
      8.86, 
      4.32
    ], 
    [
      7.08, 
      4.32
    ], 
    [
      7.07, 
      4.31
    ], 
    [
      6.12, 
      4.31
    ], 
    [
      6.11, 
      4.3
    ], 
    [
      6.06, 
      4.3
    ], 
    [
      6.05, 
      4.31
    ], 
    [
      6.04, 
      4.3
    ], 
    [
      6.04, 
      4.2
    ], 
    [
      6.05, 
      4.19
    ], 
    [
      6.78, 
      4.19
    ], 
    [
      6.79, 
      4.2
    ], 
    [
      7.97, 
      4.2
    ], 
    [
      7.98, 
      4.21
    ], 
    [
      9.16, 
      4.21
    ], 
    [
      9.17, 
      4.22
    ], 
    [
      9.65, 
      4.22
    ], 
    [
      9.65, 
      3.71
    ], 
    [
      9.64, 
      3.7
    ], 
    [
      9.64, 
      2.75
    ], 
    [
      9.63, 
      2.74
    ], 
    [
      9.63, 
      1.79
    ], 
    [
      9.62, 
      1.78
    ], 
    [
      9.62, 
      0.83
    ], 
    [
      9.61, 
      0.82
    ], 
    [
      9.61, 
      0.1
    ]
  ], 
  "bbox": {
    "max": [
      9.65, 
      9.17
    ], 
    "min": [
      0.1, 
      0.1
    ]
  }, 
  "id": "058a778388d0ec120a2359bd85817138"
}