{
  "room_category": {
    "Kitchen": {
      "simulation_statistics": [
        {
          "not_completed_agents": 0, 
          "max_evacuation_time": 4.299998, 
          "min_evacuation_time": 1.799999, 
          "exit_flow_rate": 1.3953494862090632, 
          "completed_agents": 6, 
          "max_traveled_distance": 5.127906, 
          "avg_evacuation_time": 3.0833316666666666, 
          "avg_traveled_distance": 3.8567448333333334, 
          "min_traveled_distance": 2.29041
        }
      ], 
      "bounds": [
        [
          5.39, 
          1.27, 
          10.68, 
          6.49
        ]
      ]
    }
  }, 
  "room_num": 2, 
  "verts": [
    [
      1.94, 
      0.1
    ], 
    [
      1.35, 
      0.69
    ], 
    [
      1.34, 
      0.69
    ], 
    [
      0.68, 
      1.35
    ], 
    [
      0.68, 
      1.36
    ], 
    [
      0.67, 
      1.37
    ], 
    [
      0.66, 
      1.37
    ], 
    [
      0.64, 
      1.39
    ], 
    [
      0.62, 
      1.37
    ], 
    [
      0.61, 
      1.38
    ], 
    [
      0.49, 
      1.38
    ], 
    [
      0.48, 
      1.39
    ], 
    [
      0.16, 
      1.39
    ], 
    [
      0.15, 
      1.4
    ], 
    [
      0.11, 
      1.4
    ], 
    [
      0.1, 
      1.41
    ], 
    [
      0.1, 
      3.96
    ], 
    [
      0.11, 
      3.97
    ], 
    [
      0.11, 
      6.37
    ], 
    [
      5.48, 
      6.37
    ], 
    [
      5.48, 
      5.91
    ], 
    [
      5.49, 
      5.9
    ], 
    [
      5.59, 
      5.9
    ], 
    [
      5.6, 
      5.91
    ], 
    [
      5.6, 
      6.37
    ], 
    [
      10.57, 
      6.37
    ], 
    [
      10.57, 
      1.4
    ], 
    [
      5.6, 
      1.4
    ], 
    [
      5.6, 
      1.95
    ], 
    [
      5.59, 
      1.96
    ], 
    [
      5.48, 
      1.96
    ], 
    [
      5.47, 
      1.95
    ], 
    [
      5.47, 
      1.4
    ], 
    [
      4.96, 
      1.4
    ], 
    [
      4.95, 
      1.39
    ], 
    [
      4.93, 
      1.41
    ], 
    [
      4.91, 
      1.39
    ], 
    [
      4.89, 
      1.39
    ], 
    [
      4.88, 
      1.38
    ], 
    [
      4.88, 
      1.36
    ], 
    [
      4.68, 
      1.16
    ], 
    [
      4.68, 
      1.15
    ], 
    [
      4.29, 
      0.76
    ], 
    [
      4.29, 
      0.75
    ], 
    [
      3.9, 
      0.36
    ], 
    [
      3.9, 
      0.35
    ], 
    [
      3.65, 
      0.1
    ]
  ], 
  "bbox": {
    "max": [
      10.57, 
      6.37
    ], 
    "min": [
      0.1, 
      0.1
    ]
  }, 
  "id": "0636ceae3a96351c93ea8242921811a7"
}