{
  "room_category": {
    "Toilet": {
      "simulation_statistics": [
        {
          "not_completed_agents": 0, 
          "max_evacuation_time": 150.004547, 
          "min_evacuation_time": 20.949966, 
          "exit_flow_rate": 0.0066664645839035796, 
          "completed_agents": 1, 
          "max_traveled_distance": 20.625525, 
          "avg_evacuation_time": 106.98635333333334, 
          "avg_traveled_distance": 16.339607666666666, 
          "min_traveled_distance": 11.59175
        }, 
        {
          "not_completed_agents": 0, 
          "max_evacuation_time": 150.004547, 
          "min_evacuation_time": 36.199734, 
          "exit_flow_rate": 0.01999939375171074, 
          "completed_agents": 3, 
          "max_traveled_distance": 36.351639, 
          "avg_evacuation_time": 85.3116044, 
          "avg_traveled_distance": 23.8235084, 
          "min_traveled_distance": 6.454303
        }
      ], 
      "bounds": [
        [
          8.17, 
          7.59, 
          11.09, 
          12.84
        ], 
        [
          -0.05, 
          7.59, 
          5.17, 
          12.78
        ]
      ]
    }, 
    "Bathroom": {
      "simulation_statistics": [
        {
          "not_completed_agents": 0, 
          "max_evacuation_time": 44.9496, 
          "min_evacuation_time": 19.39999, 
          "exit_flow_rate": 0.06674141705376689, 
          "completed_agents": 3, 
          "max_traveled_distance": 28.158836, 
          "avg_evacuation_time": 29.566501666666664, 
          "avg_traveled_distance": 23.56907766666667, 
          "min_traveled_distance": 20.727903
        }, 
        {
          "not_completed_agents": 0, 
          "max_evacuation_time": 52.399487, 
          "min_evacuation_time": 31.349808, 
          "exit_flow_rate": 0.09542078150497924, 
          "completed_agents": 5, 
          "max_traveled_distance": 36.978775, 
          "avg_evacuation_time": 40.839663, 
          "avg_traveled_distance": 34.2896768, 
          "min_traveled_distance": 29.101238
        }
      ], 
      "bounds": [
        [
          8.17, 
          7.59, 
          11.09, 
          12.84
        ], 
        [
          -0.05, 
          7.59, 
          5.17, 
          12.78
        ]
      ]
    }, 
    "Room": {
      "simulation_statistics": [
        {
          "not_completed_agents": 0, 
          "max_evacuation_time": 32.849785, 
          "min_evacuation_time": 32.849785, 
          "exit_flow_rate": 0.03044159954167128, 
          "completed_agents": 1, 
          "max_traveled_distance": 30.887445, 
          "avg_evacuation_time": 32.849785, 
          "avg_traveled_distance": 30.887445, 
          "min_traveled_distance": 30.887445
        }
      ], 
      "bounds": [
        [
          2.56, 
          7.59, 
          5.19, 
          10.28
        ]
      ]
    }, 
    "Living_Room": {
      "simulation_statistics": [
        {
          "not_completed_agents": 0, 
          "max_evacuation_time": 30.249825, 
          "min_evacuation_time": 12.750031, 
          "exit_flow_rate": 0.330580424845433, 
          "completed_agents": 10, 
          "max_traveled_distance": 22.280283, 
          "avg_evacuation_time": 19.6149706, 
          "avg_traveled_distance": 19.0957437, 
          "min_traveled_distance": 15.420024
        }
      ], 
      "bounds": [
        [
          5.86, 
          -0.05, 
          15.2, 
          5.17
        ]
      ]
    }, 
    "Bedroom": {
      "simulation_statistics": [
        {
          "not_completed_agents": 0, 
          "max_evacuation_time": 49.399532, 
          "min_evacuation_time": 11.850027, 
          "exit_flow_rate": 0.16194485405246348, 
          "completed_agents": 8, 
          "max_traveled_distance": 31.335918, 
          "avg_evacuation_time": 22.293682375, 
          "avg_traveled_distance": 20.6452135, 
          "min_traveled_distance": 14.524885
        }, 
        {
          "not_completed_agents": 0, 
          "max_evacuation_time": 150.004547, 
          "min_evacuation_time": 25.899891, 
          "exit_flow_rate": 0.013332929167807159, 
          "completed_agents": 2, 
          "max_traveled_distance": 27.294388, 
          "avg_evacuation_time": 68.40142566666667, 
          "avg_traveled_distance": 22.799025999999998, 
          "min_traveled_distance": 15.611141
        }
      ], 
      "bounds": [
        [
          8.18, 
          7.06, 
          15.23, 
          12.81
        ], 
        [
          5.08, 
          7.59, 
          8.27, 
          12.78
        ]
      ]
    }, 
    "Kitchen": {
      "simulation_statistics": [
        {
          "not_completed_agents": 0, 
          "max_evacuation_time": 2.599999, 
          "min_evacuation_time": 0.55, 
          "exit_flow_rate": 2.3076931952666135, 
          "completed_agents": 6, 
          "max_traveled_distance": 3.333237, 
          "avg_evacuation_time": 1.2499998333333333, 
          "avg_traveled_distance": 1.5527221666666666, 
          "min_traveled_distance": 0.629737
        }
      ], 
      "bounds": [
        [
          -0.02, 
          -0.05, 
          6.03, 
          5.22
        ]
      ]
    }
  }, 
  "room_num": 8,