{
  "room_category": {
    "Toilet": {
      "simulation_statistics": [
        {
          "not_completed_agents": 0, 
          "max_evacuation_time": 27.149872, 
          "min_evacuation_time": 21.149963, 
          "exit_flow_rate": 0.11049775851613593, 
          "completed_agents": 3, 
          "max_traveled_distance": 24.493517, 
          "avg_evacuation_time": 23.649925, 
          "avg_traveled_distance": 23.474071, 
          "min_traveled_distance": 22.350121
        }
      ], 
      "bounds": [
        [
          6.46, 
          15.42, 
          11.72, 
          18.49
        ]
      ]
    }, 
    "Bathroom": {
      "simulation_statistics": [
        {
          "not_completed_agents": 0, 
          "max_evacuation_time": 25.249901, 
          "min_evacuation_time": 13.000031, 
          "exit_flow_rate": 0.11881234702662793, 
          "completed_agents": 3, 
          "max_traveled_distance": 26.852034, 
          "avg_evacuation_time": 19.933296333333335, 
          "avg_traveled_distance": 24.094576, 
          "min_traveled_distance": 19.813606
        }
      ], 
      "bounds": [
        [
          6.46, 
          15.42, 
          11.72, 
          18.49
        ]
      ]
    }, 
    "Office": {
      "simulation_statistics": [
        {
          "not_completed_agents": 0, 
          "max_evacuation_time": 28.399853, 
          "min_evacuation_time": 13.450033, 
          "exit_flow_rate": 0.2112686991724922, 
          "completed_agents": 6, 
          "max_traveled_distance": 24.698229, 
          "avg_evacuation_time": 21.374951999999997, 
          "avg_traveled_distance": 21.029682833333336, 
          "min_traveled_distance": 18.262922
        }
      ], 
      "bounds": [
        [
          6.48, 
          10.18, 
          11.76, 
          15.46
        ]
      ]
    }, 
    "Gym": {
      "simulation_statistics": [
        {
          "not_completed_agents": 0, 
          "max_evacuation_time": 30.599819, 
          "min_evacuation_time": 24.199917, 
          "exit_flow_rate": 0.09803979559486936, 
          "completed_agents": 3, 
          "max_traveled_distance": 26.421913, 
          "avg_evacuation_time": 28.066524333333334, 
          "avg_traveled_distance": 25.218078000000002, 
          "min_traveled_distance": 23.610476
        }
      ], 
      "bounds": [
        [
          6.53, 
          18.4, 
          11.75, 
          21.62
        ]
      ]
    }, 
    "Living_Room": {
      "simulation_statistics": [
        {
          "not_completed_agents": 0, 
          "max_evacuation_time": 40.249672, 
          "min_evacuation_time": 2.699999, 
          "exit_flow_rate": 0.3478289214381673, 
          "completed_agents": 14, 
          "max_traveled_distance": 23.32922, 
          "avg_evacuation_time": 16.592790642857143, 
          "avg_traveled_distance": 14.185267, 
          "min_traveled_distance": 4.512565
        }
      ], 
      "bounds": [
        [
          -0.79, 
          5.03, 
          12.36, 
          10.27
        ]
      ]
    }, 
    "Garage": {
      "simulation_statistics": [
        {
          "not_completed_agents": 0, 
          "max_evacuation_time": 0.9, 
          "min_evacuation_time": 0.0, 
          "exit_flow_rate": 6.666666666666666, 
          "completed_agents": 6, 
          "max_traveled_distance": 1.158175, 
          "avg_evacuation_time": 0.3833333333333333, 
          "avg_traveled_distance": 0.4682101666666667, 
          "min_traveled_distance": 0.0
        }
      ], 
      "bounds": [
        [
          6.55, 
          -0.02, 
          11.79, 
          5.78
        ]
      ]
    }, 
    "Bedroom": {
      "simulation_statistics": [
        {
          "not_completed_agents": 0, 
          "max_evacuation_time": 42.449638, 
          "min_evacuation_time": 19.249992, 
          "exit_flow_rate": 0.07067198075988304, 
          "completed_agents": 3, 
          "max_traveled_distance": 27.65905, 
          "avg_evacuation_time": 32.93311666666667, 
          "avg_traveled_distance": 22.584458, 
          "min_traveled_distance": 19.238605
        }, 
        {
          "not_completed_agents": 0, 
          "max_evacuation_time": 20.849968, 
          "min_evacuation_time": 16.700031, 
          "exit_flow_rate": 0.1438851129171997, 
          "completed_agents": 3, 
          "max_traveled_distance": 23.694422, 
          "avg_evacuation_time": 19.349990666666667, 
          "avg_traveled_distance": 22.111641000000002, 
          "min_traveled_distance": 19.764114
        }, 
        {
          "not_completed_agents": 0, 
          "max_evacuation_time": 43.999615, 
          "min_evacuation_time": 23.649925, 
          "exit_flow_rate": 0.11363735796324582, 
          "completed_agents": 5, 
          "max_traveled_distance": 30.52809, 
          "avg_evacuation_time": 32.099796399999995, 
          "avg_traveled_distance": 26.8160942, 
          "min_traveled_distance": 25.121498
        }
      ], 
      "bounds": [
        [
          -0.05, 
          10.18, 
          5.2, 
          13.37
        ], 
        [
          -0.05, 
          13.28, 
          5.17, 
          16.47
        ], 
        [
          -0.05, 
          16.38, 
          5.17, 
          21.6
        ]
      ]
    }, 
    "Dining_Room": {
      "simulation_statistics": [
        {
          "not_completed_agents": 0, 
          "max_evacuation_time": 41.299656, 
          "min_evacuation_time": 3.499998, 
          "exit_flow_rate": 0.33898587436176225, 
          "completed_agents": 14, 
          "max_traveled_distance": 24.028185, 
          "avg_evacuation_time": 15.371406714285714, 
          "avg_traveled_distance": 14.022023285714285, 
          "min_traveled_distance": 5.346897
        }
      ], 
      "bounds": [
        [
          -0.79, 
          5.03, 
          12.36, 
          10.27
        ]
      ]
    }, 
    "Kitchen": {
      "simulation_statistics": [
        {
          "not_completed_agents": 0, 
          "max_evacuation_time": 39.099689, 
          "min_evacuation_time": 5.000001, 
          "exit_flow_rate": 0.3580591139740268, 
          "completed_agents": 14, 
          "max_traveled_distance": 27.147882, 
          "avg_evacuation_time": 14.103543428571427, 
          "avg_traveled_distance": 13.363292785714284, 
          "min_traveled_distance": 7.869824
        }
      ], 
      "bounds": [
        [
          -0.79, 
          5.03, 
          12.36, 
          10.27
        ]
      ]
    }
  }, 
  "room_num": 9,