{
  "room_category": {
    "Toilet": {
      "simulation_statistics": [
        {
          "not_completed_agents": 0, 
          "max_evacuation_time": 37.049721, 
          "min_evacuation_time": 13.550034, 
          "exit_flow_rate": 0.1349537827828717, 
          "completed_agents": 5, 
          "max_traveled_distance": 23.675262, 
          "avg_evacuation_time": 26.239876599999995, 
          "avg_traveled_distance": 20.347481, 
          "min_traveled_distance": 16.4121
        }
      ], 
      "bounds": [
        [
          4.97, 
          10.37, 
          10.16, 
          14.78
        ]
      ]
    }, 
    "Bathroom": {
      "simulation_statistics": [
        {
          "not_completed_agents": 0, 
          "max_evacuation_time": 8.150013, 
          "min_evacuation_time": 4.449999, 
          "exit_flow_rate": 0.36809757235970053, 
          "completed_agents": 3, 
          "max_traveled_distance": 7.110331, 
          "avg_evacuation_time": 6.316672666666666, 
          "avg_traveled_distance": 6.393060333333334, 
          "min_traveled_distance": 5.422797
        }, 
        {
          "not_completed_agents": 0, 
          "max_evacuation_time": 34.799755, 
          "min_evacuation_time": 20.149979, 
          "exit_flow_rate": 0.0862075034723664, 
          "completed_agents": 3, 
          "max_traveled_distance": 19.748976, 
          "avg_evacuation_time": 28.249854999999997, 
          "avg_traveled_distance": 18.623706666666667, 
          "min_traveled_distance": 16.76152
        }, 
        {
          "not_completed_agents": 0, 
          "max_evacuation_time": 31.049812, 
          "min_evacuation_time": 10.350021, 
          "exit_flow_rate": 0.16103157081917277, 
          "completed_agents": 5, 
          "max_traveled_distance": 24.857031, 
          "avg_evacuation_time": 22.729918, 
          "avg_traveled_distance": 20.005223, 
          "min_traveled_distance": 14.629391
        }
      ], 
      "bounds": [
        [
          20.2, 
          -0.02, 
          23.44, 
          5.17
        ], 
        [
          18.21, 
          10.16, 
          23.43, 
          13.37
        ], 
        [
          4.97, 
          10.37, 
          10.16, 
          14.78
        ]
      ]
    }, 
    "Bedroom": {
      "simulation_statistics": [
        {
          "not_completed_agents": 0, 
          "max_evacuation_time": 4.7, 
          "min_evacuation_time": 0.0, 
          "exit_flow_rate": 1.702127659574468, 
          "completed_agents": 8, 
          "max_traveled_distance": 5.315437, 
          "avg_evacuation_time": 1.706249625, 
          "avg_traveled_distance": 1.996115625, 
          "min_traveled_distance": 0.0
        }
      ], 
      "bounds": [
        [
          14.34, 
          -0.05, 
          20.31, 
          6.58
        ]
      ]
    }, 
    "Dining_Room": {
      "simulation_statistics": [
        {
          "not_completed_agents": 0, 
          "max_evacuation_time": 14.000035, 
          "min_evacuation_time": 8.750015, 
          "exit_flow_rate": 0.4285703571455357, 
          "completed_agents": 6, 
          "max_traveled_distance": 15.594348, 
          "avg_evacuation_time": 10.691689333333334, 
          "avg_traveled_distance": 13.234790333333335, 
          "min_traveled_distance": 11.104972
        }, 
        {
          "not_completed_agents": 0, 
          "max_evacuation_time": 24.049919, 
          "min_evacuation_time": 12.850031, 
          "exit_flow_rate": 0.291061271349812, 
          "completed_agents": 7, 
          "max_traveled_distance": 24.220783, 
          "avg_evacuation_time": 17.77857642857143, 
          "avg_traveled_distance": 20.382932285714283, 
          "min_traveled_distance": 16.538784
        }
      ], 
      "bounds": [
        [
          4.89, 
          5.87, 
          10.19, 
          11.08
        ], 
        [
          -0.02, 
          5.05, 
          5.06, 
          11.99
        ]
      ]
    }, 
    "Hall": {
      "simulation_statistics": [
        {
          "not_completed_agents": 0, 
          "max_evacuation_time": 35.699741, 
          "min_evacuation_time": 5.500003, 
          "exit_flow_rate": 0.28011407701809377, 
          "completed_agents": 10, 
          "max_traveled_distance": 20.756882, 
          "avg_evacuation_time": 17.0699294, 
          "avg_traveled_distance": 12.7286367, 
          "min_traveled_distance": 6.452064
        }
      ], 
      "bounds": [
        [
          10.07, 
          5.87, 
          16.81, 
          13.22
        ]
      ]
    }, 
    "Child_Room": {
      "simulation_statistics": [
        {
          "not_completed_agents": 0, 
          "max_evacuation_time": 27.499866, 
          "min_evacuation_time": 3.049998, 
          "exit_flow_rate": 0.2545466948820769, 
          "completed_agents": 7, 
          "max_traveled_distance": 19.051981, 
          "avg_evacuation_time": 15.157137714285714, 
          "avg_traveled_distance": 13.464326714285715, 
          "min_traveled_distance": 3.982813
        }
      ], 
      "bounds": [
        [
          16.68, 
          5.08, 
          23.42, 
          10.27
        ]
      ]
    }, 
    "Kitchen": {
      "simulation_statistics": [
        {
          "not_completed_agents": 0, 
          "max_evacuation_time": 26.149887, 
          "min_evacuation_time": 12.200028, 
          "exit_flow_rate": 0.26768758121211, 
          "completed_agents": 7, 
          "max_traveled_distance": 21.617033, 
          "avg_evacuation_time": 19.371404714285713, 
          "avg_traveled_distance": 19.53204, 
          "min_traveled_distance": 15.82765
        }
      ], 
      "bounds": [
        [
          -0.02, 
          5.05, 
          5.06, 
          11.99
        ]
      ]
    }
  }, 
  "room_num": 8,