{
  "room_category": {
    "Hallway": {
      "simulation_statistics": [
        {
          "not_completed_agents": 0, 
          "max_evacuation_time": 41.249657, 
          "min_evacuation_time": 10.250021, 
          "exit_flow_rate": 0.8242492780000571, 
          "completed_agents": 34, 
          "max_traveled_distance": 47.154346, 
          "avg_evacuation_time": 24.22196482352941, 
          "avg_traveled_distance": 29.96074705882353, 
          "min_traveled_distance": 13.545469
        }
      ], 
      "bounds": [
        [
          10.64, 
          7.13, 
          22.86, 
          20.98
        ]
      ]
    }, 
    "Bathroom": {
      "simulation_statistics": [
        {
          "not_completed_agents": 0, 
          "max_evacuation_time": 23.199932, 
          "min_evacuation_time": 22.149948, 
          "exit_flow_rate": 0.08620714922785118, 
          "completed_agents": 2, 
          "max_traveled_distance": 25.317427, 
          "avg_evacuation_time": 22.67494, 
          "avg_traveled_distance": 24.9499895, 
          "min_traveled_distance": 24.582552
        }, 
        {
          "not_completed_agents": 0, 
          "max_evacuation_time": 8.850016, 
          "min_evacuation_time": 0.0, 
          "exit_flow_rate": 2.3728770659849654, 
          "completed_agents": 21, 
          "max_traveled_distance": 11.392337, 
          "avg_evacuation_time": 4.759526952380953, 
          "avg_traveled_distance": 6.186433428571428, 
          "min_traveled_distance": 0.0
        }, 
        {
          "not_completed_agents": 0, 
          "max_evacuation_time": 31.699802, 
          "min_evacuation_time": 14.700038, 
          "exit_flow_rate": 0.22082156853850382, 
          "completed_agents": 7, 
          "max_traveled_distance": 33.565357, 
          "avg_evacuation_time": 21.192815857142858, 
          "avg_traveled_distance": 27.575380857142857, 
          "min_traveled_distance": 21.144611
        }
      ], 
      "bounds": [
        [
          -0.05, 
          7.75, 
          3.39, 
          10.41
        ], 
        [
          -0.05, 
          -0.04, 
          13.07, 
          7.84
        ], 
        [
          20.45, 
          -0.05, 
          24.74, 
          8.63
        ]
      ]
    }, 
    "Toilet": {
      "simulation_statistics": [
        {
          "not_completed_agents": 0, 
          "max_evacuation_time": 150.004547, 
          "min_evacuation_time": 150.004547, 
          "exit_flow_rate": 0.0, 
          "completed_agents": 0, 
          "max_traveled_distance": 0.903521, 
          "avg_evacuation_time": 150.004547, 
          "avg_traveled_distance": 0.903521, 
          "min_traveled_distance": 0.903521
        }
      ], 
      "bounds": [
        [
          12.95, 
          -0.04, 
          16.86, 
          1.86
        ]
      ]
    }, 
    "Dining_Room": {
      "simulation_statistics": [
        {
          "not_completed_agents": 0, 
          "max_evacuation_time": 40.649666, 
          "min_evacuation_time": 16.500034, 
          "exit_flow_rate": 0.3936071701056535, 
          "completed_agents": 16, 
          "max_traveled_distance": 34.772057, 
          "avg_evacuation_time": 27.44986725, 
          "avg_traveled_distance": 30.062840625, 
          "min_traveled_distance": 24.434439
        }
      ], 
      "bounds": [
        [
          22.77, 
          -0.04, 
          29.28, 
          12.08
        ]
      ]
    }, 
    "Garage": {
      "simulation_statistics": [
        {
          "not_completed_agents": 0, 
          "max_evacuation_time": 33.499775, 
          "min_evacuation_time": 19.649986, 
          "exit_flow_rate": 0.4179132546412625, 
          "completed_agents": 14, 
          "max_traveled_distance": 34.147938, 
          "avg_evacuation_time": 25.557038928571426, 
          "avg_traveled_distance": 31.52583142857143, 
          "min_traveled_distance": 28.43313
        }
      ], 
      "bounds": [
        [
          13.54, 
          10.09, 
          22.89, 
          17.49
        ]
      ]
    }, 
    "Bedroom": {
      "simulation_statistics": [
        {
          "not_completed_agents": 0, 
          "max_evacuation_time": 26.649879, 
          "min_evacuation_time": 13.150032, 
          "exit_flow_rate": 0.4127598478026861, 
          "completed_agents": 11, 
          "max_traveled_distance": 23.605759, 
          "avg_evacuation_time": 17.600006545454548, 
          "avg_traveled_distance": 19.734576363636364, 
          "min_traveled_distance": 15.902431
        }
      ], 
      "bounds": [
        [
          -0.51, 
          7.75, 
          11.31, 
          12.5
        ]
      ]
    }, 
    "Guest_Room": {
      "simulation_statistics": [
        {
          "not_completed_agents": 0, 
          "max_evacuation_time": 31.249809, 
          "min_evacuation_time": 16.200039, 
          "exit_flow_rate": 0.19200117351117252, 
          "completed_agents": 6, 
          "max_traveled_distance": 29.259289, 
          "avg_evacuation_time": 20.733303, 
          "avg_traveled_distance": 25.260340499999998, 
          "min_traveled_distance": 20.375904
        }
      ], 
      "bounds": [
        [
          16.77, 
          -0.01, 
          20.54, 
          7.89
        ]
      ]
    }, 
    "Child_Room": {
      "simulation_statistics": [
        {
          "not_completed_agents": 0, 
          "max_evacuation_time": 11.900027, 
          "min_evacuation_time": 8.800015, 
          "exit_flow_rate": 0.5882339594691676, 
          "completed_agents": 7, 
          "max_traveled_distance": 15.522392, 
          "avg_evacuation_time": 10.064306, 
          "avg_traveled_distance": 13.199896285714287, 
          "min_traveled_distance": 11.736791
        }
      ], 
      "bounds": [
        [
          12.94, 
          0.0, 
          16.88, 
          8.55
        ]
      ]
    }, 
    "Kitchen": {
      "simulation_statistics": [
        {
          "not_completed_agents": 0, 
          "max_evacuation_time": 150.004547, 
          "min_evacuation_time": 18.899998, 
          "exit_flow_rate": 0.0999969687585537, 
          "completed_agents": 15, 
          "max_traveled_distance": 37.424763, 
          "avg_evacuation_time": 38.4594835, 
          "avg_traveled_distance": 31.3945524375, 
          "min_traveled_distance": 16.106773
        }
      ], 
      "bounds": [
        [
          22.77, 
          -0.04, 
          29.28, 
          12.08
        ]
      ]
    }
  }, 
  "room_num": 11,