{
  "room_category": {
    "Toilet": {
      "simulation_statistics": [
        {
          "not_completed_agents": 0, 
          "max_evacuation_time": 12.900031, 
          "min_evacuation_time": 1.849999, 
          "exit_flow_rate": 0.46511516135116265, 
          "completed_agents": 6, 
          "max_traveled_distance": 6.151203, 
          "avg_evacuation_time": 7.625012666666667, 
          "avg_traveled_distance": 4.829249, 
          "min_traveled_distance": 2.310726
        }, 
        {
          "not_completed_agents": 0, 
          "max_evacuation_time": 16.250038, 
          "min_evacuation_time": 4.299998, 
          "exit_flow_rate": 0.36922990580083564, 
          "completed_agents": 6, 
          "max_traveled_distance": 7.087934, 
          "avg_evacuation_time": 9.916685333333334, 
          "avg_traveled_distance": 5.3152634999999995, 
          "min_traveled_distance": 3.313735
        }, 
        {
          "not_completed_agents": 0, 
          "max_evacuation_time": 54.249458, 
          "min_evacuation_time": 47.199566, 
          "exit_flow_rate": 0.036866727774496844, 
          "completed_agents": 2, 
          "max_traveled_distance": 42.076244, 
          "avg_evacuation_time": 50.724512, 
          "avg_traveled_distance": 41.634899000000004, 
          "min_traveled_distance": 41.193554
        }
      ], 
      "bounds": [
        [
          8.84, 
          0.0, 
          14.67, 
          5.22
        ], 
        [
          2.01, 
          -0.03, 
          7.85, 
          5.19
        ], 
        [
          -0.05, 
          15.33, 
          3.19, 
          18.71
        ]
      ]
    }, 
    "Bathroom": {
      "simulation_statistics": [
        {
          "not_completed_agents": 0, 
          "max_evacuation_time": 10.150021, 
          "min_evacuation_time": 2.749999, 
          "exit_flow_rate": 0.5911317818948355, 
          "completed_agents": 6, 
          "max_traveled_distance": 6.784982, 
          "avg_evacuation_time": 5.9750065, 
          "avg_traveled_distance": 4.416514833333333, 
          "min_traveled_distance": 3.092238
        }, 
        {
          "not_completed_agents": 0, 
          "max_evacuation_time": 15.100039, 
          "min_evacuation_time": 2.699999, 
          "exit_flow_rate": 0.39734996710935644, 
          "completed_agents": 6, 
          "max_traveled_distance": 7.091782, 
          "avg_evacuation_time": 8.283347833333332, 
          "avg_traveled_distance": 5.128658166666667, 
          "min_traveled_distance": 3.09632
        }, 
        {
          "not_completed_agents": 0, 
          "max_evacuation_time": 31.349808, 
          "min_evacuation_time": 23.549927, 
          "exit_flow_rate": 0.06379624398337623, 
          "completed_agents": 2, 
          "max_traveled_distance": 34.63118, 
          "avg_evacuation_time": 27.4498675, 
          "avg_traveled_distance": 30.356440499999998, 
          "min_traveled_distance": 26.081701
        }
      ], 
      "bounds": [
        [
          8.84, 
          0.0, 
          14.67, 
          5.22
        ], 
        [
          2.01, 
          -0.03, 
          7.85, 
          5.19
        ], 
        [
          -0.05, 
          15.33, 
          3.19, 
          18.71
        ]
      ]
    }, 
    "Room": {
      "simulation_statistics": [
        {
          "not_completed_agents": 0, 
          "max_evacuation_time": 9.650019, 
          "min_evacuation_time": 2.299999, 
          "exit_flow_rate": 0.7253871728128204, 
          "completed_agents": 7, 
          "max_traveled_distance": 12.748819, 
          "avg_evacuation_time": 6.321436285714285, 
          "avg_traveled_distance": 8.151198142857142, 
          "min_traveled_distance": 2.671371
        }
      ], 
      "bounds": [
        [
          7.14, 
          -0.05, 
          9.54, 
          15.48
        ]
      ]
    }, 
    "Living_Room": {
      "simulation_statistics": [
        {
          "not_completed_agents": 0, 
          "max_evacuation_time": 56.599422, 
          "min_evacuation_time": 11.350025, 
          "exit_flow_rate": 0.3533604989817741, 
          "completed_agents": 20, 
          "max_traveled_distance": 43.254986, 
          "avg_evacuation_time": 28.079848750000004, 
          "avg_traveled_distance": 30.228106250000003, 
          "min_traveled_distance": 16.177416
        }
      ], 
      "bounds": [
        [
          -0.05, 
          14.87, 
          17.12, 
          20.59
        ]
      ]
    }, 
    "Bedroom": {
      "simulation_statistics": [
        {
          "not_completed_agents": 0, 
          "max_evacuation_time": 22.499943, 
          "min_evacuation_time": 7.050009, 
          "exit_flow_rate": 0.48889012741054505, 
          "completed_agents": 11, 
          "max_traveled_distance": 15.647161, 
          "avg_evacuation_time": 13.131828272727272, 
          "avg_traveled_distance": 12.288523363636363, 
          "min_traveled_distance": 9.102242
        }, 
        {
          "not_completed_agents": 0, 
          "max_evacuation_time": 16.900028, 
          "min_evacuation_time": 10.10002, 
          "exit_flow_rate": 0.35502899758509276, 
          "completed_agents": 6, 
          "max_traveled_distance": 16.138947, 
          "avg_evacuation_time": 12.541693333333333, 
          "avg_traveled_distance": 14.568147833333335, 
          "min_traveled_distance": 13.279861
        }, 
        {
          "not_completed_agents": 0, 
          "max_evacuation_time": 12.65003, 
          "min_evacuation_time": 5.250002, 
          "exit_flow_rate": 0.4743071755561054, 
          "completed_agents": 6, 
          "max_traveled_distance": 10.523511, 
          "avg_evacuation_time": 8.458347333333334, 
          "avg_traveled_distance": 8.9588075, 
          "min_traveled_distance": 7.28011
        }
      ], 
      "bounds": [
        [
          2.05, 
          5.1, 
          7.27, 
          15.42
        ], 
        [
          8.84, 
          10.23, 
          14.67, 
          15.42
        ], 
        [
          8.84, 
          5.13, 
          14.67, 
          10.32
        ]
      ]
    }, 
    "Dining_Room": {
      "simulation_statistics": [
        {
          "not_completed_agents": 0, 
          "max_evacuation_time": 55.249443, 
          "min_evacuation_time": 10.700023, 
          "exit_flow_rate": 0.361994599655964, 
          "completed_agents": 20, 
          "max_traveled_distance": 44.658463, 
          "avg_evacuation_time": 35.7872321, 
          "avg_traveled_distance": 34.02996195, 
          "min_traveled_distance": 14.836073
        }
      ], 
      "bounds": [
        [
          -0.05, 
          14.87, 
          17.12, 
          20.59
        ]
      ]
    }, 
    "Kitchen": {
      "simulation_statistics": [
        {
          "not_completed_agents": 0, 
          "max_evacuation_time": 46.29958, 
          "min_evacuation_time": 11.650026, 
          "exit_flow_rate": 0.43196936127714336, 
          "completed_agents": 20, 
          "max_traveled_distance": 41.05542, 
          "avg_evacuation_time": 26.3523755, 
          "avg_traveled_distance": 29.030776250000002, 
          "min_traveled_distance": 16.469244
        }
      ], 
      "bounds": [
        [
          -0.05, 
          14.87, 
          17.12, 
          20.59
        ]
      ]
    }
  }, 
  "room_num": 9,