{
  "room_category": {
    "Bathroom": {
      "simulation_statistics": [
        {
          "not_completed_agents": 0, 
          "max_evacuation_time": 6.200006, 
          "min_evacuation_time": 3.749998, 
          "exit_flow_rate": 0.8064508324669363, 
          "completed_agents": 5, 
          "max_traveled_distance": 7.998971, 
          "avg_evacuation_time": 4.8500008, 
          "avg_traveled_distance": 6.2149994, 
          "min_traveled_distance": 5.322184
        }
      ], 
      "bounds": [
        [
          3.41, 
          5.06, 
          8.15, 
          10.29
        ]
      ]
    }, 
    "Kitchen": {
      "simulation_statistics": [
        {
          "not_completed_agents": 0, 
          "max_evacuation_time": 2.149999, 
          "min_evacuation_time": 1.0, 
          "exit_flow_rate": 1.8604659816120843, 
          "completed_agents": 4, 
          "max_traveled_distance": 2.856399, 
          "avg_evacuation_time": 1.7499992500000001, 
          "avg_traveled_distance": 2.2809582500000003, 
          "min_traveled_distance": 1.231675
        }
      ], 
      "bounds": [
        [
          4.0, 
          -0.03, 
          8.16, 
          5.19
        ]
      ]
    }, 
    "Bedroom": {
      "simulation_statistics": [
        {
          "not_completed_agents": 0, 
          "max_evacuation_time": 6.450006, 
          "min_evacuation_time": 2.899998, 
          "exit_flow_rate": 0.6201544618718184, 
          "completed_agents": 4, 
          "max_traveled_distance": 8.025673, 
          "avg_evacuation_time": 5.0875025, 
          "avg_traveled_distance": 6.3306375, 
          "min_traveled_distance": 3.339302
        }
      ], 
      "bounds": [
        [
          -0.03, 
          5.06, 
          4.11, 
          10.29
        ]
      ]
    }
  }, 
  "room_num": 4, 
  "verts": [
    [
      2.85, 
      0.1
    ], 
    [
      2.84, 
      0.11
    ], 
    [
      1.03, 
      0.11
    ], 
    [
      1.02, 
      0.12
    ], 
    [
      0.54, 
      0.12
    ], 
    [
      0.53, 
      0.11
    ], 
    [
      0.26, 
      0.11
    ], 
    [
      0.25, 
      0.12
    ], 
    [
      0.11, 
      0.12
    ], 
    [
      0.1, 
      0.13
    ], 
    [
      0.1, 
      5.07
    ], 
    [
      0.52, 
      5.07
    ], 
    [
      0.53, 
      5.08
    ], 
    [
      0.53, 
      5.18
    ], 
    [
      0.52, 
      5.19
    ], 
    [
      0.1, 
      5.19
    ], 
    [
      0.1, 
      10.16
    ], 
    [
      4.0, 
      10.16
    ], 
    [
      4.0, 
      8.38
    ], 
    [
      4.01, 
      8.37
    ], 
    [
      4.01, 
      6.65
    ], 
    [
      4.02, 
      6.64
    ], 
    [
      4.12, 
      6.64
    ], 
    [
      4.13, 
      6.65
    ], 
    [
      4.13, 
      10.16
    ], 
    [
      8.02, 
      10.16
    ], 
    [
      8.02, 
      5.19
    ], 
    [
      6.99, 
      5.19
    ], 
    [
      6.98, 
      5.18
    ], 
    [
      5.93, 
      5.18
    ], 
    [
      5.92, 
      5.17
    ], 
    [
      5.92, 
      5.07
    ], 
    [
      5.93, 
      5.06
    ], 
    [
      7.04, 
      5.06
    ], 
    [
      7.05, 
      5.07
    ], 
    [
      8.02, 
      5.07
    ], 
    [
      8.02, 
      0.1
    ], 
    [
      4.13, 
      0.1
    ], 
    [
      4.13, 
      0.19
    ], 
    [
      4.12, 
      0.2
    ], 
    [
      4.02, 
      0.2
    ], 
    [
      4.01, 
      0.19
    ], 
    [
      4.01, 
      0.1
    ]
  ], 
  "bbox": {
    "max": [
      8.02, 
      10.16
    ], 
    "min": [
      0.1, 
      0.1
    ]
  }, 
  "id": "0c1a568d6aba8ea1814586fc6f6a3144"
}