{
  "room_category": {
    "Living_Room": {
      "simulation_statistics": [
        {
          "not_completed_agents": 0, 
          "max_evacuation_time": 4.249998, 
          "min_evacuation_time": 0.0, 
          "exit_flow_rate": 1.6470595986162817, 
          "completed_agents": 7, 
          "max_traveled_distance": 4.086899, 
          "avg_evacuation_time": 1.5357137142857142, 
          "avg_traveled_distance": 1.4645724285714288, 
          "min_traveled_distance": 0.0
        }
      ], 
      "bounds": [
        [
          -2.44, 
          -0.36, 
          6.16, 
          3.9
        ]
      ]
    }, 
    "Room": {
      "simulation_statistics": [
        {
          "not_completed_agents": 0, 
          "max_evacuation_time": 0.85, 
          "min_evacuation_time": 0.85, 
          "exit_flow_rate": 1.1764705882352942, 
          "completed_agents": 1, 
          "max_traveled_distance": 0.494056, 
          "avg_evacuation_time": 0.85, 
          "avg_traveled_distance": 0.494056, 
          "min_traveled_distance": 0.494056
        }
      ], 
      "bounds": [
        [
          -0.16, 
          -0.02, 
          1.29, 
          3.77
        ]
      ]
    }
  }, 
  "room_num": 2, 
  "verts": [
    [
      1.25, 
      0.1
    ], 
    [
      1.25, 
      0.12
    ], 
    [
      1.24, 
      0.13
    ], 
    [
      1.24, 
      0.14
    ], 
    [
      1.23, 
      0.15
    ], 
    [
      1.23, 
      0.17
    ], 
    [
      1.22, 
      0.18
    ], 
    [
      1.22, 
      0.2
    ], 
    [
      1.21, 
      0.21
    ], 
    [
      1.21, 
      0.22
    ], 
    [
      1.2, 
      0.23
    ], 
    [
      1.2, 
      0.25
    ], 
    [
      1.19, 
      0.26
    ], 
    [
      1.19, 
      0.27
    ], 
    [
      1.18, 
      0.28
    ], 
    [
      1.18, 
      0.3
    ], 
    [
      1.19, 
      0.31
    ], 
    [
      1.17, 
      0.33
    ], 
    [
      1.16, 
      0.33
    ], 
    [
      1.16, 
      0.35
    ], 
    [
      1.15, 
      0.36
    ], 
    [
      1.14, 
      0.36
    ], 
    [
      1.13, 
      0.35
    ], 
    [
      1.11, 
      0.37
    ], 
    [
      1.1, 
      0.37
    ], 
    [
      1.08, 
      0.39
    ], 
    [
      1.07, 
      0.39
    ], 
    [
      1.05, 
      0.41
    ], 
    [
      1.04, 
      0.41
    ], 
    [
      1.02, 
      0.43
    ], 
    [
      1.01, 
      0.43
    ], 
    [
      0.99, 
      0.45
    ], 
    [
      0.98, 
      0.45
    ], 
    [
      0.96, 
      0.47
    ], 
    [
      0.95, 
      0.47
    ], 
    [
      0.93, 
      0.49
    ], 
    [
      0.92, 
      0.49
    ], 
    [
      0.9, 
      0.51
    ], 
    [
      0.89, 
      0.51
    ], 
    [
      0.87, 
      0.53
    ], 
    [
      0.86, 
      0.53
    ], 
    [
      0.84, 
      0.55
    ], 
    [
      0.83, 
      0.55
    ], 
    [
      0.81, 
      0.57
    ], 
    [
      0.8, 
      0.57
    ], 
    [
      0.78, 
      0.59
    ], 
    [
      0.77, 
      0.59
    ], 
    [
      0.75, 
      0.61
    ], 
    [
      0.74, 
      0.61
    ], 
    [
      0.72, 
      0.63
    ], 
    [
      0.71, 
      0.63
    ], 
    [
      0.69, 
      0.65
    ], 
    [
      0.68, 
      0.65
    ], 
    [
      0.66, 
      0.67
    ], 
    [
      0.65, 
      0.67
    ], 
    [
      0.63, 
      0.69
    ], 
    [
      0.62, 
      0.69
    ], 
    [
      0.6, 
      0.71
    ], 
    [
      0.59, 
      0.71
    ], 
    [
      0.57, 
      0.73
    ], 
    [
      0.56, 
      0.73
    ], 
    [
      0.54, 
      0.75
    ], 
    [
      0.53, 
      0.75
    ], 
    [
      0.52, 
      0.76
    ], 
    [
      0.51, 
      0.76
    ], 
    [
      0.49, 
      0.78
    ], 
    [
      0.48, 
      0.78
    ], 
    [
      0.47, 
      0.79
    ], 
    [
      0.46, 
      0.79
    ], 
    [
      0.44, 
      0.81
    ], 
    [
      0.43, 
      0.81
    ], 
    [
      0.41, 
      0.83
    ], 
    [
      0.4, 
      0.83
    ], 
    [
      0.38, 
      0.85
    ], 
    [
      0.37, 
      0.85
    ], 
    [
      0.35, 
      0.87
    ], 
    [
      0.34, 
      0.87
    ], 
    [
      0.32, 
      0.89
    ], 
    [
      0.31, 
      0.89
    ], 
    [
      0.3, 
      0.9
    ], 
    [
      0.29, 
      0.9
    ], 
    [
      0.27, 
      0.92
    ], 
    [
      0.26, 
      0.92
    ], 
    [
      0.24, 
      0.94
    ], 
    [
      0.23, 
      0.94
    ], 
    [
      0.21, 
      0.96
    ], 
    [
      0.2, 
      0.96
    ], 
    [
      0.18, 
      0.98
    ], 
    [
      0.17, 
      0.98
    ], 
    [
      0.15, 
      1.0
    ], 
    [
      0.14, 
      1.0
    ], 
    [
      0.13, 
      1.01
    ], 
    [
      0.12, 
      1.01
    ], 
    [
      0.1, 
      1.03
    ], 
    [
      0.1, 
      1.09
    ], 
    [
      0.11, 
      1.1
    ], 
    [
      0.11, 
      1.18
    ], 
    [
      0.12, 
      1.19
    ], 
    [
      0.12, 
      1.27
    ], 
    [
      0.13, 
      1.28
    ], 
    [
      0.13, 
      1.36
    ], 
    [
      0.14, 
      1.37
    ], 
    [
      0.14, 
      1.45
    ], 
    [
      0.15, 
      1.46
    ], 
    [
      0.15, 
      1.54
    ], 
    [
      0.16, 
      1.55
    ], 
    [
      0.16, 
      1.63
    ], 
    [
      0.17, 
      1.64
    ], 
    [
      0.17, 
      1.72
    ], 
    [
      0.18, 
      1.73
    ], 
    [
      0.18, 
      1.81
    ], 
    [
      0.19, 
      1.82
    ], 
    [
      0.19, 
      1.9
    ], 
    [
      0.2, 
      1.91
    ], 
    [
      0.2, 
      1.99
    ], 
    [
      0.21, 
      2.0
    ], 
    [
      0.21, 
      2.08
    ], 
    [
      0.22, 
      2.09
    ], 
    [
      0.22, 
      2.17
    ], 
    [
      0.23, 
      2.18
    ], 
    [
      0.23, 
      2.26
    ], 
    [
      0.24, 
      2.27
    ], 
    [
      0.24, 
      2.35
    ], 
    [
      0.25, 
      2.36
    ], 
    [
      0.25, 
      2.44
    ], 
    [
      0.26, 
      2.45
    ], 
    [
      0.26, 
      2.53
    ], 
    [
      0.27, 
      2.54
    ], 
    [
      0.27, 
      2.62
    ], 
    [
      0.28, 
      2.63
    ], 
    [
      0.28, 
      2.71
    ], 
    [
      0.29, 
      2.72
    ], 
    [
      0.29, 
      2.8
    ], 
    [
      0.3, 
      2.81
    ], 
    [
      0.3, 
      2.89
    ], 
    [
      0.31, 
      2.9
    ], 
    [
      0.31, 
      2.98
    ], 
    [
      0.32, 
      2.99
    ], 
    [
      0.32, 
      3.07
    ], 
    [
      0.33, 
      3.08
    ], 
    [
      0.33, 
      3.16
    ], 
    [
      0.34, 
      3.17
    ], 
    [
      0.34, 
      3.25
    ], 
    [
      0.35, 
      3.26
    ], 
    [
      0.35, 
      3.34
    ], 
    [
      0.36, 
      3.35
    ], 
    [
      0.36, 
      3.43
    ], 
    [
      0.37, 
      3.44
    ], 
    [
      0.37, 
      3.52
    ], 
    [
      0.38, 
      3.53
    ], 
    [
      0.38, 
      3.61
    ], 
    [
      0.39, 
      3.62
    ], 
    [
      0.39, 
      3.66
    ], 
    [
      5.3, 
      3.66
    ], 
    [
      5.3, 
      0.1
    ]
  ], 
  "bbox": {
    "max": [
      5.3, 
      3.66
    ], 
    "min": [
      0.1, 
      0.1
    ]
  }, 
  "id": "0c559882614bd4e6743983d417f910ab"
}