{
  "room_category": {
    "Gym": {
      "simulation_statistics": [
        {
          "not_completed_agents": 0, 
          "max_evacuation_time": 13.850035, 
          "min_evacuation_time": 11.600026, 
          "exit_flow_rate": 0.14440396721019116, 
          "completed_agents": 2, 
          "max_traveled_distance": 16.653231, 
          "avg_evacuation_time": 12.725030499999999, 
          "avg_traveled_distance": 15.359589500000002, 
          "min_traveled_distance": 14.065948
        }
      ], 
      "bounds": [
        [
          -0.65, 
          5.25, 
          3.3, 
          7.37
        ]
      ]
    }, 
    "Kitchen": {
      "simulation_statistics": [
        {
          "not_completed_agents": 0, 
          "max_evacuation_time": 4.8, 
          "min_evacuation_time": 2.949998, 
          "exit_flow_rate": 0.625, 
          "completed_agents": 3, 
          "max_traveled_distance": 4.584486, 
          "avg_evacuation_time": 3.883331666666667, 
          "avg_traveled_distance": 4.232686999999999, 
          "min_traveled_distance": 3.954358
        }
      ], 
      "bounds": [
        [
          5.69, 
          2.04, 
          9.7, 
          5.2
        ]
      ]
    }
  }, 
  "room_num": 6, 
  "verts": [
    [
      5.8, 
      0.1
    ], 
    [
      5.8, 
      0.11
    ], 
    [
      5.79, 
      0.12
    ], 
    [
      0.13, 
      0.12
    ], 
    [
      0.12, 
      0.13
    ], 
    [
      0.12, 
      1.41
    ], 
    [
      0.11, 
      1.42
    ], 
    [
      0.11, 
      4.03
    ], 
    [
      0.1, 
      4.04
    ], 
    [
      0.1, 
      5.09
    ], 
    [
      5.69, 
      5.09
    ], 
    [
      5.7, 
      5.1
    ], 
    [
      5.73, 
      5.1
    ], 
    [
      5.74, 
      5.11
    ], 
    [
      5.75, 
      5.11
    ], 
    [
      5.79, 
      5.15
    ], 
    [
      5.79, 
      5.16
    ], 
    [
      5.8, 
      5.17
    ], 
    [
      5.8, 
      5.2
    ], 
    [
      5.81, 
      5.21
    ], 
    [
      5.81, 
      7.36
    ], 
    [
      10.83, 
      7.36
    ], 
    [
      10.83, 
      5.23
    ], 
    [
      9.71, 
      5.23
    ], 
    [
      9.7, 
      5.22
    ], 
    [
      8.84, 
      5.22
    ], 
    [
      8.83, 
      5.21
    ], 
    [
      8.83, 
      5.11
    ], 
    [
      8.84, 
      5.1
    ], 
    [
      9.59, 
      5.1
    ], 
    [
      9.59, 
      3.57
    ], 
    [
      9.58, 
      3.56
    ], 
    [
      9.58, 
      2.15
    ], 
    [
      5.8, 
      2.15
    ], 
    [
      5.8, 
      2.19
    ], 
    [
      5.79, 
      2.2
    ], 
    [
      5.65, 
      2.2
    ], 
    [
      5.64, 
      2.19
    ], 
    [
      5.64, 
      2.09
    ], 
    [
      5.63, 
      2.08
    ], 
    [
      5.63, 
      1.97
    ], 
    [
      5.64, 
      1.96
    ], 
    [
      5.79, 
      1.96
    ], 
    [
      5.8, 
      1.97
    ], 
    [
      5.8, 
      2.03
    ], 
    [
      9.63, 
      2.03
    ], 
    [
      9.63, 
      0.1
    ]
  ], 
  "bbox": {
    "max": [
      10.83, 
      7.36
    ], 
    "min": [
      0.1, 
      0.1
    ]
  }, 
  "id": "0c6cef89cb91a842227d6cdcaebfbe4c"
}