{
  "room_category": {
    "Room": {
      "simulation_statistics": [
        {
          "not_completed_agents": 0, 
          "max_evacuation_time": 8.750015, 
          "min_evacuation_time": 3.799998, 
          "exit_flow_rate": 0.5714275918384141, 
          "completed_agents": 5, 
          "max_traveled_distance": 6.581306, 
          "avg_evacuation_time": 6.080005399999999, 
          "avg_traveled_distance": 5.874326999999999, 
          "min_traveled_distance": 5.010823
        }
      ], 
      "bounds": [
        [
          -0.02, 
          3.85, 
          4.33, 
          9.58
        ]
      ]
    }, 
    "Bedroom": {
      "simulation_statistics": [
        {
          "not_completed_agents": 0, 
          "max_evacuation_time": 9.600019, 
          "min_evacuation_time": 2.199999, 
          "exit_flow_rate": 0.6249987630232815, 
          "completed_agents": 6, 
          "max_traveled_distance": 11.635541, 
          "avg_evacuation_time": 5.225005166666667, 
          "avg_traveled_distance": 6.535772833333334, 
          "min_traveled_distance": 3.192616
        }, 
        {
          "not_completed_agents": 0, 
          "max_evacuation_time": 1.25, 
          "min_evacuation_time": 0.0, 
          "exit_flow_rate": 3.2, 
          "completed_agents": 4, 
          "max_traveled_distance": 1.686236, 
          "avg_evacuation_time": 0.7, 
          "avg_traveled_distance": 0.88202475, 
          "min_traveled_distance": 0.0
        }
      ], 
      "bounds": [
        [
          -0.06, 
          3.85, 
          4.95, 
          9.58
        ], 
        [
          -0.02, 
          -0.02, 
          4.95, 
          3.97
        ]
      ]
    }
  }, 
  "room_num": 3, 
  "verts": [
    [
      0.11, 
      0.1
    ], 
    [
      0.1, 
      0.11
    ], 
    [
      0.1, 
      3.84
    ], 
    [
      0.11, 
      3.84
    ], 
    [
      0.12, 
      3.85
    ], 
    [
      0.12, 
      3.95
    ], 
    [
      0.11, 
      3.96
    ], 
    [
      0.1, 
      3.96
    ], 
    [
      0.1, 
      9.47
    ], 
    [
      4.22, 
      9.47
    ], 
    [
      4.22, 
      3.96
    ], 
    [
      1.13, 
      3.96
    ], 
    [
      1.12, 
      3.95
    ], 
    [
      1.12, 
      3.85
    ], 
    [
      1.13, 
      3.84
    ], 
    [
      4.22, 
      3.84
    ], 
    [
      4.22, 
      0.1
    ]
  ], 
  "bbox": {
    "max": [
      4.22, 
      9.47
    ], 
    "min": [
      0.1, 
      0.1
    ]
  }, 
  "id": "11277931780dff1532ef412550d47d3b"
}