{
  "room_category": {
    "Toilet": {
      "simulation_statistics": [
        {
          "not_completed_agents": 0, 
          "max_evacuation_time": 19.899982, 
          "min_evacuation_time": 12.900031, 
          "exit_flow_rate": 0.15075390520453735, 
          "completed_agents": 3, 
          "max_traveled_distance": 19.396521, 
          "avg_evacuation_time": 17.416667333333333, 
          "avg_traveled_distance": 18.167630666666668, 
          "min_traveled_distance": 17.156593
        }, 
        {
          "not_completed_agents": 0, 
          "max_evacuation_time": 150.004547, 
          "min_evacuation_time": 40.449669, 
          "exit_flow_rate": 0.013332929167807159, 
          "completed_agents": 2, 
          "max_traveled_distance": 44.712757, 
          "avg_evacuation_time": 78.10127766666666, 
          "avg_traveled_distance": 32.916911, 
          "min_traveled_distance": 11.007382
        }
      ], 
      "bounds": [
        [
          0.03, 
          9.88, 
          3.08, 
          14.12
        ], 
        [
          26.06, 
          19.18, 
          32.08, 
          21.86
        ]
      ]
    }, 
    "Bathroom": {
      "simulation_statistics": [
        {
          "not_completed_agents": 0, 
          "max_evacuation_time": 150.004547, 
          "min_evacuation_time": 12.300029, 
          "exit_flow_rate": 0.013332929167807159, 
          "completed_agents": 2, 
          "max_traveled_distance": 18.164276, 
          "avg_evacuation_time": 59.684869, 
          "avg_traveled_distance": 12.021391000000001, 
          "min_traveled_distance": 1.103184
        }, 
        {
          "not_completed_agents": 0, 
          "max_evacuation_time": 46.149582, 
          "min_evacuation_time": 37.049721, 
          "exit_flow_rate": 0.06500600590488555, 
          "completed_agents": 3, 
          "max_traveled_distance": 45.809322, 
          "avg_evacuation_time": 42.61630266666666, 
          "avg_traveled_distance": 44.41233566666667, 
          "min_traveled_distance": 43.681843
        }
      ], 
      "bounds": [
        [
          0.03, 
          9.88, 
          3.08, 
          14.12
        ], 
        [
          26.06, 
          19.18, 
          32.08, 
          21.86
        ]
      ]
    }, 
    "Room": {
      "simulation_statistics": [
        {
          "not_completed_agents": 0, 
          "max_evacuation_time": 75.349998, 
          "min_evacuation_time": 6.150005, 
          "exit_flow_rate": 0.5706702208538877, 
          "completed_agents": 43, 
          "max_traveled_distance": 67.217735, 
          "avg_evacuation_time": 30.575441279069768, 
          "avg_traveled_distance": 33.09257069767442, 
          "min_traveled_distance": 10.229126
        }
      ], 
      "bounds": [
        [
          11.93, 
          15.83, 
          13.87, 
          15.93
        ], 
        [
          2.96, 
          9.88, 
          21.01, 
          21.84
        ]
      ]
    }, 
    "Office": {
      "simulation_statistics": [
        {
          "not_completed_agents": 0, 
          "max_evacuation_time": 45.349594, 
          "min_evacuation_time": 23.049934, 
          "exit_flow_rate": 0.5071710234054134, 
          "completed_agents": 23, 
          "max_traveled_distance": 42.81237, 
          "avg_evacuation_time": 32.1411, 
          "avg_traveled_distance": 37.95207978260869, 
          "min_traveled_distance": 29.243235
        }
      ], 
      "bounds": [
        [
          20.91, 
          9.86, 
          30.41, 
          21.86
        ]
      ]
    }, 
    "Living_Room": {
      "simulation_statistics": [
        {
          "not_completed_agents": 0, 
          "max_evacuation_time": 71.399757, 
          "min_evacuation_time": 6.650007, 
          "exit_flow_rate": 0.46218644693706734, 
          "completed_agents": 33, 
          "max_traveled_distance": 63.428963, 
          "avg_evacuation_time": 21.062038333333334, 
          "avg_traveled_distance": 25.338009303030304, 
          "min_traveled_distance": 9.956348
        }
      ], 
      "bounds": [
        [
          2.94, 
          9.85, 
          16.45, 
          21.93
        ]
      ]
    }, 
    "Garage": {
      "simulation_statistics": [
        {
          "not_completed_agents": 0, 
          "max_evacuation_time": 150.004547, 
          "min_evacuation_time": 0.0, 
          "exit_flow_rate": 0.9333050417465012, 
          "completed_agents": 140, 
          "max_traveled_distance": 66.67659, 
          "avg_evacuation_time": 18.66410305633803, 
          "avg_traveled_distance": 20.56623821830986, 
          "min_traveled_distance": 0.0
        }
      ], 
      "bounds": [
        [
          -0.35, 
          -0.02, 
          32.08, 
          21.92
        ]
      ]
    }, 
    "Bedroom": {
      "simulation_statistics": [
        {
          "not_completed_agents": 0, 
          "max_evacuation_time": 38.799694, 
          "min_evacuation_time": 22.399944, 
          "exit_flow_rate": 0.28350739054797697, 
          "completed_agents": 11, 
          "max_traveled_distance": 40.597248, 
          "avg_evacuation_time": 29.777104454545455, 
          "avg_traveled_distance": 35.864641818181816, 
          "min_traveled_distance": 29.649649
        }, 
        {
          "not_completed_agents": 0, 
          "max_evacuation_time": 43.049629, 
          "min_evacuation_time": 30.649818, 
          "exit_flow_rate": 0.13937402340912158, 
          "completed_agents": 6, 
          "max_traveled_distance": 43.039757, 
          "avg_evacuation_time": 35.641409, 
          "avg_traveled_distance": 41.036382, 
          "min_traveled_distance": 39.154518
        }
      ], 
      "bounds": [
        [
          20.91, 
          11.57, 
          30.4, 
          17.38
        ], 
        [
          20.91, 
          16.67, 
          26.11, 
          21.97
        ]
      ]
    }, 
    "Kitchen": {
      "simulation_statistics": [
        {
          "not_completed_agents": 0, 
          "max_evacuation_time": 66.449455, 
          "min_evacuation_time": 6.600007, 
          "exit_flow_rate": 0.4966180685755812, 
          "completed_agents": 33, 
          "max_traveled_distance": 59.295166, 
          "avg_evacuation_time": 24.484713393939394, 
          "avg_traveled_distance": 28.723179757575757, 
          "min_traveled_distance": 10.557304
        }
      ], 
      "bounds": [
        [
          2.94, 
          9.85, 
          16.45, 
          21.93
        ]
      ]
    }
  }, 
  "room_num": 9,