{
  "room_category": {
    "Garage": {
      "simulation_statistics": [
        {
          "not_completed_agents": 0, 
          "max_evacuation_time": 6.050005, 
          "min_evacuation_time": 0.0, 
          "exit_flow_rate": 3.3057823919153786, 
          "completed_agents": 20, 
          "max_traveled_distance": 7.49527, 
          "avg_evacuation_time": 3.4375000499999997, 
          "avg_traveled_distance": 4.3974576999999995, 
          "min_traveled_distance": 0.0
        }, 
        {
          "not_completed_agents": 0, 
          "max_evacuation_time": 5.750004, 
          "min_evacuation_time": 3.199998, 
          "exit_flow_rate": 1.2173904574675078, 
          "completed_agents": 7, 
          "max_traveled_distance": 7.131196, 
          "avg_evacuation_time": 4.292856428571429, 
          "avg_traveled_distance": 5.684304857142857, 
          "min_traveled_distance": 4.616599
        }
      ], 
      "bounds": [
        [
          -0.02, 
          -0.02, 
          10.12, 
          10.08
        ], 
        [
          5.08, 
          -0.52, 
          10.27, 
          6.67
        ]
      ]
    }, 
    "Room": {
      "simulation_statistics": [
        {
          "not_completed_agents": 0, 
          "max_evacuation_time": 6.650007, 
          "min_evacuation_time": 3.499998, 
          "exit_flow_rate": 1.0526304709152938, 
          "completed_agents": 7, 
          "max_traveled_distance": 8.255897, 
          "avg_evacuation_time": 5.107144857142857, 
          "avg_traveled_distance": 6.539604142857143, 
          "min_traveled_distance": 4.340389
        }, 
        {
          "not_completed_agents": 0, 
          "max_evacuation_time": 7.100009, 
          "min_evacuation_time": 3.349998, 
          "exit_flow_rate": 1.4084489188675677, 
          "completed_agents": 10, 
          "max_traveled_distance": 8.729773, 
          "avg_evacuation_time": 5.4850031999999995, 
          "avg_traveled_distance": 6.9773252999999995, 
          "min_traveled_distance": 4.423073
        }
      ], 
      "bounds": [
        [
          -0.02, 
          5.09, 
          6.4, 
          10.33
        ], 
        [
          5.09, 
          0.21, 
          10.28, 
          10.3
        ]
      ]
    }
  }, 
  "room_num": 23, 
  "verts": [
    [
      0.11, 
      0.1
    ], 
    [
      0.1, 
      0.11
    ], 
    [
      0.1, 
      10.16
    ], 
    [
      10.16, 
      10.16
    ], 
    [
      10.16, 
      0.1
    ]
  ], 
  "bbox": {
    "max": [
      10.16, 
      10.16
    ], 
    "min": [
      0.1, 
      0.1
    ]
  }, 
  "id": "13ff9031fbcb6f8132f44f922485272b"
}