{
  "room_category": {
    "Toilet": {
      "simulation_statistics": [
        {
          "not_completed_agents": 0, 
          "max_evacuation_time": 45.849586, 
          "min_evacuation_time": 33.249779, 
          "exit_flow_rate": 0.13086268652458496, 
          "completed_agents": 6, 
          "max_traveled_distance": 38.91362, 
          "avg_evacuation_time": 38.966358166666666, 
          "avg_traveled_distance": 36.966128, 
          "min_traveled_distance": 35.755516
        }
      ], 
      "bounds": [
        [
          0.03, 
          12.46, 
          6.12, 
          17.78
        ]
      ]
    }, 
    "Bathroom": {
      "simulation_statistics": [
        {
          "not_completed_agents": 0, 
          "max_evacuation_time": 50.599514, 
          "min_evacuation_time": 25.549896, 
          "exit_flow_rate": 0.11857821401209506, 
          "completed_agents": 6, 
          "max_traveled_distance": 40.387775, 
          "avg_evacuation_time": 39.741346166666666, 
          "avg_traveled_distance": 35.520626166666666, 
          "min_traveled_distance": 29.824728
        }, 
        {
          "not_completed_agents": 0, 
          "max_evacuation_time": 16.15004, 
          "min_evacuation_time": 4.449999, 
          "exit_flow_rate": 0.30959675641670237, 
          "completed_agents": 5, 
          "max_traveled_distance": 9.714382, 
          "avg_evacuation_time": 8.2500128, 
          "avg_traveled_distance": 7.157560600000001, 
          "min_traveled_distance": 5.257097
        }
      ], 
      "bounds": [
        [
          0.03, 
          12.46, 
          6.12, 
          17.78
        ], 
        [
          2.69, 
          -0.01, 
          11.17, 
          3.18
        ]
      ]
    }, 
    "Room": {
      "simulation_statistics": [
        {
          "not_completed_agents": 0, 
          "max_evacuation_time": 150.004547, 
          "min_evacuation_time": 17.550018, 
          "exit_flow_rate": 0.18666100834930024, 
          "completed_agents": 28, 
          "max_traveled_distance": 45.809937, 
          "avg_evacuation_time": 52.21260951515151, 
          "avg_traveled_distance": 30.454319303030303, 
          "min_traveled_distance": 16.1693
        }, 
        {
          "not_completed_agents": 0, 
          "max_evacuation_time": 23.199932, 
          "min_evacuation_time": 9.800019, 
          "exit_flow_rate": 0.3879321715253303, 
          "completed_agents": 9, 
          "max_traveled_distance": 20.446157, 
          "avg_evacuation_time": 14.300014333333333, 
          "avg_traveled_distance": 15.456875, 
          "min_traveled_distance": 12.336103
        }, 
        {
          "not_completed_agents": 0, 
          "max_evacuation_time": 13.800035, 
          "min_evacuation_time": 0.0, 
          "exit_flow_rate": 0.6521722589834011, 
          "completed_agents": 9, 
          "max_traveled_distance": 9.741262, 
          "avg_evacuation_time": 5.588895555555556, 
          "avg_traveled_distance": 5.525332555555555, 
          "min_traveled_distance": 0.0
        }
      ], 
      "bounds": [
        [
          -0.06, 
          8.18, 
          17.34, 
          17.74
        ], 
        [
          2.69, 
          3.09, 
          11.19, 
          8.34
        ], 
        [
          2.69, 
          -0.01, 
          17.27, 
          3.15
        ]
      ]
    }, 
    "Bedroom": {
      "simulation_statistics": [
        {
          "not_completed_agents": 0, 
          "max_evacuation_time": 63.149323, 
          "min_evacuation_time": 16.80003, 
          "exit_flow_rate": 0.19002579014188323, 
          "completed_agents": 12, 
          "max_traveled_distance": 44.447735, 
          "avg_evacuation_time": 43.212126833333336, 
          "avg_traveled_distance": 34.811784333333335, 
          "min_traveled_distance": 20.884907
        }
      ], 
      "bounds": [
        [
          -0.04, 
          8.15, 
          11.19, 
          13.5
        ]
      ]
    }
  }, 
  "room_num": 10,