{
  "room_category": {
    "Garage": {
      "simulation_statistics": [
        {
          "not_completed_agents": 0, 
          "max_evacuation_time": 150.004547, 
          "min_evacuation_time": 19.349991, 
          "exit_flow_rate": 0.013332929167807159, 
          "completed_agents": 2, 
          "max_traveled_distance": 24.897276, 
          "avg_evacuation_time": 117.465906125, 
          "avg_traveled_distance": 17.544417375000002, 
          "min_traveled_distance": 12.841184
        }
      ], 
      "bounds": [
        [
          14.23, 
          5.12, 
          23.76, 
          9.37
        ]
      ]
    }, 
    "Bedroom": {
      "simulation_statistics": [
        {
          "not_completed_agents": 0, 
          "max_evacuation_time": 150.004547, 
          "min_evacuation_time": 150.004547, 
          "exit_flow_rate": 0.0, 
          "completed_agents": 0, 
          "max_traveled_distance": 19.520964, 
          "avg_evacuation_time": 150.004547, 
          "avg_traveled_distance": 15.724271166666666, 
          "min_traveled_distance": 1.295514
        }
      ], 
      "bounds": [
        [
          5.33, 
          -0.02, 
          11.36, 
          5.2
        ]
      ]
    }, 
    "Kitchen": {
      "simulation_statistics": [
        {
          "not_completed_agents": 0, 
          "max_evacuation_time": 150.004547, 
          "min_evacuation_time": 150.004547, 
          "exit_flow_rate": 0.0, 
          "completed_agents": 0, 
          "max_traveled_distance": 26.41033, 
          "avg_evacuation_time": 150.004547, 
          "avg_traveled_distance": 12.837066166666666, 
          "min_traveled_distance": 1.125321
        }
      ], 
      "bounds": [
        [
          8.5, 
          4.55, 
          14.41, 
          9.34
        ]
      ]
    }
  }, 
  "room_num": 5, 
  "verts": [
    [
      0.11, 
      0.1
    ], 
    [
      0.1, 
      0.11
    ], 
    [
      0.1, 
      5.06
    ], 
    [
      8.52, 
      5.06
    ], 
    [
      8.53, 
      5.07
    ], 
    [
      10.73, 
      5.07
    ], 
    [
      10.73, 
      4.99
    ], 
    [
      10.72, 
      4.98
    ], 
    [
      10.72, 
      0.8
    ], 
    [
      10.73, 
      0.79
    ], 
    [
      10.83, 
      0.79
    ], 
    [
      10.84, 
      0.8
    ], 
    [
      10.84, 
      5.07
    ], 
    [
      11.73, 
      5.07
    ], 
    [
      11.74, 
      5.08
    ], 
    [
      11.74, 
      5.21
    ], 
    [
      11.73, 
      5.22
    ], 
    [
      10.1, 
      5.22
    ], 
    [
      10.09, 
      5.21
    ], 
    [
      8.64, 
      5.21
    ], 
    [
      8.64, 
      9.22
    ], 
    [
      11.54, 
      9.22
    ], 
    [
      11.55, 
      9.23
    ], 
    [
      14.22, 
      9.23
    ], 
    [
      14.22, 
      9.04
    ], 
    [
      14.23, 
      9.03
    ], 
    [
      14.23, 
      8.38
    ], 
    [
      14.24, 
      8.37
    ], 
    [
      14.24, 
      7.72
    ], 
    [
      14.25, 
      7.71
    ], 
    [
      14.25, 
      7.06
    ], 
    [
      14.26, 
      7.05
    ], 
    [
      14.26, 
      6.4
    ], 
    [
      14.27, 
      6.39
    ], 
    [
      14.27, 
      5.99
    ], 
    [
      14.28, 
      5.98
    ], 
    [
      14.38, 
      5.98
    ], 
    [
      14.39, 
      5.99
    ], 
    [
      14.39, 
      6.78
    ], 
    [
      14.38, 
      6.79
    ], 
    [
      14.38, 
      8.38
    ], 
    [
      14.37, 
      8.39
    ], 
    [
      14.37, 
      9.26
    ], 
    [
      21.03, 
      9.26
    ], 
    [
      21.03, 
      9.07
    ], 
    [
      21.04, 
      9.06
    ], 
    [
      21.04, 
      8.47
    ], 
    [
      21.05, 
      8.46
    ], 
    [
      21.05, 
      7.86
    ], 
    [
      21.06, 
      7.85
    ], 
    [
      21.06, 
      7.25
    ], 
    [
      21.07, 
      7.24
    ], 
    [
      21.07, 
      6.65
    ], 
    [
      21.08, 
      6.64
    ], 
    [
      21.08, 
      6.04
    ], 
    [
      21.09, 
      6.03
    ], 
    [
      21.09, 
      5.39
    ], 
    [
      21.1, 
      5.38
    ], 
    [
      21.1, 
      5.24
    ], 
    [
      15.94, 
      5.24
    ], 
    [
      15.93, 
      5.23
    ], 
    [
      14.4, 
      5.23
    ], 
    [
      14.39, 
      5.24
    ], 
    [
      14.29, 
      5.24
    ], 
    [
      14.28, 
      5.23
    ], 
    [
      13.4, 
      5.23
    ], 
    [
      13.39, 
      5.22
    ], 
    [
      12.49, 
      5.22
    ], 
    [
      12.48, 
      5.21
    ], 
    [
      12.48, 
      5.08
    ], 
    [
      12.49, 
      5.07
    ], 
    [
      15.82, 
      5.07
    ], 
    [
      15.82, 
      0.1
    ], 
    [
      6.17, 
      0.1
    ], 
    [
      6.17, 
      4.41
    ], 
    [
      6.16, 
      4.42
    ], 
    [
      6.07, 
      4.42
    ], 
    [
      6.06, 
      4.41
    ], 
    [
      6.06, 
      0.1
    ]
  ], 
  "bbox": {
    "max": [
      21.1, 
      9.26
    ], 
    "min": [
      0.1, 
      0.1
    ]
  }, 
  "id": "16ba3ddb61e78dc5a7720b63a116281c"
}