{
  "room_category": {
    "Office": {
      "simulation_statistics": [
        {
          "not_completed_agents": 0, 
          "max_evacuation_time": 150.004547, 
          "min_evacuation_time": 0.0, 
          "exit_flow_rate": 0.01999939375171074, 
          "completed_agents": 3, 
          "max_traveled_distance": 16.853401, 
          "avg_evacuation_time": 75.51060666666667, 
          "avg_traveled_distance": 3.7189713333333336, 
          "min_traveled_distance": 0.0
        }
      ], 
      "bounds": [
        [
          -0.05, 
          -0.76, 
          5.17, 
          5.2
        ]
      ]
    }, 
    "Bedroom": {
      "simulation_statistics": [
        {
          "not_completed_agents": 0, 
          "max_evacuation_time": 150.004547, 
          "min_evacuation_time": 150.004547, 
          "exit_flow_rate": 0.0, 
          "completed_agents": 0, 
          "max_traveled_distance": 14.709538, 
          "avg_evacuation_time": 150.004547, 
          "avg_traveled_distance": 14.709538, 
          "min_traveled_distance": 14.709538
        }, 
        {
          "not_completed_agents": 0, 
          "max_evacuation_time": 150.004547, 
          "min_evacuation_time": 150.004547, 
          "exit_flow_rate": 0.0, 
          "completed_agents": 0, 
          "max_traveled_distance": 1.560457, 
          "avg_evacuation_time": 150.004547, 
          "avg_traveled_distance": 1.2112395, 
          "min_traveled_distance": 0.862022
        }
      ], 
      "bounds": [
        [
          2.44, 
          2.98, 
          5.2, 
          5.2
        ], 
        [
          2.04, 
          -0.05, 
          5.2, 
          3.07
        ]
      ]
    }
  }, 
  "room_num": 3, 
  "verts": [
    [
      0.11, 
      0.1
    ], 
    [
      0.1, 
      0.11
    ], 
    [
      0.1, 
      5.06
    ], 
    [
      2.97, 
      5.06
    ], 
    [
      2.97, 
      3.88
    ], 
    [
      2.98, 
      3.87
    ], 
    [
      3.07, 
      3.87
    ], 
    [
      3.08, 
      3.88
    ], 
    [
      3.08, 
      5.06
    ], 
    [
      5.06, 
      5.06
    ], 
    [
      5.06, 
      3.09
    ], 
    [
      3.08, 
      3.09
    ], 
    [
      3.08, 
      3.12
    ], 
    [
      3.07, 
      3.13
    ], 
    [
      2.98, 
      3.13
    ], 
    [
      2.97, 
      3.12
    ], 
    [
      2.97, 
      3.08
    ], 
    [
      2.58, 
      3.08
    ], 
    [
      2.57, 
      3.07
    ], 
    [
      2.57, 
      2.96
    ], 
    [
      2.58, 
      2.95
    ], 
    [
      2.67, 
      2.95
    ], 
    [
      2.68, 
      2.96
    ], 
    [
      2.68, 
      2.97
    ], 
    [
      5.06, 
      2.97
    ], 
    [
      5.06, 
      0.1
    ], 
    [
      2.68, 
      0.1
    ], 
    [
      2.68, 
      2.2
    ], 
    [
      2.67, 
      2.21
    ], 
    [
      2.58, 
      2.21
    ], 
    [
      2.57, 
      2.2
    ], 
    [
      2.57, 
      0.1
    ], 
    [
      2.55, 
      0.12
    ], 
    [
      2.54, 
      0.12
    ], 
    [
      2.53, 
      0.13
    ], 
    [
      2.5, 
      0.13
    ], 
    [
      2.49, 
      0.14
    ], 
    [
      2.26, 
      0.14
    ], 
    [
      2.25, 
      0.13
    ], 
    [
      1.61, 
      0.13
    ], 
    [
      1.6, 
      0.12
    ], 
    [
      0.98, 
      0.12
    ], 
    [
      0.97, 
      0.11
    ], 
    [
      0.94, 
      0.11
    ], 
    [
      0.93, 
      0.1
    ]
  ], 
  "bbox": {
    "max": [
      5.06, 
      5.06
    ], 
    "min": [
      0.1, 
      0.1
    ]
  }, 
  "id": "188fd93a4679d3b034946d4351cf1e9c"
}