{
  "room_category": {
    "Toilet": {
      "simulation_statistics": [
        {
          "not_completed_agents": 0, 
          "max_evacuation_time": 5.600003, 
          "min_evacuation_time": 4.950001, 
          "exit_flow_rate": 0.357142665816429, 
          "completed_agents": 2, 
          "max_traveled_distance": 7.447487, 
          "avg_evacuation_time": 5.275002000000001, 
          "avg_traveled_distance": 6.800063, 
          "min_traveled_distance": 6.152639
        }
      ], 
      "bounds": [
        [
          5.08, 
          4.55, 
          8.27, 
          7.27
        ]
      ]
    }, 
    "Bathroom": {
      "simulation_statistics": [
        {
          "not_completed_agents": 0, 
          "max_evacuation_time": 7.200009, 
          "min_evacuation_time": 6.350006, 
          "exit_flow_rate": 0.2777774305559896, 
          "completed_agents": 2, 
          "max_traveled_distance": 7.806418, 
          "avg_evacuation_time": 6.775007499999999, 
          "avg_traveled_distance": 7.7816845, 
          "min_traveled_distance": 7.756951
        }
      ], 
      "bounds": [
        [
          5.08, 
          4.55, 
          8.27, 
          7.27
        ]
      ]
    }, 
    "Kitchen": {
      "simulation_statistics": [
        {
          "not_completed_agents": 0, 
          "max_evacuation_time": 150.004547, 
          "min_evacuation_time": 8.200013, 
          "exit_flow_rate": 0.013332929167807159, 
          "completed_agents": 2, 
          "max_traveled_distance": 10.776191, 
          "avg_evacuation_time": 56.31819433333334, 
          "avg_traveled_distance": 6.580962, 
          "min_traveled_distance": 1.719916
        }
      ], 
      "bounds": [
        [
          -0.05, 
          4.08, 
          5.19, 
          7.27
        ]
      ]
    }
  }, 
  "room_num": 4, 
  "verts": [
    [
      0.11, 
      0.1
    ], 
    [
      0.1, 
      0.11
    ], 
    [
      0.1, 
      4.07
    ], 
    [
      5.07, 
      4.07
    ], 
    [
      5.07, 
      3.83
    ], 
    [
      5.08, 
      3.82
    ], 
    [
      5.18, 
      3.82
    ], 
    [
      5.19, 
      3.83
    ], 
    [
      5.19, 
      4.22
    ], 
    [
      5.18, 
      4.23
    ], 
    [
      5.08, 
      4.23
    ], 
    [
      5.07, 
      4.22
    ], 
    [
      5.07, 
      4.19
    ], 
    [
      4.98, 
      4.19
    ], 
    [
      4.97, 
      4.18
    ], 
    [
      0.1, 
      4.18
    ], 
    [
      0.1, 
      7.16
    ], 
    [
      5.07, 
      7.16
    ], 
    [
      5.07, 
      4.98
    ], 
    [
      5.08, 
      4.97
    ], 
    [
      5.18, 
      4.97
    ], 
    [
      5.19, 
      4.98
    ], 
    [
      5.19, 
      5.07
    ], 
    [
      5.43, 
      5.07
    ], 
    [
      5.44, 
      5.08
    ], 
    [
      5.44, 
      5.18
    ], 
    [
      5.43, 
      5.19
    ], 
    [
      5.19, 
      5.19
    ], 
    [
      5.19, 
      7.16
    ], 
    [
      8.16, 
      7.16
    ], 
    [
      8.16, 
      5.19
    ], 
    [
      7.74, 
      5.19
    ], 
    [
      7.73, 
      5.18
    ], 
    [
      7.73, 
      5.08
    ], 
    [
      7.74, 
      5.07
    ], 
    [
      8.16, 
      5.07
    ], 
    [
      8.16, 
      0.1
    ], 
    [
      5.19, 
      0.1
    ], 
    [
      5.19, 
      0.17
    ], 
    [
      5.18, 
      0.18
    ], 
    [
      5.08, 
      0.18
    ], 
    [
      5.07, 
      0.17
    ], 
    [
      5.07, 
      0.1
    ]
  ], 
  "bbox": {
    "max": [
      8.16, 
      7.16
    ], 
    "min": [
      0.1, 
      0.1
    ]
  }, 
  "id": "19229d2695f44f80fa139da1fcd5df21"
}