{
  "room_category": {
    "Toilet": {
      "simulation_statistics": [
        {
          "not_completed_agents": 0, 
          "max_evacuation_time": 9.300017, 
          "min_evacuation_time": 9.300017, 
          "exit_flow_rate": 0.10752668516627442, 
          "completed_agents": 1, 
          "max_traveled_distance": 10.61733, 
          "avg_evacuation_time": 9.300017, 
          "avg_traveled_distance": 10.61733, 
          "min_traveled_distance": 10.61733
        }
      ], 
      "bounds": [
        [
          9.2, 
          -0.01, 
          12.42, 
          1.91
        ]
      ]
    }, 
    "Room": {
      "simulation_statistics": [
        {
          "not_completed_agents": 0, 
          "max_evacuation_time": 150.004547, 
          "min_evacuation_time": 150.004547, 
          "exit_flow_rate": 0.0, 
          "completed_agents": 0, 
          "max_traveled_distance": 16.928251, 
          "avg_evacuation_time": 150.004547, 
          "avg_traveled_distance": 16.248853, 
          "min_traveled_distance": 15.569455
        }, 
        {
          "not_completed_agents": 0, 
          "max_evacuation_time": 11.350025, 
          "min_evacuation_time": 7.35001, 
          "exit_flow_rate": 0.17621106561439293, 
          "completed_agents": 2, 
          "max_traveled_distance": 10.752471, 
          "avg_evacuation_time": 9.3500175, 
          "avg_traveled_distance": 10.1099635, 
          "min_traveled_distance": 9.467456
        }
      ], 
      "bounds": [
        [
          3.93, 
          2.03, 
          6.17, 
          3.04
        ], 
        [
          6.13, 
          1.01, 
          9.33, 
          4.32
        ], 
        [
          9.21, 
          1.25, 
          12.42, 
          4.32
        ]
      ]
    }
  }, 
  "room_num": 5, 
  "verts": [
    [
      0.11, 
      0.1
    ], 
    [
      0.1, 
      0.11
    ], 
    [
      0.1, 
      4.21
    ], 
    [
      3.21, 
      4.21
    ], 
    [
      3.22, 
      4.22
    ], 
    [
      6.11, 
      4.22
    ], 
    [
      6.11, 
      2.65
    ], 
    [
      4.39, 
      2.65
    ], 
    [
      4.39, 
      2.66
    ], 
    [
      4.38, 
      2.67
    ], 
    [
      4.38, 
      2.9
    ], 
    [
      4.37, 
      2.91
    ], 
    [
      4.37, 
      3.03
    ], 
    [
      4.35, 
      3.05
    ], 
    [
      4.17, 
      3.05
    ], 
    [
      4.16, 
      3.04
    ], 
    [
      3.97, 
      3.04
    ], 
    [
      3.96, 
      3.03
    ], 
    [
      3.95, 
      3.03
    ], 
    [
      3.94, 
      3.02
    ], 
    [
      3.94, 
      2.41
    ], 
    [
      3.93, 
      2.41
    ], 
    [
      3.92, 
      2.4
    ], 
    [
      3.93, 
      2.39
    ], 
    [
      3.93, 
      2.38
    ], 
    [
      3.94, 
      2.37
    ], 
    [
      3.94, 
      2.35
    ], 
    [
      3.95, 
      2.34
    ], 
    [
      3.96, 
      2.34
    ], 
    [
      3.96, 
      2.33
    ], 
    [
      3.98, 
      2.31
    ], 
    [
      3.98, 
      2.3
    ], 
    [
      4.0, 
      2.28
    ], 
    [
      4.0, 
      2.27
    ], 
    [
      4.01, 
      2.26
    ], 
    [
      4.01, 
      2.25
    ], 
    [
      4.03, 
      2.23
    ], 
    [
      4.03, 
      2.22
    ], 
    [
      4.05, 
      2.2
    ], 
    [
      4.05, 
      2.19
    ], 
    [
      4.06, 
      2.18
    ], 
    [
      4.06, 
      2.17
    ], 
    [
      4.08, 
      2.15
    ], 
    [
      4.08, 
      2.14
    ], 
    [
      4.1, 
      2.12
    ], 
    [
      4.1, 
      2.11
    ], 
    [
      4.11, 
      2.1
    ], 
    [
      4.11, 
      2.09
    ], 
    [
      4.12, 
      2.08
    ], 
    [
      4.12, 
      2.05
    ], 
    [
      4.13, 
      2.04
    ], 
    [
      4.14, 
      2.04
    ], 
    [
      4.16, 
      2.02
    ], 
    [
      4.17, 
      2.03
    ], 
    [
      4.18, 
      2.03
    ], 
    [
      4.19, 
      2.04
    ], 
    [
      6.11, 
      2.04
    ], 
    [
      6.11, 
      1.28
    ], 
    [
      6.13, 
      1.26
    ], 
    [
      8.58, 
      1.26
    ], 
    [
      8.59, 
      1.25
    ], 
    [
      8.6, 
      1.26
    ], 
    [
      8.63, 
      1.26
    ], 
    [
      8.64, 
      1.27
    ], 
    [
      8.64, 
      1.29
    ], 
    [
      8.66, 
      1.31
    ], 
    [
      8.64, 
      1.33
    ], 
    [
      8.64, 
      1.37
    ], 
    [
      8.63, 
      1.38
    ], 
    [
      8.6, 
      1.38
    ], 
    [
      8.59, 
      1.39
    ], 
    [
      8.58, 
      1.39
    ], 
    [
      8.57, 
      1.38
    ], 
    [
      6.23, 
      1.38
    ], 
    [
      6.23, 
      4.21
    ], 
    [
      9.21, 
      4.21
    ], 
    [
      9.21, 
      1.91
    ], 
    [
      9.2, 
      1.9
    ], 
    [
      9.2, 
      1.89
    ], 
    [
      9.21, 
      1.88
    ], 
    [
      9.21, 
      1.87
    ], 
    [
      9.22, 
      1.86
    ], 
    [
      9.23, 
      1.86
    ], 
    [
      9.24, 
      1.85
    ], 
    [
      9.25, 
      1.85
    ], 
    [
      9.28, 
      1.82
    ], 
    [
      9.3, 
      1.84
    ], 
    [
      9.3, 
      1.85
    ], 
    [
      9.31, 
      1.85
    ], 
    [
      9.33, 
      1.87
    ], 
    [
      9.33, 
      1.88
    ], 
    [
      9.36, 
      1.91
    ], 
    [
      9.35, 
      1.92
    ], 
    [
      9.34, 
      1.92
    ], 
    [
      9.33, 
      1.93
    ], 
    [
      9.33, 
      4.21
    ], 
    [
      12.31, 
      4.21
    ], 
    [
      12.31, 
      1.37
    ], 
    [
      9.92, 
      1.37
    ], 
    [
      9.91, 
      1.36
    ], 
    [
      9.91, 
      1.35
    ], 
    [
      9.9, 
      1.34
    ], 
    [
      9.88, 
      1.34
    ], 
    [
      9.86, 
      1.32
    ], 
    [
      9.86, 
      1.29
    ], 
    [
      9.85, 
      1.28
    ], 
    [
      9.86, 
      1.27
    ], 
    [
      9.86, 
      0.9
    ], 
    [
      9.87, 
      0.89
    ], 
    [
      9.97, 
      0.89
    ], 
    [
      9.98, 
      0.9
    ], 
    [
      9.98, 
      1.22
    ], 
    [
      10.37, 
      1.22
    ], 
    [
      10.38, 
      1.23
    ], 
    [
      11.19, 
      1.23
    ], 
    [
      11.2, 
      1.24
    ], 
    [
      12.0, 
      1.24
    ], 
    [
      12.01, 
      1.25
    ], 
    [
      12.31, 
      1.25
    ], 
    [
      12.31, 
      0.1
    ], 
    [
      9.98, 
      0.1
    ], 
    [
      9.98, 
      0.24
    ], 
    [
      9.97, 
      0.25
    ], 
    [
      9.87, 
      0.25
    ], 
    [
      9.86, 
      0.24
    ], 
    [
      9.86, 
      0.1
    ]
  ], 
  "bbox": {
    "max": [
      12.31, 
      4.22
    ], 
    "min": [
      0.1, 
      0.1
    ]
  }, 
  "id": "1b990271ff65da9b6b0cfe84efb4bfa9"
}