{
  "room_category": {
    "Living_Room": {
      "simulation_statistics": [
        {
          "not_completed_agents": 0, 
          "max_evacuation_time": 5.850004, 
          "min_evacuation_time": 2.349999, 
          "exit_flow_rate": 1.0256403243484962, 
          "completed_agents": 6, 
          "max_traveled_distance": 7.417212, 
          "avg_evacuation_time": 3.949999, 
          "avg_traveled_distance": 5.067313833333333, 
          "min_traveled_distance": 3.094212
        }, 
        {
          "not_completed_agents": 0, 
          "max_evacuation_time": 1.949999, 
          "min_evacuation_time": 0.7, 
          "exit_flow_rate": 3.076924654833156, 
          "completed_agents": 6, 
          "max_traveled_distance": 2.472196, 
          "avg_evacuation_time": 1.358332833333333, 
          "avg_traveled_distance": 1.7147313333333332, 
          "min_traveled_distance": 0.831494
        }
      ], 
      "bounds": [
        [
          4.97, 
          -0.04, 
          10.27, 
          5.27
        ], 
        [
          -0.08, 
          -0.04, 
          5.17, 
          5.21
        ]
      ]
    }, 
    "Office": {
      "simulation_statistics": [
        {
          "not_completed_agents": 0, 
          "max_evacuation_time": 6.350006, 
          "min_evacuation_time": 2.649999, 
          "exit_flow_rate": 0.9448809969628376, 
          "completed_agents": 6, 
          "max_traveled_distance": 7.792077, 
          "avg_evacuation_time": 4.608334666666667, 
          "avg_traveled_distance": 5.734674333333333, 
          "min_traveled_distance": 3.691315
        }, 
        {
          "not_completed_agents": 0, 
          "max_evacuation_time": 2.549999, 
          "min_evacuation_time": 0.0, 
          "exit_flow_rate": 2.35294209919298, 
          "completed_agents": 6, 
          "max_traveled_distance": 2.945224, 
          "avg_evacuation_time": 1.3833330000000001, 
          "avg_traveled_distance": 1.6403126666666668, 
          "min_traveled_distance": 0.0
        }
      ], 
      "bounds": [
        [
          4.97, 
          -0.04, 
          10.27, 
          5.27
        ], 
        [
          -0.08, 
          -0.04, 
          5.17, 
          5.21
        ]
      ]
    }
  }, 
  "room_num": 2, 
  "verts": [
    [
      0.11, 
      0.1
    ], 
    [
      0.1, 
      0.11
    ], 
    [
      0.1, 
      5.07
    ], 
    [
      5.07, 
      5.07
    ], 
    [
      5.07, 
      3.85
    ], 
    [
      5.08, 
      3.84
    ], 
    [
      5.18, 
      3.84
    ], 
    [
      5.19, 
      3.85
    ], 
    [
      5.19, 
      5.07
    ], 
    [
      10.16, 
      5.07
    ], 
    [
      10.16, 
      0.1
    ], 
    [
      5.19, 
      0.1
    ], 
    [
      5.19, 
      0.73
    ], 
    [
      5.18, 
      0.74
    ], 
    [
      5.08, 
      0.74
    ], 
    [
      5.07, 
      0.73
    ], 
    [
      5.08, 
      0.72
    ], 
    [
      5.07, 
      0.71
    ], 
    [
      5.07, 
      0.1
    ]
  ], 
  "bbox": {
    "max": [
      10.16, 
      5.07
    ], 
    "min": [
      0.1, 
      0.1
    ]
  }, 
  "id": "1e1e55da6a9f0ece5f86a2f09f85d8df"
}