{
  "room_category": {
    "Bathroom": {
      "simulation_statistics": [
        {
          "not_completed_agents": 0, 
          "max_evacuation_time": 12.150028, 
          "min_evacuation_time": 7.35001, 
          "exit_flow_rate": 0.3292173483056994, 
          "completed_agents": 4, 
          "max_traveled_distance": 11.489304, 
          "avg_evacuation_time": 9.5875185, 
          "avg_traveled_distance": 10.38665025, 
          "min_traveled_distance": 8.776195
        }
      ], 
      "bounds": [
        [
          6.12, 
          5.28, 
          10.18, 
          10.48
        ]
      ]
    }, 
    "Office": {
      "simulation_statistics": [
        {
          "not_completed_agents": 0, 
          "max_evacuation_time": 11.750027, 
          "min_evacuation_time": 4.149998, 
          "exit_flow_rate": 0.5106371244934161, 
          "completed_agents": 6, 
          "max_traveled_distance": 13.331545, 
          "avg_evacuation_time": 7.966679166666666, 
          "avg_traveled_distance": 8.706943166666667, 
          "min_traveled_distance": 4.880134
        }
      ], 
      "bounds": [
        [
          1.0, 
          5.04, 
          6.25, 
          10.52
        ]
      ]
    }, 
    "Bedroom": {
      "simulation_statistics": [
        {
          "not_completed_agents": 0, 
          "max_evacuation_time": 5.250002, 
          "min_evacuation_time": 0.0, 
          "exit_flow_rate": 1.5238089433108786, 
          "completed_agents": 8, 
          "max_traveled_distance": 5.616331, 
          "avg_evacuation_time": 1.9562495000000002, 
          "avg_traveled_distance": 2.389671875, 
          "min_traveled_distance": 0.0
        }
      ], 
      "bounds": [
        [
          -0.64, 
          -0.02, 
          7.51, 
          5.17
        ]
      ]
    }
  }, 
  "room_num": 3, 
  "verts": [
    [
      0.11, 
      0.1
    ], 
    [
      0.1, 
      0.11
    ], 
    [
      0.1, 
      5.06
    ], 
    [
      1.0, 
      5.06
    ], 
    [
      1.01, 
      5.07
    ], 
    [
      3.28, 
      5.07
    ], 
    [
      3.29, 
      5.08
    ], 
    [
      3.29, 
      5.19
    ], 
    [
      3.28, 
      5.2
    ], 
    [
      1.12, 
      5.2
    ], 
    [
      1.12, 
      7.91
    ], 
    [
      3.6, 
      7.91
    ], 
    [
      3.61, 
      7.92
    ], 
    [
      3.69, 
      7.92
    ], 
    [
      3.71, 
      7.94
    ], 
    [
      3.71, 
      8.02
    ], 
    [
      3.72, 
      8.03
    ], 
    [
      3.72, 
      10.41
    ], 
    [
      6.09, 
      10.41
    ], 
    [
      6.09, 
      8.49
    ], 
    [
      6.1, 
      8.48
    ], 
    [
      6.22, 
      8.48
    ], 
    [
      6.23, 
      8.49
    ], 
    [
      6.23, 
      10.37
    ], 
    [
      6.24, 
      10.37
    ], 
    [
      6.25, 
      10.36
    ], 
    [
      6.46, 
      10.36
    ], 
    [
      6.47, 
      10.35
    ], 
    [
      6.69, 
      10.35
    ], 
    [
      6.7, 
      10.34
    ], 
    [
      6.91, 
      10.34
    ], 
    [
      6.92, 
      10.33
    ], 
    [
      7.14, 
      10.33
    ], 
    [
      7.15, 
      10.32
    ], 
    [
      7.36, 
      10.32
    ], 
    [
      7.37, 
      10.31
    ], 
    [
      7.59, 
      10.31
    ], 
    [
      7.6, 
      10.3
    ], 
    [
      7.81, 
      10.3
    ], 
    [
      7.82, 
      10.29
    ], 
    [
      8.04, 
      10.29
    ], 
    [
      8.05, 
      10.28
    ], 
    [
      8.26, 
      10.28
    ], 
    [
      8.27, 
      10.27
    ], 
    [
      8.49, 
      10.27
    ], 
    [
      8.5, 
      10.26
    ], 
    [
      8.71, 
      10.26
    ], 
    [
      8.72, 
      10.25
    ], 
    [
      8.94, 
      10.25
    ], 
    [
      8.95, 
      10.24
    ], 
    [
      9.16, 
      10.24
    ], 
    [
      9.17, 
      10.23
    ], 
    [
      9.39, 
      10.23
    ], 
    [
      9.4, 
      10.22
    ], 
    [
      9.61, 
      10.22
    ], 
    [
      9.62, 
      10.21
    ], 
    [
      9.84, 
      10.21
    ], 
    [
      9.85, 
      10.2
    ], 
    [
      10.06, 
      10.2
    ], 
    [
      10.07, 
      10.19
    ], 
    [
      10.07, 
      5.39
    ], 
    [
      6.23, 
      5.39
    ], 
    [
      6.23, 
      7.27
    ], 
    [
      6.22, 
      7.28
    ], 
    [
      6.1, 
      7.28
    ], 
    [
      6.09, 
      7.27
    ], 
    [
      6.09, 
      5.28
    ], 
    [
      6.08, 
      5.27
    ], 
    [
      6.08, 
      5.2
    ], 
    [
      4.28, 
      5.2
    ], 
    [
      4.27, 
      5.19
    ], 
    [
      4.27, 
      5.08
    ], 
    [
      4.28, 
      5.07
    ], 
    [
      6.19, 
      5.07
    ], 
    [
      6.2, 
      5.06
    ], 
    [
      7.4, 
      5.06
    ], 
    [
      7.4, 
      0.1
    ]
  ], 
  "bbox": {
    "max": [
      10.07, 
      10.41
    ], 
    "min": [
      0.1, 
      0.1
    ]
  }, 
  "id": "2058c5757d6f85ceff74e4be15c7067c"
}