{
  "room_category": {
    "Toilet": {
      "simulation_statistics": [
        {
          "not_completed_agents": 0, 
          "max_evacuation_time": 16.400036, 
          "min_evacuation_time": 14.400037, 
          "exit_flow_rate": 0.12195095181498382, 
          "completed_agents": 2, 
          "max_traveled_distance": 19.229456, 
          "avg_evacuation_time": 15.400036499999999, 
          "avg_traveled_distance": 18.353445, 
          "min_traveled_distance": 17.477434
        }
      ], 
      "bounds": [
        [
          12.62, 
          6.65, 
          16.04, 
          9.0
        ]
      ]
    }, 
    "Office": {
      "simulation_statistics": [
        {
          "not_completed_agents": 0, 
          "max_evacuation_time": 38.549698, 
          "min_evacuation_time": 4.199998, 
          "exit_flow_rate": 0.440989187515814, 
          "completed_agents": 17, 
          "max_traveled_distance": 29.02533, 
          "avg_evacuation_time": 9.370577352941176, 
          "avg_traveled_distance": 10.47737788235294, 
          "min_traveled_distance": 5.195418
        }
      ], 
      "bounds": [
        [
          15.44, 
          1.34, 
          26.71, 
          9.03
        ]
      ]
    }, 
    "Gym": {
      "simulation_statistics": [
        {
          "not_completed_agents": 0, 
          "max_evacuation_time": 150.004547, 
          "min_evacuation_time": 17.600018, 
          "exit_flow_rate": 0.13999575626197516, 
          "completed_agents": 21, 
          "max_traveled_distance": 36.924995, 
          "avg_evacuation_time": 32.92280877272727, 
          "avg_traveled_distance": 29.604366272727273, 
          "min_traveled_distance": 19.594257
        }
      ], 
      "bounds": [
        [
          -0.87, 
          1.33, 
          13.3, 
          9.02
        ]
      ]
    }, 
    "Living_Room": {
      "simulation_statistics": [
        {
          "not_completed_agents": 0, 
          "max_evacuation_time": 40.299671, 
          "min_evacuation_time": 5.600003, 
          "exit_flow_rate": 0.4218396720906233, 
          "completed_agents": 17, 
          "max_traveled_distance": 30.342136, 
          "avg_evacuation_time": 11.28822688235294, 
          "avg_traveled_distance": 12.968875411764705, 
          "min_traveled_distance": 6.825655
        }
      ], 
      "bounds": [
        [
          15.44, 
          1.34, 
          26.71, 
          9.03
        ]
      ]
    }, 
    "Garage": {
      "simulation_statistics": [
        {
          "not_completed_agents": 0, 
          "max_evacuation_time": 41.899647, 
          "min_evacuation_time": 21.749954, 
          "exit_flow_rate": 0.167065846640665, 
          "completed_agents": 7, 
          "max_traveled_distance": 34.715549, 
          "avg_evacuation_time": 30.92838557142857, 
          "avg_traveled_distance": 32.99716671428571, 
          "min_traveled_distance": 28.866802
        }
      ], 
      "bounds": [
        [
          -0.04, 
          3.6, 
          6.25, 
          9.04
        ]
      ]
    }, 
    "Kitchen": {
      "simulation_statistics": [
        {
          "not_completed_agents": 0, 
          "max_evacuation_time": 4.049997, 
          "min_evacuation_time": 0.0, 
          "exit_flow_rate": 1.975310105167979, 
          "completed_agents": 8, 
          "max_traveled_distance": 4.756815, 
          "avg_evacuation_time": 2.2937487500000002, 
          "avg_traveled_distance": 2.523469, 
          "min_traveled_distance": 0.0
        }
      ], 
      "bounds": [
        [
          26.54, 
          -0.04, 
          31.9, 
          7.82
        ]
      ]
    }
  }, 
  "room_num": 6, 
  "verts": [
    [
      30.43, 
      0.1
    ], 
    [
      30.42, 
      0.11
    ], 
    [
      28.14, 
      0.11
    ], 
    [
      28.13, 
      0.12
    ], 
    [
      26.88, 
      0.12
    ], 
    [
      26.87, 
      0.13
    ], 
    [
      26.81, 
      0.13
    ], 
    [
      26.8, 
      0.14
    ], 
    [
      26.8, 
      1.38
    ], 
    [
      26.79, 
      1.39
    ], 
    [
      26.79, 
      1.48
    ], 
    [
      26.78, 
      1.49
    ], 
    [
      26.69, 
      1.49
    ], 
    [
      26.68, 
      1.5
    ], 
    [
      26.55, 
      1.5
    ], 
    [
      26.54, 
      1.49
    ], 
    [
      22.74, 
      1.49
    ], 
    [
      22.73, 
      1.48
    ], 
    [
      19.29, 
      1.48
    ], 
    [
      19.29, 
      7.25
    ], 
    [
      19.27, 
      7.27
    ], 
    [
      19.24, 
      7.27
    ], 
    [
      19.23, 
      7.28
    ], 
    [
      16.38, 
      7.28
    ], 
    [
      16.37, 
      7.29
    ], 
    [
      15.55, 
      7.29
    ], 
    [
      15.55, 
      7.53
    ], 
    [
      15.54, 
      7.54
    ], 
    [
      15.44, 
      7.54
    ], 
    [
      15.43, 
      7.53
    ], 
    [
      15.43, 
      7.29
    ], 
    [
      14.54, 
      7.29
    ], 
    [
      14.53, 
      7.28
    ], 
    [
      14.53, 
      7.18
    ], 
    [
      14.54, 
      7.17
    ], 
    [
      18.21, 
      7.17
    ], 
    [
      18.22, 
      7.16
    ], 
    [
      19.13, 
      7.16
    ], 
    [
      19.13, 
      1.48
    ], 
    [
      13.31, 
      1.48
    ], 
    [
      13.31, 
      2.36
    ], 
    [
      13.3, 
      2.37
    ], 
    [
      13.3, 
      3.4
    ], 
    [
      13.29, 
      3.41
    ], 
    [
      13.17, 
      3.41
    ], 
    [
      13.16, 
      3.4
    ], 
    [
      13.16, 
      2.92
    ], 
    [
      13.17, 
      2.91
    ], 
    [
      13.17, 
      1.94
    ], 
    [
      13.18, 
      1.93
    ], 
    [
      13.18, 
      1.48
    ], 
    [
      0.11, 
      1.48
    ], 
    [
      0.1, 
      1.49
    ], 
    [
      0.1, 
      3.58
    ], 
    [
      6.27, 
      3.58
    ], 
    [
      6.29, 
      3.6
    ], 
    [
      6.29, 
      5.68
    ], 
    [
      6.28, 
      5.69
    ], 
    [
      6.16, 
      5.69
    ], 
    [
      6.15, 
      5.68
    ], 
    [
      6.15, 
      3.7
    ], 
    [
      0.1, 
      3.7
    ], 
    [
      0.1, 
      8.89
    ], 
    [
      6.15, 
      8.89
    ], 
    [
      6.15, 
      6.9
    ], 
    [
      6.16, 
      6.89
    ], 
    [
      6.28, 
      6.89
    ], 
    [
      6.29, 
      6.9
    ], 
    [
      6.29, 
      8.88
    ], 
    [
      13.11, 
      8.88
    ], 
    [
      13.11, 
      8.46
    ], 
    [
      13.12, 
      8.45
    ], 
    [
      13.26, 
      8.45
    ], 
    [
      13.27, 
      8.46
    ], 
    [
      13.27, 
      8.71
    ], 
    [
      13.26, 
      8.72
    ], 
    [
      13.26, 
      8.89
    ], 
    [
      15.43, 
      8.89
    ], 
    [
      15.43, 
      8.29
    ], 
    [
      15.44, 
      8.28
    ], 
    [
      15.54, 
      8.28
    ], 
    [
      15.55, 
      8.29
    ], 
    [
      15.54, 
      8.3
    ], 
    [
      15.55, 
      8.31
    ], 
    [
      15.55, 
      8.89
    ], 
    [
      26.6, 
      8.89
    ], 
    [
      26.6, 
      7.07
    ], 
    [
      26.61, 
      7.06
    ], 
    [
      26.61, 
      4.6
    ], 
    [
      26.62, 
      4.59
    ], 
    [
      26.78, 
      4.59
    ], 
    [
      26.79, 
      4.6
    ], 
    [
      26.79, 
      6.95
    ], 
    [
      27.33, 
      6.95
    ], 
    [
      27.34, 
      6.94
    ], 
    [
      28.63, 
      6.94
    ], 
    [
      28.64, 
      6.93
    ], 
    [
      30.04, 
