{
  "room_category": {
    "Toilet": {
      "simulation_statistics": [
        {
          "not_completed_agents": 0, 
          "max_evacuation_time": 150.004547, 
          "min_evacuation_time": 2.549999, 
          "exit_flow_rate": 0.0066664645839035796, 
          "completed_agents": 1, 
          "max_traveled_distance": 2.828551, 
          "avg_evacuation_time": 76.27727300000001, 
          "avg_traveled_distance": 2.3561655, 
          "min_traveled_distance": 1.88378
        }, 
        {
          "not_completed_agents": 0, 
          "max_evacuation_time": 25.049904, 
          "min_evacuation_time": 25.049904, 
          "exit_flow_rate": 0.03992031266866332, 
          "completed_agents": 1, 
          "max_traveled_distance": 17.633259, 
          "avg_evacuation_time": 25.049904, 
          "avg_traveled_distance": 17.633259, 
          "min_traveled_distance": 17.633259
        }
      ], 
      "bounds": [
        [
          2.46, 
          -0.02, 
          4.73, 
          4.56
        ], 
        [
          7.61, 
          6.02, 
          10.79, 
          8.23
        ]
      ]
    }, 
    "Bathroom": {
      "simulation_statistics": [
        {
          "not_completed_agents": 0, 
          "max_evacuation_time": 150.004547, 
          "min_evacuation_time": 13.450033, 
          "exit_flow_rate": 0.0066664645839035796, 
          "completed_agents": 1, 
          "max_traveled_distance": 11.923056, 
          "avg_evacuation_time": 81.72729, 
          "avg_traveled_distance": 7.4144465, 
          "min_traveled_distance": 2.905837
        }, 
        {
          "not_completed_agents": 0, 
          "max_evacuation_time": 28.999844, 
          "min_evacuation_time": 28.999844, 
          "exit_flow_rate": 0.03448294411514766, 
          "completed_agents": 1, 
          "max_traveled_distance": 17.823412, 
          "avg_evacuation_time": 28.999844, 
          "avg_traveled_distance": 17.823412, 
          "min_traveled_distance": 17.823412
        }
      ], 
      "bounds": [
        [
          2.46, 
          -0.02, 
          4.73, 
          4.56
        ], 
        [
          7.61, 
          6.02, 
          10.79, 
          8.23
        ]
      ]
    }, 
    "Room": [
      [
        3.01, 
        2.22, 
        5.27, 
        3.1
      ], 
      [
        3.84, 
        6.03, 
        3.93, 
        11.21
      ]
    ], 
    "Living_Room": {
      "simulation_statistics": [
        {
          "not_completed_agents": 0, 
          "max_evacuation_time": 47.799557, 
          "min_evacuation_time": 10.800023, 
          "exit_flow_rate": 0.18828626382457897, 
          "completed_agents": 9, 
          "max_traveled_distance": 30.372316, 
          "avg_evacuation_time": 33.46087566666667, 
          "avg_traveled_distance": 22.606395333333335, 
          "min_traveled_distance": 8.544769
        }
      ], 
      "bounds": [
        [
          -0.72, 
          6.02, 
          7.72, 
          11.29
        ]
      ]
    }, 
    "Garage": {
      "simulation_statistics": [
        {
          "not_completed_agents": 0, 
          "max_evacuation_time": 42.799633, 
          "min_evacuation_time": 12.150028, 
          "exit_flow_rate": 0.09345874531213855, 
          "completed_agents": 4, 
          "max_traveled_distance": 20.752947, 
          "avg_evacuation_time": 26.662361, 
          "avg_traveled_distance": 16.13029825, 
          "min_traveled_distance": 11.263043
        }
      ], 
      "bounds": [
        [
          7.61, 
          -0.02, 
          10.8, 
          6.11
        ]
      ]
    }, 
    "Bedroom": {
      "simulation_statistics": [
        {
          "not_completed_agents": 0, 
          "max_evacuation_time": 1.15, 
          "min_evacuation_time": 0.0, 
          "exit_flow_rate": 2.608695652173913, 
          "completed_agents": 3, 
          "max_traveled_distance": 1.354745, 
          "avg_evacuation_time": 0.4333333333333333, 
          "avg_traveled_distance": 0.533421, 
          "min_traveled_distance": 0.0
        }, 
        {
          "not_completed_agents": 0, 
          "max_evacuation_time": 21.39996, 
          "min_evacuation_time": 6.600007, 
          "exit_flow_rate": 0.28037435583991743, 
          "completed_agents": 6, 
          "max_traveled_distance": 17.032181, 
          "avg_evacuation_time": 14.891677833333333, 
          "avg_traveled_distance": 12.400747833333334, 
          "min_traveled_distance": 7.40338
        }
      ], 
      "bounds": [
        [
          -0.03, 
          -0.02, 
          3.08, 
          4.56
        ], 
        [
          4.65, 
          -0.05, 
          10.68, 
          4.56
        ]
      ]
    }, 
    "Dining_Room": {
      "simulation_statistics": [
        {
          "not_completed_agents": 0, 
          "max_evacuation_time": 52.599483, 
          "min_evacuation_time": 5.700004, 
          "exit_flow_rate": 0.17110434336398325, 
          "completed_agents": 9, 
          "max_traveled_distance": 31.286385, 
          "avg_evacuation_time": 25.69427222222222, 
          "avg_traveled_distance": 18.269464222222222, 
          "min_traveled_distance": 7.88388
        }
      ], 
      "bounds": [
        [
          -0.72, 
          6.02, 
          7.72, 
          11.29
        ]
      ]
    }, 
    "Kitchen": {
      "simulation_statistics": [
        {
          "not_completed_agents": 0, 
          "max_evacuation_time": 54.099461, 
          "min_evacuation_time": 4.349998, 
          "exit_flow_rate": 0.16636025264650975, 
          "completed_agents": 9, 
          "max_traveled_distance": 34.162643, 
          "avg_evacuation_time": 25.72760577777778, 
          "avg_traveled_distance": 16.850434222222223, 
          "min_traveled_distance": 5.294675
        }
      ], 
      "bounds": [
        [
          -0.72, 
          6.02, 
          7.72, 
          11.29
        ]
      ]
    }
  }, 
  "room_num": 10,