{
  "room_category": {
    "Toilet": {
      "simulation_statistics": [
        {
          "not_completed_agents": 0, 
          "max_evacuation_time": 26.949875, 
          "min_evacuation_time": 8.100013, 
          "exit_flow_rate": 0.22263554098117339, 
          "completed_agents": 6, 
          "max_traveled_distance": 15.260235, 
          "avg_evacuation_time": 16.649996333333334, 
          "avg_traveled_distance": 13.379343333333333, 
          "min_traveled_distance": 10.713468
        }
      ], 
      "bounds": [
        [
          5.08, 
          -0.03, 
          9.82, 
          6.67
        ]
      ]
    }, 
    "Bathroom": {
      "simulation_statistics": [
        {
          "not_completed_agents": 0, 
          "max_evacuation_time": 150.004547, 
          "min_evacuation_time": 9.150017, 
          "exit_flow_rate": 0.0333323229195179, 
          "completed_agents": 5, 
          "max_traveled_distance": 13.326671, 
          "avg_evacuation_time": 35.942432833333335, 
          "avg_traveled_distance": 11.378280666666667, 
          "min_traveled_distance": 9.916918
        }
      ], 
      "bounds": [
        [
          5.08, 
          -0.03, 
          9.82, 
          6.67
        ]
      ]
    }, 
    "Gym": {
      "simulation_statistics": [
        {
          "not_completed_agents": 0, 
          "max_evacuation_time": 17.550018, 
          "min_evacuation_time": 10.850023, 
          "exit_flow_rate": 0.4558399883122627, 
          "completed_agents": 8, 
          "max_traveled_distance": 18.017811, 
          "avg_evacuation_time": 13.843780375, 
          "avg_traveled_distance": 16.056241125, 
          "min_traveled_distance": 14.099417
        }
      ], 
      "bounds": [
        [
          -0.02, 
          0.03, 
          5.2, 
          7.64
        ]
      ]
    }, 
    "Garage": {
      "simulation_statistics": [
        {
          "not_completed_agents": 0, 
          "max_evacuation_time": 16.450035, 
          "min_evacuation_time": 10.750023, 
          "exit_flow_rate": 0.30395072107749316, 
          "completed_agents": 5, 
          "max_traveled_distance": 16.157112, 
          "avg_evacuation_time": 13.880033000000001, 
          "avg_traveled_distance": 14.988171600000001, 
          "min_traveled_distance": 12.699952
        }
      ], 
      "bounds": [
        [
          21.98, 
          0.0, 
          25.18, 
          7.7
        ]
      ]
    }, 
    "Bedroom": {
      "simulation_statistics": [
        {
          "not_completed_agents": 0, 
          "max_evacuation_time": 18.300007, 
          "min_evacuation_time": 7.30001, 
          "exit_flow_rate": 0.27322393920395766, 
          "completed_agents": 5, 
          "max_traveled_distance": 14.67822, 
          "avg_evacuation_time": 11.7400178, 
          "avg_traveled_distance": 11.14685, 
          "min_traveled_distance": 8.627619
        }, 
        {
          "not_completed_agents": 0, 
          "max_evacuation_time": 12.250029, 
          "min_evacuation_time": 5.500003, 
          "exit_flow_rate": 0.48979475885322393, 
          "completed_agents": 6, 
          "max_traveled_distance": 10.083179, 
          "avg_evacuation_time": 8.5000145, 
          "avg_traveled_distance": 8.666775333333334, 
          "min_traveled_distance": 7.297949
        }
      ], 
      "bounds": [
        [
          5.05, 
          6.95, 
          9.72, 
          12.74
        ], 
        [
          9.63, 
          6.95, 
          14.86, 
          12.79
        ]
      ]
    }, 
    "Kitchen": {
      "simulation_statistics": [
        {
          "not_completed_agents": 0, 
          "max_evacuation_time": 13.500033, 
          "min_evacuation_time": 2.949998, 
          "exit_flow_rate": 0.8148128230501362, 
          "completed_agents": 11, 
          "max_traveled_distance": 13.15809, 
          "avg_evacuation_time": 7.713648, 
          "avg_traveled_distance": 8.994203636363636, 
          "min_traveled_distance": 3.82433
        }
      ], 
      "bounds": [
        [
          14.86, 
          0.0, 
          22.07, 
          7.66
        ]
      ]
    }
  }, 
  "room_num": 8,