{
  "room_category": {
    "Toilet": {
      "simulation_statistics": [
        {
          "not_completed_agents": 0, 
          "max_evacuation_time": 24.949905, 
          "min_evacuation_time": 23.99992, 
          "exit_flow_rate": 0.08016062586210247, 
          "completed_agents": 2, 
          "max_traveled_distance": 18.068743, 
          "avg_evacuation_time": 24.474912500000002, 
          "avg_traveled_distance": 17.8232415, 
          "min_traveled_distance": 17.57774
        }, 
        {
          "not_completed_agents": 0, 
          "max_evacuation_time": 9.700019, 
          "min_evacuation_time": 5.050001, 
          "exit_flow_rate": 0.30927774471369596, 
          "completed_agents": 3, 
          "max_traveled_distance": 7.222018, 
          "avg_evacuation_time": 6.916675000000001, 
          "avg_traveled_distance": 5.695934333333334, 
          "min_traveled_distance": 4.60436
        }, 
        {
          "not_completed_agents": 0, 
          "max_evacuation_time": 21.199963, 
          "min_evacuation_time": 13.900035, 
          "exit_flow_rate": 0.1415096809367073, 
          "completed_agents": 3, 
          "max_traveled_distance": 15.278403, 
          "avg_evacuation_time": 17.816668, 
          "avg_traveled_distance": 14.830789000000001, 
          "min_traveled_distance": 14.53283
        }
      ], 
      "bounds": [
        [
          -0.02, 
          4.78, 
          3.96, 
          7.81
        ], 
        [
          15.75, 
          -0.03, 
          19.7, 
          4.14
        ], 
        [
          15.75, 
          5.87, 
          19.7, 
          10.04
        ]
      ]
    }, 
    "Bathroom": {
      "simulation_statistics": [
        {
          "not_completed_agents": 0, 
          "max_evacuation_time": 7.900012, 
          "min_evacuation_time": 3.099998, 
          "exit_flow_rate": 0.37974625861327804, 
          "completed_agents": 3, 
          "max_traveled_distance": 7.167335, 
          "avg_evacuation_time": 4.933336, 
          "avg_traveled_distance": 5.4463143333333335, 
          "min_traveled_distance": 4.28358
        }, 
        {
          "not_completed_agents": 0, 
          "max_evacuation_time": 31.249809, 
          "min_evacuation_time": 13.400033, 
          "exit_flow_rate": 0.09600058675558626, 
          "completed_agents": 3, 
          "max_traveled_distance": 16.63611, 
          "avg_evacuation_time": 22.633257666666665, 
          "avg_traveled_distance": 14.697142999999999, 
          "min_traveled_distance": 12.320332
        }
      ], 
      "bounds": [
        [
          15.75, 
          -0.03, 
          19.7, 
          4.14
        ], 
        [
          15.75, 
          5.87, 
          19.7, 
          10.04
        ]
      ]
    }, 
    "Room": {
      "simulation_statistics": [
        {
          "not_completed_agents": 0, 
          "max_evacuation_time": 5.050001, 
          "min_evacuation_time": 3.049998, 
          "exit_flow_rate": 0.5940592883050915, 
          "completed_agents": 3, 
          "max_traveled_distance": 5.690896, 
          "avg_evacuation_time": 4.133332333333334, 
          "avg_traveled_distance": 4.583360666666667, 
          "min_traveled_distance": 3.826162
        }
      ], 
      "bounds": [
        [
          10.48, 
          4.03, 
          15.9, 
          6.56
        ]
      ]
    }, 
    "Living_Room": {
      "simulation_statistics": [
        {
          "not_completed_agents": 0, 
          "max_evacuation_time": 26.749878, 
          "min_evacuation_time": 6.350006, 
          "exit_flow_rate": 0.4486001767933297, 
          "completed_agents": 12, 
          "max_traveled_distance": 17.422024, 
          "avg_evacuation_time": 15.6791575, 
          "avg_traveled_distance": 12.650029583333334, 
          "min_traveled_distance": 7.208928
        }
      ], 
      "bounds": [
        [
          3.84, 
          0.43, 
          11.19, 
          8.49
        ]
      ]
    }, 
    "Bedroom": {
      "simulation_statistics": [
        {
          "not_completed_agents": 0, 
          "max_evacuation_time": 1.25, 
          "min_evacuation_time": 0.35, 
          "exit_flow_rate": 3.2, 
          "completed_agents": 4, 
          "max_traveled_distance": 1.419492, 
          "avg_evacuation_time": 0.7375, 
          "avg_traveled_distance": 0.83043725, 
          "min_traveled_distance": 0.403621
        }, 
        {
          "not_completed_agents": 0, 
          "max_evacuation_time": 32.849785, 
          "min_evacuation_time": 25.799892, 
          "exit_flow_rate": 0.12176639816668512, 
          "completed_agents": 4, 
          "max_traveled_distance": 17.435061, 
          "avg_evacuation_time": 28.74984725, 
          "avg_traveled_distance": 15.3968225, 
          "min_traveled_distance": 12.66952
        }
      ], 
      "bounds": [
        [
          11.09, 
          -0.03, 
          15.86, 
          4.14
        ], 
        [
          11.09, 
          5.85, 
          15.86, 
          10.03
        ]
      ]
    }, 
    "Kitchen": {
      "simulation_statistics": [
        {
          "not_completed_agents": 0, 
          "max_evacuation_time": 25.549896, 
          "min_evacuation_time": 7.45001, 
          "exit_flow_rate": 0.46966923074755373, 
          "completed_agents": 12, 
          "max_traveled_distance": 29.400461, 
          "avg_evacuation_time": 15.80416875, 
          "avg_traveled_distance": 15.695808083333333, 
          "min_traveled_distance": 9.168459
        }
      ], 
      "bounds": [
        [
          3.84, 
          0.43, 
          11.19, 
          8.49
        ]
      ]
    }
  }, 
  "room_num": 7,