{
  "room_category": {
    "Toilet": {
      "simulation_statistics": [
        {
          "not_completed_agents": 0, 
          "max_evacuation_time": 150.004547, 
          "min_evacuation_time": 4.249998, 
          "exit_flow_rate": 0.013332929167807159, 
          "completed_agents": 2, 
          "max_traveled_distance": 6.792244, 
          "avg_evacuation_time": 53.068182, 
          "avg_traveled_distance": 5.6554210000000005, 
          "min_traveled_distance": 4.144113
        }
      ], 
      "bounds": [
        [
          8.15, 
          3.63, 
          11.66, 
          7.39
        ]
      ]
    }, 
    "Bathroom": {
      "simulation_statistics": [
        {
          "not_completed_agents": 0, 
          "max_evacuation_time": 12.450029, 
          "min_evacuation_time": 5.800004, 
          "exit_flow_rate": 0.2409632941417245, 
          "completed_agents": 3, 
          "max_traveled_distance": 8.304133, 
          "avg_evacuation_time": 9.100016333333334, 
          "avg_traveled_distance": 7.793711333333333, 
          "min_traveled_distance": 7.099271
        }
      ], 
      "bounds": [
        [
          8.15, 
          3.63, 
          11.66, 
          7.39
        ]
      ]
    }, 
    "Kitchen": {
      "simulation_statistics": [
        {
          "not_completed_agents": 0, 
          "max_evacuation_time": 150.004547, 
          "min_evacuation_time": 150.004547, 
          "exit_flow_rate": 0.0, 
          "completed_agents": 0, 
          "max_traveled_distance": 17.78504, 
          "avg_evacuation_time": 150.004547, 
          "avg_traveled_distance": 14.629281999999998, 
          "min_traveled_distance": 12.689304
        }
      ], 
      "bounds": [
        [
          8.14, 
          7.3, 
          12.28, 
          11.38
        ]
      ]
    }
  }, 
  "room_num": 5, 
  "verts": [
    [
      5.68, 
      0.1
    ], 
    [
      5.67, 
      0.11
    ], 
    [
      5.67, 
      5.07
    ], 
    [
      6.31, 
      5.07
    ], 
    [
      6.32, 
      5.08
    ], 
    [
      6.32, 
      5.18
    ], 
    [
      6.31, 
      5.19
    ], 
    [
      5.56, 
      5.19
    ], 
    [
      5.55, 
      5.2
    ], 
    [
      5.19, 
      5.2
    ], 
    [
      5.19, 
      5.21
    ], 
    [
      5.18, 
      5.22
    ], 
    [
      5.08, 
      5.22
    ], 
    [
      5.07, 
      5.21
    ], 
    [
      5.07, 
      5.2
    ], 
    [
      0.11, 
      5.2
    ], 
    [
      0.1, 
      5.21
    ], 
    [
      0.1, 
      10.16
    ], 
    [
      5.07, 
      10.16
    ], 
    [
      5.07, 
      6.23
    ], 
    [
      5.08, 
      6.22
    ], 
    [
      5.18, 
      6.22
    ], 
    [
      5.19, 
      6.23
    ], 
    [
      5.18, 
      6.24
    ], 
    [
      5.18, 
      6.28
    ], 
    [
      5.19, 
      6.29
    ], 
    [
      5.19, 
      10.16
    ], 
    [
      8.15, 
      10.16
    ], 
    [
      8.15, 
      9.3
    ], 
    [
      8.16, 
      9.29
    ], 
    [
      8.31, 
      9.29
    ], 
    [
      8.32, 
      9.3
    ], 
    [
      8.32, 
      11.27
    ], 
    [
      11.55, 
      11.27
    ], 
    [
      11.55, 
      7.41
    ], 
    [
      11.53, 
      7.41
    ], 
    [
      11.52, 
      7.4
    ], 
    [
      8.32, 
      7.4
    ], 
    [
      8.32, 
      8.54
    ], 
    [
      8.31, 
      8.55
    ], 
    [
      8.17, 
      8.55
    ], 
    [
      8.16, 
      8.54
    ], 
    [
      8.16, 
      6.46
    ], 
    [
      8.17, 
      6.45
    ], 
    [
      8.31, 
      6.45
    ], 
    [
      8.32, 
      6.46
    ], 
    [
      8.32, 
      7.29
    ], 
    [
      11.55, 
      7.29
    ], 
    [
      11.55, 
      3.74
    ], 
    [
      8.32, 
      3.74
    ], 
    [
      8.32, 
      5.7
    ], 
    [
      8.31, 
      5.71
    ], 
    [
      8.18, 
      5.71
    ], 
    [
      8.17, 
      5.7
    ], 
    [
      8.17, 
      5.19
    ], 
    [
      7.53, 
      5.19
    ], 
    [
      7.52, 
      5.18
    ], 
    [
      7.52, 
      5.08
    ], 
    [
      7.53, 
      5.07
    ], 
    [
      8.17, 
      5.07
    ], 
    [
      8.17, 
      3.65
    ], 
    [
      8.19, 
      3.63
    ], 
    [
      8.21, 
      3.63
    ], 
    [
      8.22, 
      3.62
    ], 
    [
      11.57, 
      3.62
    ], 
    [
      11.57, 
      0.1
    ]
  ], 
  "bbox": {
    "max": [
      11.57, 
      11.27
    ], 
    "min": [
      0.1, 
      0.1
    ]
  }, 
  "id": "24d59dc767b111890ae2a61b6daa2de5"
}