{
  "room_category": {
    "Hallway": {
      "simulation_statistics": [
        {
          "not_completed_agents": 0, 
          "max_evacuation_time": 55.999432, 
          "min_evacuation_time": 22.04995, 
          "exit_flow_rate": 0.1964305637957185, 
          "completed_agents": 11, 
          "max_traveled_distance": 46.428551, 
          "avg_evacuation_time": 29.604379818181815, 
          "avg_traveled_distance": 34.517548272727275, 
          "min_traveled_distance": 28.062243
        }
      ], 
      "bounds": [
        [
          14.91, 
          -0.02, 
          18.1, 
          16.78
        ]
      ]
    }, 
    "Bathroom": {
      "simulation_statistics": [
        {
          "not_completed_agents": 0, 
          "max_evacuation_time": 70.149681, 
          "min_evacuation_time": 47.59956, 
          "exit_flow_rate": 0.057020929289756855, 
          "completed_agents": 4, 
          "max_traveled_distance": 56.189995, 
          "avg_evacuation_time": 61.33698575, 
          "avg_traveled_distance": 54.05840125, 
          "min_traveled_distance": 50.70665
        }, 
        {
          "not_completed_agents": 0, 
          "max_evacuation_time": 150.004547, 
          "min_evacuation_time": 41.799648, 
          "exit_flow_rate": 0.026665858335614318, 
          "completed_agents": 4, 
          "max_traveled_distance": 54.914875, 
          "avg_evacuation_time": 72.0805748, 
          "avg_traveled_distance": 44.867002400000004, 
          "min_traveled_distance": 19.278242
        }
      ], 
      "bounds": [
        [
          6.26, 
          -0.02, 
          9.96, 
          5.17
        ], 
        [
          23.11, 
          0.01, 
          25.61, 
          10.63
        ]
      ]
    }, 
    "Office": {
      "simulation_statistics": [
        {
          "not_completed_agents": 0, 
          "max_evacuation_time": 89.250847, 
          "min_evacuation_time": 37.999706, 
          "exit_flow_rate": 0.11204375460997026, 
          "completed_agents": 10, 
          "max_traveled_distance": 61.970215, 
          "avg_evacuation_time": 61.0348305, 
          "avg_traveled_distance": 52.868795399999996, 
          "min_traveled_distance": 44.812424
        }
      ], 
      "bounds": [
        [
          6.23, 
          5.09, 
          15.0, 
          10.63
        ]
      ]
    }, 
    "Toilet": {
      "simulation_statistics": [
        {
          "not_completed_agents": 0, 
          "max_evacuation_time": 71.049736, 
          "min_evacuation_time": 57.449409, 
          "exit_flow_rate": 0.05629859060982296, 
          "completed_agents": 4, 
          "max_traveled_distance": 54.938457, 
          "avg_evacuation_time": 61.611979500000004, 
          "avg_traveled_distance": 54.4393845, 
          "min_traveled_distance": 54.041466
        }, 
        {
          "not_completed_agents": 0, 
          "max_evacuation_time": 91.450981, 
          "min_evacuation_time": 53.949463, 
          "exit_flow_rate": 0.054674099122020356, 
          "completed_agents": 5, 
          "max_traveled_distance": 70.129257, 
          "avg_evacuation_time": 71.6399756, 
          "avg_traveled_distance": 58.925888, 
          "min_traveled_distance": 54.33205
        }
      ], 
      "bounds": [
        [
          6.26, 
          -0.02, 
          9.96, 
          5.17
        ], 
        [
          23.11, 
          0.01, 
          25.61, 
          10.63
        ]
      ]
    }, 
    "Living_Room": {
      "simulation_statistics": [
        {
          "not_completed_agents": 0, 
          "max_evacuation_time": 23.149933, 
          "min_evacuation_time": 15.950043, 
          "exit_flow_rate": 0.6479500394234402, 
          "completed_agents": 15, 
          "max_traveled_distance": 26.87616, 
          "avg_evacuation_time": 19.073328399999998, 
          "avg_traveled_distance": 24.164116733333334, 
          "min_traveled_distance": 20.710407
        }
      ], 
      "bounds": [
        [
          6.22, 
          10.54, 
          15.11, 
          19.25
        ]
      ]
    }, 
    "Garage": {
      "simulation_statistics": [
        {
          "not_completed_agents": 0, 
          "max_evacuation_time": 12.50003, 
          "min_evacuation_time": 0.0, 
          "exit_flow_rate": 1.99999520001152, 
          "completed_agents": 25, 
          "max_traveled_distance": 16.321066, 
          "avg_evacuation_time": 5.848007320000001, 
          "avg_traveled_distance": 7.437966, 
          "min_traveled_distance": 0.0
        }
      ], 
      "bounds": [
        [
          -0.07, 
          -0.02, 
          6.35, 
          19.22
        ]
      ]
    }, 
    "Bedroom": {
      "simulation_statistics": [
        {
          "not_completed_agents": 0, 
          "max_evacuation_time": 63.849312, 
          "min_evacuation_time": 33.499775, 
          "exit_flow_rate": 0.09397125532065248, 
          "completed_agents": 6, 
          "max_traveled_distance": 48.904026, 
          "avg_evacuation_time": 47.4662285, 
          "avg_traveled_distance": 44.5927155, 
          "min_traveled_distance": 40.512905
        }, 
        {
          "not_completed_agents": 0, 
          "max_evacuation_time": 150.004547, 
          "min_evacuation_time": 35.449745, 
          "exit_flow_rate": 0.0333323229195179, 
          "completed_agents": 5, 
          "max_traveled_distance": 48.944775, 
          "avg_evacuation_time": 64.53372616666667, 
          "avg_traveled_distance": 40.644468833333335, 
          "min_traveled_distance": 12.802767
        }
      ], 
      "bounds": [
        [
          17.51, 
          5.08, 
          23.2, 
          10.63
        ], 
        [
          9.36, 
          -0.02, 
          15.51, 
          5.19
        ]
      ]
    }, 
    "Kitchen": {
      "simulation_statistics": [
        {
          "not_completed_agents": 0, 
          "max_evacuation_time": 66.499458, 
          "min_evacuation_time": 26.949875, 
          "exit_flow_rate": 0.21052803167207768, 
          "completed_agents": 14, 
          "max_traveled_distance": 45.979958, 
          "avg_evacuation_time": 35.48190085714286, 
          "avg_traveled_distance": 36.94733778571429, 
          "min_traveled_distance": 30.987309
        }
      ], 
      "bounds": [
        [
          14.92, 
          10.54, 
          23.2, 
          19.25
        ]
      ]
    }
  }, 
  "room_num": 10,