{
  "room_category": {
    "Toilet": {
      "simulation_statistics": [
        {
          "not_completed_agents": 0, 
          "max_evacuation_time": 0.0, 
          "min_evacuation_time": 0.0, 
          "exit_flow_rate": 0, 
          "completed_agents": 1, 
          "max_traveled_distance": 0.0, 
          "avg_evacuation_time": 0.0, 
          "avg_traveled_distance": 0.0, 
          "min_traveled_distance": 0.0
        }
      ], 
      "bounds": [
        [
          -0.02, 
          -0.02, 
          1.54, 
          1.76
        ]
      ]
    }, 
    "Living_Room": {
      "simulation_statistics": [
        {
          "not_completed_agents": 0, 
          "max_evacuation_time": 150.004547, 
          "min_evacuation_time": 2.299999, 
          "exit_flow_rate": 0.04666525208732506, 
          "completed_agents": 7, 
          "max_traveled_distance": 9.139672, 
          "avg_evacuation_time": 23.77557325, 
          "avg_traveled_distance": 6.008139, 
          "min_traveled_distance": 1.124965
        }
      ], 
      "bounds": [
        [
          3.03, 
          -0.02, 
          11.77, 
          4.38
        ]
      ]
    }
  }, 
  "room_num": 5, 
  "verts": [
    [
      0.11, 
      0.1
    ], 
    [
      0.1, 
      0.11
    ], 
    [
      0.1, 
      1.63
    ], 
    [
      0.21, 
      1.63
    ], 
    [
      0.22, 
      1.64
    ], 
    [
      0.22, 
      1.74
    ], 
    [
      0.21, 
      1.75
    ], 
    [
      0.1, 
      1.75
    ], 
    [
      0.1, 
      4.25
    ], 
    [
      1.44, 
      4.25
    ], 
    [
      1.44, 
      2.98
    ], 
    [
      1.45, 
      2.97
    ], 
    [
      1.55, 
      2.97
    ], 
    [
      1.56, 
      2.98
    ], 
    [
      1.56, 
      4.25
    ], 
    [
      6.63, 
      4.25
    ], 
    [
      6.63, 
      3.29
    ], 
    [
      6.64, 
      3.28
    ], 
    [
      6.74, 
      3.28
    ], 
    [
      6.75, 
      3.29
    ], 
    [
      6.75, 
      4.26
    ], 
    [
      11.66, 
      4.26
    ], 
    [
      11.66, 
      0.1
    ], 
    [
      6.75, 
      0.1
    ], 
    [
      6.75, 
      1.07
    ], 
    [
      6.74, 
      1.08
    ], 
    [
      6.64, 
      1.08
    ], 
    [
      6.63, 
      1.07
    ], 
    [
      6.63, 
      0.1
    ], 
    [
      1.55, 
      0.1
    ], 
    [
      1.55, 
      1.95
    ], 
    [
      1.56, 
      1.96
    ], 
    [
      1.55, 
      1.97
    ], 
    [
      1.45, 
      1.97
    ], 
    [
      1.44, 
      1.96
    ], 
    [
      1.44, 
      1.75
    ], 
    [
      1.23, 
      1.75
    ], 
    [
      1.22, 
      1.74
    ], 
    [
      1.22, 
      1.64
    ], 
    [
      1.23, 
      1.63
    ], 
    [
      1.44, 
      1.63
    ], 
    [
      1.44, 
      0.1
    ]
  ], 
  "bbox": {
    "max": [
      11.66, 
      4.26
    ], 
    "min": [
      0.1, 
      0.1
    ]
  }, 
  "id": "26e83d2ade34d34aa64481e1df1371b5"
}