{
  "room_category": {
    "Bathroom": {
      "simulation_statistics": [
        {
          "not_completed_agents": 0, 
          "max_evacuation_time": 41.749649, 
          "min_evacuation_time": 29.89983, 
          "exit_flow_rate": 0.2874275661575023, 
          "completed_agents": 12, 
          "max_traveled_distance": 44.191807, 
          "avg_evacuation_time": 34.84975425, 
          "avg_traveled_distance": 40.895502, 
          "min_traveled_distance": 37.683853
        }, 
        {
          "not_completed_agents": 0, 
          "max_evacuation_time": 28.899845, 
          "min_evacuation_time": 6.750008, 
          "exit_flow_rate": 0.588238449029744, 
          "completed_agents": 17, 
          "max_traveled_distance": 35.570156, 
          "avg_evacuation_time": 12.832355999999999, 
          "avg_traveled_distance": 15.406759941176471, 
          "min_traveled_distance": 8.495609
        }
      ], 
      "bounds": [
        [
          18.55, 
          7.65, 
          27.0, 
          14.71
        ], 
        [
          2.32, 
          7.62, 
          14.13, 
          14.69
        ]
      ]
    }, 
    "Living_Room": {
      "simulation_statistics": [
        {
          "not_completed_agents": 0, 
          "max_evacuation_time": 15.550041, 
          "min_evacuation_time": 5.700004, 
          "exit_flow_rate": 0.8360106574638614, 
          "completed_agents": 13, 
          "max_traveled_distance": 11.852903, 
          "avg_evacuation_time": 8.965400692307693, 
          "avg_traveled_distance": 9.763277615384615, 
          "min_traveled_distance": 7.286185
        }
      ], 
      "bounds": [
        [
          2.37, 
          2.52, 
          14.35, 
          7.79
        ]
      ]
    }, 
    "Room": {
      "simulation_statistics": [
        {
          "not_completed_agents": 0, 
          "max_evacuation_time": 17.550018, 
          "min_evacuation_time": 0.35, 
          "exit_flow_rate": 0.7407399810074268, 
          "completed_agents": 13, 
          "max_traveled_distance": 23.067703, 
          "avg_evacuation_time": 9.076939384615384, 
          "avg_traveled_distance": 11.910330615384614, 
          "min_traveled_distance": 0.449673
        }, 
        {
          "not_completed_agents": 0, 
          "max_evacuation_time": 27.799862, 
          "min_evacuation_time": 18.300007, 
          "exit_flow_rate": 0.28777121267724276, 
          "completed_agents": 8, 
          "max_traveled_distance": 34.422085, 
          "avg_evacuation_time": 22.687439875, 
          "avg_traveled_distance": 29.0684945, 
          "min_traveled_distance": 24.967449
        }
      ], 
      "bounds": [
        [
          2.36, 
          -0.03, 
          26.92, 
          2.66
        ], 
        [
          26.83, 
          -0.74, 
          29.3, 
          15.44
        ]
      ]
    }, 
    "Bedroom": {
      "simulation_statistics": [
        {
          "not_completed_agents": 0, 
          "max_evacuation_time": 20.499973, 
          "min_evacuation_time": 14.050035, 
          "exit_flow_rate": 0.6341471766816473, 
          "completed_agents": 13, 
          "max_traveled_distance": 23.913404, 
          "avg_evacuation_time": 17.092325153846154, 
          "avg_traveled_distance": 21.227175846153845, 
          "min_traveled_distance": 19.366425
        }
      ], 
      "bounds": [
        [
          14.26, 
          2.55, 
          26.93, 
          7.86
        ]
      ]
    }
  }, 
  "room_num": 7, 
  "verts": [
    [
      1.18, 
      0.1
    ], 
    [
      1.17, 
      0.11
    ], 
    [
      0.11, 
      0.11
    ], 
    [
      0.1, 
      0.12
    ], 
    [
      0.1, 
      14.56
    ], 
    [
      1.26, 
      14.56
    ], 
    [
      1.27, 
      14.55
    ], 
    [
      2.34, 
      14.55
    ], 
    [
      2.34, 
      13.72
    ], 
    [
      2.35, 
      13.71
    ], 
    [
      2.35, 
      12.69
    ], 
    [
      2.36, 
      12.68
    ], 
    [
      2.36, 
      12.33
    ], 
    [
      2.37, 
      12.32
    ], 
    [
      2.37, 
      11.97
    ], 
    [
      2.38, 
      11.96
    ], 
    [
      2.38, 
      11.61
    ], 
    [
      2.39, 
      11.6
    ], 
    [
      2.39, 
      11.43
    ], 
    [
      2.4, 
      11.42
    ], 
    [
      2.47, 
      11.42
    ], 
    [
      2.48, 
      11.43
    ], 
    [
      2.5, 
      11.43
    ], 
    [
      2.51, 
      11.44
    ], 
    [
      2.51, 
      11.58
    ], 
    [
      2.5, 
      11.59
    ], 
    [
      2.5, 
      11.87
    ], 
    [
      2.49, 
      11.88
    ], 
    [
      2.49, 
      12.15
    ], 
    [
      2.48, 
      12.16
    ], 
    [
      2.48, 
      12.44
    ], 
    [
      2.47, 
      12.45
    ], 
    [
      2.47, 
      12.73
    ], 
    [
      2.46, 
      12.74
    ], 
    [
      2.46, 
      13.71
    ], 
    [
      2.45, 
      13.72
    ], 
    [
      2.45, 
      14.57
    ], 
    [
      10.63, 
      14.57
    ], 
    [
      10.63, 
      7.75
    ], 
    [
      2.48, 
      7.75
    ], 
    [
      2.48, 
      7.83
    ], 
    [
      2.49, 
      7.84
    ], 
    [
      2.49, 
      8.21
    ], 
    [
      2.5, 
      8.22
    ], 
    [
      2.5, 
      8.58
    ], 
    [
      2.51, 
      8.59
    ], 
    [
      2.51, 
      8.96
    ], 
    [
      2.52, 
      8.97
    ], 
    [
      2.52, 
      9.18
    ], 
    [
      2.53, 
      9.19
    ], 
    [
      2.53, 
      9.21
    ], 
    [
      2.52, 
      9.22
    ], 
    [
      2.42, 
      9.22
    ], 
    [
      2.41, 
      9.21
    ], 
    [
      2.41, 
      8.97
    ], 
    [
      2.4, 
      8.96
    ], 
    [
      2.4, 
      8.59
    ], 
    [
      2.39, 
      8.58
    ], 
    [
      2.39, 
      8.22
    ], 
    [
      2.38, 
      8.21
    ], 
    [
      2.38, 
      7.84
    ], 
    [
      2.37, 
      7.83
    ], 
    [
      2.37, 
      7.65
    ], 
    [
      2.38, 
      7.64
    ], 
    [
      2.38, 
      5.24
    ], 
    [
      2.37, 
      5.23
    ], 
    [
      2.37, 
      2.65
    ], 
    [
      2.35, 
      2.63
    ], 
    [
      2.35, 
      2.54
    ], 
    [
      2.36, 
      2.53
    ], 
    [
      6.62, 
      2.53
    ], 
    [
      6.63, 
      2.54
    ], 
    [
      6.63, 
      2.64
    ], 
    [
      6.62, 
      2.65
    ], 
    [
      2.48, 
      2.65
    ], 
    [
      2.48, 
      5.23
    ], 
    [
      2.49, 
      5.24
    ], 
    [
      2.49, 
      7.63
    ], 
    [
      10.74, 
      7.63
    ], 
    [
      10.75, 
      7.62
    ], 
    [
      14.25, 
      7.62
    ], 
    [
      14.25, 
      7.54
    ], 
    [
      14.26, 
      7.53
    ], 
    [
      14.26, 
      2.65
    ], 
    [
      10.28, 
      2.65
    ], 
    [
      10.27, 
      2.64
    ], 
    [
      10.27, 
      2.54
    ], 
    [
      10.28, 
      2.53
    ], 
    [
      18.12, 
      2.53
    ], 
    [
      18.13, 
      2.54
    ], 
    [
      18.13, 
      2.64
    ], 
    [
      18.12, 
      2.65
    ], 
    [
      14.37, 
      2.65
    ], 
    [
      14.37, 
      7.62
    ], 
    [
      18.55, 
      7.62
    ], 
    [
      18.56, 
      7.63
    ], 
    [
      26.82, 
      7.63
    ], 
    [
      26.82, 
      2.65
    ], 
    [
      21.78, 
      2.65
    ], 
    [
      21.77, 
      2.64
    ], 
    [
      21.77, 
      2.54
    ], 
    [
      21.78, 
      2.53
    ], 
