{
  "room_category": {
    "Bathroom": {
      "simulation_statistics": [
        {
          "not_completed_agents": 0, 
          "max_evacuation_time": 150.004547, 
          "min_evacuation_time": 150.004547, 
          "exit_flow_rate": 0.0, 
          "completed_agents": 0, 
          "max_traveled_distance": 1.733218, 
          "avg_evacuation_time": 150.004547, 
          "avg_traveled_distance": 1.2676355, 
          "min_traveled_distance": 0.802053
        }
      ], 
      "bounds": [
        [
          4.38, 
          0.01, 
          8.57, 
          2.34
        ]
      ]
    }, 
    "Room": {
      "simulation_statistics": [
        {
          "not_completed_agents": 0, 
          "max_evacuation_time": 150.004547, 
          "min_evacuation_time": 0.0, 
          "exit_flow_rate": 1.3466258459485232, 
          "completed_agents": 202, 
          "max_traveled_distance": 39.361908, 
          "avg_evacuation_time": 20.451183522167486, 
          "avg_traveled_distance": 21.610606108374387, 
          "min_traveled_distance": 0.0
        }
      ], 
      "bounds": [
        [
          -29.23, 
          -16.99, 
          8.58, 
          9.82
        ]
      ]
    }
  }, 
  "room_num": 2, 
  "verts": [
    [
      0.11, 
      0.1
    ], 
    [
      0.1, 
      0.11
    ], 
    [
      0.1, 
      7.07
    ], 
    [
      0.58, 
      7.07
    ], 
    [
      0.59, 
      7.06
    ], 
    [
      1.77, 
      7.06
    ], 
    [
      1.78, 
      7.05
    ], 
    [
      2.95, 
      7.05
    ], 
    [
      2.96, 
      7.04
    ], 
    [
      3.45, 
      7.04
    ], 
    [
      3.46, 
      7.05
    ], 
    [
      3.55, 
      7.05
    ], 
    [
      3.56, 
      7.06
    ], 
    [
      3.57, 
      7.05
    ], 
    [
      3.58, 
      7.06
    ], 
    [
      3.58, 
      7.16
    ], 
    [
      3.57, 
      7.17
    ], 
    [
      3.57, 
      9.71
    ], 
    [
      8.47, 
      9.71
    ], 
    [
      8.47, 
      2.32
    ], 
    [
      7.26, 
      2.32
    ], 
    [
      7.25, 
      2.33
    ], 
    [
      6.38, 
      2.33
    ], 
    [
      6.37, 
      2.34
    ], 
    [
      5.9, 
      2.34
    ], 
    [
      5.89, 
      2.35
    ], 
    [
      5.84, 
      2.35
    ], 
    [
      5.83, 
      2.34
    ], 
    [
      5.83, 
      2.3
    ], 
    [
      4.38, 
      2.3
    ], 
    [
      4.36, 
      2.28
    ], 
    [
      4.36, 
      1.78
    ], 
    [
      4.37, 
      1.77
    ], 
    [
      4.46, 
      1.77
    ], 
    [
      4.47, 
      1.78
    ], 
    [
      4.47, 
      2.19
    ], 
    [
      5.88, 
      2.19
    ], 
    [
      5.88, 
      2.11
    ], 
    [
      5.89, 
      2.1
    ], 
    [
      5.98, 
      2.1
    ], 
    [
      5.99, 
      2.11
    ], 
    [
      5.99, 
      2.21
    ], 
    [
      8.13, 
      2.21
    ], 
    [
      8.14, 
      2.2
    ], 
    [
      8.46, 
      2.2
    ], 
    [
      8.46, 
      0.13
    ], 
    [
      8.44, 
      0.13
    ], 
    [
      8.43, 
      0.12
    ], 
    [
      8.34, 
      0.12
    ], 
    [
      8.33, 
      0.13
    ], 
    [
      7.88, 
      0.13
    ], 
    [
      7.87, 
      0.14
    ], 
    [
      7.41, 
      0.14
    ], 
    [
      7.4, 
      0.15
    ], 
    [
      5.93, 
      0.15
    ], 
    [
      5.93, 
      0.3
    ], 
    [
      5.94, 
      0.31
    ], 
    [
      5.94, 
      0.66
    ], 
    [
      5.95, 
      0.67
    ], 
    [
      5.95, 
      1.02
    ], 
    [
      5.96, 
      1.03
    ], 
    [
      5.96, 
      1.38
    ], 
    [
      5.97, 
      1.39
    ], 
    [
      5.97, 
      1.74
    ], 
    [
      5.96, 
      1.75
    ], 
    [
      5.87, 
      1.75
    ], 
    [
      5.86, 
      1.74
    ], 
    [
      5.86, 
      1.39
    ], 
    [
      5.85, 
      1.38
    ], 
    [
      5.85, 
      1.03
    ], 
    [
      5.84, 
      1.02
    ], 
    [
      5.84, 
      0.67
    ], 
    [
      5.83, 
      0.66
    ], 
    [
      5.83, 
      0.31
    ], 
    [
      5.82, 
      0.3
    ], 
    [
      5.82, 
      0.15
    ], 
    [
      4.47, 
      0.15
    ], 
    [
      4.47, 
      0.56
    ], 
    [
      4.46, 
      0.57
    ], 
    [
      4.37, 
      0.57
    ], 
    [
      4.36, 
      0.56
    ], 
    [
      4.36, 
      0.15
    ], 
    [
      4.17, 
      0.15
    ], 
    [
      4.16, 
      0.14
    ], 
    [
      3.72, 
      0.14
    ], 
    [
      3.71, 
      0.13
    ], 
    [
      3.27, 
      0.13
    ], 
    [
      3.26, 
      0.12
    ], 
    [
      2.82, 
      0.12
    ], 
    [
      2.81, 
      0.11
    ], 
    [
      1.29, 
      0.11
    ], 
    [
      1.28, 
      0.1
    ]
  ], 
  "bbox": {
    "max": [
      8.47, 
      9.71
    ], 
    "min": [
      0.1, 
      0.1
    ]
  }, 
  "id": "2779dab02da18e37cfc6085b53faee75"
}