{
  "room_category": {
    "Toilet": {
      "simulation_statistics": [
        {
          "not_completed_agents": 0, 
          "max_evacuation_time": 11.600026, 
          "min_evacuation_time": 11.600026, 
          "exit_flow_rate": 0.08620670332980289, 
          "completed_agents": 1, 
          "max_traveled_distance": 11.57623, 
          "avg_evacuation_time": 11.600026, 
          "avg_traveled_distance": 11.57623, 
          "min_traveled_distance": 11.57623
        }
      ], 
      "bounds": [
        [
          8.72, 
          4.31, 
          11.67, 
          6.83
        ]
      ]
    }, 
    "Dining_Room": {
      "simulation_statistics": [
        {
          "not_completed_agents": 0, 
          "max_evacuation_time": 4.399999, 
          "min_evacuation_time": 0.0, 
          "exit_flow_rate": 2.045455010330684, 
          "completed_agents": 9, 
          "max_traveled_distance": 5.1812, 
          "avg_evacuation_time": 1.7611105555555555, 
          "avg_traveled_distance": 2.1367015555555557, 
          "min_traveled_distance": 0.0
        }
      ], 
      "bounds": [
        [
          -0.05, 
          -0.02, 
          6.42, 
          6.81
        ]
      ]
    }, 
    "Room": [
      [
        4.39, 
        6.61, 
        6.45, 
        6.8
      ]
    ], 
    "Kitchen": {
      "simulation_statistics": [
        {
          "not_completed_agents": 0, 
          "max_evacuation_time": 150.004547, 
          "min_evacuation_time": 3.849998, 
          "exit_flow_rate": 0.04666525208732506, 
          "completed_agents": 7, 
          "max_traveled_distance": 20.150848, 
          "avg_evacuation_time": 58.60620290909091, 
          "avg_traveled_distance": 11.953619545454545, 
          "min_traveled_distance": 5.48033
        }
      ], 
      "bounds": [
        [
          6.33, 
          -3.19, 
          11.67, 
          6.79
        ]
      ]
    }
  }, 
  "room_num": 4, 
  "verts": [
    [
      0.15, 
      0.1
    ], 
    [
      0.14, 
      0.11
    ], 
    [
      0.1, 
      0.11
    ], 
    [
      0.1, 
      6.7
    ], 
    [
      4.38, 
      6.7
    ], 
    [
      4.39, 
      6.69
    ], 
    [
      4.42, 
      6.69
    ], 
    [
      4.42, 
      5.27
    ], 
    [
      4.43, 
      5.26
    ], 
    [
      4.52, 
      5.26
    ], 
    [
      4.53, 
      5.27
    ], 
    [
      4.53, 
      6.69
    ], 
    [
      5.45, 
      6.69
    ], 
    [
      5.46, 
      6.68
    ], 
    [
      6.36, 
      6.68
    ], 
    [
      6.36, 
      6.07
    ], 
    [
      6.35, 
      6.06
    ], 
    [
      6.35, 
      4.64
    ], 
    [
      6.34, 
      4.63
    ], 
    [
      6.34, 
      3.87
    ], 
    [
      6.33, 
      3.86
    ], 
    [
      6.33, 
      3.81
    ], 
    [
      6.34, 
      3.8
    ], 
    [
      6.44, 
      3.8
    ], 
    [
      6.45, 
      3.81
    ], 
    [
      6.45, 
      4.63
    ], 
    [
      6.46, 
      4.64
    ], 
    [
      6.46, 
      6.06
    ], 
    [
      6.47, 
      6.07
    ], 
    [
      6.47, 
      6.68
    ], 
    [
      8.7, 
      6.68
    ], 
    [
      8.7, 
      6.13
    ], 
    [
      8.71, 
      6.12
    ], 
    [
      8.8, 
      6.12
    ], 
    [
      8.81, 
      6.13
    ], 
    [
      8.81, 
      6.68
    ], 
    [
      9.18, 
      6.68
    ], 
    [
      9.19, 
      6.69
    ], 
    [
      9.88, 
      6.69
    ], 
    [
      9.89, 
      6.7
    ], 
    [
      10.58, 
      6.7
    ], 
    [
      10.59, 
      6.71
    ], 
    [
      11.28, 
      6.71
    ], 
    [
      11.29, 
      6.72
    ], 
    [
      11.53, 
      6.72
    ], 
    [
      11.53, 
      4.34
    ], 
    [
      8.81, 
      4.34
    ], 
    [
      8.81, 
      5.11
    ], 
    [
      8.8, 
      5.12
    ], 
    [
      8.71, 
      5.12
    ], 
    [
      8.7, 
      5.11
    ], 
    [
      8.7, 
      4.24
    ], 
    [
      8.72, 
      4.22
    ], 
    [
      11.53, 
      4.22
    ], 
    [
      11.53, 
      0.11
    ], 
    [
      0.17, 
      0.11
    ], 
    [
      0.16, 
      0.1
    ]
  ], 
  "bbox": {
    "max": [
      11.53, 
      6.72
    ], 
    "min": [
      0.1, 
      0.1
    ]
  }, 
  "id": "2972810245ca83e72707a220745fe211"
}