{
  "room_category": {
    "Office": {
      "simulation_statistics": [
        {
          "not_completed_agents": 0, 
          "max_evacuation_time": 10.700023, 
          "min_evacuation_time": 3.399998, 
          "exit_flow_rate": 0.46728871517378984, 
          "completed_agents": 5, 
          "max_traveled_distance": 7.540867, 
          "avg_evacuation_time": 6.8500088, 
          "avg_traveled_distance": 6.318571, 
          "min_traveled_distance": 4.639473
        }, 
        {
          "not_completed_agents": 0, 
          "max_evacuation_time": 12.000028, 
          "min_evacuation_time": 1.2, 
          "exit_flow_rate": 2.1666616111229073, 
          "completed_agents": 26, 
          "max_traveled_distance": 12.26422, 
          "avg_evacuation_time": 5.226928615384616, 
          "avg_traveled_distance": 6.177404461538462, 
          "min_traveled_distance": 1.371412
        }
      ], 
      "bounds": [
        [
          0.01, 
          3.86, 
          5.2, 
          9.03
        ], 
        [
          -0.02, 
          -0.87, 
          13.21, 
          9.01
        ]
      ]
    }
  }, 
  "room_num": 4, 
  "verts": [
    [
      0.11, 
      0.1
    ], 
    [
      0.1, 
      0.11
    ], 
    [
      0.1, 
      4.55
    ], 
    [
      0.22, 
      4.55
    ], 
    [
      0.23, 
      4.56
    ], 
    [
      0.23, 
      4.65
    ], 
    [
      0.22, 
      4.66
    ], 
    [
      0.12, 
      4.66
    ], 
    [
      0.12, 
      8.87
    ], 
    [
      5.1, 
      8.87
    ], 
    [
      5.1, 
      4.66
    ], 
    [
      1.22, 
      4.66
    ], 
    [
      1.21, 
      4.65
    ], 
    [
      1.21, 
      4.56
    ], 
    [
      1.22, 
      4.55
    ], 
    [
      5.2, 
      4.55
    ], 
    [
      5.21, 
      4.56
    ], 
    [
      5.21, 
      4.58
    ], 
    [
      5.96, 
      4.58
    ], 
    [
      5.97, 
      4.59
    ], 
    [
      5.97, 
      4.68
    ], 
    [
      5.96, 
      4.69
    ], 
    [
      5.31, 
      4.69
    ], 
    [
      5.31, 
      8.9
    ], 
    [
      10.29, 
      8.9
    ], 
    [
      10.29, 
      4.69
    ], 
    [
      6.98, 
      4.69
    ], 
    [
      6.97, 
      4.68
    ], 
    [
      6.97, 
      4.59
    ], 
    [
      6.98, 
      4.58
    ], 
    [
      7.69, 
      4.58
    ], 
    [
      7.69, 
      2.97
    ], 
    [
      7.7, 
      2.96
    ], 
    [
      7.79, 
      2.96
    ], 
    [
      7.8, 
      2.97
    ], 
    [
      7.8, 
      4.55
    ], 
    [
      10.51, 
      4.55
    ], 
    [
      10.53, 
      4.57
    ], 
    [
      10.53, 
      8.82
    ], 
    [
      13.11, 
      8.82
    ], 
    [
      13.11, 
      0.17
    ], 
    [
      7.8, 
      0.17
    ], 
    [
      7.8, 
      1.75
    ], 
    [
      7.79, 
      1.76
    ], 
    [
      7.7, 
      1.76
    ], 
    [
      7.69, 
      1.75
    ], 
    [
      7.69, 
      0.1
    ]
  ], 
  "bbox": {
    "max": [
      13.11, 
      8.9
    ], 
    "min": [
      0.1, 
      0.1
    ]
  }, 
  "id": "29eab295c257844236e84ab8c805459c"
}