{
  "room_category": {
    "Room": {
      "simulation_statistics": [
        {
          "not_completed_agents": 0, 
          "max_evacuation_time": 8.150013, 
          "min_evacuation_time": 5.900004, 
          "exit_flow_rate": 0.2453983815731337, 
          "completed_agents": 2, 
          "max_traveled_distance": 9.767568, 
          "avg_evacuation_time": 7.0250085, 
          "avg_traveled_distance": 8.3723295, 
          "min_traveled_distance": 6.977091
        }
      ], 
      "bounds": [
        [
          6.98, 
          4.02, 
          11.83, 
          6.4
        ]
      ]
    }, 
    "Bedroom": {
      "simulation_statistics": [
        {
          "not_completed_agents": 0, 
          "max_evacuation_time": 3.349998, 
          "min_evacuation_time": 0.0, 
          "exit_flow_rate": 1.1940305636003365, 
          "completed_agents": 4, 
          "max_traveled_distance": 3.261627, 
          "avg_evacuation_time": 1.69999925, 
          "avg_traveled_distance": 1.9331085, 
          "min_traveled_distance": 0.0
        }, 
        {
          "not_completed_agents": 0, 
          "max_evacuation_time": 4.099998, 
          "min_evacuation_time": 3.149998, 
          "exit_flow_rate": 0.7317076740037434, 
          "completed_agents": 3, 
          "max_traveled_distance": 5.021035, 
          "avg_evacuation_time": 3.666664666666667, 
          "avg_traveled_distance": 4.855286666666667, 
          "min_traveled_distance": 4.648106
        }
      ], 
      "bounds": [
        [
          -0.02, 
          -0.03, 
          5.5, 
          3.4
        ], 
        [
          5.17, 
          -0.03, 
          9.34, 
          3.48
        ]
      ]
    }
  }, 
  "room_num": 5, 
  "verts": [
    [
      0.11, 
      0.1
    ], 
    [
      0.1, 
      0.11
    ], 
    [
      0.1, 
      3.28
    ], 
    [
      3.23, 
      3.28
    ], 
    [
      3.52, 
      2.99
    ], 
    [
      3.53, 
      2.99
    ], 
    [
      3.8, 
      2.72
    ], 
    [
      3.8, 
      2.7
    ], 
    [
      3.81, 
      2.69
    ], 
    [
      3.83, 
      2.69
    ], 
    [
      3.85, 
      2.67
    ], 
    [
      3.87, 
      2.69
    ], 
    [
      3.92, 
      2.69
    ], 
    [
      3.93, 
      2.68
    ], 
    [
      4.02, 
      2.68
    ], 
    [
      4.03, 
      2.69
    ], 
    [
      4.03, 
      2.79
    ], 
    [
      4.02, 
      2.8
    ], 
    [
      3.87, 
      2.8
    ], 
    [
      3.3, 
      3.37
    ], 
    [
      3.3, 
      3.39
    ], 
    [
      3.29, 
      3.4
    ], 
    [
      3.27, 
      3.4
    ], 
    [
      3.26, 
      3.41
    ], 
    [
      3.25, 
      3.4
    ], 
    [
      0.1, 
      3.4
    ], 
    [
      0.1, 
      6.94
    ], 
    [
      12.78, 
      6.94
    ], 
    [
      12.78, 
      0.1
    ], 
    [
      9.35, 
      0.1
    ], 
    [
      9.35, 
      3.38
    ], 
    [
      9.33, 
      3.4
    ], 
    [
      6.67, 
      3.4
    ], 
    [
      6.65, 
      3.38
    ], 
    [
      6.65, 
      2.8
    ], 
    [
      6.42, 
      2.8
    ], 
    [
      6.41, 
      2.79
    ], 
    [
      6.41, 
      2.69
    ], 
    [
      6.42, 
      2.68
    ], 
    [
      6.59, 
      2.68
    ], 
    [
      6.6, 
      2.69
    ], 
    [
      6.75, 
      2.69
    ], 
    [
      6.77, 
      2.71
    ], 
    [
      6.77, 
      3.28
    ], 
    [
      9.23, 
      3.28
    ], 
    [
      9.23, 
      0.1
    ], 
    [
      5.36, 
      0.1
    ], 
    [
      5.36, 
      0.19
    ], 
    [
      5.37, 
      0.2
    ], 
    [
      5.37, 
      0.36
    ], 
    [
      5.38, 
      0.37
    ], 
    [
      5.38, 
      0.53
    ], 
    [
      5.39, 
      0.54
    ], 
    [
      5.39, 
      0.7
    ], 
    [
      5.4, 
      0.71
    ], 
    [
      5.4, 
      0.86
    ], 
    [
      5.41, 
      0.87
    ], 
    [
      5.41, 
      1.03
    ], 
    [
      5.42, 
      1.04
    ], 
    [
      5.42, 
      1.2
    ], 
    [
      5.43, 
      1.21
    ], 
    [
      5.43, 
      1.37
    ], 
    [
      5.44, 
      1.38
    ], 
    [
      5.44, 
      1.54
    ], 
    [
      5.45, 
      1.55
    ], 
    [
      5.45, 
      1.71
    ], 
    [
      5.46, 
      1.72
    ], 
    [
      5.46, 
      1.88
    ], 
    [
      5.47, 
      1.89
    ], 
    [
      5.47, 
      2.04
    ], 
    [
      5.48, 
      2.05
    ], 
    [
      5.48, 
      2.07
    ], 
    [
      5.47, 
      2.08
    ], 
    [
      5.37, 
      2.08
    ], 
    [
      5.36, 
      2.07
    ], 
    [
      5.36, 
      2.06
    ], 
    [
      5.35, 
      2.05
    ], 
    [
      5.35, 
      1.9
    ], 
    [
      5.34, 
      1.89
    ], 
    [
      5.34, 
      1.73
    ], 
    [
      5.33, 
      1.72
    ], 
    [
      5.33, 
      1.56
    ], 
    [
      5.32, 
      1.55
    ], 
    [
      5.32, 
      1.39
    ], 
    [
      5.31, 
      1.38
    ], 
    [
      5.31, 
      1.22
    ], 
    [
      5.3, 
      1.21
    ], 
    [
      5.3, 
      1.05
    ], 
    [
      5.29, 
      1.04
    ], 
    [
      5.29, 
      0.88
    ], 
    [
      5.28, 
      0.87
    ], 
    [
      5.28, 
      0.72
    ], 
    [
      5.27, 
      0.71
    ], 
    [
      5.27, 
      0.55
    ], 
    [
      5.26, 
      0.54
    ], 
    [
      5.26, 
      0.38
    ], 
    [
      5.25, 
      0.37
    ], 
    [
      5.25, 
      0.21
    ], 
    [
      5.24, 
      0.2
    ], 
    [
      5.24, 
      0.1
    ]
  ], 
  "bbox": {
    "max": [
      12.78, 
      6.94
    ], 
    "min": [
      0.1, 
      0.1
    ]
  }, 
  "id": "2a4e8a0a634c7805c8fa1aa15cc703a9"
}