{
  "room_category": {
    "Toilet": {
      "simulation_statistics": [
        {
          "not_completed_agents": 0, 
          "max_evacuation_time": 17.400021, 
          "min_evacuation_time": 13.200032, 
          "exit_flow_rate": 0.22988478002411608, 
          "completed_agents": 4, 
          "max_traveled_distance": 21.533476, 
          "avg_evacuation_time": 15.1125325, 
          "avg_traveled_distance": 18.1401545, 
          "min_traveled_distance": 16.315693
        }, 
        {
          "not_completed_agents": 0, 
          "max_evacuation_time": 150.004547, 
          "min_evacuation_time": 20.799969, 
          "exit_flow_rate": 0.0066664645839035796, 
          "completed_agents": 1, 
          "max_traveled_distance": 25.383057, 
          "avg_evacuation_time": 143.20430605263158, 
          "avg_traveled_distance": 13.928970842105263, 
          "min_traveled_distance": 3.30591
        }
      ], 
      "bounds": [
        [
          14.83, 
          0.08, 
          18.61, 
          5.27
        ], 
        [
          14.65, 
          5.18, 
          32.57, 
          10.37
        ]
      ]
    }, 
    "Bathroom": {
      "simulation_statistics": [
        {
          "not_completed_agents": 0, 
          "max_evacuation_time": 16.350037, 
          "min_evacuation_time": 12.400029, 
          "exit_flow_rate": 0.24464776440567076, 
          "completed_agents": 4, 
          "max_traveled_distance": 20.418283, 
          "avg_evacuation_time": 14.675036, 
          "avg_traveled_distance": 17.428159, 
          "min_traveled_distance": 15.592221
        }, 
        {
          "not_completed_agents": 0, 
          "max_evacuation_time": 150.004547, 
          "min_evacuation_time": 19.699986, 
          "exit_flow_rate": 0.0066664645839035796, 
          "completed_agents": 1, 
          "max_traveled_distance": 24.164114, 
          "avg_evacuation_time": 143.14641221052634, 
          "avg_traveled_distance": 12.701695210526315, 
          "min_traveled_distance": 0.949098
        }
      ], 
      "bounds": [
        [
          14.83, 
          0.08, 
          18.61, 
          5.27
        ], 
        [
          14.65, 
          5.18, 
          32.57, 
          10.37
        ]
      ]
    }, 
    "Office": {
      "simulation_statistics": [
        {
          "not_completed_agents": 0, 
          "max_evacuation_time": 5.450003, 
          "min_evacuation_time": 2.599999, 
          "exit_flow_rate": 0.9174306876528325, 
          "completed_agents": 5, 
          "max_traveled_distance": 6.373659, 
          "avg_evacuation_time": 4.0099992, 
          "avg_traveled_distance": 4.9614244, 
          "min_traveled_distance": 3.352687
        }
      ], 
      "bounds": [
        [
          4.55, 
          2.09, 
          10.81, 
          6.04
        ]
      ]
    }, 
    "Living_Room": {
      "simulation_statistics": [
        {
          "not_completed_agents": 0, 
          "max_evacuation_time": 14.400037, 
          "min_evacuation_time": 3.249998, 
          "exit_flow_rate": 0.4166655960675657, 
          "completed_agents": 6, 
          "max_traveled_distance": 17.479115, 
          "avg_evacuation_time": 9.175017666666667, 
          "avg_traveled_distance": 10.550623833333333, 
          "min_traveled_distance": 3.843812
        }
      ], 
      "bounds": [
        [
          -0.02, 
          5.04, 
          5.17, 
          11.03
        ]
      ]
    }, 
    "Garage": {
      "simulation_statistics": [
        {
          "not_completed_agents": 0, 
          "max_evacuation_time": 150.004547, 
          "min_evacuation_time": 16.600033, 
          "exit_flow_rate": 0.013332929167807159, 
          "completed_agents": 2, 
          "max_traveled_distance": 23.316502, 
          "avg_evacuation_time": 140.18198948148148, 
          "avg_traveled_distance": 13.870396333333334, 
          "min_traveled_distance": 0.913777
        }
      ], 
      "bounds": [
        [
          20.38, 
          -0.26, 
          32.97, 
          10.31
        ]
      ]
    }, 
    "Bedroom": {
      "simulation_statistics": [
        {
          "not_completed_agents": 0, 
          "max_evacuation_time": 150.004547, 
          "min_evacuation_time": 150.004547, 
          "exit_flow_rate": 0.0, 
          "completed_agents": 0, 
          "max_traveled_distance": 18.324492, 
          "avg_evacuation_time": 150.004547, 
          "avg_traveled_distance": 12.735451600000001, 
          "min_traveled_distance": 2.315347
        }, 
        {
          "not_completed_agents": 0, 
          "max_evacuation_time": 11.600026, 
          "min_evacuation_time": 7.850012, 
          "exit_flow_rate": 0.5172402199788173, 
          "completed_agents": 6, 
          "max_traveled_distance": 13.5512, 
          "avg_evacuation_time": 9.741685666666667, 
          "avg_traveled_distance": 11.885081833333333, 
          "min_traveled_distance": 9.636616
        }
      ], 
      "bounds": [
        [
          10.18, 
          5.13, 
          15.37, 
          10.4
        ], 
        [
          10.22, 
          0.05, 
          15.55, 
          5.27
        ]
      ]
    }, 
    "Dining_Room": {
      "simulation_statistics": [
        {
          "not_completed_agents": 0, 
          "max_evacuation_time": 13.500033, 
          "min_evacuation_time": 4.599999, 
          "exit_flow_rate": 0.444443358027347, 
          "completed_agents": 6, 
          "max_traveled_distance": 16.931576, 
          "avg_evacuation_time": 7.3666765000000005, 
          "avg_traveled_distance": 8.628895666666667, 
          "min_traveled_distance": 5.670153
        }
      ], 
      "bounds": [
        [
          -0.02, 
          5.04, 
          5.17, 
          11.03
        ]
      ]
    }, 
    "Kitchen": {
      "simulation_statistics": [
        {
          "not_completed_agents": 0, 
          "max_evacuation_time": 1.799999, 
          "min_evacuation_time": 0.1, 
          "exit_flow_rate": 2.777779320988512, 
          "completed_agents": 5, 
          "max_traveled_distance": 2.252575, 
          "avg_evacuation_time": 1.0199995999999998, 
          "avg_traveled_distance": 1.2821152, 
          "min_traveled_distance": 0.128083
        }
      ], 
      "bounds": [
        [
          -0.05, 
          -0.05, 
          5.17, 
          5.17
        ]
      ]
    }
  }, 
  "room_num": 10,