{
  "room_category": {
    "Bathroom": {
      "simulation_statistics": [
        {
          "not_completed_agents": 0, 
          "max_evacuation_time": 150.004547, 
          "min_evacuation_time": 150.004547, 
          "exit_flow_rate": 0.0, 
          "completed_agents": 0, 
          "max_traveled_distance": 16.865919, 
          "avg_evacuation_time": 150.004547, 
          "avg_traveled_distance": 12.5605355, 
          "min_traveled_distance": 0.899779
        }
      ], 
      "bounds": [
        [
          -0.02, 
          2.83, 
          4.9, 
          6.85
        ]
      ]
    }, 
    "Bedroom": {
      "simulation_statistics": [
        {
          "not_completed_agents": 0, 
          "max_evacuation_time": 150.004547, 
          "min_evacuation_time": 150.004547, 
          "exit_flow_rate": 0.0, 
          "completed_agents": 0, 
          "max_traveled_distance": 18.872757, 
          "avg_evacuation_time": 150.004547, 
          "avg_traveled_distance": 9.96060511111111, 
          "min_traveled_distance": 1.040191
        }
      ], 
      "bounds": [
        [
          4.17, 
          0.08, 
          10.38, 
          7.57
        ]
      ]
    }
  }, 
  "room_num": 3, 
  "verts": [
    [
      10.41, 
      0.1
    ], 
    [
      10.41, 
      3.45
    ], 
    [
      10.4, 
      3.46
    ], 
    [
      10.29, 
      3.46
    ], 
    [
      10.28, 
      3.45
    ], 
    [
      10.28, 
      0.2
    ], 
    [
      4.29, 
      0.2
    ], 
    [
      4.28, 
      0.21
    ], 
    [
      4.28, 
      0.95
    ], 
    [
      4.29, 
      0.96
    ], 
    [
      4.29, 
      2.66
    ], 
    [
      4.3, 
      2.67
    ], 
    [
      4.3, 
      2.83
    ], 
    [
      4.29, 
      2.84
    ], 
    [
      4.29, 
      3.0
    ], 
    [
      4.28, 
      3.01
    ], 
    [
      4.2, 
      3.01
    ], 
    [
      4.2, 
      4.01
    ], 
    [
      4.29, 
      4.01
    ], 
    [
      4.3, 
      4.02
    ], 
    [
      4.3, 
      5.51
    ], 
    [
      4.31, 
      5.52
    ], 
    [
      4.31, 
      5.62
    ], 
    [
      4.3, 
      5.63
    ], 
    [
      4.1, 
      5.63
    ], 
    [
      4.09, 
      5.62
    ], 
    [
      4.09, 
      2.95
    ], 
    [
      0.11, 
      2.95
    ], 
    [
      0.1, 
      2.96
    ], 
    [
      0.1, 
      6.74
    ], 
    [
      4.08, 
      6.74
    ], 
    [
      4.08, 
      6.24
    ], 
    [
      4.09, 
      6.23
    ], 
    [
      4.09, 
      6.2
    ], 
    [
      4.1, 
      6.19
    ], 
    [
      4.1, 
      6.18
    ], 
    [
      4.14, 
      6.14
    ], 
    [
      4.15, 
      6.14
    ], 
    [
      4.16, 
      6.13
    ], 
    [
      4.19, 
      6.13
    ], 
    [
      4.2, 
      6.12
    ], 
    [
      4.21, 
      6.13
    ], 
    [
      4.24, 
      6.13
    ], 
    [
      4.25, 
      6.14
    ], 
    [
      4.26, 
      6.14
    ], 
    [
      4.3, 
      6.18
    ], 
    [
      4.3, 
      6.19
    ], 
    [
      4.31, 
      6.2
    ], 
    [
      4.31, 
      6.23
    ], 
    [
      4.32, 
      6.24
    ], 
    [
      4.32, 
      6.84
    ], 
    [
      10.28, 
      6.84
    ], 
    [
      10.28, 
      4.21
    ], 
    [
      10.29, 
      4.2
    ], 
    [
      10.4, 
      4.2
    ], 
    [
      10.41, 
      4.21
    ], 
    [
      10.41, 
      6.73
    ], 
    [
      12.67, 
      6.73
    ], 
    [
      12.67, 
      0.1
    ]
  ], 
  "bbox": {
    "max": [
      12.67, 
      6.84
    ], 
    "min": [
      0.1, 
      0.1
    ]
  }, 
  "id": "2f0ad16f427e40f38d1757c33ee95f4a"
}