{
  "room_category": {
    "Living_Room": {
      "simulation_statistics": [
        {
          "not_completed_agents": 0, 
          "max_evacuation_time": 8.250013, 
          "min_evacuation_time": 4.900001, 
          "exit_flow_rate": 0.6060596510575196, 
          "completed_agents": 5, 
          "max_traveled_distance": 10.241012, 
          "avg_evacuation_time": 6.4600067999999995, 
          "avg_traveled_distance": 8.170906200000001, 
          "min_traveled_distance": 6.403537
        }
      ], 
      "bounds": [
        [
          6.44, 
          4.46, 
          12.03, 
          9.04
        ]
      ]
    }, 
    "Kitchen": {
      "simulation_statistics": [
        {
          "not_completed_agents": 0, 
          "max_evacuation_time": 5.050001, 
          "min_evacuation_time": 0.9, 
          "exit_flow_rate": 1.5841581021469104, 
          "completed_agents": 8, 
          "max_traveled_distance": 6.574714, 
          "avg_evacuation_time": 2.84999925, 
          "avg_traveled_distance": 3.690807, 
          "min_traveled_distance": 1.169811
        }
      ], 
      "bounds": [
        [
          -0.03, 
          -0.04, 
          9.11, 
          4.53
        ]
      ]
    }
  }, 
  "room_num": 4, 
  "verts": [
    [
      0.11, 
      0.1
    ], 
    [
      0.1, 
      0.11
    ], 
    [
      0.1, 
      0.64
    ], 
    [
      0.11, 
      0.65
    ], 
    [
      0.11, 
      1.66
    ], 
    [
      0.12, 
      1.67
    ], 
    [
      0.12, 
      2.67
    ], 
    [
      0.13, 
      2.68
    ], 
    [
      0.13, 
      3.69
    ], 
    [
      0.14, 
      3.7
    ], 
    [
      0.14, 
      4.42
    ], 
    [
      2.81, 
      4.42
    ], 
    [
      2.82, 
      4.43
    ], 
    [
      2.82, 
      4.56
    ], 
    [
      2.81, 
      4.57
    ], 
    [
      0.16, 
      4.57
    ], 
    [
      0.16, 
      8.91
    ], 
    [
      6.42, 
      8.91
    ], 
    [
      6.42, 
      8.54
    ], 
    [
      6.43, 
      8.53
    ], 
    [
      6.53, 
      8.53
    ], 
    [
      6.54, 
      8.54
    ], 
    [
      6.54, 
      8.55
    ], 
    [
      6.53, 
      8.56
    ], 
    [
      6.53, 
      8.91
    ], 
    [
      11.92, 
      8.91
    ], 
    [
      11.92, 
      4.57
    ], 
    [
      6.53, 
      4.57
    ], 
    [
      6.53, 
      5.0
    ], 
    [
      6.54, 
      5.01
    ], 
    [
      6.54, 
      5.02
    ], 
    [
      6.53, 
      5.03
    ], 
    [
      6.43, 
      5.03
    ], 
    [
      6.42, 
      5.02
    ], 
    [
      6.42, 
      4.57
    ], 
    [
      6.33, 
      4.57
    ], 
    [
      6.32, 
      4.56
    ], 
    [
      6.32, 
      4.44
    ], 
    [
      6.33, 
      4.43
    ], 
    [
      9.0, 
      4.43
    ], 
    [
      9.0, 
      0.1
    ]
  ], 
  "bbox": {
    "max": [
      11.92, 
      8.91
    ], 
    "min": [
      0.1, 
      0.1
    ]
  }, 
  "id": "31879d917c950bd89842362187714425"
}