{
  "room_category": {
    "Office": {
      "simulation_statistics": [
        {
          "not_completed_agents": 0, 
          "max_evacuation_time": 150.004547, 
          "min_evacuation_time": 150.004547, 
          "exit_flow_rate": 0.0, 
          "completed_agents": 0, 
          "max_traveled_distance": 19.302528, 
          "avg_evacuation_time": 150.004547, 
          "avg_traveled_distance": 13.9542836, 
          "min_traveled_distance": 1.357956
        }
      ], 
      "bounds": [
        [
          10.18, 
          -0.02, 
          15.37, 
          5.2
        ]
      ]
    }, 
    "Bedroom": {
      "simulation_statistics": [
        {
          "not_completed_agents": 0, 
          "max_evacuation_time": 1.6, 
          "min_evacuation_time": 0.0, 
          "exit_flow_rate": 3.125, 
          "completed_agents": 5, 
          "max_traveled_distance": 2.031872, 
          "avg_evacuation_time": 1.01, 
          "avg_traveled_distance": 1.2333242, 
          "min_traveled_distance": 0.0
        }
      ], 
      "bounds": [
        [
          -0.02, 
          -0.02, 
          5.17, 
          5.17
        ]
      ]
    }
  }, 
  "room_num": 3, 
  "verts": [
    [
      0.11, 
      0.1
    ], 
    [
      0.1, 
      0.11
    ], 
    [
      0.1, 
      5.06
    ], 
    [
      5.07, 
      5.06
    ], 
    [
      5.07, 
      3.34
    ], 
    [
      5.08, 
      3.33
    ], 
    [
      5.18, 
      3.33
    ], 
    [
      5.19, 
      3.34
    ], 
    [
      5.19, 
      5.06
    ], 
    [
      10.17, 
      5.06
    ], 
    [
      10.17, 
      4.05
    ], 
    [
      10.18, 
      4.04
    ], 
    [
      10.28, 
      4.04
    ], 
    [
      10.29, 
      4.05
    ], 
    [
      10.28, 
      4.06
    ], 
    [
      10.29, 
      4.07
    ], 
    [
      10.29, 
      5.06
    ], 
    [
      15.26, 
      5.06
    ], 
    [
      15.26, 
      0.1
    ], 
    [
      10.28, 
      0.1
    ], 
    [
      10.28, 
      0.14
    ], 
    [
      10.29, 
      0.15
    ], 
    [
      10.29, 
      3.29
    ], 
    [
      10.28, 
      3.3
    ], 
    [
      10.18, 
      3.3
    ], 
    [
      10.17, 
      3.29
    ], 
    [
      10.17, 
      0.1
    ], 
    [
      5.19, 
      0.1
    ], 
    [
      5.19, 
      2.54
    ], 
    [
      5.18, 
      2.55
    ], 
    [
      5.08, 
      2.55
    ], 
    [
      5.07, 
      2.54
    ], 
    [
      5.08, 
      2.53
    ], 
    [
      5.08, 
      2.49
    ], 
    [
      5.07, 
      2.48
    ], 
    [
      5.07, 
      0.1
    ]
  ], 
  "bbox": {
    "max": [
      15.26, 
      5.06
    ], 
    "min": [
      0.1, 
      0.1
    ]
  }, 
  "id": "31e0661992d3d0448a733da246239671"
}