{
  "room_category": {
    "Kitchen": {
      "simulation_statistics": [
        {
          "not_completed_agents": 0, 
          "max_evacuation_time": 6.200006, 
          "min_evacuation_time": 0.0, 
          "exit_flow_rate": 1.7741918314272598, 
          "completed_agents": 11, 
          "max_traveled_distance": 7.260303, 
          "avg_evacuation_time": 3.6499996363636367, 
          "avg_traveled_distance": 4.105913999999999, 
          "min_traveled_distance": 0.0
        }
      ], 
      "bounds": [
        [
          -0.02, 
          -0.02, 
          8.19, 
          6.96
        ]
      ]
    }
  }, 
  "room_num": 3, 
  "verts": [
    [
      7.2, 
      0.1
    ], 
    [
      7.19, 
      0.11
    ], 
    [
      5.71, 
      0.11
    ], 
    [
      5.7, 
      0.12
    ], 
    [
      4.08, 
      0.12
    ], 
    [
      4.07, 
      0.13
    ], 
    [
      1.95, 
      0.13
    ], 
    [
      1.94, 
      0.14
    ], 
    [
      0.65, 
      0.14
    ], 
    [
      0.64, 
      0.15
    ], 
    [
      0.11, 
      0.15
    ], 
    [
      0.1, 
      0.16
    ], 
    [
      0.1, 
      6.85
    ], 
    [
      8.05, 
      6.85
    ], 
    [
      8.05, 
      2.52
    ], 
    [
      8.06, 
      2.51
    ], 
    [
      8.15, 
      2.51
    ], 
    [
      8.16, 
      2.52
    ], 
    [
      8.16, 
      6.96
    ], 
    [
      8.17, 
      6.97
    ], 
    [
      8.17, 
      7.53
    ], 
    [
      10.02, 
      7.53
    ], 
    [
      10.03, 
      7.52
    ], 
    [
      10.84, 
      7.52
    ], 
    [
      10.85, 
      7.53
    ], 
    [
      10.93, 
      7.53
    ], 
    [
      10.94, 
      7.52
    ], 
    [
      11.85, 
      7.52
    ], 
    [
      11.86, 
      7.53
    ], 
    [
      11.86, 
      7.7
    ], 
    [
      11.85, 
      7.71
    ], 
    [
      10.96, 
      7.71
    ], 
    [
      10.96, 
      12.68
    ], 
    [
      15.93, 
      12.68
    ], 
    [
      15.93, 
      10.1
    ], 
    [
      15.94, 
      10.09
    ], 
    [
      15.94, 
      7.69
    ], 
    [
      14.98, 
      7.69
    ], 
    [
      14.97, 
      7.68
    ], 
    [
      14.97, 
      7.6
    ], 
    [
      14.96, 
      7.59
    ], 
    [
      14.97, 
      7.58
    ], 
    [
      14.97, 
      7.53
    ], 
    [
      14.96, 
      7.52
    ], 
    [
      14.97, 
      7.51
    ], 
    [
      16.05, 
      7.51
    ], 
    [
      16.06, 
      7.5
    ], 
    [
      17.37, 
      7.5
    ], 
    [
      17.38, 
      7.49
    ], 
    [
      18.04, 
      7.49
    ], 
    [
      18.04, 
      0.4
    ], 
    [
      8.16, 
      0.4
    ], 
    [
      8.16, 
      0.66
    ], 
    [
      8.15, 
      0.67
    ], 
    [
      8.06, 
      0.67
    ], 
    [
      8.05, 
      0.66
    ], 
    [
      8.05, 
      0.29
    ], 
    [
      8.04, 
      0.28
    ], 
    [
      8.04, 
      0.1
    ]
  ], 
  "bbox": {
    "max": [
      18.04, 
      12.68
    ], 
    "min": [
      0.1, 
      0.1
    ]
  }, 
  "id": "324de6576bc51438ade1698e203cf9cf"
}