{
  "room_category": {
    "Room": {
      "simulation_statistics": [
        {
          "not_completed_agents": 0, 
          "max_evacuation_time": 5.550003, 
          "min_evacuation_time": 1.699999, 
          "exit_flow_rate": 0.5405402483566225, 
          "completed_agents": 3, 
          "max_traveled_distance": 5.34855, 
          "avg_evacuation_time": 3.7666663333333332, 
          "avg_traveled_distance": 3.709808666666667, 
          "min_traveled_distance": 1.865413
        }, 
        {
          "not_completed_agents": 0, 
          "max_evacuation_time": 2.949998, 
          "min_evacuation_time": 0.25, 
          "exit_flow_rate": 1.694916403333155, 
          "completed_agents": 5, 
          "max_traveled_distance": 3.689607, 
          "avg_evacuation_time": 1.3699996, 
          "avg_traveled_distance": 1.7555608, 
          "min_traveled_distance": 0.291526
        }, 
        {
          "not_completed_agents": 0, 
          "max_evacuation_time": 8.550014, 
          "min_evacuation_time": 3.199998, 
          "exit_flow_rate": 0.5847943640794039, 
          "completed_agents": 5, 
          "max_traveled_distance": 6.599784, 
          "avg_evacuation_time": 5.7600044, 
          "avg_traveled_distance": 5.736899599999999, 
          "min_traveled_distance": 4.469119
        }
      ], 
      "bounds": [
        [
          -0.01, 
          3.37, 
          5.12, 
          6.48
        ], 
        [
          -0.02, 
          -0.02, 
          5.17, 
          5.19
        ], 
        [
          5.08, 
          -0.02, 
          10.27, 
          5.19
        ]
      ]
    }
  }, 
  "room_num": 3, 
  "verts": [
    [
      0.11, 
      0.1
    ], 
    [
      0.1, 
      0.11
    ], 
    [
      0.1, 
      5.06
    ], 
    [
      1.44, 
      5.06
    ], 
    [
      1.44, 
      4.88
    ], 
    [
      1.45, 
      4.87
    ], 
    [
      1.54, 
      4.87
    ], 
    [
      1.55, 
      4.88
    ], 
    [
      1.55, 
      5.07
    ], 
    [
      1.97, 
      5.07
    ], 
    [
      1.98, 
      5.08
    ], 
    [
      1.98, 
      5.17
    ], 
    [
      1.97, 
      5.18
    ], 
    [
      1.56, 
      5.18
    ], 
    [
      1.56, 
      6.23
    ], 
    [
      3.6, 
      6.23
    ], 
    [
      3.6, 
      5.18
    ], 
    [
      3.19, 
      5.18
    ], 
    [
      3.18, 
      5.17
    ], 
    [
      3.18, 
      5.08
    ], 
    [
      3.19, 
      5.07
    ], 
    [
      3.61, 
      5.07
    ], 
    [
      3.61, 
      3.48
    ], 
    [
      1.55, 
      3.48
    ], 
    [
      1.55, 
      3.66
    ], 
    [
      1.54, 
      3.67
    ], 
    [
      1.45, 
      3.67
    ], 
    [
      1.44, 
      3.66
    ], 
    [
      1.44, 
      3.37
    ], 
    [
      1.45, 
      3.36
    ], 
    [
      3.71, 
      3.36
    ], 
    [
      3.72, 
      3.37
    ], 
    [
      3.72, 
      5.06
    ], 
    [
      5.07, 
      5.06
    ], 
    [
      5.07, 
      3.19
    ], 
    [
      5.08, 
      3.18
    ], 
    [
      5.17, 
      3.18
    ], 
    [
      5.18, 
      3.19
    ], 
    [
      5.18, 
      5.06
    ], 
    [
      10.16, 
      5.06
    ], 
    [
      10.16, 
      0.1
    ], 
    [
      5.19, 
      0.1
    ], 
    [
      5.19, 
      0.18
    ], 
    [
      5.18, 
      0.19
    ], 
    [
      5.18, 
      1.97
    ], 
    [
      5.17, 
      1.98
    ], 
    [
      5.08, 
      1.98
    ], 
    [
      5.07, 
      1.97
    ], 
    [
      5.07, 
      0.1
    ]
  ], 
  "bbox": {
    "max": [
      10.16, 
      6.23
    ], 
    "min": [
      0.1, 
      0.1
    ]
  }, 
  "id": "32fb32eb24d9684a2a73fee75c00ca3e"
}