{
  "room_category": {
    "Toilet": {
      "simulation_statistics": [
        {
          "not_completed_agents": 0, 
          "max_evacuation_time": 20.799969, 
          "min_evacuation_time": 8.050013, 
          "exit_flow_rate": 0.2884619683808182, 
          "completed_agents": 6, 
          "max_traveled_distance": 16.104231, 
          "avg_evacuation_time": 14.691675666666667, 
          "avg_traveled_distance": 14.586321666666665, 
          "min_traveled_distance": 11.065089
        }
      ], 
      "bounds": [
        [
          6.18, 
          5.57, 
          11.37, 
          11.0
        ]
      ]
    }, 
    "Bathroom": {
      "simulation_statistics": [
        {
          "not_completed_agents": 0, 
          "max_evacuation_time": 25.499897, 
          "min_evacuation_time": 9.200017, 
          "exit_flow_rate": 0.2352950680545886, 
          "completed_agents": 6, 
          "max_traveled_distance": 19.104239, 
          "avg_evacuation_time": 17.80830883333333, 
          "avg_traveled_distance": 15.425566166666668, 
          "min_traveled_distance": 13.140451
        }
      ], 
      "bounds": [
        [
          6.18, 
          5.57, 
          11.37, 
          11.0
        ]
      ]
    }, 
    "Office": {
      "simulation_statistics": [
        {
          "not_completed_agents": 0, 
          "max_evacuation_time": 21.249962, 
          "min_evacuation_time": 10.900023, 
          "exit_flow_rate": 0.14117672304543416, 
          "completed_agents": 3, 
          "max_traveled_distance": 19.376389, 
          "avg_evacuation_time": 16.350004333333334, 
          "avg_traveled_distance": 18.208802000000002, 
          "min_traveled_distance": 16.361795
        }
      ], 
      "bounds": [
        [
          10.18, 
          -0.05, 
          13.81, 
          4.74
        ]
      ]
    }, 
    "Living_Room": {
      "simulation_statistics": [
        {
          "not_completed_agents": 0, 
          "max_evacuation_time": 150.004547, 
          "min_evacuation_time": 0.0, 
          "exit_flow_rate": 0.2799915125239503, 
          "completed_agents": 42, 
          "max_traveled_distance": 22.219713, 
          "avg_evacuation_time": 52.96137086666667, 
          "avg_traveled_distance": 12.431346266666667, 
          "min_traveled_distance": 0.0
        }
      ], 
      "bounds": [
        [
          -0.02, 
          -0.05, 
          25.31, 
          11.78
        ]
      ]
    }, 
    "Garage": {
      "simulation_statistics": [
        {
          "not_completed_agents": 0, 
          "max_evacuation_time": 150.004547, 
          "min_evacuation_time": 24.149918, 
          "exit_flow_rate": 0.0066664645839035796, 
          "completed_agents": 1, 
          "max_traveled_distance": 30.500723, 
          "avg_evacuation_time": 129.0287755, 
          "avg_traveled_distance": 14.601816333333334, 
          "min_traveled_distance": 1.707495
        }
      ], 
      "bounds": [
        [
          25.22, 
          4.86, 
          30.44, 
          10.91
        ]
      ]
    }, 
    "Bedroom": {
      "simulation_statistics": [
        {
          "not_completed_agents": 0, 
          "max_evacuation_time": 1.5, 
          "min_evacuation_time": 0.0, 
          "exit_flow_rate": 3.3333333333333335, 
          "completed_agents": 5, 
          "max_traveled_distance": 2.288311, 
          "avg_evacuation_time": 0.74, 
          "avg_traveled_distance": 0.9757626, 
          "min_traveled_distance": 0.0
        }, 
        {
          "not_completed_agents": 0, 
          "max_evacuation_time": 9.90002, 
          "min_evacuation_time": 5.100001, 
          "exit_flow_rate": 0.6060593816982188, 
          "completed_agents": 6, 
          "max_traveled_distance": 11.460011, 
          "avg_evacuation_time": 6.908341666666666, 
          "avg_traveled_distance": 8.577170666666667, 
          "min_traveled_distance": 7.344883
        }, 
        {
          "not_completed_agents": 0, 
          "max_evacuation_time": 23.34993, 
          "min_evacuation_time": 6.350006, 
          "exit_flow_rate": 0.21413340425431682, 
          "completed_agents": 5, 
          "max_traveled_distance": 15.276768, 
          "avg_evacuation_time": 13.249989199999998, 
          "avg_traveled_distance": 12.842629800000001, 
          "min_traveled_distance": 9.283461
        }
      ], 
      "bounds": [
        [
          -0.05, 
          -0.05, 
          5.17, 
          4.74
        ], 
        [
          -0.05, 
          6.22, 
          6.27, 
          10.94
        ], 
        [
          5.08, 
          -0.05, 
          10.27, 
          4.74
        ]
      ]
    }, 
    "Kitchen": {
      "simulation_statistics": [
        {
          "not_completed_agents": 0, 
          "max_evacuation_time": 150.004547, 
          "min_evacuation_time": 150.004547, 
          "exit_flow_rate": 0.0, 
          "completed_agents": 0, 
          "max_traveled_distance": 19.237469, 
          "avg_evacuation_time": 150.004547, 
          "avg_traveled_distance": 9.337940142857144, 
          "min_traveled_distance": 1.145977
        }
      ], 
      "bounds": [
        [
          19.26, 
          -0.05, 
          25.31, 
          11.78
        ]
      ]
    }
  }, 
  "room_num": 8,