{
  "room_category": {
    "Office": {
      "simulation_statistics": [
        {
          "not_completed_agents": 0, 
          "max_evacuation_time": 6.500007, 
          "min_evacuation_time": 2.549999, 
          "exit_flow_rate": 0.7692299408292945, 
          "completed_agents": 5, 
          "max_traveled_distance": 6.058592, 
          "avg_evacuation_time": 4.3600008, 
          "avg_traveled_distance": 4.5789386, 
          "min_traveled_distance": 3.238056
        }
      ], 
      "bounds": [
        [
          8.38, 
          -0.63, 
          12.67, 
          5.16
        ]
      ]
    }, 
    "Bedroom": {
      "simulation_statistics": [
        {
          "not_completed_agents": 0, 
          "max_evacuation_time": 150.004547, 
          "min_evacuation_time": 150.004547, 
          "exit_flow_rate": 0.0, 
          "completed_agents": 0, 
          "max_traveled_distance": 11.376781, 
          "avg_evacuation_time": 150.004547, 
          "avg_traveled_distance": 9.676887, 
          "min_traveled_distance": 7.509926
        }, 
        {
          "not_completed_agents": 0, 
          "max_evacuation_time": 1.649999, 
          "min_evacuation_time": 0.0, 
          "exit_flow_rate": 2.4242438934811474, 
          "completed_agents": 4, 
          "max_traveled_distance": 1.826392, 
          "avg_evacuation_time": 0.51249975, 
          "avg_traveled_distance": 0.57904475, 
          "min_traveled_distance": 0.0
        }
      ], 
      "bounds": [
        [
          -0.04, 
          0.0, 
          4.3, 
          5.13
        ], 
        [
          4.2, 
          -0.04, 
          8.47, 
          5.16
        ]
      ]
    }
  }, 
  "room_num": 7, 
  "verts": [
    [
      4.96, 
      0.1
    ], 
    [
      4.95, 
      0.11
    ], 
    [
      4.49, 
      0.11
    ], 
    [
      4.48, 
      0.12
    ], 
    [
      4.01, 
      0.12
    ], 
    [
      4.0, 
      0.13
    ], 
    [
      3.49, 
      0.13
    ], 
    [
      3.48, 
      0.14
    ], 
    [
      2.95, 
      0.14
    ], 
    [
      2.94, 
      0.15
    ], 
    [
      2.23, 
      0.15
    ], 
    [
      2.22, 
      0.16
    ], 
    [
      1.73, 
      0.16
    ], 
    [
      1.72, 
      0.17
    ], 
    [
      1.24, 
      0.17
    ], 
    [
      1.23, 
      0.18
    ], 
    [
      0.74, 
      0.18
    ], 
    [
      0.73, 
      0.19
    ], 
    [
      0.24, 
      0.19
    ], 
    [
      0.23, 
      0.2
    ], 
    [
      0.11, 
      0.2
    ], 
    [
      0.1, 
      0.21
    ], 
    [
      0.1, 
      5.02
    ], 
    [
      4.18, 
      5.02
    ], 
    [
      4.18, 
      2.48
    ], 
    [
      4.19, 
      2.47
    ], 
    [
      4.19, 
      0.73
    ], 
    [
      4.2, 
      0.72
    ], 
    [
      4.3, 
      0.72
    ], 
    [
      4.31, 
      0.73
    ], 
    [
      4.31, 
      2.47
    ], 
    [
      4.3, 
      2.48
    ], 
    [
      4.3, 
      5.02
    ], 
    [
      8.36, 
      5.02
    ], 
    [
      8.36, 
      3.17
    ], 
    [
      8.37, 
      3.16
    ], 
    [
      8.47, 
      3.16
    ], 
    [
      8.48, 
      3.17
    ], 
    [
      8.48, 
      5.02
    ], 
    [
      12.56, 
      5.02
    ], 
    [
      12.56, 
      0.11
    ], 
    [
      8.48, 
      0.11
    ], 
    [
      8.48, 
      1.95
    ], 
    [
      8.47, 
      1.96
    ], 
    [
      8.37, 
      1.96
    ], 
    [
      8.36, 
      1.95
    ], 
    [
      8.36, 
      0.11
    ], 
    [
      7.15, 
      0.11
    ], 
    [
      7.14, 
      0.1
    ]
  ], 
  "bbox": {
    "max": [
      12.56, 
      5.02
    ], 
    "min": [
      0.1, 
      0.1
    ]
  }, 
  "id": "38275ddfdd9dac8f0380a89e13c8bc7f"
}