{
  "room_category": {
    "Toilet": {
      "simulation_statistics": [
        {
          "not_completed_agents": 0, 
          "max_evacuation_time": 150.004547, 
          "min_evacuation_time": 32.749786, 
          "exit_flow_rate": 0.013332929167807159, 
          "completed_agents": 2, 
          "max_traveled_distance": 43.296349, 
          "avg_evacuation_time": 78.15127666666667, 
          "avg_traveled_distance": 27.821825, 
          "min_traveled_distance": 3.781064
        }, 
        {
          "not_completed_agents": 0, 
          "max_evacuation_time": 26.649879, 
          "min_evacuation_time": 16.10004, 
          "exit_flow_rate": 0.07504724505503384, 
          "completed_agents": 2, 
          "max_traveled_distance": 33.086647, 
          "avg_evacuation_time": 21.3749595, 
          "avg_traveled_distance": 26.422845, 
          "min_traveled_distance": 19.759043
        }, 
        {
          "not_completed_agents": 0, 
          "max_evacuation_time": 150.004547, 
          "min_evacuation_time": 46.849571, 
          "exit_flow_rate": 0.013332929167807159, 
          "completed_agents": 2, 
          "max_traveled_distance": 43.186852, 
          "avg_evacuation_time": 86.71781266666666, 
          "avg_traveled_distance": 27.652689, 
          "min_traveled_distance": 4.154035
        }, 
        {
          "not_completed_agents": 0, 
          "max_evacuation_time": 0.7, 
          "min_evacuation_time": 0.6, 
          "exit_flow_rate": 2.857142857142857, 
          "completed_agents": 2, 
          "max_traveled_distance": 1.085614, 
          "avg_evacuation_time": 0.6499999999999999, 
          "avg_traveled_distance": 1.044329, 
          "min_traveled_distance": 1.003044
        }
      ], 
      "bounds": [
        [
          -0.02, 
          20.27, 
          3.19, 
          25.49
        ], 
        [
          15.14, 
          10.43, 
          18.37, 
          14.15
        ], 
        [
          -0.02, 
          12.17, 
          3.19, 
          17.39
        ], 
        [
          7.41, 
          -0.05, 
          10.6, 
          3.73
        ]
      ]
    }, 
    "Bathroom": {
      "simulation_statistics": [
        {
          "not_completed_agents": 0, 
          "max_evacuation_time": 43.449623, 
          "min_evacuation_time": 22.999935, 
          "exit_flow_rate": 0.04603031883613812, 
          "completed_agents": 2, 
          "max_traveled_distance": 36.394825, 
          "avg_evacuation_time": 33.224779, 
          "avg_traveled_distance": 29.991291999999998, 
          "min_traveled_distance": 23.587759
        }
      ], 
      "bounds": [
        [
          15.14, 
          10.43, 
          18.37, 
          14.15
        ]
      ]
    }, 
    "Living_Room": {
      "simulation_statistics": [
        {
          "not_completed_agents": 0, 
          "max_evacuation_time": 65.149376, 
          "min_evacuation_time": 17.050026, 
          "exit_flow_rate": 0.3069868236343507, 
          "completed_agents": 20, 
          "max_traveled_distance": 53.863026, 
          "avg_evacuation_time": 38.6247009, 
          "avg_traveled_distance": 39.729881999999996, 
          "min_traveled_distance": 22.505276
        }, 
        {
          "not_completed_agents": 0, 
          "max_evacuation_time": 58.249397, 
          "min_evacuation_time": 3.649998, 
          "exit_flow_rate": 0.29184851475801543, 
          "completed_agents": 17, 
          "max_traveled_distance": 48.178539, 
          "avg_evacuation_time": 17.779332, 
          "avg_traveled_distance": 17.073610352941177, 
          "min_traveled_distance": 4.669976
        }
      ], 
      "bounds": [
        [
          3.08, 
          17.27, 
          15.3, 
          25.46
        ], 
        [
          3.08, 
          3.56, 
          15.3, 
          10.52
        ]
      ]
    }, 
    "Office": {
      "simulation_statistics": [
        {
          "not_completed_agents": 0, 
          "max_evacuation_time": 68.799599, 
          "min_evacuation_time": 14.200036, 
          "exit_flow_rate": 0.2906993687564952, 
          "completed_agents": 20, 
          "max_traveled_distance": 57.025703, 
          "avg_evacuation_time": 30.372337799999997, 
          "avg_traveled_distance": 33.31292245, 
          "min_traveled_distance": 21.066572
        }, 
        {
          "not_completed_agents": 0, 
          "max_evacuation_time": 54.949448, 
          "min_evacuation_time": 39.499683, 
          "exit_flow_rate": 0.07279417984326249, 
          "completed_agents": 4, 
          "max_traveled_distance": 54.422115, 
          "avg_evacuation_time": 48.074552749999995, 
          "avg_traveled_distance": 47.2423695, 
          "min_traveled_distance": 38.214947
        }, 
        {
          "not_completed_agents": 0, 
          "max_evacuation_time": 62.149338, 
          "min_evacuation_time": 10.600022, 
          "exit_flow_rate": 0.3057152434994561, 
          "completed_agents": 19, 
          "max_traveled_distance": 53.216152, 
          "avg_evacuation_time": 32.583983315789474, 
          "avg_traveled_distance": 33.013319, 
          "min_traveled_distance": 13.387961
        }, 
        {
          "not_completed_agents": 0, 
          "max_evacuation_time": 66.949486, 
          "min_evacuation_time": 2.249999, 
          "exit_flow_rate": 0.2539227859045849, 
          "completed_agents": 17, 
          "max_traveled_distance": 48.262695, 
          "avg_evacuation_time": 17.744040000000002, 
          "avg_traveled_distance": 16.95233711764706, 
          "min_traveled_distance": 2.697948
        }
      ], 
      "bounds": [
        [
          3.08, 
          17.27, 
          15.3, 
          25.46
        ], 
        [
          3.05, 
          25.33, 
          6.3, 
          31.43
        ], 
        [
          3.08, 
          9.8, 
          15.3, 
          17.41
        ], 
        [
          3.08, 
          3.56, 
          15.3, 
          10.52
        ]
      ]
    }, 
    "Kitchen": {
      "simulation_statistics": [
        {
          "not_completed_agents": 0, 
          "max_evacuation_time": 150.004547, 
          "min_evacuation_time": 45.549591, 
          "exit_flow_rate": 0.0066664645839035796, 
          "completed_agents": 1, 
          "max_traveled_distance": 46.047337, 
          "avg_evacuation_time": 97.777069, 
          "avg_traveled_distance": 24.469763999999998, 
          "min_traveled_distance": 2.892191
        }
      ], 
      "bounds": [
        [
          8.73, 
          25.36, 
          11.92, 
          28.61
        ]
      ]
    }
  }, 
  "room_num": 9,