{
  "room_category": {
    "Bedroom": {
      "simulation_statistics": [
        {
          "not_completed_agents": 0, 
          "max_evacuation_time": 150.004547, 
          "min_evacuation_time": 0.0, 
          "exit_flow_rate": 1.8666100834930024, 
          "completed_agents": 280, 
          "max_traveled_distance": 56.470524, 
          "avg_evacuation_time": 23.669308017793593, 
          "avg_traveled_distance": 28.659370181494662, 
          "min_traveled_distance": 0.0
        }
      ], 
      "bounds": [
        [
          -37.36, 
          -27.38, 
          5.79, 
          5.17
        ]
      ]
    }, 
    "Office": {
      "simulation_statistics": [
        {
          "not_completed_agents": 0, 
          "max_evacuation_time": 150.004547, 
          "min_evacuation_time": 0.0, 
          "exit_flow_rate": 2.3399290689501564, 
          "completed_agents": 351, 
          "max_traveled_distance": 56.396687, 
          "avg_evacuation_time": 21.497944076704545, 
          "avg_traveled_distance": 26.243828389204545, 
          "min_traveled_distance": 0.0
        }
      ], 
      "bounds": [
        [
          -37.36, 
          -27.38, 
          16.73, 
          5.2
        ]
      ]
    }, 
    "Kitchen": {
      "simulation_statistics": [
        {
          "not_completed_agents": 0, 
          "max_evacuation_time": 15.000039, 
          "min_evacuation_time": 9.750019, 
          "exit_flow_rate": 0.399998960002704, 
          "completed_agents": 6, 
          "max_traveled_distance": 19.888515, 
          "avg_evacuation_time": 12.891697666666666, 
          "avg_traveled_distance": 16.859135, 
          "min_traveled_distance": 12.592051
        }
      ], 
      "bounds": [
        [
          10.97, 
          10.09, 
          16.78, 
          15.29
        ]
      ]
    }
  }, 
  "room_num": 8, 
  "verts": [
    [
      0.11, 
      0.1
    ], 
    [
      0.1, 
      0.11
    ], 
    [
      0.1, 
      5.06
    ], 
    [
      1.72, 
      5.06
    ], 
    [
      1.73, 
      5.07
    ], 
    [
      2.15, 
      5.07
    ], 
    [
      2.16, 
      5.08
    ], 
    [
      2.16, 
      5.18
    ], 
    [
      2.15, 
      5.19
    ], 
    [
      1.84, 
      5.19
    ], 
    [
      1.84, 
      10.05
    ], 
    [
      2.17, 
      10.05
    ], 
    [
      2.18, 
      10.06
    ], 
    [
      2.18, 
      10.16
    ], 
    [
      2.17, 
      10.17
    ], 
    [
      1.73, 
      10.17
    ], 
    [
      1.72, 
      10.18
    ], 
    [
      0.21, 
      10.18
    ], 
    [
      0.2, 
      10.19
    ], 
    [
      0.2, 
      15.14
    ], 
    [
      5.16, 
      15.14
    ], 
    [
      5.16, 
      13.55
    ], 
    [
      5.17, 
      13.54
    ], 
    [
      5.17, 
      13.11
    ], 
    [
      5.18, 
      13.1
    ], 
    [
      5.28, 
      13.1
    ], 
    [
      5.29, 
      13.11
    ], 
    [
      5.29, 
      13.43
    ], 
    [
      11.57, 
      13.43
    ], 
    [
      11.57, 
      13.06
    ], 
    [
      11.58, 
      13.05
    ], 
    [
      11.68, 
      13.05
    ], 
    [
      11.69, 
      13.06
    ], 
    [
      11.69, 
      13.54
    ], 
    [
      11.7, 
      13.55
    ], 
    [
      11.7, 
      15.17
    ], 
    [
      16.66, 
      15.17
    ], 
    [
      16.66, 
      10.21
    ], 
    [
      15.4, 
      10.21
    ], 
    [
      15.39, 
      10.2
    ], 
    [
      14.73, 
      10.2
    ], 
    [
      14.72, 
      10.19
    ], 
    [
      14.72, 
      10.09
    ], 
    [
      14.73, 
      10.08
    ], 
    [
      15.28, 
      10.08
    ], 
    [
      15.28, 
      5.22
    ], 
    [
      14.93, 
      5.22
    ], 
    [
      14.92, 
      5.21
    ], 
    [
      14.92, 
      5.11
    ], 
    [
      14.93, 
      5.1
    ], 
    [
      15.39, 
      5.1
    ], 
    [
      15.4, 
      5.09
    ], 
    [
      16.61, 
      5.09
    ], 
    [
      16.61, 
      0.13
    ], 
    [
      11.65, 
      0.13
    ], 
    [
      11.64, 
      0.14
    ], 
    [
      11.64, 
      1.96
    ], 
    [
      11.63, 
      1.97
    ], 
    [
      11.53, 
      1.97
    ], 
    [
      11.52, 
      1.96
    ], 
    [
      11.52, 
      1.4
    ], 
    [
      5.19, 
      1.4
    ], 
    [
      5.19, 
      1.53
    ], 
    [
      5.2, 
      1.54
    ], 
    [
      5.2, 
      1.76
    ], 
    [
      5.19, 
      1.77
    ], 
    [
      5.08, 
      1.77
    ], 
    [
      5.07, 
      1.76
    ], 
    [
      5.07, 
      1.29
    ], 
    [
      5.06, 
      1.28
    ], 
    [
      5.06, 
      0.1
    ]
  ], 
  "bbox": {
    "max": [
      16.66, 
      15.17
    ], 
    "min": [
      0.1, 
      0.1
    ]
  }, 
  "id": "3b8d971301a9762ba9bded13e1e49aad"
}