{
  "room_category": {
    "Toilet": {
      "simulation_statistics": [
        {
          "not_completed_agents": 0, 
          "max_evacuation_time": 150.004547, 
          "min_evacuation_time": 90.550926, 
          "exit_flow_rate": 0.01999939375171074, 
          "completed_agents": 3, 
          "max_traveled_distance": 168.290527, 
          "avg_evacuation_time": 130.486693, 
          "avg_traveled_distance": 137.40805033333334, 
          "min_traveled_distance": 93.26152
        }, 
        {
          "not_completed_agents": 0, 
          "max_evacuation_time": 150.004547, 
          "min_evacuation_time": 28.54985, 
          "exit_flow_rate": 0.03999878750342148, 
          "completed_agents": 6, 
          "max_traveled_distance": 114.68573, 
          "avg_evacuation_time": 89.51587400000001, 
          "avg_traveled_distance": 65.36934042857143, 
          "min_traveled_distance": 27.597481
        }
      ], 
      "bounds": [
        [
          18.9, 
          0.04, 
          24.08, 
          6.03
        ], 
        [
          24.0, 
          8.56, 
          30.72, 
          13.78
        ]
      ]
    }, 
    "Bathroom": {
      "simulation_statistics": [
        {
          "not_completed_agents": 0, 
          "max_evacuation_time": 150.004547, 
          "min_evacuation_time": 102.651665, 
          "exit_flow_rate": 0.013332929167807159, 
          "completed_agents": 2, 
          "max_traveled_distance": 173.23262, 
          "avg_evacuation_time": 136.120369, 
          "avg_traveled_distance": 149.06876233333335, 
          "min_traveled_distance": 119.03495
        }, 
        {
          "not_completed_agents": 0, 
          "max_evacuation_time": 150.004547, 
          "min_evacuation_time": 26.949875, 
          "exit_flow_rate": 0.03999878750342148, 
          "completed_agents": 6, 
          "max_traveled_distance": 114.979691, 
          "avg_evacuation_time": 84.52990128571427, 
          "avg_traveled_distance": 66.57116657142858, 
          "min_traveled_distance": 27.517235
        }
      ], 
      "bounds": [
        [
          18.9, 
          0.04, 
          24.08, 
          6.03
        ], 
        [
          24.0, 
          8.56, 
          30.72, 
          13.78
        ]
      ]
    }, 
    "Room": {
      "simulation_statistics": [
        {
          "not_completed_agents": 0, 
          "max_evacuation_time": 11.500026, 
          "min_evacuation_time": 7.50001, 
          "exit_flow_rate": 0.43478162571110707, 
          "completed_agents": 5, 
          "max_traveled_distance": 14.452038, 
          "avg_evacuation_time": 9.4100178, 
          "avg_traveled_distance": 11.7357906, 
          "min_traveled_distance": 9.675348
        }
      ], 
      "bounds": [
        [
          30.58, 
          8.53, 
          33.2, 
          17.87
        ]
      ]
    }, 
    "Office": {
      "simulation_statistics": [
        {
          "not_completed_agents": 0, 
          "max_evacuation_time": 150.004547, 
          "min_evacuation_time": 49.399532, 
          "exit_flow_rate": 0.05999818125513222, 
          "completed_agents": 9, 
          "max_traveled_distance": 183.487732, 
          "avg_evacuation_time": 108.01223813333333, 
          "avg_traveled_distance": 110.73593006666667, 
          "min_traveled_distance": 44.288265
        }
      ], 
      "bounds": [
        [
          18.88, 
          13.66, 
          24.13, 
          27.73
        ]
      ]
    }, 
    "Gym": {
      "simulation_statistics": [
        {
          "not_completed_agents": 0, 
          "max_evacuation_time": 150.004547, 
          "min_evacuation_time": 56.349426, 
          "exit_flow_rate": 0.04666525208732506, 
          "completed_agents": 7, 
          "max_traveled_distance": 177.933792, 
          "avg_evacuation_time": 104.618521, 
          "avg_traveled_distance": 117.62455744444443, 
          "min_traveled_distance": 64.998604
        }
      ], 
      "bounds": [
        [
          18.9, 
          5.32, 
          24.09, 
          13.9
        ]
      ]
    }, 
    "Living_Room": {
      "simulation_statistics": [
        {
          "not_completed_agents": 0, 
          "max_evacuation_time": 150.004547, 
          "min_evacuation_time": 83.000465, 
          "exit_flow_rate": 0.05999818125513222, 
          "completed_agents": 9, 
          "max_traveled_distance": 180.450302, 
          "avg_evacuation_time": 139.57224543333334, 
          "avg_traveled_distance": 148.55499393333332, 
          "min_traveled_distance": 100.190308
        }, 
        {
          "not_completed_agents": 0, 
          "max_evacuation_time": 150.004547, 
          "min_evacuation_time": 50.149521, 
          "exit_flow_rate": 0.09333050417465012, 
          "completed_agents": 14, 
          "max_traveled_distance": 200.050446, 
          "avg_evacuation_time": 133.46255933333333, 
          "avg_traveled_distance": 145.54518343589743, 
          "min_traveled_distance": 62.449135
        }, 
        {
          "not_completed_agents": 0, 
          "max_evacuation_time": 150.004547, 
          "min_evacuation_time": 26.049889, 
          "exit_flow_rate": 0.07333111042293938, 
          "completed_agents": 11, 
          "max_traveled_distance": 160.476074, 
          "avg_evacuation_time": 92.69514186666667, 
          "avg_traveled_distance": 90.858852, 
          "min_traveled_distance": 27.504341
        }
      ], 
      "bounds": [
        [
          -0.04, 
          13.61, 
          9.93, 
          28.49
        ], 
        [
          5.26, 
          13.61, 
          18.99, 
          27.73
        ], 
        [
          18.88, 
          13.66, 
          24.13, 
          27.73
        ]
      ]
    }, 
    "Garage": {
      "simulation_statistics": [
        {
          "not_completed_agents": 0, 
          "max_evacuation_time": 150.004547, 
          "min_evacuation_time": 40.39967, 
          "exit_flow_rate": 0.04666525208732506, 
          "completed_agents": 7, 
          "max_traveled_distance": 179.026276, 
          "avg_evacuation_time": 112.74429458333333, 
          "avg_traveled_distance": 116.46679466666667, 
          "min_traveled_distance": 39.970924
        }
      ], 
      "bounds": [
        [
          23.95, 
          23.32, 
          30.72, 
          32.34
        ]
      ]
    }, 
    "Bedroom": {
      "simulation_statistics": [
        {
          "not_completed_agents": 0, 
          "max_evacuation_time": 123.202919, 
          "min_evacuation_time": 19.749985, 
          "exit_flow_rate": 0.10551698048647695, 
          "completed_agents": 13, 
          "max_traveled_distance": 102.537666, 
          "avg_evacuation_time": 53.66939284615384, 
          "avg_traveled_distance": 49.47893476923077, 
          "min_traveled_distance": 19.166815
        }
      ], 
      "bounds": [
        [
          23.98, 
          13.66, 
          30.75, 
          23.55
        ]
      ]
    }, 
    "Dining_Room": {
      "simulation_statistics": [
        {
          "not_completed_agents": 0, 
          "max_evacuation_time": 150.004547, 
          "min_evacuation_time": 80.900337, 
          "exit_flow_rate": 0.09333050417465012, 
          "completed_agents": 14, 
          "max_traveled_distance": 187.676834, 
          "avg_evacuation_time": 134.9485020769231, 
          "avg_traveled_distance": 147.21738084615384, 
          "min_traveled_distance": 84.530342
        }
      ], 
      "bounds": [
        [
          5.26, 
          13.61, 
          18.99, 
          27.73
        ]
      ]
    },