{
  "room_category": {
    "Boiler_room": {
      "simulation_statistics": [
        {
          "not_completed_agents": 0, 
          "max_evacuation_time": 40.799664, 
          "min_evacuation_time": 10.400022, 
          "exit_flow_rate": 0.07353001730602488, 
          "completed_agents": 3, 
          "max_traveled_distance": 38.048271, 
          "avg_evacuation_time": 23.416560333333333, 
          "avg_traveled_distance": 23.305669666666663, 
          "min_traveled_distance": 12.126373
        }, 
        {
          "not_completed_agents": 0, 
          "max_evacuation_time": 71.349754, 
          "min_evacuation_time": 2.099999, 
          "exit_flow_rate": 4.414871563537556, 
          "completed_agents": 315, 
          "max_traveled_distance": 78.004929, 
          "avg_evacuation_time": 29.384902714285715, 
          "avg_traveled_distance": 39.2314272984127, 
          "min_traveled_distance": 2.550593
        }
      ], 
      "bounds": [
        [
          0.0, 
          6.33, 
          4.05, 
          10.45
        ], 
        [
          -33.02, 
          -33.62, 
          2.75, 
          10.48
        ]
      ]
    }, 
    "Toilet": {
      "simulation_statistics": [
        {
          "not_completed_agents": 0, 
          "max_evacuation_time": 66.099434, 
          "min_evacuation_time": 1.749999, 
          "exit_flow_rate": 4.931963562653199, 
          "completed_agents": 326, 
          "max_traveled_distance": 75.634789, 
          "avg_evacuation_time": 29.00672335582822, 
          "avg_traveled_distance": 38.710049144171784, 
          "min_traveled_distance": 1.67674
        }, 
        {
          "not_completed_agents": 0, 
          "max_evacuation_time": 11.800027, 
          "min_evacuation_time": 11.800027, 
          "exit_flow_rate": 0.08474556880251206, 
          "completed_agents": 1, 
          "max_traveled_distance": 12.850737, 
          "avg_evacuation_time": 11.800027, 
          "avg_traveled_distance": 12.850737, 
          "min_traveled_distance": 12.850737
        }
      ], 
      "bounds": [
        [
          -33.02, 
          -33.62, 
          4.04, 
          10.43
        ], 
        [
          3.97, 
          8.01, 
          5.41, 
          10.44
        ]
      ]
    }, 
    "Entryway": {
      "simulation_statistics": [
        {
          "not_completed_agents": 0, 
          "max_evacuation_time": 51.899494, 
          "min_evacuation_time": 41.149658, 
          "exit_flow_rate": 0.03853602117970553, 
          "completed_agents": 2, 
          "max_traveled_distance": 41.873219, 
          "avg_evacuation_time": 46.524575999999996, 
          "avg_traveled_distance": 38.456158, 
          "min_traveled_distance": 35.039097
        }
      ], 
      "bounds": [
        [
          4.27, 
          10.37, 
          7.81, 
          12.81
        ]
      ]
    }, 
    "Living_Room": {
      "simulation_statistics": [
        {
          "not_completed_agents": 0, 
          "max_evacuation_time": 9.200017, 
          "min_evacuation_time": 3.599998, 
          "exit_flow_rate": 0.5434772566181127, 
          "completed_agents": 5, 
          "max_traveled_distance": 10.213761, 
          "avg_evacuation_time": 5.8300044, 
          "avg_traveled_distance": 7.1327652, 
          "min_traveled_distance": 4.316807
        }
      ], 
      "bounds": [
        [
          5.4, 
          2.56, 
          12.31, 
          6.44
        ]
      ]
    }, 
    "Terrace": {
      "simulation_statistics": [
        {
          "not_completed_agents": 0, 
          "max_evacuation_time": 1.899999, 
          "min_evacuation_time": 0.0, 
          "exit_flow_rate": 2.105264265928561, 
          "completed_agents": 4, 
          "max_traveled_distance": 2.516222, 
          "avg_evacuation_time": 0.57499975, 
          "avg_traveled_distance": 0.7580905, 
          "min_traveled_distance": 0.0
        }
      ], 
      "bounds": [
        [
          2.99, 
          -0.1, 
          10.42, 
          2.69
        ]
      ]
    }, 
    "Bedroom": {
      "simulation_statistics": [
        {
          "not_completed_agents": 0, 
          "max_evacuation_time": 48.149551, 
          "min_evacuation_time": 39.449684, 
          "exit_flow_rate": 0.06230587695407585, 
          "completed_agents": 3, 
          "max_traveled_distance": 39.840199, 
          "avg_evacuation_time": 44.866268, 
          "avg_traveled_distance": 33.75111233333333, 
          "min_traveled_distance": 26.107199
        }
      ], 
      "bounds": [
        [
          1.98, 
          2.52, 
          6.13, 
          6.44
        ]
      ]
    }, 
    "Wardrobe": {
      "simulation_statistics": [
        {
          "not_completed_agents": 0, 
          "max_evacuation_time": 45.199596, 
          "min_evacuation_time": 41.849648, 
          "exit_flow_rate": 0.044248183103229505, 
          "completed_agents": 2, 
          "max_traveled_distance": 38.191311, 
          "avg_evacuation_time": 43.524622, 
          "avg_traveled_distance": 38.1584015, 
          "min_traveled_distance": 38.125492
        }
      ], 
      "bounds": [
        [
          -0.03, 
          2.57, 
          2.09, 
          6.45
        ]
      ]
    }, 
    "Hall": {
      "simulation_statistics": [
        {
          "not_completed_agents": 0, 
          "max_evacuation_time": 72.199806, 
          "min_evacuation_time": 0.0, 
          "exit_flow_rate": 5.069265698580963, 
          "completed_agents": 366, 
          "max_traveled_distance": 79.89476, 
          "avg_evacuation_time": 27.437817098360654, 
          "avg_traveled_distance": 36.411630510928966, 
          "min_traveled_distance": 0.0
        }
      ], 
      "bounds": [
        [
          -33.02, 
          -33.62, 
          8.49, 
          10.46
        ]
      ]
    }, 
    "Kitchen": {
      "simulation_statistics": [
        {
          "not_completed_agents": 0, 
          "max_evacuation_time": 8.000012, 
          "min_evacuation_time": 6.100005, 
          "exit_flow_rate": 0.37499943750084375, 
          "completed_agents": 3, 
          "max_traveled_distance": 9.855281, 
          "avg_evacuation_time": 6.933341333333334, 
          "avg_traveled_distance": 8.422127999999999, 
          "min_traveled_distance": 7.336258
        }
      ], 
      "bounds": [
        [
          8.35, 
          6.32, 
          12.33, 
          10.49
        ]
      ]
    }
  }, 
  "room_num": 11,