{
  "room_category": {
    "Toilet": {
      "simulation_statistics": [
        {
          "not_completed_agents": 0, 
          "max_evacuation_time": 150.004547, 
          "min_evacuation_time": 150.004547, 
          "exit_flow_rate": 0.0, 
          "completed_agents": 0, 
          "max_traveled_distance": 18.589186, 
          "avg_evacuation_time": 150.004547, 
          "avg_traveled_distance": 6.716459888888889, 
          "min_traveled_distance": 1.447441
        }, 
        {
          "not_completed_agents": 0, 
          "max_evacuation_time": 150.004547, 
          "min_evacuation_time": 150.004547, 
          "exit_flow_rate": 0.0, 
          "completed_agents": 0, 
          "max_traveled_distance": 18.448561, 
          "avg_evacuation_time": 150.004547, 
          "avg_traveled_distance": 6.759393142857143, 
          "min_traveled_distance": 0.88563
        }
      ], 
      "bounds": [
        [
          4.1, 
          0.03, 
          15.01, 
          4.28
        ], 
        [
          -0.02, 
          -0.02, 
          15.07, 
          6.87
        ]
      ]
    }, 
    "Bathroom": {
      "simulation_statistics": [
        {
          "not_completed_agents": 0, 
          "max_evacuation_time": 150.004547, 
          "min_evacuation_time": 0.0, 
          "exit_flow_rate": 0.013332929167807159, 
          "completed_agents": 2, 
          "max_traveled_distance": 19.668478, 
          "avg_evacuation_time": 116.67020322222223, 
          "avg_traveled_distance": 5.780094555555555, 
          "min_traveled_distance": 0.0
        }, 
        {
          "not_completed_agents": 0, 
          "max_evacuation_time": 150.004547, 
          "min_evacuation_time": 0.05, 
          "exit_flow_rate": 0.0066664645839035796, 
          "completed_agents": 1, 
          "max_traveled_distance": 19.135078, 
          "avg_evacuation_time": 142.8638542857143, 
          "avg_traveled_distance": 7.436645285714286, 
          "min_traveled_distance": 0.064451
        }
      ], 
      "bounds": [
        [
          4.1, 
          0.03, 
          15.01, 
          4.28
        ], 
        [
          -0.02, 
          -0.02, 
          15.07, 
          6.87
        ]
      ]
    }, 
    "Room": [
      [
        3.82, 
        -0.03, 
        15.0, 
        0.11
      ], 
      [
        11.16, 
        4.19, 
        11.78, 
        6.13
      ], 
      [
        11.68, 
        1.85, 
        15.01, 
        2.6
      ]
    ], 
    "Bedroom": {
      "simulation_statistics": [
        {
          "not_completed_agents": 0, 
          "max_evacuation_time": 150.004547, 
          "min_evacuation_time": 0.0, 
          "exit_flow_rate": 0.0066664645839035796, 
          "completed_agents": 1, 
          "max_traveled_distance": 17.782261, 
          "avg_evacuation_time": 133.3373751111111, 
          "avg_traveled_distance": 7.242982444444444, 
          "min_traveled_distance": 0.0
        }, 
        {
          "not_completed_agents": 0, 
          "max_evacuation_time": 150.004547, 
          "min_evacuation_time": 0.0, 
          "exit_flow_rate": 0.0066664645839035796, 
          "completed_agents": 1, 
          "max_traveled_distance": 5.171633, 
          "avg_evacuation_time": 112.50341025, 
          "avg_traveled_distance": 3.059957, 
          "min_traveled_distance": 0.0
        }
      ], 
      "bounds": [
        [
          4.1, 
          0.03, 
          15.01, 
          4.28
        ], 
        [
          3.78, 
          0.0, 
          9.11, 
          3.74
        ]
      ]
    }, 
    "Dining_Room": {
      "simulation_statistics": [
        {
          "not_completed_agents": 0, 
          "max_evacuation_time": 150.004547, 
          "min_evacuation_time": 0.0, 
          "exit_flow_rate": 0.0066664645839035796, 
          "completed_agents": 1, 
          "max_traveled_distance": 16.851448, 
          "avg_evacuation_time": 120.0036376, 
          "avg_traveled_distance": 7.0753804, 
          "min_traveled_distance": 0.0
        }
      ], 
      "bounds": [
        [
          0.01, 
          -0.02, 
          3.9, 
          6.13
        ]
      ]
    }, 
    "Kitchen": {
      "simulation_statistics": [
        {
          "not_completed_agents": 0, 
          "max_evacuation_time": 150.004547, 
          "min_evacuation_time": 0.0, 
          "exit_flow_rate": 0.0066664645839035796, 
          "completed_agents": 1, 
          "max_traveled_distance": 11.971797, 
          "avg_evacuation_time": 120.0036376, 
          "avg_traveled_distance": 3.8710846000000005, 
          "min_traveled_distance": 0.0
        }
      ], 
      "bounds": [
        [
          0.01, 
          -0.02, 
          3.9, 
          6.13
        ]
      ]
    }
  }, 
  "room_num": 9,