{
  "room_category": {
    "Office": {
      "simulation_statistics": [
        {
          "not_completed_agents": 0, 
          "max_evacuation_time": 150.004547, 
          "min_evacuation_time": 0.0, 
          "exit_flow_rate": 0.13999575626197516, 
          "completed_agents": 21, 
          "max_traveled_distance": 30.355469, 
          "avg_evacuation_time": 13.113837045454545, 
          "avg_traveled_distance": 8.04775890909091, 
          "min_traveled_distance": 0.0
        }
      ], 
      "bounds": [
        [
          -0.01, 
          -0.86, 
          15.55, 
          6.06
        ]
      ]
    }
  }, 
  "room_num": 6, 
  "verts": [
    [
      0.23, 
      0.1
    ], 
    [
      0.22, 
      0.11
    ], 
    [
      0.22, 
      0.38
    ], 
    [
      0.21, 
      0.39
    ], 
    [
      0.21, 
      0.91
    ], 
    [
      0.2, 
      0.92
    ], 
    [
      0.2, 
      1.44
    ], 
    [
      0.19, 
      1.45
    ], 
    [
      0.19, 
      1.98
    ], 
    [
      0.18, 
      1.99
    ], 
    [
      0.18, 
      2.51
    ], 
    [
      0.17, 
      2.52
    ], 
    [
      0.17, 
      2.99
    ], 
    [
      0.16, 
      3.0
    ], 
    [
      0.16, 
      3.46
    ], 
    [
      0.15, 
      3.47
    ], 
    [
      0.15, 
      3.92
    ], 
    [
      0.14, 
      3.93
    ], 
    [
      0.14, 
      4.38
    ], 
    [
      0.13, 
      4.39
    ], 
    [
      0.13, 
      4.85
    ], 
    [
      0.12, 
      4.86
    ], 
    [
      0.12, 
      5.31
    ], 
    [
      0.11, 
      5.32
    ], 
    [
      0.11, 
      5.8
    ], 
    [
      0.1, 
      5.81
    ], 
    [
      0.1, 
      5.88
    ], 
    [
      0.11, 
      5.89
    ], 
    [
      0.11, 
      5.9
    ], 
    [
      11.91, 
      5.9
    ], 
    [
      11.92, 
      5.91
    ], 
    [
      11.94, 
      5.89
    ], 
    [
      11.95, 
      5.89
    ], 
    [
      11.97, 
      5.87
    ], 
    [
      11.98, 
      5.87
    ], 
    [
      12.0, 
      5.85
    ], 
    [
      12.01, 
      5.85
    ], 
    [
      12.03, 
      5.83
    ], 
    [
      12.04, 
      5.83
    ], 
    [
      12.05, 
      5.82
    ], 
    [
      12.06, 
      5.82
    ], 
    [
      12.08, 
      5.8
    ], 
    [
      12.09, 
      5.8
    ], 
    [
      12.11, 
      5.78
    ], 
    [
      12.12, 
      5.78
    ], 
    [
      12.14, 
      5.76
    ], 
    [
      12.15, 
      5.76
    ], 
    [
      12.17, 
      5.74
    ], 
    [
      12.18, 
      5.74
    ], 
    [
      12.2, 
      5.72
    ], 
    [
      12.21, 
      5.72
    ], 
    [
      12.23, 
      5.7
    ], 
    [
      12.24, 
      5.7
    ], 
    [
      12.26, 
      5.68
    ], 
    [
      12.27, 
      5.68
    ], 
    [
      12.29, 
      5.66
    ], 
    [
      12.3, 
      5.66
    ], 
    [
      12.32, 
      5.64
    ], 
    [
      12.33, 
      5.64
    ], 
    [
      12.35, 
      5.62
    ], 
    [
      12.36, 
      5.62
    ], 
    [
      12.38, 
      5.6
    ], 
    [
      12.39, 
      5.6
    ], 
    [
      12.41, 
      5.58
    ], 
    [
      12.42, 
      5.58
    ], 
    [
      12.43, 
      5.57
    ], 
    [
      12.44, 
      5.57
    ], 
    [
      12.46, 
      5.55
    ], 
    [
      12.47, 
      5.55
    ], 
    [
      12.49, 
      5.53
    ], 
    [
      12.5, 
      5.53
    ], 
    [
      12.52, 
      5.51
    ], 
    [
      12.53, 
      5.51
    ], 
    [
      12.55, 
      5.49
    ], 
    [
      12.56, 
      5.49
    ], 
    [
      12.58, 
      5.47
    ], 
    [
      12.59, 
      5.47
    ], 
    [
      12.61, 
      5.45
    ], 
    [
      12.62, 
      5.45
    ], 
    [
      12.64, 
      5.43
    ], 
    [
      12.65, 
      5.43
    ], 
    [
      12.67, 
      5.41
    ], 
    [
      12.68, 
      5.41
    ], 
    [
      12.7, 
      5.39
    ], 
    [
      12.71, 
      5.39
    ], 
    [
      12.73, 
      5.37
    ], 
    [
      12.74, 
      5.37
    ], 
    [
      12.76, 
      5.35
    ], 
    [
      12.77, 
      5.35
    ], 
    [
      12.79, 
      5.33
    ], 
    [
      12.8, 
      5.33
    ], 
    [
      12.81, 
      5.32
    ], 
    [
      12.82, 
      5.32
    ], 
    [
      12.84, 
      5.3
    ], 
    [
      12.85, 
      5.3
    ], 
    [
      12.87, 
      5.28
    ], 
    [
      12.88, 
      5.28
    ], 
    [
      12.9, 
      5.26
    ], 
    [
      12.91, 
      5.26
    ], 
    [
      12.93, 
      5.24
    ], 
    [
      12.94, 
      5.24
    ], 
    [
      12.96, 
      5.22
    ], 
    [
      12.96, 
      5.21
    ], 
    [
      12.97, 
      5.2
    ], 
    [
      13.01, 
      5.2
    ], 
    [
      13.02, 
      5.19
    ], 
    [
      13.03, 
      5.2
    ], 
    [
      13.04, 
      5.19
    ], 
    [
      15.44, 
      5.19
    ], 
    [
      15.44, 
      0.22
    ], 
    [
      14.37, 
      0.22
    ], 
    [
      14.36, 
      0.21
    ], 
    [
      12.59, 
      0.21
    ], 
    [
      12.58, 
      0.2
    ], 
    [
      11.83, 
      0.2
    ], 
    [
      11.82, 
      0.19
    ], 
    [
      11.07, 
      0.19
    ], 
    [
      11.06, 
      0.18
    ], 
    [
      9.89, 
      0.18
    ], 
    [
      9.88, 
      0.17
    ], 
    [
      8.7, 
      0.17
    ], 
    [
      8.69, 
      0.16
    ], 
    [
      7.98, 
      0.16
    ], 
    [
      7.97, 
      0.17
    ], 
    [
      7.84, 
      0.17
    ], 
    [
      7.83, 
      0.16
    ], 
    [
      6.73, 
      0.16
    ], 
    [
      6.72, 
      0.15
    ], 
    [
      6.04, 
      0.15
    ], 
    [
      6.03, 
      0.14
    ], 
    [
      4.88, 
      0.14
    ], 
    [
      4.87, 
      0.13
    ], 
    [
      3.72, 
      0.13
    ], 
    [
      3.71, 
      0.12
    ], 
    [
      3.13, 
      0.12
    ], 
    [
      3.12, 
      0.13
    ], 
    [
      3.09, 
      0.13
    ], 
    [
      3.08, 
      0.12
    ], 
    [
      1.91, 
      0.12
    ], 
    [
      1.9, 
      0.11
    ], 
    [
      0.98, 
      0.11
    ], 
    [
      0.97, 
      0.1
    ]
  ], 
  "bbox": {
    "max": [
      15.44, 
      5.91
    ], 
    "min": [
      0.1, 
      0.1
    ]
  }, 
  "id": "3da9cdfc64944c40a61e513c8a56f802"
}