{
  "room_category": {
    "Room": {
      "simulation_statistics": [
        {
          "not_completed_agents": 0, 
          "max_evacuation_time": 32.899784, 
          "min_evacuation_time": 12.70003, 
          "exit_flow_rate": 0.21276735433886132, 
          "completed_agents": 7, 
          "max_traveled_distance": 38.783485, 
          "avg_evacuation_time": 18.39998957142857, 
          "avg_traveled_distance": 22.84552257142857, 
          "min_traveled_distance": 16.732655
        }
      ], 
      "bounds": [
        [
          10.17, 
          13.65, 
          13.68, 
          22.94
        ]
      ]
    }, 
    "Gym": {
      "simulation_statistics": [
        {
          "not_completed_agents": 0, 
          "max_evacuation_time": 44.999599, 
          "min_evacuation_time": 18.899998, 
          "exit_flow_rate": 0.4222259847248861, 
          "completed_agents": 19, 
          "max_traveled_distance": 36.112034, 
          "avg_evacuation_time": 24.368335315789476, 
          "avg_traveled_distance": 28.72494494736842, 
          "min_traveled_distance": 24.187269
        }
      ], 
      "bounds": [
        [
          12.99, 
          13.67, 
          22.56, 
          23.53
        ]
      ]
    }, 
    "Garage": {
      "simulation_statistics": [
        {
          "not_completed_agents": 0, 
          "max_evacuation_time": 37.999706, 
          "min_evacuation_time": 13.500033, 
          "exit_flow_rate": 0.36842390306914474, 
          "completed_agents": 14, 
          "max_traveled_distance": 30.467783, 
          "avg_evacuation_time": 22.7713635, 
          "avg_traveled_distance": 23.994258642857144, 
          "min_traveled_distance": 16.671228
        }
      ], 
      "bounds": [
        [
          0.85, 
          11.87, 
          10.86, 
          18.83
        ]
      ]
    }, 
    "Guest_Room": {
      "simulation_statistics": [
        {
          "not_completed_agents": 0, 
          "max_evacuation_time": 55.799435, 
          "min_evacuation_time": 35.749741, 
          "exit_flow_rate": 0.23297726939349833, 
          "completed_agents": 13, 
          "max_traveled_distance": 48.707951, 
          "avg_evacuation_time": 46.50342276923077, 
          "avg_traveled_distance": 43.285178384615385, 
          "min_traveled_distance": 39.97599
        }
      ], 
      "bounds": [
        [
          3.04, 
          18.74, 
          10.88, 
          26.99
        ]
      ]
    }, 
    "Lobby": {
      "simulation_statistics": [
        {
          "not_completed_agents": 0, 
          "max_evacuation_time": 58.599392, 
          "min_evacuation_time": 23.34993, 
          "exit_flow_rate": 0.08532511736640544, 
          "completed_agents": 5, 
          "max_traveled_distance": 48.130844, 
          "avg_evacuation_time": 40.629666199999996, 
          "avg_traveled_distance": 39.404134, 
          "min_traveled_distance": 29.069201
        }
      ], 
      "bounds": [
        [
          -0.05, 
          18.74, 
          3.78, 
          25.73
        ]
      ]
    }, 
    "Kitchen": {
      "simulation_statistics": [
        {
          "not_completed_agents": 0, 
          "max_evacuation_time": 51.899494, 
          "min_evacuation_time": 18.550003, 
          "exit_flow_rate": 0.4624322541564664, 
          "completed_agents": 24, 
          "max_traveled_distance": 43.807457, 
          "avg_evacuation_time": 31.65813633333333, 
          "avg_traveled_distance": 33.708459166666664, 
          "min_traveled_distance": 24.547121
        }
      ], 
      "bounds": [
        [
          3.04, 
          22.82, 
          16.06, 
          32.04
        ]
      ]
    }
  }, 
  "room_num": 8, 
  "verts": [
    [
      4.8, 
      0.1
    ], 
    [
      4.79, 
      0.11
    ], 
    [
      4.79, 
      11.86
    ], 
    [
      10.86, 
      11.86
    ], 
    [
      10.88, 
      11.88
    ], 
    [
      10.88, 
      13.66
    ], 
    [
      11.24, 
      13.66
    ], 
    [
      11.25, 
      13.67
    ], 
    [
      11.25, 
      13.77
    ], 
    [
      11.24, 
      13.78
    ], 
    [
      10.88, 
      13.78
    ], 
    [
      10.88, 
      15.23
    ], 
    [
      10.87, 
      15.24
    ], 
    [
      10.77, 
      15.24
    ], 
    [
      10.76, 
      15.23
    ], 
    [
      10.76, 
      12.01
    ], 
    [
      1.0, 
      12.01
    ], 
    [
      0.99, 
      12.02
    ], 
    [
      0.99, 
      18.73
    ], 
    [
      10.76, 
      18.73
    ], 
    [
      10.76, 
      16.25
    ], 
    [
      10.77, 
      16.24
    ], 
    [
      10.87, 
      16.24
    ], 
    [
      10.88, 
      16.25
    ], 
    [
      10.88, 
      22.82
    ], 
    [
      11.28, 
      22.82
    ], 
    [
      11.29, 
      22.83
    ], 
    [
      11.29, 
      22.92
    ], 
    [
      11.28, 
      22.93
    ], 
    [
      10.91, 
      22.93
    ], 
    [
      10.91, 
      26.99
    ], 
    [
      10.89, 
      27.01
    ], 
    [
      8.28, 
      27.01
    ], 
    [
      8.27, 
      27.0
    ], 
    [
      8.27, 
      26.9
    ], 
    [
      8.28, 
      26.89
    ], 
    [
      10.78, 
      26.89
    ], 
    [
      10.78, 
      25.53
    ], 
    [
      10.76, 
      25.51
    ], 
    [
      10.76, 
      18.85
    ], 
    [
      3.18, 
      18.85
    ], 
    [
      3.18, 
      22.18
    ], 
    [
      3.17, 
      22.19
    ], 
    [
      3.08, 
      22.19
    ], 
    [
      3.07, 
      22.18
    ], 
    [
      3.07, 
      18.85
    ], 
    [
      0.88, 
      18.85
    ], 
    [
      0.87, 
      18.86
    ], 
    [
      0.11, 
      18.86
    ], 
    [
      0.1, 
      18.87
    ], 
    [
      0.1, 
      24.83
    ], 
    [
      3.07, 
      24.83
    ], 
    [
      3.07, 
      23.2
    ], 
    [
      3.08, 
      23.19
    ], 
    [
      3.17, 
      23.19
    ], 
    [
      3.18, 
      23.2
    ], 
    [
      3.18, 
      24.94
    ], 
    [
      3.19, 
      24.95
    ], 
    [
      3.19, 
      26.89
    ], 
    [
      5.16, 
      26.89
    ], 
    [
      5.17, 
      26.9
    ], 
    [
      5.17, 
      27.0
    ], 
    [
      5.16, 
      27.01
    ], 
    [
      3.19, 
      27.01
    ], 
    [
      3.19, 
      31.9
    ], 
    [
      12.97, 
      31.9
    ], 
    [
      12.97, 
      22.93
    ], 
    [
      12.3, 
      22.93
    ], 
    [
      12.29, 
      22.92
    ], 
    [
      12.29, 
      22.83
    ], 
    [
      12.3, 
      22.82
    ], 
    [
      12.97, 
      22.82
    ], 
    [
      12.97, 
      22.21
    ], 
    [
      12.98, 
      22.2
    ], 
    [
      13.08, 
      22.2
    ], 
    [
      13.09, 
      22.21
    ], 
    [
      13.09, 
      22.82
    ], 
    [
      14.83, 
      22.82
    ], 
    [
      14.84, 
      22.83
    ], 
    [
      14.84, 
      22.93
    ], 
    [
      14.83, 
      22.94
    ], 
    [
      14.82, 
      22.93
    ], 
    [
      14.81, 
      22.93
    ], 
    [
      14.8, 
      22.94
    ], 
    [
      13.09, 
      22.94
    ], 
    [
      13.09, 
      31.84
    ], 
    [
      24.96, 
      31.84
    ], 
    [
      24.96, 
      22.95
    ], 
    [
      18.08, 
      22.95
    ], 
    [
      18.07, 
      22.94
    ], 
    [
      15.85, 
      22.94
    ], 
    [
      15.84, 
      22.93
    ], 
    [
      15.84, 
      22.83
    ], 
    [
      15.85, 
      22.82
    ], 
    [
      17.96, 
      22.82
    ], 
