{
  "room_category": {
    "Office": {
      "simulation_statistics": [
        {
          "not_completed_agents": 0, 
          "max_evacuation_time": 150.004547, 
          "min_evacuation_time": 3.899997, 
          "exit_flow_rate": 0.026665858335614318, 
          "completed_agents": 4, 
          "max_traveled_distance": 9.394837, 
          "avg_evacuation_time": 34.720913, 
          "avg_traveled_distance": 5.4315368, 
          "min_traveled_distance": 3.042736
        }, 
        {
          "not_completed_agents": 0, 
          "max_evacuation_time": 24.599911, 
          "min_evacuation_time": 6.400006, 
          "exit_flow_rate": 0.4878066428776917, 
          "completed_agents": 12, 
          "max_traveled_distance": 18.075987, 
          "avg_evacuation_time": 14.0041735, 
          "avg_traveled_distance": 11.758779083333332, 
          "min_traveled_distance": 5.414601
        }
      ], 
      "bounds": [
        [
          8.07, 
          -0.02, 
          12.15, 
          6.46
        ], 
        [
          -0.06, 
          -0.03, 
          12.14, 
          4.72
        ]
      ]
    }, 
    "Kitchen": {
      "simulation_statistics": [
        {
          "not_completed_agents": 0, 
          "max_evacuation_time": 19.049995, 
          "min_evacuation_time": 2.249999, 
          "exit_flow_rate": 0.2624672604900946, 
          "completed_agents": 5, 
          "max_traveled_distance": 9.629446, 
          "avg_evacuation_time": 8.5300052, 
          "avg_traveled_distance": 5.7163542, 
          "min_traveled_distance": 2.164198
        }, 
        {
          "not_completed_agents": 0, 
          "max_evacuation_time": 25.199902, 
          "min_evacuation_time": 4.900001, 
          "exit_flow_rate": 0.4761923280495297, 
          "completed_agents": 12, 
          "max_traveled_distance": 17.100899, 
          "avg_evacuation_time": 11.458337333333333, 
          "avg_traveled_distance": 10.06453375, 
          "min_traveled_distance": 4.793403
        }
      ], 
      "bounds": [
        [
          8.07, 
          -0.02, 
          12.15, 
          6.46
        ], 
        [
          -0.06, 
          -0.03, 
          12.14, 
          4.72
        ]
      ]
    }
  }, 
  "room_num": 2, 
  "verts": [
    [
      11.91, 
      0.1
    ], 
    [
      11.9, 
      0.11
    ], 
    [
      11.8, 
      0.11
    ], 
    [
      11.79, 
      0.12
    ], 
    [
      11.67, 
      0.12
    ], 
    [
      11.66, 
      0.13
    ], 
    [
      11.54, 
      0.13
    ], 
    [
      11.53, 
      0.14
    ], 
    [
      11.4, 
      0.14
    ], 
    [
      11.39, 
      0.15
    ], 
    [
      11.27, 
      0.15
    ], 
    [
      11.26, 
      0.16
    ], 
    [
      11.14, 
      0.16
    ], 
    [
      11.13, 
      0.17
    ], 
    [
      11.01, 
      0.17
    ], 
    [
      11.0, 
      0.18
    ], 
    [
      10.87, 
      0.18
    ], 
    [
      10.86, 
      0.19
    ], 
    [
      10.74, 
      0.19
    ], 
    [
      10.73, 
      0.2
    ], 
    [
      10.61, 
      0.2
    ], 
    [
      10.6, 
      0.21
    ], 
    [
      10.47, 
      0.21
    ], 
    [
      10.46, 
      0.22
    ], 
    [
      10.34, 
      0.22
    ], 
    [
      10.33, 
      0.23
    ], 
    [
      10.21, 
      0.23
    ], 
    [
      10.2, 
      0.24
    ], 
    [
      10.07, 
      0.24
    ], 
    [
      10.06, 
      0.25
    ], 
    [
      9.97, 
      0.25
    ], 
    [
      9.97, 
      2.36
    ], 
    [
      9.96, 
      2.37
    ], 
    [
      9.87, 
      2.37
    ], 
    [
      9.86, 
      2.36
    ], 
    [
      9.86, 
      0.27
    ], 
    [
      9.77, 
      0.27
    ], 
    [
      9.76, 
      0.28
    ], 
    [
      9.65, 
      0.28
    ], 
    [
      9.64, 
      0.29
    ], 
    [
      9.52, 
      0.29
    ], 
    [
      9.51, 
      0.3
    ], 
    [
      9.4, 
      0.3
    ], 
    [
      9.39, 
      0.31
    ], 
    [
      9.28, 
      0.31
    ], 
    [
      9.27, 
      0.32
    ], 
    [
      9.15, 
      0.32
    ], 
    [
      9.14, 
      0.33
    ], 
    [
      9.03, 
      0.33
    ], 
    [
      9.02, 
      0.34
    ], 
    [
      8.91, 
      0.34
    ], 
    [
      8.9, 
      0.35
    ], 
    [
      8.79, 
      0.35
    ], 
    [
      8.78, 
      0.36
    ], 
    [
      8.66, 
      0.36
    ], 
    [
      8.65, 
      0.37
    ], 
    [
      8.54, 
      0.37
    ], 
    [
      8.53, 
      0.38
    ], 
    [
      8.42, 
      0.38
    ], 
    [
      8.41, 
      0.39
    ], 
    [
      8.29, 
      0.39
    ], 
    [
      8.28, 
      0.4
    ], 
    [
      8.17, 
      0.4
    ], 
    [
      8.16, 
      0.41
    ], 
    [
      8.05, 
      0.41
    ], 
    [
      8.04, 
      0.42
    ], 
    [
      7.92, 
      0.42
    ], 
    [
      7.91, 
      0.43
    ], 
    [
      7.8, 
      0.43
    ], 
    [
      7.79, 
      0.44
    ], 
    [
      7.68, 
      0.44
    ], 
    [
      7.67, 
      0.45
    ], 
    [
      7.55, 
      0.45
    ], 
    [
      7.54, 
      0.46
    ], 
    [
      7.43, 
      0.46
    ], 
    [
      7.42, 
      0.47
    ], 
    [
      7.31, 
      0.47
    ], 
    [
      7.3, 
      0.48
    ], 
    [
      7.18, 
      0.48
    ], 
    [
      7.17, 
      0.49
    ], 
    [
      7.06, 
      0.49
    ], 
    [
      7.05, 
      0.5
    ], 
    [
      6.94, 
      0.5
    ], 
    [
      6.93, 
      0.51
    ], 
    [
      6.81, 
      0.51
    ], 
    [
      6.8, 
      0.52
    ], 
    [
      6.69, 
      0.52
    ], 
    [
      6.68, 
      0.53
    ], 
    [
      6.57, 
      0.53
    ], 
    [
      6.56, 
      0.54
    ], 
    [
      6.45, 
      0.54
    ], 
    [
      6.44, 
      0.55
    ], 
    [
      6.32, 
      0.55
    ], 
    [
      6.31, 
      0.56
    ], 
    [
      6.2, 
      0.56
    ], 
    [
      6.19, 
      0.57
    ], 
    [
      6.08, 
      0.57
    ], 
    [
      6.07, 
      0.58
    ], 
    [
      5.95, 
      0.58
    ], 
    [
      5.94, 
      0.59
    ], 
    [
      5.83, 
      0.59
    ], 
    [
      5.82, 
      0.6
    ], 
    [
      5.71, 
      0.6
    ], 
    [
      5.7, 
      0.61
    ], 
    [
      5.58, 
      0.61
    ], 
    [
      5.57, 
      0.62
    ], 
    [
      5.46, 
      0.62
    ], 
    [
      5.45, 
      0.63
    ], 
    [
      5.34, 
      0.63
    ], 
    [
      5.33, 
      0.64
    ], 
    [
      5.21, 
      0.64
    ], 
    [
      5.2, 
      0.65
    ], 
    [
      5.09, 
      0.65
    ], 
    [
      5.08, 
      0.66
    ], 
    [
      4.97, 
      0.66
    ], 
    [
      4.96, 
      0.67
    ], 
    [
      4.84, 
      0.67
    ], 
    [
      4.83, 
      0.68
    ], 
    [
      4.72, 
      0.68
    ], 
    [
      4.71, 
      0.69
    ], 
    [
      4.6, 
      0.69
    ], 
    [
      4.59, 
      0.7
    ], 
    [
      4.47, 
      0.7
    ], 
    [
      4.46, 
      0.71
    ], 
    [
      4.35, 
      0.71
    ], 
    [
      4.34, 
      0.72
    ], 
    [
      4.23, 
      0.72
    ], 
    [
      4.22, 
      0.73
    ], 
    [
      4.11, 
      0.73
    ], 
    [
      4.1, 
      0.74
    ], 
    [
      3.98, 
      0.74
    ], 
    [
      3.97, 
      0.75
    ], 
    [
      3.86, 
      0.75
    ], 
    [
      3.85, 
      0.76
    ], 
