{
  "room_category": {
    "Garage": {
      "simulation_statistics": [
        {
          "not_completed_agents": 0, 
          "max_evacuation_time": 1.949999, 
          "min_evacuation_time": 0.0, 
          "exit_flow_rate": 3.076924654833156, 
          "completed_agents": 6, 
          "max_traveled_distance": 2.255207, 
          "avg_evacuation_time": 1.1916665, 
          "avg_traveled_distance": 1.5040778333333333, 
          "min_traveled_distance": 0.0
        }
      ], 
      "bounds": [
        [
          -0.02, 
          -0.02, 
          5.17, 
          5.3
        ]
      ]
    }, 
    "Bathroom": {
      "simulation_statistics": [
        {
          "not_completed_agents": 0, 
          "max_evacuation_time": 150.004547, 
          "min_evacuation_time": 3.849998, 
          "exit_flow_rate": 0.0066664645839035796, 
          "completed_agents": 1, 
          "max_traveled_distance": 18.23731, 
          "avg_evacuation_time": 125.64545550000001, 
          "avg_traveled_distance": 6.355403, 
          "min_traveled_distance": 0.741082
        }
      ], 
      "bounds": [
        [
          5.08, 
          -0.76, 
          10.26, 
          5.17
        ]
      ]
    }, 
    "Office": {
      "simulation_statistics": [
        {
          "not_completed_agents": 0, 
          "max_evacuation_time": 150.004547, 
          "min_evacuation_time": 150.004547, 
          "exit_flow_rate": 0.0, 
          "completed_agents": 0, 
          "max_traveled_distance": 19.740042, 
          "avg_evacuation_time": 150.004547, 
          "avg_traveled_distance": 18.110895833333334, 
          "min_traveled_distance": 16.571041
        }
      ], 
      "bounds": [
        [
          10.08, 
          -0.06, 
          15.37, 
          5.17
        ]
      ]
    }
  }, 
  "room_num": 3, 
  "verts": [
    [
      0.11, 
      0.1
    ], 
    [
      0.1, 
      0.11
    ], 
    [
      0.1, 
      5.06
    ], 
    [
      10.07, 
      5.06
    ], 
    [
      10.07, 
      3.92
    ], 
    [
      10.08, 
      3.91
    ], 
    [
      10.18, 
      3.91
    ], 
    [
      10.19, 
      3.92
    ], 
    [
      10.19, 
      5.06
    ], 
    [
      15.26, 
      5.06
    ], 
    [
      15.26, 
      0.1
    ], 
    [
      10.19, 
      0.1
    ], 
    [
      10.19, 
      2.06
    ], 
    [
      10.18, 
      2.07
    ], 
    [
      10.08, 
      2.07
    ], 
    [
      10.07, 
      2.06
    ], 
    [
      10.08, 
      2.05
    ], 
    [
      10.08, 
      2.02
    ], 
    [
      10.07, 
      2.01
    ], 
    [
      10.07, 
      0.1
    ], 
    [
      5.19, 
      0.1
    ], 
    [
      5.19, 
      4.41
    ], 
    [
      5.18, 
      4.42
    ], 
    [
      5.09, 
      4.42
    ], 
    [
      5.08, 
      4.41
    ], 
    [
      5.08, 
      0.1
    ]
  ], 
  "bbox": {
    "max": [
      15.26, 
      5.06
    ], 
    "min": [
      0.1, 
      0.1
    ]
  }, 
  "id": "432d16b208c926a7676874213a090742"
}