{
  "room_category": {
    "Garage": {
      "simulation_statistics": [
        {
          "not_completed_agents": 0, 
          "max_evacuation_time": 22.64994, 
          "min_evacuation_time": 12.100028, 
          "exit_flow_rate": 0.3973520459656847, 
          "completed_agents": 9, 
          "max_traveled_distance": 21.426023, 
          "avg_evacuation_time": 16.672237444444445, 
          "avg_traveled_distance": 18.97199011111111, 
          "min_traveled_distance": 14.68767
        }
      ], 
      "bounds": [
        [
          10.63, 
          3.56, 
          16.32, 
          11.2
        ]
      ]
    }, 
    "Office": {
      "simulation_statistics": [
        {
          "not_completed_agents": 0, 
          "max_evacuation_time": 20.999966, 
          "min_evacuation_time": 4.75, 
          "exit_flow_rate": 0.3809529977334249, 
          "completed_agents": 8, 
          "max_traveled_distance": 23.868671, 
          "avg_evacuation_time": 12.168758875, 
          "avg_traveled_distance": 13.745351375, 
          "min_traveled_distance": 6.464584
        }
      ], 
      "bounds": [
        [
          6.84, 
          3.56, 
          11.34, 
          12.01
        ]
      ]
    }
  }, 
  "room_num": 6, 
  "verts": [
    [
      0.11, 
      0.1
    ], 
    [
      0.1, 
      0.11
    ], 
    [
      0.1, 
      11.03
    ], 
    [
      7.44, 
      11.03
    ], 
    [
      7.44, 
      9.97
    ], 
    [
      7.45, 
      9.96
    ], 
    [
      7.55, 
      9.96
    ], 
    [
      7.56, 
      9.97
    ], 
    [
      7.55, 
      9.98
    ], 
    [
      7.56, 
      9.99
    ], 
    [
      7.56, 
      11.03
    ], 
    [
      10.62, 
      11.03
    ], 
    [
      10.62, 
      10.94
    ], 
    [
      10.63, 
      10.93
    ], 
    [
      10.73, 
      10.93
    ], 
    [
      10.74, 
      10.94
    ], 
    [
      10.74, 
      11.03
    ], 
    [
      16.18, 
      11.03
    ], 
    [
      16.18, 
      3.67
    ], 
    [
      10.74, 
      3.67
    ], 
    [
      10.74, 
      9.92
    ], 
    [
      10.73, 
      9.93
    ], 
    [
      10.63, 
      9.93
    ], 
    [
      10.62, 
      9.92
    ], 
    [
      10.63, 
      9.91
    ], 
    [
      10.63, 
      9.84
    ], 
    [
      10.62, 
      9.83
    ], 
    [
      10.62, 
      3.67
    ], 
    [
      10.58, 
      3.67
    ], 
    [
      10.57, 
      3.66
    ], 
    [
      10.57, 
      3.56
    ], 
    [
      10.58, 
      3.55
    ], 
    [
      11.04, 
      3.55
    ], 
    [
      11.04, 
      3.11
    ], 
    [
      11.05, 
      3.1
    ], 
    [
      11.15, 
      3.1
    ], 
    [
      11.16, 
      3.11
    ], 
    [
      11.16, 
      3.55
    ], 
    [
      16.29, 
      3.55
    ], 
    [
      16.3, 
      3.54
    ], 
    [
      18.13, 
      3.54
    ], 
    [
      18.13, 
      1.37
    ], 
    [
      11.16, 
      1.37
    ], 
    [
      11.16, 
      1.95
    ], 
    [
      11.15, 
      1.96
    ], 
    [
      11.05, 
      1.96
    ], 
    [
      11.04, 
      1.95
    ], 
    [
      11.04, 
      1.37
    ], 
    [
      7.56, 
      1.37
    ], 
    [
      7.56, 
      3.55
    ], 
    [
      9.56, 
      3.55
    ], 
    [
      9.57, 
      3.56
    ], 
    [
      9.57, 
      3.66
    ], 
    [
      9.56, 
      3.67
    ], 
    [
      9.55, 
      3.67
    ], 
    [
      9.55, 
      5.63
    ], 
    [
      9.56, 
      5.64
    ], 
    [
      9.54, 
      5.66
    ], 
    [
      9.39, 
      5.66
    ], 
    [
      9.38, 
      5.65
    ], 
    [
      9.38, 
      5.55
    ], 
    [
      9.39, 
      5.54
    ], 
    [
      9.44, 
      5.54
    ], 
    [
      9.44, 
      3.67
    ], 
    [
      7.56, 
      3.67
    ], 
    [
      7.56, 
      8.95
    ], 
    [
      7.55, 
      8.96
    ], 
    [
      7.45, 
      8.96
    ], 
    [
      7.44, 
      8.95
    ], 
    [
      7.44, 
      1.26
    ], 
    [
      7.43, 
      1.25
    ], 
    [
      7.43, 
      0.1
    ]
  ], 
  "bbox": {
    "max": [
      18.13, 
      11.03
    ], 
    "min": [
      0.1, 
      0.1
    ]
  }, 
  "id": "44834b7551f937340092169c512ff023"
}