{
  "room_category": {
    "Toilet": {
      "simulation_statistics": [
        {
          "not_completed_agents": 0, 
          "max_evacuation_time": 16.250038, 
          "min_evacuation_time": 5.800004, 
          "exit_flow_rate": 0.36922990580083564, 
          "completed_agents": 6, 
          "max_traveled_distance": 13.814657, 
          "avg_evacuation_time": 11.358357333333332, 
          "avg_traveled_distance": 10.800938833333333, 
          "min_traveled_distance": 7.702937
        }
      ], 
      "bounds": [
        [
          11.41, 
          1.86, 
          16.82, 
          7.05
        ]
      ]
    }, 
    "Bathroom": {
      "simulation_statistics": [
        {
          "not_completed_agents": 0, 
          "max_evacuation_time": 11.150024, 
          "min_evacuation_time": 5.000001, 
          "exit_flow_rate": 0.5381154336528783, 
          "completed_agents": 6, 
          "max_traveled_distance": 10.788131, 
          "avg_evacuation_time": 8.841682166666667, 
          "avg_traveled_distance": 9.750540166666667, 
          "min_traveled_distance": 7.623974
        }
      ], 
      "bounds": [
        [
          11.41, 
          1.86, 
          16.82, 
          7.05
        ]
      ]
    }, 
    "Kitchen": {
      "simulation_statistics": [
        {
          "not_completed_agents": 0, 
          "max_evacuation_time": 12.60003, 
          "min_evacuation_time": 0.55, 
          "exit_flow_rate": 0.5555542328073821, 
          "completed_agents": 7, 
          "max_traveled_distance": 9.266702, 
          "avg_evacuation_time": 7.650013285714286, 
          "avg_traveled_distance": 7.111692428571429, 
          "min_traveled_distance": 0.854475
        }
      ], 
      "bounds": [
        [
          -0.02, 
          1.0, 
          5.78, 
          7.09
        ]
      ]
    }
  }, 
  "room_num": 4, 
  "verts": [
    [
      6.6, 
      0.1
    ], 
    [
      6.58, 
      0.12
    ], 
    [
      6.57, 
      0.12
    ], 
    [
      6.54, 
      0.15
    ], 
    [
      6.53, 
      0.15
    ], 
    [
      6.51, 
      0.17
    ], 
    [
      6.5, 
      0.17
    ], 
    [
      6.47, 
      0.2
    ], 
    [
      6.46, 
      0.2
    ], 
    [
      6.43, 
      0.23
    ], 
    [
      6.42, 
      0.23
    ], 
    [
      6.4, 
      0.25
    ], 
    [
      6.39, 
      0.25
    ], 
    [
      6.36, 
      0.28
    ], 
    [
      6.35, 
      0.28
    ], 
    [
      6.33, 
      0.3
    ], 
    [
      6.32, 
      0.3
    ], 
    [
      6.29, 
      0.33
    ], 
    [
      6.28, 
      0.33
    ], 
    [
      6.26, 
      0.35
    ], 
    [
      6.25, 
      0.35
    ], 
    [
      6.22, 
      0.38
    ], 
    [
      6.21, 
      0.38
    ], 
    [
      6.19, 
      0.4
    ], 
    [
      6.18, 
      0.4
    ], 
    [
      6.15, 
      0.43
    ], 
    [
      6.14, 
      0.43
    ], 
    [
      6.12, 
      0.45
    ], 
    [
      6.11, 
      0.45
    ], 
    [
      6.08, 
      0.48
    ], 
    [
      6.07, 
      0.48
    ], 
    [
      6.05, 
      0.5
    ], 
    [
      6.04, 
      0.5
    ], 
    [
      6.01, 
      0.53
    ], 
    [
      6.0, 
      0.53
    ], 
    [
      5.98, 
      0.55
    ], 
    [
      5.97, 
      0.55
    ], 
    [
      5.94, 
      0.58
    ], 
    [
      5.93, 
      0.58
    ], 
    [
      5.91, 
      0.6
    ], 
    [
      5.9, 
      0.6
    ], 
    [
      5.87, 
      0.63
    ], 
    [
      5.86, 
      0.63
    ], 
    [
      5.83, 
      0.66
    ], 
    [
      5.82, 
      0.66
    ], 
    [
      5.8, 
      0.68
    ], 
    [
      5.79, 
      0.68
    ], 
    [
      5.76, 
      0.71
    ], 
    [
      5.75, 
      0.71
    ], 
    [
      5.73, 
      0.73
    ], 
    [
      5.72, 
      0.73
    ], 
    [
      5.69, 
      0.76
    ], 
    [
      5.68, 
      0.76
    ], 
    [
      5.66, 
      0.78
    ], 
    [
      5.65, 
      0.78
    ], 
    [
      5.62, 
      0.81
    ], 
    [
      5.61, 
      0.81
    ], 
    [
      5.59, 
      0.83
    ], 
    [
      5.58, 
      0.83
    ], 
    [
      5.55, 
      0.86
    ], 
    [
      5.54, 
      0.86
    ], 
    [
      5.52, 
      0.88
    ], 
    [
      5.51, 
      0.88
    ], 
    [
      5.48, 
      0.91
    ], 
    [
      5.47, 
      0.91
    ], 
    [
      5.45, 
      0.93
    ], 
    [
      5.44, 
      0.93
    ], 
    [
      5.41, 
      0.96
    ], 
    [
      5.4, 
      0.96
    ], 
    [
      5.38, 
      0.98
    ], 
    [
      5.37, 
      0.98
    ], 
    [
      5.34, 
      1.01
    ], 
    [
      5.33, 
      1.01
    ], 
    [
      5.31, 
      1.03
    ], 
    [
      5.3, 
      1.03
    ], 
    [
      5.28, 
      1.05
    ], 
    [
      5.27, 
      1.05
    ], 
    [
      5.24, 
      1.08
    ], 
    [
      5.23, 
      1.08
    ], 
    [
      5.21, 
      1.1
    ], 
    [
      5.21, 
      4.75
    ], 
    [
      5.2, 
      4.76
    ], 
    [
      5.07, 
      4.76
    ], 
    [
      5.06, 
      4.75
    ], 
    [
      5.06, 
      1.12
    ], 
    [
      0.11, 
      1.12
    ], 
    [
      0.1, 
      1.13
    ], 
    [
      0.1, 
      6.96
    ], 
    [
      5.06, 
      6.96
    ], 
    [
      5.06, 
      5.77
    ], 
    [
      5.07, 
      5.76
    ], 
    [
      5.2, 
      5.76
    ], 
    [
      5.21, 
      5.77
    ], 
    [
      5.21, 
      6.94
    ], 
    [
      11.42, 
      6.94
    ], 
    [
      11.42, 
      6.74
    ], 
    [
      11.43, 
      6.73
    ], 
    [
      11.53, 
      6.73
    ], 
    [
      11.54, 
      6.74
    ], 
    [
      11.54, 
      6.94
    ], 
    [
      16.68, 
      6.94
    ], 
    [
      16.68, 
      1.97
    ], 
    [
      11.54, 
      1.97
    ], 
    [
      11.54, 
      5.72
    ], 
    [
      11.53, 
      5.73
    ], 
    [
      11.43, 
      5.73
    ], 
    [
      11.42, 
      5.72
    ], 
    [
      11.42, 
      1.86
    ], 
    [
      11.41, 
      1.85
    ], 
    [
      11.41, 
      1.09
    ], 
    [
      11.38, 
      1.06
    ], 
    [
      11.37, 
      1.06
    ], 
    [
      11.35, 
      1.04
    ], 
    [
      11.34, 
      1.04
    ], 
    [
      11.31, 
      1.01
    ], 
    [
      11.3, 
      1.01
    ], 
    [
      11.28, 
      0.99
    ], 
    [
      11.27, 
      0.99
    ], 
    [
      11.25, 
      0.97
    ], 
    [
      11.24, 
      0.97
    ], 
    [
      11.21, 
      0.94
    ], 
    [
      11.2, 
      0.94
    ], 
    [
      11.18, 
      0.92
    ], 
    [
      11.17, 
      0.92
    ], 
    [
      11.15, 
      0.9
    ], 
    [
      11.14, 
      0.9
    ], 
    [
      11.12, 
      0.88
    ], 
    [
      11.11, 
      0.88
    ], 
    [
      11.08, 
      0.85
    ], 
    [
      11.07, 
      0.85
    ], 
    [
      11.05, 
      0.83
    ], 
    [
      11.04, 
      0.83
    ], 
    [
      11.02, 
      0.81
    ], 
    [
      11.01, 
      0.81
    ], 
    [
      10.98, 
      0.78
    ], 
    [
      10.97, 
      0.78
    ], 
    [
      10.95, 
      0.76
    ], 
    [
      10.94, 
      0.76
    ], 
    [
      10.92, 
      0.74
    ], 
    [
      10.91, 
      0.74
    ], 
    [
      10.88, 
      0.71
    ], 
    [
      10.87, 
      0.71
    ], 
    [
      10.85, 
      0.69
    ], 
    [
