{
  "room_category": {
    "Bedroom": {
      "simulation_statistics": [
        {
          "not_completed_agents": 0, 
          "max_evacuation_time": 6.550007, 
          "min_evacuation_time": 0.65, 
          "exit_flow_rate": 0.7633579628235512, 
          "completed_agents": 5, 
          "max_traveled_distance": 7.213068, 
          "avg_evacuation_time": 2.560001, 
          "avg_traveled_distance": 2.7389634000000003, 
          "min_traveled_distance": 0.718393
        }
      ], 
      "bounds": [
        [
          -0.02, 
          -0.26, 
          4.4, 
          5.0
        ]
      ]
    }
  }, 
  "room_num": 1, 
  "verts": [
    [
      2.3, 
      0.1
    ], 
    [
      2.29, 
      0.11
    ], 
    [
      0.11, 
      0.11
    ], 
    [
      0.1, 
      0.12
    ], 
    [
      0.1, 
      4.27
    ], 
    [
      4.2, 
      4.27
    ], 
    [
      4.2, 
      4.13
    ], 
    [
      4.19, 
      4.12
    ], 
    [
      4.19, 
      4.11
    ], 
    [
      4.18, 
      4.1
    ], 
    [
      4.18, 
      4.08
    ], 
    [
      4.17, 
      4.07
    ], 
    [
      4.17, 
      4.05
    ], 
    [
      4.16, 
      4.04
    ], 
    [
      4.16, 
      4.03
    ], 
    [
      4.15, 
      4.02
    ], 
    [
      4.15, 
      4.0
    ], 
    [
      4.14, 
      3.99
    ], 
    [
      4.14, 
      3.98
    ], 
    [
      4.13, 
      3.97
    ], 
    [
      4.13, 
      3.95
    ], 
    [
      4.12, 
      3.94
    ], 
    [
      4.12, 
      3.93
    ], 
    [
      4.11, 
      3.92
    ], 
    [
      4.11, 
      3.9
    ], 
    [
      4.1, 
      3.89
    ], 
    [
      4.1, 
      3.88
    ], 
    [
      4.09, 
      3.87
    ], 
    [
      4.09, 
      3.85
    ], 
    [
      4.08, 
      3.84
    ], 
    [
      4.08, 
      3.83
    ], 
    [
      4.07, 
      3.82
    ], 
    [
      4.07, 
      3.8
    ], 
    [
      4.06, 
      3.79
    ], 
    [
      4.06, 
      3.78
    ], 
    [
      4.05, 
      3.77
    ], 
    [
      4.05, 
      3.75
    ], 
    [
      4.04, 
      3.74
    ], 
    [
      4.04, 
      3.73
    ], 
    [
      4.03, 
      3.72
    ], 
    [
      4.03, 
      3.7
    ], 
    [
      4.02, 
      3.69
    ], 
    [
      4.02, 
      3.67
    ], 
    [
      4.01, 
      3.66
    ], 
    [
      4.01, 
      3.65
    ], 
    [
      4.0, 
      3.64
    ], 
    [
      4.0, 
      3.62
    ], 
    [
      3.99, 
      3.61
    ], 
    [
      3.99, 
      3.6
    ], 
    [
      3.98, 
      3.59
    ], 
    [
      3.98, 
      3.57
    ], 
    [
      3.97, 
      3.56
    ], 
    [
      3.97, 
      3.55
    ], 
    [
      3.96, 
      3.54
    ], 
    [
      3.96, 
      3.52
    ], 
    [
      3.95, 
      3.51
    ], 
    [
      3.95, 
      3.5
    ], 
    [
      3.94, 
      3.49
    ], 
    [
      3.94, 
      3.47
    ], 
    [
      3.93, 
      3.46
    ], 
    [
      3.93, 
      3.45
    ], 
    [
      3.92, 
      3.44
    ], 
    [
      3.92, 
      3.42
    ], 
    [
      3.91, 
      3.41
    ], 
    [
      3.91, 
      3.4
    ], 
    [
      3.9, 
      3.39
    ], 
    [
      3.9, 
      3.37
    ], 
    [
      3.89, 
      3.36
    ], 
    [
      3.89, 
      3.34
    ], 
    [
      3.88, 
      3.33
    ], 
    [
      3.88, 
      3.32
    ], 
    [
      3.87, 
      3.31
    ], 
    [
      3.87, 
      3.29
    ], 
    [
      3.86, 
      3.28
    ], 
    [
      3.86, 
      3.27
    ], 
    [
      3.85, 
      3.26
    ], 
    [
      3.85, 
      3.24
    ], 
    [
      3.84, 
      3.23
    ], 
    [
      3.84, 
      3.22
    ], 
    [
      3.83, 
      3.21
    ], 
    [
      3.83, 
      3.19
    ], 
    [
      3.82, 
      3.18
    ], 
    [
      3.82, 
      3.17
    ], 
    [
      3.81, 
      3.16
    ], 
    [
      3.81, 
      3.14
    ], 
    [
      3.8, 
      3.13
    ], 
    [
      3.8, 
      3.12
    ], 
    [
      3.79, 
      3.11
    ], 
    [
      3.79, 
      3.09
    ], 
    [
      3.78, 
      3.08
    ], 
    [
      3.78, 
      3.07
    ], 
    [
      3.77, 
      3.06
    ], 
    [
      3.77, 
      3.04
    ], 
    [
      3.76, 
      3.03
    ], 
    [
      3.76, 
      3.01
    ], 
    [
      3.75, 
      3.0
    ], 
    [
      3.75, 
      2.99
    ], 
    [
      3.74, 
      2.98
    ], 
    [
      3.74, 
      2.96
    ], 
    [
      3.73, 
      2.95
    ], 
    [
      3.73, 
      2.94
    ], 
    [
      3.72, 
      2.93
    ], 
    [
      3.72, 
      2.91
    ], 
    [
      3.71, 
      2.9
    ], 
    [
      3.71, 
      2.89
    ], 
    [
      3.7, 
      2.88
    ], 
    [
      3.7, 
      2.86
    ], 
    [
      3.69, 
      2.85
    ], 
    [
      3.69, 
      2.84
    ], 
    [
      3.68, 
      2.83
    ], 
    [
      3.68, 
      2.81
    ], 
    [
      3.67, 
      2.8
    ], 
    [
      3.67, 
      2.79
    ], 
    [
      3.66, 
      2.78
    ], 
    [
      3.66, 
      2.76
    ], 
    [
      3.65, 
      2.75
    ], 
    [
      3.65, 
      2.74
    ], 
    [
      3.64, 
      2.73
    ], 
    [
      3.64, 
      2.71
    ], 
    [
      3.63, 
      2.7
    ], 
    [
      3.63, 
      2.69
    ], 
    [
      3.62, 
      2.68
    ], 
    [
      3.62, 
      2.66
    ], 
    [
      3.61, 
      2.65
    ], 
    [
      3.61, 
      2.63
    ], 
    [
      3.6, 
      2.62
    ], 
    [
      3.6, 
      2.61
    ], 
    [
      3.59, 
      2.6
    ], 
    [
      3.59, 
      2.58
    ], 
    [
      3.58, 
      2.57
    ], 
    [
      3.58, 
      2.56
    ], 
    [
      3.57, 
      2.55
    ], 
    [
      3.57, 
      2.53
    ], 
    [
      3.56, 
      2.52
    ], 
    [
      3.56, 
      2.51
    ], 
    [
      3.55, 
      2.5
    ], 
    [
      3.55, 
      2.48
    ], 
    [
      3.54, 
      2.47
    ], 
    [
      3.54, 
      2.46
    ], 
    [
      3.53, 
      2.45
    ], 
    [
      3.53, 
      2.43
    ], 
    [
      3.52, 
      2.42
    ], 
    [
      3.52, 
      2.41
    ], 
    [
      3.51, 
      2.4
    ], 
    [
      3.51, 
      2.38
    ], 
    [
      3.5, 
      2.37
    ], 
    [
      3.5, 
      2.36
    ], 
    [
      3.49, 
      2.35
    ], 
    [
      3.49, 
      2.33
    ], 
    [
      3.48, 
      2.32
    ], 
    [
      3.48, 
      2.3
    ], 
    [
      3.47, 
      2.29
    ], 
    [
      3.47, 
      2.28
    ], 
    [
      3.46, 
      2.27
    ], 
    [
      3.46, 
      2.25
    ], 
    [
      3.45, 
      2.24
    ], 
    [
      3.45, 
      2.23
    ], 
    [
      3.44, 
      2.22
    ], 
    [
      3.44, 
      2.2
    ], 
    [
      3.43, 
      2.19
    ], 
    [
      3.43, 
      2.18
    ], 
    [
      3.42, 
      2.17
    ], 
    [
      3.42, 
      2.15
    ], 
    [
      3.41, 
      2.14
    ], 
    [
      3.41, 
      2.13
    ], 
    [
      3.4, 
      2.12
    ], 
    [
      3.4, 
      2.1
    ], 
    [
      3.39, 
      2.09
    ], 
    [
      3.39, 
      2.08
    ], 
    [
      3.38, 
      2.07
    ], 
    [
      3.38, 
      2.05
    ], 
    [
      3.37, 
      2.04
    ], 
    [
      3.37, 
      2.03
    ], 
    [
      3.36, 
      2.02
    ], 
    [
      3.36, 
      2.0
    ], 
    [
