{
  "room_category": {
    "Bathroom": {
      "simulation_statistics": [
        {
          "not_completed_agents": 0, 
          "max_evacuation_time": 8.050013, 
          "min_evacuation_time": 1.2, 
          "exit_flow_rate": 1.4906808225030195, 
          "completed_agents": 12, 
          "max_traveled_distance": 9.516477, 
          "avg_evacuation_time": 3.475000833333333, 
          "avg_traveled_distance": 4.15144, 
          "min_traveled_distance": 0.998094
        }
      ], 
      "bounds": [
        [
          -0.04, 
          1.99, 
          13.47, 
          6.41
        ]
      ]
    }, 
    "Living_Room": {
      "simulation_statistics": [
        {
          "not_completed_agents": 0, 
          "max_evacuation_time": 3.049998, 
          "min_evacuation_time": 0.0, 
          "exit_flow_rate": 2.950821607096136, 
          "completed_agents": 9, 
          "max_traveled_distance": 3.576028, 
          "avg_evacuation_time": 1.1777773333333335, 
          "avg_traveled_distance": 1.3081447777777777, 
          "min_traveled_distance": 0.0
        }
      ], 
      "bounds": [
        [
          1.71, 
          -0.63, 
          11.67, 
          4.02
        ]
      ]
    }, 
    "Kitchen": {
      "simulation_statistics": [
        {
          "not_completed_agents": 0, 
          "max_evacuation_time": 3.199998, 
          "min_evacuation_time": 0.0, 
          "exit_flow_rate": 2.8125017578135987, 
          "completed_agents": 9, 
          "max_traveled_distance": 3.854041, 
          "avg_evacuation_time": 1.2166662222222222, 
          "avg_traveled_distance": 1.4534307777777777, 
          "min_traveled_distance": 0.0
        }
      ], 
      "bounds": [
        [
          1.71, 
          -0.63, 
          11.67, 
          4.02
        ]
      ]
    }
  }, 
  "room_num": 5, 
  "verts": [
    [
      5.96, 
      0.1
    ], 
    [
      5.95, 
      0.11
    ], 
    [
      4.28, 
      0.11
    ], 
    [
      4.27, 
      0.12
    ], 
    [
      2.4, 
      0.12
    ], 
    [
      2.39, 
      0.13
    ], 
    [
      1.86, 
      0.13
    ], 
    [
      1.85, 
      0.14
    ], 
    [
      1.85, 
      3.78
    ], 
    [
      1.84, 
      3.79
    ], 
    [
      1.84, 
      3.82
    ], 
    [
      1.83, 
      3.83
    ], 
    [
      1.84, 
      3.83
    ], 
    [
      1.85, 
      3.84
    ], 
    [
      1.85, 
      3.88
    ], 
    [
      1.84, 
      3.89
    ], 
    [
      1.74, 
      3.89
    ], 
    [
      1.73, 
      3.9
    ], 
    [
      0.11, 
      3.9
    ], 
    [
      0.1, 
      3.91
    ], 
    [
      0.1, 
      6.27
    ], 
    [
      13.33, 
      6.27
    ], 
    [
      13.33, 
      3.52
    ], 
    [
      11.65, 
      3.52
    ], 
    [
      11.65, 
      3.66
    ], 
    [
      11.66, 
      3.67
    ], 
    [
      11.66, 
      3.88
    ], 
    [
      11.64, 
      3.9
    ], 
    [
      11.6, 
      3.9
    ], 
    [
      11.59, 
      3.89
    ], 
    [
      10.85, 
      3.89
    ], 
    [
      10.84, 
      3.9
    ], 
    [
      10.83, 
      3.89
    ], 
    [
      10.83, 
      3.79
    ], 
    [
      10.84, 
      3.78
    ], 
    [
      11.54, 
      3.78
    ], 
    [
      11.54, 
      3.56
    ], 
    [
      11.53, 
      3.55
    ], 
    [
      11.53, 
      3.42
    ], 
    [
      11.54, 
      3.41
    ], 
    [
      11.53, 
      3.4
    ], 
    [
      11.53, 
      0.15
    ], 
    [
      11.16, 
      0.15
    ], 
    [
      11.15, 
      0.14
    ], 
    [
      10.34, 
      0.14
    ], 
    [
      10.33, 
      0.13
    ], 
    [
      9.52, 
      0.13
    ], 
    [
      9.51, 
      0.12
    ], 
    [
      8.19, 
      0.12
    ], 
    [
      8.18, 
      0.11
    ], 
    [
      7.21, 
      0.11
    ], 
    [
      7.2, 
      0.1
    ]
  ], 
  "bbox": {
    "max": [
      13.33, 
      6.27
    ], 
    "min": [
      0.1, 
      0.1
    ]
  }, 
  "id": "46747e54a2f97d401ad6b5ed9ae3dd9a"
}