{
  "room_category": {
    "Toilet": {
      "simulation_statistics": [
        {
          "not_completed_agents": 0, 
          "max_evacuation_time": 60.799358, 
          "min_evacuation_time": 26.149887, 
          "exit_flow_rate": 0.1151327946587857, 
          "completed_agents": 7, 
          "max_traveled_distance": 39.55682, 
          "avg_evacuation_time": 42.142500142857145, 
          "avg_traveled_distance": 31.98061557142857, 
          "min_traveled_distance": 24.051107
        }
      ], 
      "bounds": [
        [
          11.06, 
          3.08, 
          18.11, 
          8.27
        ]
      ]
    }, 
    "Bathroom": {
      "simulation_statistics": [
        {
          "not_completed_agents": 0, 
          "max_evacuation_time": 58.74939, 
          "min_evacuation_time": 27.199871, 
          "exit_flow_rate": 0.11915017330392708, 
          "completed_agents": 7, 
          "max_traveled_distance": 40.486671, 
          "avg_evacuation_time": 45.51387742857143, 
          "avg_traveled_distance": 33.347840857142856, 
          "min_traveled_distance": 25.342094
        }
      ], 
      "bounds": [
        [
          11.06, 
          3.08, 
          18.11, 
          8.27
        ]
      ]
    }, 
    "Living_Room": {
      "simulation_statistics": [
        {
          "not_completed_agents": 0, 
          "max_evacuation_time": 46.199581, 
          "min_evacuation_time": 8.150013, 
          "exit_flow_rate": 0.25974261541462895, 
          "completed_agents": 12, 
          "max_traveled_distance": 38.888214, 
          "avg_evacuation_time": 25.983183916666665, 
          "avg_traveled_distance": 24.32412225, 
          "min_traveled_distance": 11.193275
        }, 
        {
          "not_completed_agents": 0, 
          "max_evacuation_time": 64.249321, 
          "min_evacuation_time": 3.999997, 
          "exit_flow_rate": 0.14007930138281152, 
          "completed_agents": 9, 
          "max_traveled_distance": 37.460484, 
          "avg_evacuation_time": 22.80540333333333, 
          "avg_traveled_distance": 19.348909333333335, 
          "min_traveled_distance": 4.351046
        }
      ], 
      "bounds": [
        [
          1.02, 
          8.21, 
          9.16, 
          15.65
        ], 
        [
          -0.87, 
          5.08, 
          11.15, 
          8.91
        ]
      ]
    }, 
    "Bedroom": {
      "simulation_statistics": [
        {
          "not_completed_agents": 0, 
          "max_evacuation_time": 1.999999, 
          "min_evacuation_time": 0.0, 
          "exit_flow_rate": 2.500001250000625, 
          "completed_agents": 5, 
          "max_traveled_distance": 2.489299, 
          "avg_evacuation_time": 0.7099998000000001, 
          "avg_traveled_distance": 0.89825, 
          "min_traveled_distance": 0.0
        }, 
        {
          "not_completed_agents": 0, 
          "max_evacuation_time": 150.004547, 
          "min_evacuation_time": 26.59988, 
          "exit_flow_rate": 0.026665858335614318, 
          "completed_agents": 4, 
          "max_traveled_distance": 35.183178, 
          "avg_evacuation_time": 76.142974, 
          "avg_traveled_distance": 23.821498666666667, 
          "min_traveled_distance": 12.461531
        }
      ], 
      "bounds": [
        [
          4.14, 
          -0.05, 
          9.36, 
          5.2
        ], 
        [
          9.27, 
          -0.02, 
          14.49, 
          5.71
        ]
      ]
    }, 
    "Dining_Room": {
      "simulation_statistics": [
        {
          "not_completed_agents": 0, 
          "max_evacuation_time": 150.004547, 
          "min_evacuation_time": 16.750031, 
          "exit_flow_rate": 0.0666646458390358, 
          "completed_agents": 10, 
          "max_traveled_distance": 42.19136, 
          "avg_evacuation_time": 54.32554883333333, 
          "avg_traveled_distance": 32.30279, 
          "min_traveled_distance": 19.306328
        }, 
        {
          "not_completed_agents": 0, 
          "max_evacuation_time": 62.849327, 
          "min_evacuation_time": 10.05002, 
          "exit_flow_rate": 0.14319962407871129, 
          "completed_agents": 9, 
          "max_traveled_distance": 45.553162, 
          "avg_evacuation_time": 26.827635333333333, 
          "avg_traveled_distance": 26.026898777777777, 
          "min_traveled_distance": 13.562656
        }
      ], 
      "bounds": [
        [
          1.02, 
          8.21, 
          9.16, 
          15.65
        ], 
        [
          8.94, 
          8.21, 
          15.7, 
          14.7
        ]
      ]
    }, 
    "Kitchen": {
      "simulation_statistics": [
        {
          "not_completed_agents": 0, 
          "max_evacuation_time": 65.799416, 
          "min_evacuation_time": 8.600015, 
          "exit_flow_rate": 0.13677932947003665, 
          "completed_agents": 9, 
          "max_traveled_distance": 40.663929, 
          "avg_evacuation_time": 21.44438688888889, 
          "avg_traveled_distance": 21.998582555555558, 
          "min_traveled_distance": 12.335417
        }
      ], 
      "bounds": [
        [
          8.94, 
          8.21, 
          15.7, 
          14.7
        ]
      ]
    }
  }, 
  "room_num": 6,