{
  "room_category": {
    "Bathroom": {
      "simulation_statistics": [
        {
          "not_completed_agents": 0, 
          "max_evacuation_time": 150.004547, 
          "min_evacuation_time": 150.004547, 
          "exit_flow_rate": 0.0, 
          "completed_agents": 0, 
          "max_traveled_distance": 19.661903, 
          "avg_evacuation_time": 150.004547, 
          "avg_traveled_distance": 19.072378999999998, 
          "min_traveled_distance": 18.482855
        }
      ], 
      "bounds": [
        [
          7.65, 
          1.1, 
          12.07, 
          3.69
        ]
      ]
    }, 
    "Bedroom": {
      "simulation_statistics": [
        {
          "not_completed_agents": 0, 
          "max_evacuation_time": 3.099998, 
          "min_evacuation_time": 0.0, 
          "exit_flow_rate": 1.9354851196678193, 
          "completed_agents": 6, 
          "max_traveled_distance": 4.081837, 
          "avg_evacuation_time": 1.5583326666666666, 
          "avg_traveled_distance": 2.032834, 
          "min_traveled_distance": 0.0
        }
      ], 
      "bounds": [
        [
          -0.05, 
          -0.05, 
          8.43, 
          3.53
        ]
      ]
    }
  }, 
  "room_num": 2, 
  "verts": [
    [
      0.11, 
      0.1
    ], 
    [
      0.1, 
      0.11
    ], 
    [
      0.1, 
      3.42
    ], 
    [
      8.2, 
      3.42
    ], 
    [
      8.21, 
      3.41
    ], 
    [
      8.31, 
      3.41
    ], 
    [
      8.32, 
      3.42
    ], 
    [
      8.33, 
      3.42
    ], 
    [
      8.34, 
      3.41
    ], 
    [
      8.43, 
      3.41
    ], 
    [
      8.44, 
      3.42
    ], 
    [
      11.96, 
      3.42
    ], 
    [
      11.96, 
      2.86
    ], 
    [
      11.95, 
      2.85
    ], 
    [
      11.95, 
      1.7
    ], 
    [
      11.94, 
      1.69
    ], 
    [
      11.94, 
      1.21
    ], 
    [
      8.44, 
      1.21
    ], 
    [
      8.44, 
      2.74
    ], 
    [
      8.43, 
      2.75
    ], 
    [
      8.34, 
      2.75
    ], 
    [
      8.33, 
      2.74
    ], 
    [
      8.33, 
      1.21
    ], 
    [
      8.3, 
      1.21
    ], 
    [
      8.3, 
      1.96
    ], 
    [
      8.31, 
      1.97
    ], 
    [
      8.31, 
      2.74
    ], 
    [
      8.3, 
      2.75
    ], 
    [
      8.21, 
      2.75
    ], 
    [
      8.2, 
      2.74
    ], 
    [
      8.2, 
      1.97
    ], 
    [
      8.19, 
      1.96
    ], 
    [
      8.19, 
      1.16
    ], 
    [
      8.18, 
      1.15
    ], 
    [
      8.18, 
      1.11
    ], 
    [
      8.2, 
      1.09
    ], 
    [
      8.32, 
      1.09
    ], 
    [
      8.32, 
      0.1
    ]
  ], 
  "bbox": {
    "max": [
      11.96, 
      3.42
    ], 
    "min": [
      0.1, 
      0.1
    ]
  }, 
  "id": "47476ca0076a40d5945f580e11786c4e"
}