{
  "room_category": {
    "Living_Room": {
      "simulation_statistics": [
        {
          "not_completed_agents": 0, 
          "max_evacuation_time": 35.14975, 
          "min_evacuation_time": 14.700038, 
          "exit_flow_rate": 0.25604734030825255, 
          "completed_agents": 9, 
          "max_traveled_distance": 22.947927, 
          "avg_evacuation_time": 23.444369333333334, 
          "avg_traveled_distance": 19.81809422222222, 
          "min_traveled_distance": 16.723598
        }
      ], 
      "bounds": [
        [
          0.0, 
          14.47, 
          5.95, 
          21.7
        ]
      ]
    }, 
    "Dining_Room": {
      "simulation_statistics": [
        {
          "not_completed_agents": 0, 
          "max_evacuation_time": 17.350021, 
          "min_evacuation_time": 9.050016, 
          "exit_flow_rate": 0.4034577249214856, 
          "completed_agents": 7, 
          "max_traveled_distance": 16.314949, 
          "avg_evacuation_time": 12.564311571428572, 
          "avg_traveled_distance": 13.696183428571429, 
          "min_traveled_distance": 10.660339
        }
      ], 
      "bounds": [
        [
          2.73, 
          9.0, 
          9.46, 
          14.5
        ]
      ]
    }, 
    "Room": [
      [
        4.2, 
        5.59, 
        5.65, 
        7.22
      ]
    ], 
    "Kitchen": {
      "simulation_statistics": [
        {
          "not_completed_agents": 0, 
          "max_evacuation_time": 7.50001, 
          "min_evacuation_time": 2.299999, 
          "exit_flow_rate": 0.9333320888905482, 
          "completed_agents": 7, 
          "max_traveled_distance": 6.536594, 
          "avg_evacuation_time": 4.792859, 
          "avg_traveled_distance": 4.526940857142857, 
          "min_traveled_distance": 2.293626
        }
      ], 
      "bounds": [
        [
          -0.01, 
          2.97, 
          5.5, 
          9.14
        ]
      ]
    }
  }, 
  "room_num": 10, 
  "verts": [
    [
      0.12, 
      0.1
    ], 
    [
      0.11, 
      0.11
    ], 
    [
      0.11, 
      1.49
    ], 
    [
      0.1, 
      1.5
    ], 
    [
      0.1, 
      2.9
    ], 
    [
      2.21, 
      2.9
    ], 
    [
      2.22, 
      2.91
    ], 
    [
      2.22, 
      3.07
    ], 
    [
      2.21, 
      3.08
    ], 
    [
      0.1, 
      3.08
    ], 
    [
      0.1, 
      8.94
    ], 
    [
      1.47, 
      8.94
    ], 
    [
      1.48, 
      8.93
    ], 
    [
      2.86, 
      8.93
    ], 
    [
      2.87, 
      8.94
    ], 
    [
      2.87, 
      9.11
    ], 
    [
      2.86, 
      9.12
    ], 
    [
      2.83, 
      9.12
    ], 
    [
      2.83, 
      11.73
    ], 
    [
      4.01, 
      11.73
    ], 
    [
      4.03, 
      11.75
    ], 
    [
      4.03, 
      11.89
    ], 
    [
      4.02, 
      11.9
    ], 
    [
      3.95, 
      11.9
    ], 
    [
      3.94, 
      11.91
    ], 
    [
      2.66, 
      11.91
    ], 
    [
      2.64, 
      11.89
    ], 
    [
      2.64, 
      9.12
    ], 
    [
      0.11, 
      9.12
    ], 
    [
      0.11, 
      14.45
    ], 
    [
      3.48, 
      14.45
    ], 
    [
      3.49, 
      14.46
    ], 
    [
      3.49, 
      14.6
    ], 
    [
      3.48, 
      14.61
    ], 
    [
      0.11, 
      14.61
    ], 
    [
      0.11, 
      20.83
    ], 
    [
      2.33, 
      20.83
    ], 
    [
      2.33, 
      19.43
    ], 
    [
      2.34, 
      19.42
    ], 
    [
      2.34, 
      19.34
    ], 
    [
      2.36, 
      19.32
    ], 
    [
      2.44, 
      19.32
    ], 
    [
      2.45, 
      19.31
    ], 
    [
      5.83, 
      19.31
    ], 
    [
      5.83, 
      14.61
    ], 
    [
      5.82, 
      14.61
    ], 
    [
      5.81, 
      14.6
    ], 
    [
      5.81, 
      14.51
    ], 
    [
      4.7, 
      14.51
    ], 
    [
      4.69, 
      14.5
    ], 
    [
      4.69, 
      14.41
    ], 
    [
      4.7, 
      14.4
    ], 
    [
      9.35, 
      14.4
    ], 
    [
      9.35, 
      9.12
    ], 
    [
      5.36, 
      9.12
    ], 
    [
      5.35, 
      9.11
    ], 
    [
      5.35, 
      8.94
    ], 
    [
      5.36, 
      8.93
    ], 
    [
      5.38, 
      8.93
    ], 
    [
      5.38, 
      7.21
    ], 
    [
      5.37, 
      7.2
    ], 
    [
      5.39, 
      7.18
    ], 
    [
      5.4, 
      7.18
    ], 
    [
      5.45, 
      7.13
    ], 
    [
      5.46, 
      7.13
    ], 
    [
      5.49, 
      7.16
    ], 
    [
      5.49, 
      7.17
    ], 
    [
      5.51, 
      7.19
    ], 
    [
      5.51, 
      7.2
    ], 
    [
      5.49, 
      7.22
    ], 
    [
      5.49, 
      9.0
    ], 
    [
      9.35, 
      9.0
    ], 
    [
      9.35, 
      3.75
    ], 
    [
      9.34, 
      3.74
    ], 
    [
      9.34, 
      0.1
    ], 
    [
      3.52, 
      0.1
    ], 
    [
      3.52, 
      5.71
    ], 
    [
      4.22, 
      5.71
    ], 
    [
      4.24, 
      5.69
    ], 
    [
      4.26, 
      5.71
    ], 
    [
      4.27, 
      5.71
    ], 
    [
      4.28, 
      5.72
    ], 
    [
      4.28, 
      5.74
    ], 
    [
      4.31, 
      5.77
    ], 
    [
      4.28, 
      5.8
    ], 
    [
      4.28, 
      5.81
    ], 
    [
      4.27, 
      5.82
    ], 
    [
      4.26, 
      5.82
    ], 
    [
      4.23, 
      5.85
    ], 
    [
      4.2, 
      5.82
    ], 
    [
      3.36, 
      5.82
    ], 
    [
      3.34, 
      5.8
    ], 
    [
      3.34, 
      3.08
    ], 
    [
      3.31, 
      3.08
    ], 
    [
      3.3, 
      3.07
    ], 
    [
      3.3, 
      2.91
    ], 
    [
      3.31, 
      2.9
    ], 
    [
      3.34, 
      2.9
    ], 
    [
      3.34, 
      1.57
    ], 
    [
      3.35, 
      1.56
    ], 
    [
      3.35, 
      0.1
    ]
  ], 
  "bbox": {
    "max": [
      9.35, 
      20.83
    ], 
    "min": [
      0.1, 
      0.1
    ]
  }, 
  "id": "47e8cf7d087f7f364a3c307006b77a30"
}