{
  "room_category": {
    "Room": [
      [
        4.75, 
        9.45, 
        5.82, 
        11.05
      ], 
      [
        4.72, 
        5.49, 
        5.87, 
        7.09
      ], 
      [
        4.72, 
        3.98, 
        5.85, 
        5.58
      ], 
      [
        4.73, 
        -0.01, 
        5.88, 
        1.59
      ]
    ], 
    "Office": {
      "simulation_statistics": [
        {
          "not_completed_agents": 0, 
          "max_evacuation_time": 3.099998, 
          "min_evacuation_time": 0.0, 
          "exit_flow_rate": 2.580646826223759, 
          "completed_agents": 8, 
          "max_traveled_distance": 3.232765, 
          "avg_evacuation_time": 1.481249375, 
          "avg_traveled_distance": 1.78846275, 
          "min_traveled_distance": 0.0
        }
      ], 
      "bounds": [
        [
          -0.04, 
          -0.71, 
          5.85, 
          5.9
        ]
      ]
    }, 
    "Bedroom": {
      "simulation_statistics": [
        {
          "not_completed_agents": 0, 
          "max_evacuation_time": 7.200009, 
          "min_evacuation_time": 3.049998, 
          "exit_flow_rate": 1.1111097222239583, 
          "completed_agents": 8, 
          "max_traveled_distance": 8.516286, 
          "avg_evacuation_time": 5.2375025, 
          "avg_traveled_distance": 6.46187225, 
          "min_traveled_distance": 3.672091
        }
      ], 
      "bounds": [
        [
          0.02, 
          4.95, 
          5.85, 
          11.74
        ]
      ]
    }
  }, 
  "room_num": 11, 
  "verts": [
    [
      0.71, 
      0.1
    ], 
    [
      0.7, 
      0.11
    ], 
    [
      0.7, 
      0.39
    ], 
    [
      0.71, 
      0.4
    ], 
    [
      0.71, 
      0.67
    ], 
    [
      0.7, 
      0.68
    ], 
    [
      0.7, 
      0.76
    ], 
    [
      0.68, 
      0.78
    ], 
    [
      0.6, 
      0.78
    ], 
    [
      0.59, 
      0.79
    ], 
    [
      0.11, 
      0.79
    ], 
    [
      0.1, 
      0.8
    ], 
    [
      0.1, 
      4.8
    ], 
    [
      0.74, 
      4.8
    ], 
    [
      0.76, 
      4.82
    ], 
    [
      0.76, 
      4.91
    ], 
    [
      0.77, 
      4.92
    ], 
    [
      0.77, 
      6.16
    ], 
    [
      0.76, 
      6.17
    ], 
    [
      0.76, 
      6.25
    ], 
    [
      0.74, 
      6.27
    ], 
    [
      0.66, 
      6.27
    ], 
    [
      0.65, 
      6.28
    ], 
    [
      0.17, 
      6.28
    ], 
    [
      0.16, 
      6.29
    ], 
    [
      0.16, 
      10.29
    ], 
    [
      0.74, 
      10.29
    ], 
    [
      0.76, 
      10.31
    ], 
    [
      0.76, 
      10.4
    ], 
    [
      0.77, 
      10.41
    ], 
    [
      0.77, 
      10.94
    ], 
    [
      4.74, 
      10.94
    ], 
    [
      4.74, 
      9.45
    ], 
    [
      4.75, 
      9.44
    ], 
    [
      5.71, 
      9.44
    ], 
    [
      5.71, 
      9.04
    ], 
    [
      5.7, 
      9.03
    ], 
    [
      5.7, 
      8.54
    ], 
    [
      5.69, 
      8.53
    ], 
    [
      5.69, 
      8.12
    ], 
    [
      5.7, 
      8.11
    ], 
    [
      5.7, 
      7.61
    ], 
    [
      5.71, 
      7.6
    ], 
    [
      5.71, 
      7.1
    ], 
    [
      4.73, 
      7.1
    ], 
    [
      4.71, 
      7.08
    ], 
    [
      4.71, 
      3.98
    ], 
    [
      4.72, 
      3.97
    ], 
    [
      5.73, 
      3.97
    ], 
    [
      5.73, 
      2.32
    ], 
    [
      4.74, 
      2.32
    ], 
    [
      4.72, 
      2.3
    ], 
    [
      4.72, 
      0.1
    ]
  ], 
  "bbox": {
    "max": [
      5.73, 
      10.94
    ], 
    "min": [
      0.1, 
      0.1
    ]
  }, 
  "id": "4a1eebc41ddbe56e5a5ea6c7773453db"
}