{
  "room_category": {
    "Kitchen": {
      "simulation_statistics": [
        {
          "not_completed_agents": 0, 
          "max_evacuation_time": 3.349998, 
          "min_evacuation_time": 0.4, 
          "exit_flow_rate": 1.7910458454005047, 
          "completed_agents": 6, 
          "max_traveled_distance": 3.997631, 
          "avg_evacuation_time": 1.5916661666666665, 
          "avg_traveled_distance": 1.9214086666666665, 
          "min_traveled_distance": 0.566372
        }
      ], 
      "bounds": [
        [
          -0.03, 
          -0.02, 
          4.21, 
          7.59
        ]
      ]
    }
  }, 
  "room_num": 3, 
  "verts": [
    [
      0.11, 
      0.1
    ], 
    [
      0.1, 
      0.11
    ], 
    [
      0.1, 
      6.6
    ], 
    [
      0.11, 
      6.6
    ], 
    [
      0.14, 
      6.63
    ], 
    [
      0.15, 
      6.63
    ], 
    [
      0.17, 
      6.65
    ], 
    [
      0.18, 
      6.65
    ], 
    [
      0.2, 
      6.67
    ], 
    [
      0.21, 
      6.67
    ], 
    [
      0.24, 
      6.7
    ], 
    [
      0.25, 
      6.7
    ], 
    [
      0.27, 
      6.72
    ], 
    [
      0.28, 
      6.72
    ], 
    [
      0.3, 
      6.74
    ], 
    [
      0.31, 
      6.74
    ], 
    [
      0.34, 
      6.77
    ], 
    [
      0.35, 
      6.77
    ], 
    [
      0.37, 
      6.79
    ], 
    [
      0.38, 
      6.79
    ], 
    [
      0.4, 
      6.81
    ], 
    [
      0.41, 
      6.81
    ], 
    [
      0.43, 
      6.83
    ], 
    [
      0.44, 
      6.83
    ], 
    [
      0.47, 
      6.86
    ], 
    [
      0.48, 
      6.86
    ], 
    [
      0.5, 
      6.88
    ], 
    [
      0.51, 
      6.88
    ], 
    [
      0.53, 
      6.9
    ], 
    [
      0.54, 
      6.9
    ], 
    [
      0.57, 
      6.93
    ], 
    [
      0.58, 
      6.93
    ], 
    [
      0.6, 
      6.95
    ], 
    [
      0.61, 
      6.95
    ], 
    [
      0.63, 
      6.97
    ], 
    [
      0.64, 
      6.97
    ], 
    [
      0.66, 
      6.99
    ], 
    [
      0.67, 
      6.99
    ], 
    [
      0.7, 
      7.02
    ], 
    [
      0.71, 
      7.02
    ], 
    [
      0.73, 
      7.04
    ], 
    [
      0.74, 
      7.04
    ], 
    [
      0.76, 
      7.06
    ], 
    [
      0.77, 
      7.06
    ], 
    [
      0.8, 
      7.09
    ], 
    [
      0.81, 
      7.09
    ], 
    [
      0.83, 
      7.11
    ], 
    [
      0.84, 
      7.11
    ], 
    [
      0.86, 
      7.13
    ], 
    [
      0.87, 
      7.13
    ], 
    [
      0.9, 
      7.16
    ], 
    [
      0.91, 
      7.16
    ], 
    [
      0.93, 
      7.18
    ], 
    [
      0.94, 
      7.18
    ], 
    [
      0.96, 
      7.2
    ], 
    [
      0.97, 
      7.2
    ], 
    [
      1.0, 
      7.23
    ], 
    [
      1.03, 
      7.23
    ], 
    [
      1.04, 
      7.24
    ], 
    [
      1.08, 
      7.24
    ], 
    [
      1.09, 
      7.25
    ], 
    [
      1.12, 
      7.25
    ], 
    [
      1.13, 
      7.26
    ], 
    [
      1.17, 
      7.26
    ], 
    [
      1.18, 
      7.27
    ], 
    [
      1.21, 
      7.27
    ], 
    [
      1.22, 
      7.28
    ], 
    [
      1.25, 
      7.28
    ], 
    [
      1.26, 
      7.29
    ], 
    [
      1.3, 
      7.29
    ], 
    [
      1.31, 
      7.3
    ], 
    [
      1.34, 
      7.3
    ], 
    [
      1.35, 
      7.31
    ], 
    [
      1.38, 
      7.31
    ], 
    [
      1.39, 
      7.32
    ], 
    [
      1.43, 
      7.32
    ], 
    [
      1.44, 
      7.33
    ], 
    [
      1.47, 
      7.33
    ], 
    [
      1.48, 
      7.34
    ], 
    [
      1.51, 
      7.34
    ], 
    [
      1.52, 
      7.35
    ], 
    [
      1.55, 
      7.35
    ], 
    [
      1.56, 
      7.36
    ], 
    [
      1.6, 
      7.36
    ], 
    [
      1.61, 
      7.37
    ], 
    [
      1.64, 
      7.37
    ], 
    [
      1.65, 
      7.38
    ], 
    [
      1.68, 
      7.38
    ], 
    [
      1.69, 
      7.39
    ], 
    [
      1.72, 
      7.39
    ], 
    [
      1.73, 
      7.4
    ], 
    [
      1.76, 
      7.4
    ], 
    [
      1.77, 
      7.41
    ], 
    [
      1.81, 
      7.41
    ], 
    [
      1.82, 
      7.42
    ], 
    [
      1.85, 
      7.42
    ], 
    [
      1.86, 
      7.43
    ], 
    [
      1.89, 
      7.43
    ], 
    [
      1.9, 
      7.44
    ], 
    [
      1.93, 
      7.44
    ], 
    [
      1.94, 
      7.45
    ], 
    [
      1.97, 
      7.45
    ], 
    [
      1.98, 
      7.46
    ], 
    [
      2.02, 
      7.46
    ], 
    [
      2.03, 
      7.47
    ], 
    [
      2.06, 
      7.47
    ], 
    [
      2.07, 
      7.48
    ], 
    [
      2.09, 
      7.48
    ], 
    [
      2.1, 
      7.47
    ], 
    [
      2.13, 
      7.47
    ], 
    [
      2.14, 
      7.46
    ], 
    [
      2.17, 
      7.46
    ], 
    [
      2.18, 
      7.45
    ], 
    [
      2.22, 
      7.45
    ], 
    [
      2.23, 
      7.44
    ], 
    [
      2.26, 
      7.44
    ], 
    [
      2.27, 
      7.43
    ], 
    [
      2.31, 
      7.43
    ], 
    [
      2.32, 
      7.42
    ], 
    [
      2.35, 
      7.42
    ], 
    [
      2.36, 
      7.41
    ], 
    [
      2.39, 
      7.41
    ], 
    [
      2.4, 
      7.4
    ], 
    [
      2.44, 
      7.4
    ], 
    [
      2.45, 
      7.39
    ], 
    [
      2.48, 
      7.39
    ], 
    [
      2.49, 
      7.38
    ], 
    [
      2.52, 
      7.38
    ], 
    [
      2.53, 
      7.37
    ], 
    [
      2.57, 
      7.37
    ], 
    [
      2.58, 
      7.36
    ], 
    [
      2.61, 
      7.36
    ], 
    [
      2.62, 
      7.35
    ], 
    [
      2.66, 
      7.35
    ], 
    [
      2.67, 
      7.34
    ], 
    [
      2.7, 
      7.34
    ], 
    [
      2.71, 
      7.33
    ], 
    [
      2.74, 
      7.33
    ], 
    [
      2.75, 
      7.32
    ], 
    [
      2.78, 
      7.32
    ], 
    [
      2.79, 
      7.31
    ], 
    [
      2.83, 
      7.31
    ], 
    [
      2.84, 
      7.3
    ], 
    [
      2.87, 
      7.3
    ], 
    [
      2.88, 
      7.29
    ], 
    [
      2.91, 
      7.29
    ], 
    [
      2.92, 
      7.28
    ], 
    [
      2.96, 
      7.28
    ], 
    [
      2.97, 
      7.27
    ], 
    [
      3.0, 
      7.27
    ], 
    [
      3.01, 
      7.26
    ], 
    [
      3.05, 
      7.26
    ], 
    [
      3.06, 
      7.25
    ], 
    [
      3.09, 
      7.25
    ], 
    [
      3.1, 
      7.24
    ], 
    [
      3.13, 
      7.24
    ], 
    [
      3.14, 
      7.23
    ], 
    [
      3.18, 
      7.23
    ], 
    [
      3.23, 
      7.18
    ], 
    [
      3.24, 
      7.18
    ], 
    [
      3.26, 
      7.16
    ], 
    [
      3.27, 
      7.16
    ], 
    [
      3.29, 
      7.14
    ], 
    [
      3.3, 
      7.14
    ], 
    [
      3.33, 
      7.11
    ], 
    [
      3.34, 
      7.11
    ], 
    [
      3.36, 
      7.09
    ], 
    [
      3.37, 
      7.09
    ], 
    [
      3.39, 
      7.07
    ], 
    [
      3.4, 
      7.07
    ], 
    [
      3.43, 
      7.04
    ], 
    [
      3.44, 
      7.04
    ], 
    [
      3.46, 
      7.02
    ], 
    [
      3.47, 
      7.02
    ], 
    [
      3.49, 
      7.0
