{
  "room_category": {
    "Loggia": {
      "simulation_statistics": [
        {
          "not_completed_agents": 0, 
          "max_evacuation_time": 32.299793, 
          "min_evacuation_time": 8.350014, 
          "exit_flow_rate": 0.18575970440429757, 
          "completed_agents": 6, 
          "max_traveled_distance": 25.281946, 
          "avg_evacuation_time": 15.633317666666665, 
          "avg_traveled_distance": 15.118320166666669, 
          "min_traveled_distance": 10.412971
        }
      ], 
      "bounds": [
        [
          37.56, 
          9.51, 
          42.4, 
          15.39
        ]
      ]
    }, 
    "Room": {
      "simulation_statistics": [
        {
          "not_completed_agents": 0, 
          "max_evacuation_time": 81.800392, 
          "min_evacuation_time": 27.599865, 
          "exit_flow_rate": 0.1466985634983265, 
          "completed_agents": 12, 
          "max_traveled_distance": 74.57106, 
          "avg_evacuation_time": 50.178835166666666, 
          "avg_traveled_distance": 52.59376541666666, 
          "min_traveled_distance": 30.653578
        }
      ], 
      "bounds": [
        [
          9.77, 
          9.94, 
          25.82, 
          13.61
        ]
      ]
    }, 
    "Office": {
      "simulation_statistics": [
        {
          "not_completed_agents": 0, 
          "max_evacuation_time": 70.999733, 
          "min_evacuation_time": 40.099674, 
          "exit_flow_rate": 0.07042280004067057, 
          "completed_agents": 5, 
          "max_traveled_distance": 59.386539, 
          "avg_evacuation_time": 56.97955019999999, 
          "avg_traveled_distance": 52.339320199999996, 
          "min_traveled_distance": 43.321056
        }
      ], 
      "bounds": [
        [
          20.44, 
          13.5, 
          25.82, 
          18.54
        ]
      ]
    }, 
    "Gym": {
      "simulation_statistics": [
        {
          "not_completed_agents": 0, 
          "max_evacuation_time": 150.004547, 
          "min_evacuation_time": 40.899662, 
          "exit_flow_rate": 0.18666100834930024, 
          "completed_agents": 28, 
          "max_traveled_distance": 86.894691, 
          "avg_evacuation_time": 78.63146055172413, 
          "avg_traveled_distance": 66.46909386206897, 
          "min_traveled_distance": 50.954834
        }
      ], 
      "bounds": [
        [
          -0.01, 
          4.82, 
          10.44, 
          18.63
        ]
      ]
    }, 
    "Living_Room": {
      "simulation_statistics": [
        {
          "not_completed_agents": 0, 
          "max_evacuation_time": 92.75106, 
          "min_evacuation_time": 14.350037, 
          "exit_flow_rate": 0.19406786294410006, 
          "completed_agents": 18, 
          "max_traveled_distance": 70.002357, 
          "avg_evacuation_time": 35.75551827777778, 
          "avg_traveled_distance": 33.34967966666667, 
          "min_traveled_distance": 16.159893
        }
      ], 
      "bounds": [
        [
          25.68, 
          9.94, 
          37.7, 
          17.54
        ]
      ]
    }, 
    "Garage": {
      "simulation_statistics": [
        {
          "not_completed_agents": 0, 
          "max_evacuation_time": 32.199795, 
          "min_evacuation_time": 17.45002, 
          "exit_flow_rate": 0.5590097700932568, 
          "completed_agents": 18, 
          "max_traveled_distance": 33.835602, 
          "avg_evacuation_time": 23.844366722222222, 
          "avg_traveled_distance": 27.9634775, 
          "min_traveled_distance": 22.735947
        }
      ], 
      "bounds": [
        [
          44.48, 
          17.28, 
          55.6, 
          25.3
        ]
      ]
    }, 
    "Bedroom": {
      "simulation_statistics": [
        {
          "not_completed_agents": 0, 
          "max_evacuation_time": 69.449638, 
          "min_evacuation_time": 25.899891, 
          "exit_flow_rate": 0.05759569257941993, 
          "completed_agents": 4, 
          "max_traveled_distance": 58.407082, 
          "avg_evacuation_time": 41.8497505, 
          "avg_traveled_distance": 41.50557825, 
          "min_traveled_distance": 29.609173
        }, 
        {
          "not_completed_agents": 0, 
          "max_evacuation_time": 55.499439, 
          "min_evacuation_time": 39.349686, 
          "exit_flow_rate": 0.09009100073966513, 
          "completed_agents": 5, 
          "max_traveled_distance": 60.927044, 
          "avg_evacuation_time": 48.24955, 
          "avg_traveled_distance": 51.8119942, 
          "min_traveled_distance": 41.885822
        }, 
        {
          "not_completed_agents": 0, 
          "max_evacuation_time": 79.700264, 
          "min_evacuation_time": 38.649696, 
          "exit_flow_rate": 0.07528205929154763, 
          "completed_agents": 6, 
          "max_traveled_distance": 76.608238, 
          "avg_evacuation_time": 57.949600833333335, 
          "avg_traveled_distance": 61.27582983333334, 
          "min_traveled_distance": 47.669338
        }, 
        {
          "not_completed_agents": 0, 
          "max_evacuation_time": 100.551537, 
          "min_evacuation_time": 51.249504, 
          "exit_flow_rate": 0.059670892947165995, 
          "completed_agents": 6, 
          "max_traveled_distance": 75.555443, 
          "avg_evacuation_time": 66.02485483333334, 
          "avg_traveled_distance": 64.2424385, 
          "min_traveled_distance": 59.456577
        }
      ], 
      "bounds": [
        [
          25.61, 
          4.84, 
          29.03, 
          10.64
        ], 
        [
          20.6, 
          4.82, 
          25.78, 
          10.06
        ], 
        [
          15.46, 
          4.79, 
          20.64, 
          10.63
        ], 
        [
          10.36, 
          4.79, 
          15.54, 
          10.63
        ]
      ]
    }, 
    "Dining_Room": {
      "simulation_statistics": [
        {
          "not_completed_agents": 0, 
          "max_evacuation_time": 52.099491, 
          "min_evacuation_time": 19.649986, 
          "exit_flow_rate": 0.13435831839508758, 
          "completed_agents": 7, 
          "max_traveled_distance": 51.114933, 
          "avg_evacuation_time": 36.37830242857143, 
          "avg_traveled_distance": 36.438796857142854, 
          "min_traveled_distance": 21.883965
        }
      ], 
      "bounds": [
        [
          28.98, 
          4.75, 
          35.16, 
          10.11
        ]
      ]
    }, 
    "Kitchen": {
      "simulation_statistics": [
        {
          "not_completed_agents": 0, 
          "max_evacuation_time": 95.001198, 
          "min_evacuation_time": 28.399853, 
          "exit_flow_rate": 0.0736832813413574, 
          "completed_agents": 7, 
          "max_traveled_distance": 75.560165, 
          "avg_evacuation_time": 63.98565585714285, 
          "avg_traveled_distance": 54.57630485714286, 
          "min_traveled_distance": 28.952999
        }
      ], 
      "bounds": [
        [
          28.98, 
          4.75, 
          35.16, 
          10.11
        ]
      ]
    }
  }, 
  "room_num": 14,