{
  "room_category": {
    "Living_Room": {
      "simulation_statistics": [
        {
          "not_completed_agents": 0, 
          "max_evacuation_time": 18.350006, 
          "min_evacuation_time": 3.349998, 
          "exit_flow_rate": 0.7084466348403373, 
          "completed_agents": 13, 
          "max_traveled_distance": 22.955975, 
          "avg_evacuation_time": 7.70385423076923, 
          "avg_traveled_distance": 9.881351692307693, 
          "min_traveled_distance": 4.268652
        }, 
        {
          "not_completed_agents": 0, 
          "max_evacuation_time": 6.200006, 
          "min_evacuation_time": 2.899998, 
          "exit_flow_rate": 0.9677409989603236, 
          "completed_agents": 6, 
          "max_traveled_distance": 7.372894, 
          "avg_evacuation_time": 4.491667166666667, 
          "avg_traveled_distance": 5.5033605, 
          "min_traveled_distance": 3.559599
        }
      ], 
      "bounds": [
        [
          5.09, 
          3.45, 
          13.68, 
          11.04
        ], 
        [
          -0.02, 
          4.16, 
          5.17, 
          10.31
        ]
      ]
    }, 
    "Kitchen": {
      "simulation_statistics": [
        {
          "not_completed_agents": 0, 
          "max_evacuation_time": 1.5, 
          "min_evacuation_time": 0.0, 
          "exit_flow_rate": 3.3333333333333335, 
          "completed_agents": 5, 
          "max_traveled_distance": 1.926412, 
          "avg_evacuation_time": 0.82, 
          "avg_traveled_distance": 0.9864168, 
          "min_traveled_distance": 0.0
        }
      ], 
      "bounds": [
        [
          -0.02, 
          -0.02, 
          5.17, 
          4.33
        ]
      ]
    }
  }, 
  "room_num": 5, 
  "verts": [
    [
      0.11, 
      0.1
    ], 
    [
      0.1, 
      0.11
    ], 
    [
      0.1, 
      4.15
    ], 
    [
      0.92, 
      4.15
    ], 
    [
      0.93, 
      4.16
    ], 
    [
      0.93, 
      4.26
    ], 
    [
      0.92, 
      4.27
    ], 
    [
      0.91, 
      4.26
    ], 
    [
      0.9, 
      4.27
    ], 
    [
      0.1, 
      4.27
    ], 
    [
      0.1, 
      10.19
    ], 
    [
      13.56, 
      10.19
    ], 
    [
      13.56, 
      4.28
    ], 
    [
      9.89, 
      4.28
    ], 
    [
      9.88, 
      4.27
    ], 
    [
      9.88, 
      4.17
    ], 
    [
      9.89, 
      4.16
    ], 
    [
      10.16, 
      4.16
    ], 
    [
      10.16, 
      0.1
    ]
  ], 
  "bbox": {
    "max": [
      13.56, 
      10.19
    ], 
    "min": [
      0.1, 
      0.1
    ]
  }, 
  "id": "5033c1b3b83da0233e4b469a307b42cb"
}