{
  "room_category": {
    "Toilet": {
      "simulation_statistics": [
        {
          "not_completed_agents": 0, 
          "max_evacuation_time": 29.799831, 
          "min_evacuation_time": 12.750031, 
          "exit_flow_rate": 0.10067171186306392, 
          "completed_agents": 3, 
          "max_traveled_distance": 30.58008, 
          "avg_evacuation_time": 23.549906333333336, 
          "avg_traveled_distance": 25.86745833333333, 
          "min_traveled_distance": 18.427898
        }, 
        {
          "not_completed_agents": 0, 
          "max_evacuation_time": 35.14975, 
          "min_evacuation_time": 5.800004, 
          "exit_flow_rate": 0.11379881791477892, 
          "completed_agents": 4, 
          "max_traveled_distance": 18.281796, 
          "avg_evacuation_time": 15.5249495, 
          "avg_traveled_distance": 13.358175750000001, 
          "min_traveled_distance": 7.284677
        }
      ], 
      "bounds": [
        [
          5.28, 
          13.32, 
          11.12, 
          15.8
        ], 
        [
          12.55, 
          2.8, 
          18.6, 
          6.08
        ]
      ]
    }, 
    "Bathroom": {
      "simulation_statistics": [
        {
          "not_completed_agents": 0, 
          "max_evacuation_time": 21.049965, 
          "min_evacuation_time": 16.750031, 
          "exit_flow_rate": 0.14251805169272252, 
          "completed_agents": 3, 
          "max_traveled_distance": 26.432261, 
          "avg_evacuation_time": 19.233326, 
          "avg_traveled_distance": 24.608749333333332, 
          "min_traveled_distance": 22.894197
        }, 
        {
          "not_completed_agents": 0, 
          "max_evacuation_time": 37.999706, 
          "min_evacuation_time": 6.550007, 
          "exit_flow_rate": 0.10526397230546994, 
          "completed_agents": 4, 
          "max_traveled_distance": 21.472565, 
          "avg_evacuation_time": 21.537374500000002, 
          "avg_traveled_distance": 14.98260275, 
          "min_traveled_distance": 7.726716
        }
      ], 
      "bounds": [
        [
          5.28, 
          13.32, 
          11.12, 
          15.8
        ], 
        [
          12.55, 
          2.8, 
          18.6, 
          6.08
        ]
      ]
    }, 
    "Room": {
      "simulation_statistics": [
        {
          "not_completed_agents": 0, 
          "max_evacuation_time": 12.400029, 
          "min_evacuation_time": 9.95002, 
          "exit_flow_rate": 0.16128994537028907, 
          "completed_agents": 2, 
          "max_traveled_distance": 17.522614, 
          "avg_evacuation_time": 11.1750245, 
          "avg_traveled_distance": 15.32997, 
          "min_traveled_distance": 13.137326
        }
      ], 
      "bounds": [
        [
          4.71, 
          6.66, 
          10.51, 
          8.18
        ]
      ]
    }, 
    "Gym": {
      "simulation_statistics": [
        {
          "not_completed_agents": 0, 
          "max_evacuation_time": 4.900001, 
          "min_evacuation_time": 0.0, 
          "exit_flow_rate": 1.2244895460225418, 
          "completed_agents": 6, 
          "max_traveled_distance": 6.630269, 
          "avg_evacuation_time": 2.8499991666666666, 
          "avg_traveled_distance": 3.7811923333333333, 
          "min_traveled_distance": 0.0
        }
      ], 
      "bounds": [
        [
          7.47, 
          -0.05, 
          16.92, 
          2.95
        ]
      ]
    }, 
    "Living_Room": {
      "simulation_statistics": [
        {
          "not_completed_agents": 0, 
          "max_evacuation_time": 39.649681, 
          "min_evacuation_time": 15.15004, 
          "exit_flow_rate": 0.17654618709290498, 
          "completed_agents": 7, 
          "max_traveled_distance": 37.241444, 
          "avg_evacuation_time": 25.528464857142858, 
          "avg_traveled_distance": 29.386087142857143, 
          "min_traveled_distance": 21.607044
        }
      ], 
      "bounds": [
        [
          12.56, 
          15.03, 
          19.47, 
          20.01
        ]
      ]
    }, 
    "Garage": {
      "simulation_statistics": [
        {
          "not_completed_agents": 0, 
          "max_evacuation_time": 34.199764, 
          "min_evacuation_time": 17.650017, 
          "exit_flow_rate": 0.17543980712849364, 
          "completed_agents": 6, 
          "max_traveled_distance": 32.082863, 
          "avg_evacuation_time": 24.27491566666667, 
          "avg_traveled_distance": 28.404643833333335, 
          "min_traveled_distance": 23.175997
        }
      ], 
      "bounds": [
        [
          -0.02, 
          5.7, 
          5.35, 
          11.74
        ]
      ]
    }, 
    "Bedroom": {
      "simulation_statistics": [
        {
          "not_completed_agents": 0, 
          "max_evacuation_time": 31.149811, 
          "min_evacuation_time": 17.350021, 
          "exit_flow_rate": 0.192617541082352, 
          "completed_agents": 6, 
          "max_traveled_distance": 31.177595, 
          "avg_evacuation_time": 24.366580833333334, 
          "avg_traveled_distance": 27.544168499999998, 
          "min_traveled_distance": 23.369925
        }, 
        {
          "not_completed_agents": 0, 
          "max_evacuation_time": 36.549728, 
          "min_evacuation_time": 13.750034, 
          "exit_flow_rate": 0.16415990838563832, 
          "completed_agents": 6, 
          "max_traveled_distance": 30.999273, 
          "avg_evacuation_time": 23.808249166666666, 
          "avg_traveled_distance": 25.979096833333333, 
          "min_traveled_distance": 20.444172
        }, 
        {
          "not_completed_agents": 0, 
          "max_evacuation_time": 27.649864, 
          "min_evacuation_time": 7.30001, 
          "exit_flow_rate": 0.18083271584988628, 
          "completed_agents": 5, 
          "max_traveled_distance": 22.306719, 
          "avg_evacuation_time": 13.1799876, 
          "avg_traveled_distance": 13.136003800000001, 
          "min_traveled_distance": 7.68498
        }
      ], 
      "bounds": [
        [
          5.3, 
          15.71, 
          11.12, 
          20.92
        ], 
        [
          5.3, 
          8.13, 
          10.54, 
          13.41
        ], 
        [
          5.28, 
          2.8, 
          11.08, 
          6.73
        ]
      ]
    }, 
    "Dining_Room": {
      "simulation_statistics": [
        {
          "not_completed_agents": 0, 
          "max_evacuation_time": 150.004547, 
          "min_evacuation_time": 13.150032, 
          "exit_flow_rate": 0.0333323229195179, 
          "completed_agents": 5, 
          "max_traveled_distance": 29.904623, 
          "avg_evacuation_time": 42.08406, 
          "avg_traveled_distance": 21.138815, 
          "min_traveled_distance": 1.200661
        }, 
        {
          "not_completed_agents": 0, 
          "max_evacuation_time": 31.699802, 
          "min_evacuation_time": 9.300017, 
          "exit_flow_rate": 0.1892756301758604, 
          "completed_agents": 6, 
          "max_traveled_distance": 31.117601, 
          "avg_evacuation_time": 21.099929166666666, 
          "avg_traveled_distance": 21.390338, 
          "min_traveled_distance": 12.672392
        }
      ], 
      "bounds": [
        [
          12.55, 
          11.04, 
          19.5, 
          15.2
        ], 
        [
          12.55, 
          5.99, 
          18.59, 
          11.14
        ]
      ]
    }, 
    "Kitchen": {
      "simulation_statistics": [
        {
          "not_completed_agents": 0, 
          "max_evacuation_time": 32.449791, 
          "min_evacuation_time": 12.050028, 
          "exit_flow_rate": 0.18490103680482875,