{
  "room_category": {
    "Garage": {
      "simulation_statistics": [
        {
          "not_completed_agents": 0, 
          "max_evacuation_time": 13.850035, 
          "min_evacuation_time": 10.550022, 
          "exit_flow_rate": 0.28880793442038233, 
          "completed_agents": 4, 
          "max_traveled_distance": 13.528412, 
          "avg_evacuation_time": 12.212528500000001, 
          "avg_traveled_distance": 12.755044250000001, 
          "min_traveled_distance": 11.527074
        }
      ], 
      "bounds": [
        [
          -0.02, 
          3.86, 
          3.32, 
          9.69
        ]
      ]
    }, 
    "Kitchen": {
      "simulation_statistics": [
        {
          "not_completed_agents": 0, 
          "max_evacuation_time": 150.004547, 
          "min_evacuation_time": 0.0, 
          "exit_flow_rate": 0.14666222084587877, 
          "completed_agents": 22, 
          "max_traveled_distance": 21.540554, 
          "avg_evacuation_time": 17.492051541666665, 
          "avg_traveled_distance": 7.62174, 
          "min_traveled_distance": 0.0
        }, 
        {
          "not_completed_agents": 0, 
          "max_evacuation_time": 13.450033, 
          "min_evacuation_time": 0.0, 
          "exit_flow_rate": 1.7843822390621644, 
          "completed_agents": 24, 
          "max_traveled_distance": 14.221627, 
          "avg_evacuation_time": 4.277087916666667, 
          "avg_traveled_distance": 4.834069125, 
          "min_traveled_distance": 0.0
        }
      ], 
      "bounds": [
        [
          3.21, 
          0.04, 
          15.57, 
          9.72
        ], 
        [
          3.19, 
          -0.02, 
          15.58, 
          9.71
        ]
      ]
    }
  }, 
  "room_num": 3, 
  "verts": [
    [
      5.89, 
      0.1
    ], 
    [
      5.88, 
      0.11
    ], 
    [
      5.3, 
      0.11
    ], 
    [
      5.29, 
      0.12
    ], 
    [
      4.71, 
      0.12
    ], 
    [
      4.7, 
      0.13
    ], 
    [
      4.12, 
      0.13
    ], 
    [
      4.11, 
      0.14
    ], 
    [
      3.53, 
      0.14
    ], 
    [
      3.52, 
      0.15
    ], 
    [
      3.34, 
      0.15
    ], 
    [
      3.33, 
      0.16
    ], 
    [
      3.33, 
      3.91
    ], 
    [
      5.97, 
      3.91
    ], 
    [
      5.98, 
      3.92
    ], 
    [
      5.98, 
      4.08
    ], 
    [
      5.99, 
      4.09
    ], 
    [
      5.99, 
      4.41
    ], 
    [
      6.0, 
      4.42
    ], 
    [
      6.0, 
      4.75
    ], 
    [
      6.01, 
      4.76
    ], 
    [
      6.01, 
      5.08
    ], 
    [
      6.02, 
      5.09
    ], 
    [
      6.02, 
      5.2
    ], 
    [
      6.19, 
      5.2
    ], 
    [
      6.2, 
      5.21
    ], 
    [
      6.2, 
      5.31
    ], 
    [
      6.19, 
      5.32
    ], 
    [
      6.02, 
      5.32
    ], 
    [
      6.02, 
      6.89
    ], 
    [
      6.01, 
      6.9
    ], 
    [
      5.91, 
      6.9
    ], 
    [
      5.9, 
      6.89
    ], 
    [
      5.9, 
      5.1
    ], 
    [
      5.89, 
      5.09
    ], 
    [
      5.89, 
      4.77
    ], 
    [
      5.88, 
      4.76
    ], 
    [
      5.88, 
      4.43
    ], 
    [
      5.87, 
      4.42
    ], 
    [
      5.87, 
      4.1
    ], 
    [
      5.86, 
      4.09
    ], 
    [
      5.86, 
      4.02
    ], 
    [
      3.33, 
      4.02
    ], 
    [
      3.33, 
      5.99
    ], 
    [
      4.73, 
      5.99
    ], 
    [
      4.73, 
      5.36
    ], 
    [
      4.75, 
      5.34
    ], 
    [
      5.46, 
      5.34
    ], 
    [
      5.47, 
      5.35
    ], 
    [
      5.47, 
      5.45
    ], 
    [
      5.46, 
      5.46
    ], 
    [
      4.85, 
      5.46
    ], 
    [
      4.85, 
      7.13
    ], 
    [
      4.86, 
      7.14
    ], 
    [
      4.86, 
      8.07
    ], 
    [
      5.4, 
      8.07
    ], 
    [
      5.41, 
      8.08
    ], 
    [
      5.9, 
      8.08
    ], 
    [
      5.9, 
      7.91
    ], 
    [
      5.91, 
      7.9
    ], 
    [
      6.01, 
      7.9
    ], 
    [
      6.02, 
      7.91
    ], 
    [
      6.02, 
      8.18
    ], 
    [
      6.0, 
      8.2
    ], 
    [
      5.41, 
      8.2
    ], 
    [
      5.4, 
      8.19
    ], 
    [
      4.76, 
      8.19
    ], 
    [
      4.75, 
      8.18
    ], 
    [
      4.75, 
      7.14
    ], 
    [
      4.74, 
      7.13
    ], 
    [
      4.74, 
      6.11
    ], 
    [
      3.33, 
      6.11
    ], 
    [
      3.33, 
      6.69
    ], 
    [
      3.32, 
      6.7
    ], 
    [
      3.32, 
      7.53
    ], 
    [
      3.31, 
      7.54
    ], 
    [
      3.21, 
      7.54
    ], 
    [
      3.2, 
      7.53
    ], 
    [
      3.2, 
      6.7
    ], 
    [
      3.21, 
      6.69
    ], 
    [
      3.21, 
      4.03
    ], 
    [
      0.11, 
      4.03
    ], 
    [
      0.1, 
      4.04
    ], 
    [
      0.1, 
      9.58
    ], 
    [
      3.2, 
      9.58
    ], 
    [
      3.2, 
      8.75
    ], 
    [
      3.21, 
      8.74
    ], 
    [
      3.31, 
      8.74
    ], 
    [
      3.32, 
      8.75
    ], 
    [
      3.32, 
      9.58
    ], 
    [
      4.28, 
      9.58
    ], 
    [
      4.29, 
      9.59
    ], 
    [
      7.09, 
      9.59
    ], 
    [
      7.1, 
      9.6
    ], 
    [
      7.37, 
      9.6
    ], 
    [
      7.37, 
      8.75
    ], 
    [
      7.36, 
      8.74
    ], 
    [
      7.36, 
      7.71
    ], 
    [
      7.37, 
      7.7
    ], 
    [
      7.46, 
      7.7
    ], 
    [
      7.47, 
      7.71
    ], 
    [
      7.47, 
      8.74
    ], 
    [
      7.48, 
      8.75
    ], 
    [
      7.48, 
      9.6
    ], 
    [
      10.55, 
      9.6
    ], 
    [
      10.55, 
      7.73
    ], 
    [
      10.57, 
      7.71
    ], 
    [
      11.74, 
      7.71
    ], 
    [
      11.74, 
      7.66
    ], 
    [
      11.75, 
      7.65
    ], 
    [
      11.84, 
      7.65
    ], 
    [
      11.85, 
      7.66
    ], 
    [
      11.85, 
      7.71
    ], 
    [
      11.95, 
      7.71
    ], 
    [
      11.96, 
      7.72
    ], 
    [
      12.27, 
      7.72
    ], 
    [
      12.28, 
      7.73
    ], 
    [
      12.59, 
      7.73
    ], 
    [
      12.6, 
      7.74
    ], 
    [
      12.91, 
      7.74
    ], 
    [
      12.92, 
      7.75
    ], 
    [
      13.23, 
      7.75
    ], 
    [
      13.24, 
      7.76
    ], 
    [
      13.55, 
      7.76
    ], 
    [
      13.56, 
      7.77
    ], 
    [
      13.79, 
      7.77
    ], 
    [
      13.8, 
      7.78
    ], 
    [
      14.13, 
      7.78
    ], 
    [
      14.14, 
      7.79
    ], 
    [
      14.47, 
      7.79
    ], 
    [
      14.48, 
      7.8
    ], 
    [
      14.59, 
      7.8
    ], 
    [
      14.61, 
      7.78
    ], 
    [
      14.62, 
      7.78
    ], 
    [
      14.64, 
      7.76
    ], 
    [
      14.65, 
      7.76
    ], 
    [
      14.67, 
      7.74
    ], 
    [
      14.68, 
      7.74
    ], 
    [
      14.71, 
      7.71
    ], 
    [
      14.72, 
      7.71
    ], 
    [
      14.74, 
      7.69
    ], 
    [
      14.75, 
      7.69
    ], 
    [
      14.77, 
      7.67
    ], 
    [
      14.78, 
      7.67
    ], 
    [
      14.81, 
      7.64
    ], 
    [
      14.82, 
      7.64
    ], 
    [
      14.84, 
