{
  "room_category": {
    "Toilet": {
      "simulation_statistics": [
        {
          "not_completed_agents": 0, 
          "max_evacuation_time": 31.249809, 
          "min_evacuation_time": 10.600022, 
          "exit_flow_rate": 0.06400039117039083, 
          "completed_agents": 2, 
          "max_traveled_distance": 19.660488, 
          "avg_evacuation_time": 20.924915499999997, 
          "avg_traveled_distance": 13.313773000000001, 
          "min_traveled_distance": 6.967058
        }, 
        {
          "not_completed_agents": 0, 
          "max_evacuation_time": 36.349731, 
          "min_evacuation_time": 33.79977, 
          "exit_flow_rate": 0.05502103990810826, 
          "completed_agents": 2, 
          "max_traveled_distance": 29.221146, 
          "avg_evacuation_time": 35.0747505, 
          "avg_traveled_distance": 28.2521335, 
          "min_traveled_distance": 27.283121
        }
      ], 
      "bounds": [
        [
          2.71, 
          -0.07, 
          5.06, 
          3.26
        ], 
        [
          21.46, 
          4.84, 
          25.19, 
          7.47
        ]
      ]
    }, 
    "Bathroom": {
      "simulation_statistics": [
        {
          "not_completed_agents": 0, 
          "max_evacuation_time": 40.39967, 
          "min_evacuation_time": 35.299747, 
          "exit_flow_rate": 0.04950535487047295, 
          "completed_agents": 2, 
          "max_traveled_distance": 24.831537, 
          "avg_evacuation_time": 37.849708500000006, 
          "avg_traveled_distance": 22.5101995, 
          "min_traveled_distance": 20.188862
        }, 
        {
          "not_completed_agents": 0, 
          "max_evacuation_time": 27.599865, 
          "min_evacuation_time": 25.249901, 
          "exit_flow_rate": 0.07246412256001976, 
          "completed_agents": 2, 
          "max_traveled_distance": 27.533188, 
          "avg_evacuation_time": 26.424883, 
          "avg_traveled_distance": 26.4446175, 
          "min_traveled_distance": 25.356047
        }, 
        {
          "not_completed_agents": 0, 
          "max_evacuation_time": 42.899632, 
          "min_evacuation_time": 26.799877, 
          "exit_flow_rate": 0.04662044653436655, 
          "completed_agents": 2, 
          "max_traveled_distance": 31.55254, 
          "avg_evacuation_time": 34.849754499999996, 
          "avg_traveled_distance": 28.729743, 
          "min_traveled_distance": 25.906946
        }
      ], 
      "bounds": [
        [
          2.71, 
          -0.07, 
          5.06, 
          3.26
        ], 
        [
          19.33, 
          -0.05, 
          21.6, 
          3.79
        ], 
        [
          21.46, 
          4.84, 
          25.19, 
          7.47
        ]
      ]
    }, 
    "Loggia": {
      "simulation_statistics": [
        {
          "not_completed_agents": 0, 
          "max_evacuation_time": 15.25004, 
          "min_evacuation_time": 0.0, 
          "exit_flow_rate": 0.5901623864593142, 
          "completed_agents": 9, 
          "max_traveled_distance": 11.93563, 
          "avg_evacuation_time": 6.01112, 
          "avg_traveled_distance": 5.4343228888888895, 
          "min_traveled_distance": 0.0
        }
      ], 
      "bounds": [
        [
          -2.12, 
          -1.98, 
          1.49, 
          10.89
        ]
      ]
    }, 
    "Office": {
      "simulation_statistics": [
        {
          "not_completed_agents": 0, 
          "max_evacuation_time": 44.699604, 
          "min_evacuation_time": 19.249992, 
          "exit_flow_rate": 0.08948625137708155, 
          "completed_agents": 4, 
          "max_traveled_distance": 26.72389, 
          "avg_evacuation_time": 27.14987175, 
          "avg_traveled_distance": 22.472005250000002, 
          "min_traveled_distance": 16.742977
        }
      ], 
      "bounds": [
        [
          10.78, 
          4.84, 
          14.95, 
          9.57
        ]
      ]
    }, 
    "Storage": {
      "simulation_statistics": [
        {
          "not_completed_agents": 0, 
          "max_evacuation_time": 12.750031, 
          "min_evacuation_time": 12.750031, 
          "exit_flow_rate": 0.07843118185359706, 
          "completed_agents": 1, 
          "max_traveled_distance": 9.584072, 
          "avg_evacuation_time": 12.750031, 
          "avg_traveled_distance": 9.584072, 
          "min_traveled_distance": 9.584072
        }, 
        {
          "not_completed_agents": 0, 
          "max_evacuation_time": 38.649696, 
          "min_evacuation_time": 38.649696, 
          "exit_flow_rate": 0.0258734247224092, 
          "completed_agents": 1, 
          "max_traveled_distance": 29.830795, 
          "avg_evacuation_time": 38.649696, 
          "avg_traveled_distance": 29.830795, 
          "min_traveled_distance": 29.830795
        }
      ], 
      "bounds": [
        [
          4.97, 
          -0.02, 
          6.42, 
          3.22
        ], 
        [
          21.48, 
          7.38, 
          25.16, 
          9.11
        ]
      ]
    }, 
    "Bedroom": {
      "simulation_statistics": [
        {
          "not_completed_agents": 0, 
          "max_evacuation_time": 48.049553, 
          "min_evacuation_time": 22.549942, 
          "exit_flow_rate": 0.12487108881116958, 
          "completed_agents": 6, 
          "max_traveled_distance": 34.441753, 
          "avg_evacuation_time": 36.09140216666667, 
          "avg_traveled_distance": 27.1336665, 
          "min_traveled_distance": 23.298317
        }, 
        {
          "not_completed_agents": 0, 
          "max_evacuation_time": 150.004547, 
          "min_evacuation_time": 18.10001, 
          "exit_flow_rate": 0.01999939375171074, 
          "completed_agents": 3, 
          "max_traveled_distance": 33.595692, 
          "avg_evacuation_time": 53.9761, 
          "avg_traveled_distance": 24.279219, 
          "min_traveled_distance": 18.66213
        }, 
        {
          "not_completed_agents": 0, 
          "max_evacuation_time": 28.849846, 
          "min_evacuation_time": 19.599987, 
          "exit_flow_rate": 0.1386489203443235, 
          "completed_agents": 4, 
          "max_traveled_distance": 26.80337, 
          "avg_evacuation_time": 23.937421, 
          "avg_traveled_distance": 25.809311, 
          "min_traveled_distance": 23.509014
        }
      ], 
      "bounds": [
        [
          14.86, 
          4.8, 
          21.59, 
          9.09
        ], 
        [
          13.68, 
          -0.03, 
          19.42, 
          3.28
        ], 
        [
          20.89, 
          -0.02, 
          25.18, 
          4.93
        ]
      ]
    }, 
    "Guest_Room": {
      "simulation_statistics": [
        {
          "not_completed_agents": 0, 
          "max_evacuation_time": 52.299488, 
          "min_evacuation_time": 7.30001, 
          "exit_flow_rate": 0.09560323037961672, 
          "completed_agents": 5, 
          "max_traveled_distance": 24.039543, 
          "avg_evacuation_time": 20.7899034, 
          "avg_traveled_distance": 13.277112599999999, 
          "min_traveled_distance": 8.631356
        }
      ], 
      "bounds": [
        [
          -0.02, 
          4.82, 
          5.43, 
          9.08
        ]
      ]
    }, 
    "Lobby": {
      "simulation_statistics": [
        {
          "not_completed_agents": 0, 
          "max_evacuation_time": 32.999783, 
          "min_evacuation_time": 8.400014, 
          "exit_flow_rate": 0.06060645913944343, 
          "completed_agents": 2, 
          "max_traveled_distance": 20.385698, 
          "avg_evacuation_time": 20.6998985, 
          "avg_traveled_distance": 14.685401500000001,