{
  "room_category": {
    "Living_Room": {
      "simulation_statistics": [
        {
          "not_completed_agents": 0, 
          "max_evacuation_time": 10.350021, 
          "min_evacuation_time": 0.0, 
          "exit_flow_rate": 1.1594179374128806, 
          "completed_agents": 12, 
          "max_traveled_distance": 12.250107, 
          "avg_evacuation_time": 1.9166679999999998, 
          "avg_traveled_distance": 2.2986910833333334, 
          "min_traveled_distance": 0.0
        }, 
        {
          "not_completed_agents": 0, 
          "max_evacuation_time": 9.800019, 
          "min_evacuation_time": 4.75, 
          "exit_flow_rate": 0.5102030924633921, 
          "completed_agents": 5, 
          "max_traveled_distance": 11.586052, 
          "avg_evacuation_time": 7.130009200000001, 
          "avg_traveled_distance": 8.8535818, 
          "min_traveled_distance": 6.354082
        }
      ], 
      "bounds": [
        [
          -0.05, 
          -0.01, 
          7.0, 
          8.2
        ], 
        [
          6.3, 
          3.72, 
          12.43, 
          7.44
        ]
      ]
    }, 
    "Kitchen": {
      "simulation_statistics": [
        {
          "not_completed_agents": 0, 
          "max_evacuation_time": 8.050013, 
          "min_evacuation_time": 4.7, 
          "exit_flow_rate": 0.49689360750100653, 
          "completed_agents": 4, 
          "max_traveled_distance": 9.85929, 
          "avg_evacuation_time": 6.312506, 
          "avg_traveled_distance": 7.86037025, 
          "min_traveled_distance": 6.072055
        }
      ], 
      "bounds": [
        [
          6.89, 
          0.0, 
          12.47, 
          3.81
        ]
      ]
    }
  }, 
  "room_num": 4, 
  "verts": [
    [
      0.11, 
      0.1
    ], 
    [
      0.1, 
      0.11
    ], 
    [
      0.1, 
      7.3
    ], 
    [
      6.9, 
      7.3
    ], 
    [
      6.9, 
      7.21
    ], 
    [
      6.91, 
      7.2
    ], 
    [
      7.01, 
      7.2
    ], 
    [
      7.02, 
      7.21
    ], 
    [
      7.02, 
      7.3
    ], 
    [
      12.32, 
      7.3
    ], 
    [
      12.32, 
      3.83
    ], 
    [
      7.02, 
      3.83
    ], 
    [
      7.02, 
      6.19
    ], 
    [
      7.01, 
      6.2
    ], 
    [
      6.91, 
      6.2
    ], 
    [
      6.9, 
      6.19
    ], 
    [
      6.9, 
      3.54
    ], 
    [
      6.91, 
      3.53
    ], 
    [
      7.01, 
      3.53
    ], 
    [
      7.02, 
      3.54
    ], 
    [
      7.02, 
      3.71
    ], 
    [
      12.32, 
      3.71
    ], 
    [
      12.32, 
      0.11
    ], 
    [
      7.02, 
      0.11
    ], 
    [
      7.02, 
      2.52
    ], 
    [
      7.01, 
      2.53
    ], 
    [
      6.91, 
      2.53
    ], 
    [
      6.9, 
      2.52
    ], 
    [
      6.9, 
      0.1
    ]
  ], 
  "bbox": {
    "max": [
      12.32, 
      7.3
    ], 
    "min": [
      0.1, 
      0.1
    ]
  }, 
  "id": "5690f1eccf1717ca8c86dd22ec5cb48b"
}