{
  "room_category": {
    "Office": {
      "simulation_statistics": [
        {
          "not_completed_agents": 0, 
          "max_evacuation_time": 2.199999, 
          "min_evacuation_time": 0.0, 
          "exit_flow_rate": 2.2727283057855936, 
          "completed_agents": 5, 
          "max_traveled_distance": 2.240615, 
          "avg_evacuation_time": 0.9699998000000001, 
          "avg_traveled_distance": 1.0560652000000001, 
          "min_traveled_distance": 0.0
        }
      ], 
      "bounds": [
        [
          3.44, 
          -0.04, 
          8.11, 
          5.65
        ]
      ]
    }, 
    "Bedroom": {
      "simulation_statistics": [
        {
          "not_completed_agents": 0, 
          "max_evacuation_time": 150.004547, 
          "min_evacuation_time": 4.399999, 
          "exit_flow_rate": 0.013332929167807159, 
          "completed_agents": 2, 
          "max_traveled_distance": 8.388005, 
          "avg_evacuation_time": 77.53977425000001, 
          "avg_traveled_distance": 6.55344325, 
          "min_traveled_distance": 4.515697
        }
      ], 
      "bounds": [
        [
          -0.05, 
          0.86, 
          4.04, 
          5.47
        ]
      ]
    }
  }, 
  "room_num": 2, 
  "verts": [
    [
      5.09, 
      0.1
    ], 
    [
      5.02, 
      0.17
    ], 
    [
      5.01, 
      0.17
    ], 
    [
      4.96, 
      0.22
    ], 
    [
      4.95, 
      0.22
    ], 
    [
      4.9, 
      0.27
    ], 
    [
      4.89, 
      0.27
    ], 
    [
      4.84, 
      0.32
    ], 
    [
      4.83, 
      0.32
    ], 
    [
      4.77, 
      0.38
    ], 
    [
      4.76, 
      0.38
    ], 
    [
      4.71, 
      0.43
    ], 
    [
      4.7, 
      0.43
    ], 
    [
      4.65, 
      0.48
    ], 
    [
      4.64, 
      0.48
    ], 
    [
      4.59, 
      0.53
    ], 
    [
      4.58, 
      0.53
    ], 
    [
      4.52, 
      0.59
    ], 
    [
      4.51, 
      0.59
    ], 
    [
      4.46, 
      0.64
    ], 
    [
      4.45, 
      0.64
    ], 
    [
      4.4, 
      0.69
    ], 
    [
      4.39, 
      0.69
    ], 
    [
      4.34, 
      0.74
    ], 
    [
      4.33, 
      0.74
    ], 
    [
      4.26, 
      0.81
    ], 
    [
      4.25, 
      0.81
    ], 
    [
      4.18, 
      0.88
    ], 
    [
      4.17, 
      0.88
    ], 
    [
      4.1, 
      0.95
    ], 
    [
      4.1, 
      0.96
    ], 
    [
      4.09, 
      0.97
    ], 
    [
      4.06, 
      0.97
    ], 
    [
      4.05, 
      0.98
    ], 
    [
      4.04, 
      0.97
    ], 
    [
      3.55, 
      0.97
    ], 
    [
      3.55, 
      3.2
    ], 
    [
      3.53, 
      3.22
    ], 
    [
      3.44, 
      3.22
    ], 
    [
      3.43, 
      3.21
    ], 
    [
      3.43, 
      0.97
    ], 
    [
      0.11, 
      0.97
    ], 
    [
      0.1, 
      0.98
    ], 
    [
      0.1, 
      5.35
    ], 
    [
      2.64, 
      5.35
    ], 
    [
      2.65, 
      5.34
    ], 
    [
      2.66, 
      5.34
    ], 
    [
      2.67, 
      5.33
    ], 
    [
      2.68, 
      5.33
    ], 
    [
      2.7, 
      5.31
    ], 
    [
      2.71, 
      5.31
    ], 
    [
      2.72, 
      5.3
    ], 
    [
      2.73, 
      5.3
    ], 
    [
      2.74, 
      5.29
    ], 
    [
      2.75, 
      5.29
    ], 
    [
      2.76, 
      5.28
    ], 
    [
      2.77, 
      5.28
    ], 
    [
      2.79, 
      5.26
    ], 
    [
      2.8, 
      5.26
    ], 
    [
      2.81, 
      5.25
    ], 
    [
      2.82, 
      5.25
    ], 
    [
      2.83, 
      5.24
    ], 
    [
      2.84, 
      5.24
    ], 
    [
      2.85, 
      5.23
    ], 
    [
      2.86, 
      5.23
    ], 
    [
      2.88, 
      5.21
    ], 
    [
      2.89, 
      5.21
    ], 
    [
      2.9, 
      5.2
    ], 
    [
      2.91, 
      5.2
    ], 
    [
      2.92, 
      5.19
    ], 
    [
      2.93, 
      5.19
    ], 
    [
      2.94, 
      5.18
    ], 
    [
      2.95, 
      5.18
    ], 
    [
      2.97, 
      5.16
    ], 
    [
      2.98, 
      5.16
    ], 
    [
      2.99, 
      5.15
    ], 
    [
      3.0, 
      5.15
    ], 
    [
      3.01, 
      5.14
    ], 
    [
      3.02, 
      5.14
    ], 
    [
      3.03, 
      5.13
    ], 
    [
      3.04, 
      5.13
    ], 
    [
      3.06, 
      5.11
    ], 
    [
      3.07, 
      5.11
    ], 
    [
      3.08, 
      5.1
    ], 
    [
      3.1, 
      5.1
    ], 
    [
      3.11, 
      5.09
    ], 
    [
      3.12, 
      5.09
    ], 
    [
      3.13, 
      5.08
    ], 
    [
      3.14, 
      5.08
    ], 
    [
      3.15, 
      5.07
    ], 
    [
      3.16, 
      5.07
    ], 
    [
      3.17, 
      5.06
    ], 
    [
      3.18, 
      5.06
    ], 
    [
      3.19, 
      5.05
    ], 
    [
      3.2, 
      5.05
    ], 
    [
      3.22, 
      5.03
    ], 
    [
      3.23, 
      5.03
    ], 
    [
      3.24, 
      5.02
    ], 
    [
      3.25, 
      5.02
    ], 
    [
      3.26, 
      5.01
    ], 
    [
      3.27, 
      5.01
    ], 
    [
      3.28, 
      5.0
    ], 
    [
      3.29, 
      5.0
    ], 
    [
      3.31, 
      4.98
    ], 
    [
      3.32, 
      4.98
    ], 
    [
      3.33, 
      4.97
    ], 
    [
      3.34, 
      4.97
    ], 
    [
      3.35, 
      4.96
    ], 
    [
      3.36, 
      4.96
    ], 
    [
      3.37, 
      4.95
    ], 
    [
      3.38, 
      4.95
    ], 
    [
      3.39, 
      4.94
    ], 
    [
      3.4, 
      4.94
    ], 
    [
      3.42, 
      4.92
    ], 
    [
      3.43, 
      4.92
    ], 
    [
      3.43, 
      3.96
    ], 
    [
      3.44, 
      3.95
    ], 
    [
      3.54, 
      3.95
    ], 
    [
      3.55, 
      3.96
    ], 
    [
      3.55, 
      4.86
    ], 
    [
      3.56, 
      4.85
    ], 
    [
      8.0, 
      4.85
    ], 
    [
      8.0, 
      0.97
    ], 
    [
      7.6, 
      0.97
    ], 
    [
      7.59, 
      0.98
    ], 
    [
      7.58, 
      0.97
    ], 
    [
      7.55, 
      0.97
    ], 
    [
      7.54, 
      0.96
    ], 
    [
      7.54, 
      0.94
    ], 
    [
      7.53, 
      0.93
    ], 
    [
      7.52, 
      0.93
    ], 
    [
      7.48, 
      0.89
    ], 
    [
      7.47, 
      0.89
    ], 
    [
      7.44, 
      0.86
    ], 
    [
      7.43, 
      0.86
    ], 
    [
      7.39, 
      0.82
    ], 
    [
      7.38, 
      0.82
    ], 
    [
      7.35, 
      0.79
    ], 
    [
      7.34, 
      0.79
    ], 
    [
      7.3, 
      0.75
    ], 
    [
      7.29, 
      0.75
    ], 
    [
      7.26, 
      0.72
    ], 
    [
      7.25, 
      0.72
    ], 
    [
      7.21, 
      0.68
    ], 
    [
      7.2, 
      0.68
    ], 
    [
      7.17, 
      0.65
    ], 
    [
      7.16, 
      0.65
    ], 
    [
      7.12, 
      0.61
    ], 
    [
      7.11, 
      0.61
    ], 
    [
      7.08, 
      0.58
    ], 
    [
      7.07, 
      0.58
    ], 
    [
      7.03, 
      0.54
    ], 
    [
      7.02, 
      0.54
    ], 
    [
      6.98, 
      0.5
    ], 
    [
      6.97, 
      0.5
    ], 
    [
      6.93, 
      0.46
    ], 
    [
      6.92, 
      0.46
    ], 
    [
      6.88, 
      0.42
    ], 
    [
      6.87, 
      0.42
    ], 
    [
      6.83, 
      0.38
