{
  "room_category": {
    "Toilet": {
      "simulation_statistics": [
        {
          "not_completed_agents": 0, 
          "max_evacuation_time": 34.849754, 
          "min_evacuation_time": 13.700034, 
          "exit_flow_rate": 0.20086224998890956, 
          "completed_agents": 7, 
          "max_traveled_distance": 31.474754, 
          "avg_evacuation_time": 21.664230142857143, 
          "avg_traveled_distance": 23.542668428571428, 
          "min_traveled_distance": 16.530678
        }
      ], 
      "bounds": [
        [
          5.62, 
          9.11, 
          12.59, 
          14.07
        ]
      ]
    }, 
    "Bathroom": {
      "simulation_statistics": [
        {
          "not_completed_agents": 0, 
          "max_evacuation_time": 26.099888, 
          "min_evacuation_time": 12.050028, 
          "exit_flow_rate": 0.26820038461467727, 
          "completed_agents": 7, 
          "max_traveled_distance": 30.80407, 
          "avg_evacuation_time": 19.70711485714286, 
          "avg_traveled_distance": 22.427608857142854, 
          "min_traveled_distance": 16.899652
        }
      ], 
      "bounds": [
        [
          5.62, 
          9.11, 
          12.59, 
          14.07
        ]
      ]
    }, 
    "Living_Room": {
      "simulation_statistics": [
        {
          "not_completed_agents": 0, 
          "max_evacuation_time": 50.049522, 
          "min_evacuation_time": 0.0, 
          "exit_flow_rate": 1.8181991828013861, 
          "completed_agents": 91, 
          "max_traveled_distance": 36.933128, 
          "avg_evacuation_time": 13.091744461538463, 
          "avg_traveled_distance": 16.06540032967033, 
          "min_traveled_distance": 0.0
        }, 
        {
          "not_completed_agents": 0, 
          "max_evacuation_time": 13.600034, 
          "min_evacuation_time": 7.800012, 
          "exit_flow_rate": 0.9558799632412683, 
          "completed_agents": 13, 
          "max_traveled_distance": 17.815207, 
          "avg_evacuation_time": 10.923100384615385, 
          "avg_traveled_distance": 14.604467538461538, 
          "min_traveled_distance": 10.691395
        }
      ], 
      "bounds": [
        [
          -0.63, 
          -0.01, 
          22.34, 
          19.79
        ], 
        [
          12.06, 
          -0.03, 
          22.16, 
          6.3
        ]
      ]
    }, 
    "Room": {
      "simulation_statistics": [
        {
          "not_completed_agents": 0, 
          "max_evacuation_time": 51.949493, 
          "min_evacuation_time": 0.0, 
          "exit_flow_rate": 1.6939530093200332, 
          "completed_agents": 88, 
          "max_traveled_distance": 37.410213, 
          "avg_evacuation_time": 12.826122045454547, 
          "avg_traveled_distance": 15.442046170454546, 
          "min_traveled_distance": 0.0
        }
      ], 
      "bounds": [
        [
          -0.01, 
          -0.03, 
          22.31, 
          19.77
        ]
      ]
    }, 
    "Bedroom": {
      "simulation_statistics": [
        {
          "not_completed_agents": 0, 
          "max_evacuation_time": 53.599468, 
          "min_evacuation_time": 5.850004, 
          "exit_flow_rate": 0.5410501462439888, 
          "completed_agents": 29, 
          "max_traveled_distance": 39.630299, 
          "avg_evacuation_time": 25.279166103448276, 
          "avg_traveled_distance": 25.440585103448278, 
          "min_traveled_distance": 8.259926
        }
      ], 
      "bounds": [
        [
          0.0, 
          8.44, 
          12.58, 
          19.8
        ]
      ]
    }
  }, 
  "room_num": 5, 
  "verts": [
    [
      0.12, 
      0.1
    ], 
    [
      0.12, 
      1.03
    ], 
    [
      0.13, 
      1.04
    ], 
    [
      0.13, 
      1.97
    ], 
    [
      0.12, 
      1.98
    ], 
    [
      0.1, 
      1.98
    ], 
    [
      0.11, 
      1.99
    ], 
    [
      0.11, 
      3.83
    ], 
    [
      0.12, 
      3.83
    ], 
    [
      0.13, 
      3.84
    ], 
    [
      0.13, 
      6.21
    ], 
    [
      0.14, 
      6.22
    ], 
    [
      0.14, 
      9.14
    ], 
    [
      1.62, 
      9.14
    ], 
    [
      1.63, 
      9.13
    ], 
    [
      3.3, 
      9.13
    ], 
    [
      3.31, 
      9.14
    ], 
    [
      3.31, 
      9.23
    ], 
    [
      3.3, 
      9.24
    ], 
    [
      1.63, 
      9.24
    ], 
    [
      1.62, 
      9.25
    ], 
    [
      0.15, 
      9.25
    ], 
    [
      0.15, 
      12.07
    ], 
    [
      0.16, 
      12.08
    ], 
    [
      0.16, 
      15.0
    ], 
    [
      0.17, 
      15.01
    ], 
    [
      0.17, 
      17.93
    ], 
    [
      0.18, 
      17.94
    ], 
    [
      0.18, 
      19.66
    ], 
    [
      7.7, 
      19.66
    ], 
    [
      7.71, 
      19.65
    ], 
    [
      9.69, 
      19.65
    ], 
    [
      9.69, 
      19.08
    ], 
    [
      9.68, 
      19.07
    ], 
    [
      9.68, 
      18.14
    ], 
    [
      9.67, 
      18.13
    ], 
    [
      9.67, 
      17.21
    ], 
    [
      9.66, 
      17.2
    ], 
    [
      9.66, 
      16.27
    ], 
    [
      9.65, 
      16.26
    ], 
    [
      9.65, 
      15.34
    ], 
    [
      9.64, 
      15.33
    ], 
    [
      9.64, 
      14.4
    ], 
    [
      9.63, 
      14.39
    ], 
    [
      9.63, 
      14.02
    ], 
    [
      6.49, 
      14.02
    ], 
    [
      6.48, 
      14.01
    ], 
    [
      6.48, 
      12.06
    ], 
    [
      6.49, 
      12.05
    ], 
    [
      6.58, 
      12.05
    ], 
    [
      6.59, 
      12.06
    ], 
    [
      6.59, 
      13.91
    ], 
    [
      12.48, 
      13.91
    ], 
    [
      12.48, 
      9.22
    ], 
    [
      10.22, 
      9.22
    ], 
    [
      10.21, 
      9.23
    ], 
    [
      6.59, 
      9.23
    ], 
    [
      6.59, 
      10.8
    ], 
    [
      6.58, 
      10.81
    ], 
    [
      6.49, 
      10.81
    ], 
    [
      6.48, 
      10.8
    ], 
    [
      6.48, 
      9.23
    ], 
    [
      6.28, 
      9.23
    ], 
    [
      6.27, 
      9.24
    ], 
    [
      4.3, 
      9.24
    ], 
    [
      4.29, 
      9.23
    ], 
    [
      4.29, 
      9.13
    ], 
    [
      4.3, 
      9.12
    ], 
    [
      6.48, 
      9.12
    ], 
    [
      6.49, 
      9.11
    ], 
    [
      12.38, 
      9.11
    ], 
    [
      12.39, 
      9.1
    ], 
    [
      12.58, 
      9.1
    ], 
    [
      12.6, 
      9.12
    ], 
    [
      12.6, 
      14.01
    ], 
    [
      12.59, 
      14.02
    ], 
    [
      9.75, 
      14.02
    ], 
    [
      9.75, 
      14.49
    ], 
    [
      9.76, 
      14.5
    ], 
    [
      9.76, 
      15.61
    ], 
    [
      9.77, 
      15.62
    ], 
    [
      9.77, 
      16.73
    ], 
    [
      9.78, 
      16.74
    ], 
    [
      9.78, 
      17.85
    ], 
    [
      9.79, 
      17.86
    ], 
    [
      9.79, 
      18.97
    ], 
    [
      9.8, 
      18.98
    ], 
    [
      9.8, 
      19.66
    ], 
    [
      22.2, 
      19.66
    ], 
    [
      22.2, 
      17.46
    ], 
    [
      22.19, 
      17.45
    ], 
    [
      22.19, 
      14.28
    ], 
    [
      22.18, 
      14.27
    ], 
    [
      22.18, 
      11.1
    ], 
    [
      22.17, 
      11.09
    ], 
    [
      22.17, 
      7.93
    ], 
    [
      22.16, 
      7.92
    ], 
    [
      22.16, 
      6.31
    ], 
    [
      12.15, 
      6.31
    ], 
    [
