{
  "room_category": {
    "Kitchen": {
      "simulation_statistics": [
        {
          "not_completed_agents": 0, 
          "max_evacuation_time": 3.349998, 
          "min_evacuation_time": 2.049999, 
          "exit_flow_rate": 0.5970152818001683, 
          "completed_agents": 2, 
          "max_traveled_distance": 2.751684, 
          "avg_evacuation_time": 2.6999985, 
          "avg_traveled_distance": 2.3724275, 
          "min_traveled_distance": 1.993171
        }
      ], 
      "bounds": [
        [
          -0.02, 
          3.18, 
          3.8, 
          6.18
        ]
      ]
    }, 
    "Bedroom": {
      "simulation_statistics": [
        {
          "not_completed_agents": 0, 
          "max_evacuation_time": 1.1, 
          "min_evacuation_time": 0.0, 
          "exit_flow_rate": 1.8181818181818181, 
          "completed_agents": 2, 
          "max_traveled_distance": 0.985107, 
          "avg_evacuation_time": 0.55, 
          "avg_traveled_distance": 0.4925535, 
          "min_traveled_distance": 0.0
        }
      ], 
      "bounds": [
        [
          1.24, 
          -0.04, 
          3.84, 
          3.91
        ]
      ]
    }
  }, 
  "room_num": 3, 
  "verts": [
    [
      3.11, 
      0.1
    ], 
    [
      3.1, 
      0.11
    ], 
    [
      2.01, 
      0.11
    ], 
    [
      2.0, 
      0.12
    ], 
    [
      1.39, 
      0.12
    ], 
    [
      1.38, 
      0.13
    ], 
    [
      1.35, 
      0.13
    ], 
    [
      1.35, 
      3.21
    ], 
    [
      1.78, 
      3.21
    ], 
    [
      1.79, 
      3.2
    ], 
    [
      2.17, 
      3.2
    ], 
    [
      2.18, 
      3.21
    ], 
    [
      2.18, 
      3.23
    ], 
    [
      2.19, 
      3.24
    ], 
    [
      2.19, 
      3.31
    ], 
    [
      2.18, 
      3.32
    ], 
    [
      1.74, 
      3.32
    ], 
    [
      1.73, 
      3.33
    ], 
    [
      1.28, 
      3.33
    ], 
    [
      1.27, 
      3.34
    ], 
    [
      1.25, 
      3.34
    ], 
    [
      1.24, 
      3.33
    ], 
    [
      0.95, 
      3.33
    ], 
    [
      0.94, 
      3.34
    ], 
    [
      0.31, 
      3.34
    ], 
    [
      0.3, 
      3.35
    ], 
    [
      0.11, 
      3.35
    ], 
    [
      0.1, 
      3.36
    ], 
    [
      0.1, 
      6.07
    ], 
    [
      3.63, 
      6.07
    ], 
    [
      3.63, 
      5.83
    ], 
    [
      3.64, 
      5.82
    ], 
    [
      3.64, 
      5.35
    ], 
    [
      3.65, 
      5.34
    ], 
    [
      3.65, 
      4.87
    ], 
    [
      3.66, 
      4.86
    ], 
    [
      3.66, 
      4.39
    ], 
    [
      3.67, 
      4.38
    ], 
    [
      3.67, 
      3.91
    ], 
    [
      3.68, 
      3.9
    ], 
    [
      3.68, 
      3.43
    ], 
    [
      3.69, 
      3.42
    ], 
    [
      3.69, 
      3.29
    ], 
    [
      3.49, 
      3.29
    ], 
    [
      3.48, 
      3.3
    ], 
    [
      3.2, 
      3.3
    ], 
    [
      3.19, 
      3.29
    ], 
    [
      3.19, 
      3.19
    ], 
    [
      3.2, 
      3.18
    ], 
    [
      3.5, 
      3.18
    ], 
    [
      3.51, 
      3.17
    ], 
    [
      3.69, 
      3.17
    ], 
    [
      3.69, 
      2.9
    ], 
    [
      3.68, 
      2.89
    ], 
    [
      3.68, 
      2.54
    ], 
    [
      3.69, 
      2.53
    ], 
    [
      3.82, 
      2.53
    ], 
    [
      3.83, 
      2.54
    ], 
    [
      3.83, 
      2.91
    ], 
    [
      3.84, 
      2.92
    ], 
    [
      3.84, 
      3.57
    ], 
    [
      3.85, 
      3.58
    ], 
    [
      3.85, 
      4.23
    ], 
    [
      3.86, 
      4.24
    ], 
    [
      3.86, 
      4.89
    ], 
    [
      3.87, 
      4.9
    ], 
    [
      3.87, 
      5.11
    ], 
    [
      3.9, 
      5.11
    ], 
    [
      3.91, 
      5.12
    ], 
    [
      7.63, 
      5.12
    ], 
    [
      7.64, 
      5.13
    ], 
    [
      11.12, 
      5.13
    ], 
    [
      11.12, 
      4.95
    ], 
    [
      11.11, 
      4.94
    ], 
    [
      11.11, 
      4.38
    ], 
    [
      11.1, 
      4.37
    ], 
    [
      11.1, 
      3.81
    ], 
    [
      11.09, 
      3.8
    ], 
    [
      11.09, 
      3.24
    ], 
    [
      11.08, 
      3.23
    ], 
    [
      11.08, 
      2.67
    ], 
    [
      11.07, 
      2.66
    ], 
    [
      11.07, 
      2.09
    ], 
    [
      11.06, 
      2.08
    ], 
    [
      11.06, 
      1.52
    ], 
    [
      11.05, 
      1.51
    ], 
    [
      11.05, 
      0.95
    ], 
    [
      11.04, 
      0.94
    ], 
    [
      11.04, 
      0.38
    ], 
    [
      11.03, 
      0.37
    ], 
    [
      11.03, 
      0.2
    ], 
    [
      8.53, 
      0.2
    ], 
    [
      8.52, 
      0.19
    ], 
    [
      3.79, 
      0.19
    ], 
    [
      3.79, 
      0.48
    ], 
    [
      3.8, 
      0.49
    ], 
    [
      3.8, 
      1.17
    ], 
    [
      3.81, 
      1.18
    ], 
    [
      3.81, 
      1.52
    ], 
    [
      3.8, 
      1.53
    ], 
    [
      3.67, 
      1.53
    ], 
    [
      3.66, 
      1.52
    ], 
    [
      3.66, 
      1.25
    ], 
    [
      3.65, 
      1.24
    ], 
    [
      3.65, 
      0.75
    ], 
    [
      3.64, 
      0.74
    ], 
    [
      3.64, 
      0.25
    ], 
    [
      3.63, 
      0.24
    ], 
    [
      3.63, 
      0.1
    ]
  ], 
  "bbox": {
    "max": [
      11.12, 
      6.07
    ], 
    "min": [
      0.1, 
      0.1
    ]
  }, 
  "id": "5c6353f8b4bdcf446f3a8af375f29db8"
}