{
  "room_category": {
    "Bedroom": {
      "simulation_statistics": [
        {
          "not_completed_agents": 0, 
          "max_evacuation_time": 21.649956, 
          "min_evacuation_time": 1.0, 
          "exit_flow_rate": 0.8314104656840873, 
          "completed_agents": 18, 
          "max_traveled_distance": 23.146761, 
          "avg_evacuation_time": 12.013902055555555, 
          "avg_traveled_distance": 13.380282888888889, 
          "min_traveled_distance": 1.897428
        }
      ], 
      "bounds": [
        [
          -0.54, 
          3.71, 
          12.38, 
          10.52
        ]
      ]
    }, 
    "Dining_Room": {
      "simulation_statistics": [
        {
          "not_completed_agents": 0, 
          "max_evacuation_time": 21.249962, 
          "min_evacuation_time": 4.900001, 
          "exit_flow_rate": 0.5647068921817366, 
          "completed_agents": 12, 
          "max_traveled_distance": 19.112825, 
          "avg_evacuation_time": 12.383348333333332, 
          "avg_traveled_distance": 12.468848083333333, 
          "min_traveled_distance": 5.993434
        }
      ], 
      "bounds": [
        [
          -1.54, 
          3.68, 
          7.4, 
          10.54
        ]
      ]
    }, 
    "Kitchen": {
      "simulation_statistics": [
        {
          "not_completed_agents": 0, 
          "max_evacuation_time": 18.700001, 
          "min_evacuation_time": 2.849998, 
          "exit_flow_rate": 0.6417111956304173, 
          "completed_agents": 12, 
          "max_traveled_distance": 20.454903, 
          "avg_evacuation_time": 9.650014666666666, 
          "avg_traveled_distance": 9.471620249999999, 
          "min_traveled_distance": 2.701509
        }
      ], 
      "bounds": [
        [
          -1.54, 
          3.68, 
          7.4, 
          10.54
        ]
      ]
    }
  }, 
  "room_num": 8, 
  "verts": [
    [
      2.41, 
      0.1
    ], 
    [
      2.4, 
      0.11
    ], 
    [
      2.4, 
      4.26
    ], 
    [
      4.1, 
      4.26
    ], 
    [
      4.11, 
      4.27
    ], 
    [
      4.11, 
      4.39
    ], 
    [
      4.1, 
      4.4
    ], 
    [
      2.29, 
      4.4
    ], 
    [
      2.28, 
      4.41
    ], 
    [
      0.11, 
      4.41
    ], 
    [
      0.1, 
      4.42
    ], 
    [
      0.1, 
      7.64
    ], 
    [
      3.95, 
      7.64
    ], 
    [
      3.96, 
      7.65
    ], 
    [
      3.96, 
      7.75
    ], 
    [
      3.95, 
      7.76
    ], 
    [
      0.1, 
      7.76
    ], 
    [
      0.1, 
      9.59
    ], 
    [
      3.13, 
      9.59
    ], 
    [
      3.14, 
      9.6
    ], 
    [
      3.76, 
      9.6
    ], 
    [
      3.77, 
      9.59
    ], 
    [
      4.91, 
      9.59
    ], 
    [
      4.92, 
      9.6
    ], 
    [
      5.36, 
      9.6
    ], 
    [
      5.36, 
      7.76
    ], 
    [
      5.0, 
      7.76
    ], 
    [
      4.99, 
      7.75
    ], 
    [
      4.99, 
      7.65
    ], 
    [
      5.0, 
      7.64
    ], 
    [
      5.36, 
      7.64
    ], 
    [
      5.36, 
      7.52
    ], 
    [
      5.37, 
      7.51
    ], 
    [
      5.47, 
      7.51
    ], 
    [
      5.48, 
      7.52
    ], 
    [
      5.48, 
      7.64
    ], 
    [
      6.12, 
      7.64
    ], 
    [
      6.13, 
      7.65
    ], 
    [
      8.11, 
      7.65
    ], 
    [
      8.12, 
      7.66
    ], 
    [
      10.1, 
      7.66
    ], 
    [
      10.11, 
      7.67
    ], 
    [
      10.74, 
      7.67
    ], 
    [
      10.74, 
      4.41
    ], 
    [
      8.75, 
      4.41
    ], 
    [
      8.74, 
      4.4
    ], 
    [
      5.48, 
      4.4
    ], 
    [
      5.48, 
      6.48
    ], 
    [
      5.47, 
      6.49
    ], 
    [
      5.37, 
      6.49
    ], 
    [
      5.36, 
      6.48
    ], 
    [
      5.36, 
      4.4
    ], 
    [
      5.14, 
      4.4
    ], 
    [
      5.13, 
      4.39
    ], 
    [
      5.13, 
      4.27
    ], 
    [
      5.14, 
      4.26
    ], 
    [
      8.63, 
      4.26
    ], 
    [
      8.63, 
      0.1
    ]
  ], 
  "bbox": {
    "max": [
      10.74, 
      9.6
    ], 
    "min": [
      0.1, 
      0.1
    ]
  }, 
  "id": "5cfa4fbfaa73204cd9f6fce81a2333cc"
}