{
  "room_category": {
    "Toilet": {
      "simulation_statistics": [
        {
          "not_completed_agents": 0, 
          "max_evacuation_time": 17.150024, 
          "min_evacuation_time": 8.450014, 
          "exit_flow_rate": 0.34985373781401125, 
          "completed_agents": 6, 
          "max_traveled_distance": 16.102573, 
          "avg_evacuation_time": 12.275024833333333, 
          "avg_traveled_distance": 13.145196166666667, 
          "min_traveled_distance": 10.935983
        }
      ], 
      "bounds": [
        [
          7.61, 
          5.77, 
          12.88, 
          11.47
        ]
      ]
    }, 
    "Bathroom": {
      "simulation_statistics": [
        {
          "not_completed_agents": 0, 
          "max_evacuation_time": 18.350006, 
          "min_evacuation_time": 7.200009, 
          "exit_flow_rate": 0.32697536992630954, 
          "completed_agents": 6, 
          "max_traveled_distance": 15.978738, 
          "avg_evacuation_time": 13.016689833333333, 
          "avg_traveled_distance": 13.2565435, 
          "min_traveled_distance": 9.24083
        }
      ], 
      "bounds": [
        [
          7.61, 
          5.77, 
          12.88, 
          11.47
        ]
      ]
    }, 
    "Living_Room": {
      "simulation_statistics": [
        {
          "not_completed_agents": 0, 
          "max_evacuation_time": 20.949966, 
          "min_evacuation_time": 5.650003, 
          "exit_flow_rate": 0.5250605179979767, 
          "completed_agents": 11, 
          "max_traveled_distance": 25.755608, 
          "avg_evacuation_time": 8.786370181818182, 
          "avg_traveled_distance": 10.842225909090908, 
          "min_traveled_distance": 7.393008
        }
      ], 
      "bounds": [
        [
          -0.03, 
          6.95, 
          8.61, 
          13.49
        ]
      ]
    }, 
    "Garage": {
      "simulation_statistics": [
        {
          "not_completed_agents": 0, 
          "max_evacuation_time": 15.30004, 
          "min_evacuation_time": 9.650019, 
          "exit_flow_rate": 0.5882337562516177, 
          "completed_agents": 9, 
          "max_traveled_distance": 16.733418, 
          "avg_evacuation_time": 12.200028222222222, 
          "avg_traveled_distance": 14.89608188888889, 
          "min_traveled_distance": 12.295386
        }
      ], 
      "bounds": [
        [
          -0.02, 
          13.38, 
          7.77, 
          18.99
        ]
      ]
    }, 
    "Dining_Room": {
      "simulation_statistics": [
        {
          "not_completed_agents": 0, 
          "max_evacuation_time": 3.699998, 
          "min_evacuation_time": 0.0, 
          "exit_flow_rate": 2.9729745799862597, 
          "completed_agents": 11, 
          "max_traveled_distance": 4.7737, 
          "avg_evacuation_time": 2.390907909090909, 
          "avg_traveled_distance": 2.994036636363637, 
          "min_traveled_distance": 0.0
        }
      ], 
      "bounds": [
        [
          -0.03, 
          -0.03, 
          7.74, 
          7.06
        ]
      ]
    }, 
    "Kitchen": {
      "simulation_statistics": [
        {
          "not_completed_agents": 0, 
          "max_evacuation_time": 4.65, 
          "min_evacuation_time": 0.45, 
          "exit_flow_rate": 2.365591397849462, 
          "completed_agents": 11, 
          "max_traveled_distance": 5.79206, 
          "avg_evacuation_time": 2.5454535454545453, 
          "avg_traveled_distance": 3.2166871818181817, 
          "min_traveled_distance": 0.574738
        }
      ], 
      "bounds": [
        [
          -0.03, 
          -0.03, 
          7.74, 
          7.06
        ]
      ]
    }
  }, 
  "room_num": 4, 
  "verts": [
    [
      0.11, 
      0.1
    ], 
    [
      0.1, 
      0.11
    ], 
    [
      0.1, 
      6.96
    ], 
    [
      1.7, 
      6.96
    ], 
    [
      1.71, 
      6.97
    ], 
    [
      1.71, 
      7.07
    ], 
    [
      1.7, 
      7.08
    ], 
    [
      1.69, 
      7.07
    ], 
    [
      1.68, 
      7.08
    ], 
    [
      0.1, 
      7.08
    ], 
    [
      0.1, 
      13.39
    ], 
    [
      2.05, 
      13.39
    ], 
    [
      2.06, 
      13.4
    ], 
    [
      2.06, 
      13.5
    ], 
    [
      2.05, 
      13.51
    ], 
    [
      0.21, 
      13.51
    ], 
    [
      0.2, 
      13.5
    ], 
    [
      0.1, 
      13.5
    ], 
    [
      0.1, 
      18.85
    ], 
    [
      7.66, 
      18.85
    ], 
    [
      7.66, 
      13.51
    ], 
    [
      5.71, 
      13.51
    ], 
    [
      5.7, 
      13.5
    ], 
    [
      5.7, 
      13.4
    ], 
    [
      5.71, 
      13.39
    ], 
    [
      7.63, 
      13.39
    ], 
    [
      7.63, 
      11.47
    ], 
    [
      7.64, 
      11.46
    ], 
    [
      7.64, 
      8.71
    ], 
    [
      7.65, 
      8.7
    ], 
    [
      7.77, 
      8.7
    ], 
    [
      7.78, 
      8.71
    ], 
    [
      7.78, 
      9.44
    ], 
    [
      7.79, 
      9.45
    ], 
    [
      7.79, 
      10.78
    ], 
    [
      7.8, 
      10.79
    ], 
    [
      7.8, 
      11.35
    ], 
    [
      12.77, 
      11.35
    ], 
    [
      12.77, 
      10.71
    ], 
    [
      12.76, 
      10.7
    ], 
    [
      12.76, 
      9.62
    ], 
    [
      12.75, 
      9.61
    ], 
    [
      12.75, 
      8.53
    ], 
    [
      12.74, 
      8.52
    ], 
    [
      12.74, 
      7.43
    ], 
    [
      12.73, 
      7.42
    ], 
    [
      12.73, 
      6.34
    ], 
    [
      12.72, 
      6.33
    ], 
    [
      12.72, 
      5.89
    ], 
    [
      7.75, 
      5.89
    ], 
    [
      7.75, 
      6.66
    ], 
    [
      7.76, 
      6.67
    ], 
    [
      7.76, 
      7.45
    ], 
    [
      7.75, 
      7.46
    ], 
    [
      7.65, 
      7.46
    ], 
    [
      7.64, 
      7.45
    ], 
    [
      7.64, 
      7.08
    ], 
    [
      5.36, 
      7.08
    ], 
    [
      5.35, 
      7.07
    ], 
    [
      5.35, 
      6.97
    ], 
    [
      5.36, 
      6.96
    ], 
    [
      7.64, 
      6.96
    ], 
    [
      7.64, 
      6.12
    ], 
    [
      7.63, 
      6.11
    ], 
    [
      7.63, 
      5.78
    ], 
    [
      7.62, 
      5.77
    ], 
    [
      7.62, 
      4.76
    ], 
    [
      7.61, 
      4.75
    ], 
    [
      7.61, 
      3.4
    ], 
    [
      7.6, 
      3.39
    ], 
    [
      7.6, 
      2.04
    ], 
    [
      7.59, 
      2.03
    ], 
    [
      7.59, 
      0.68
    ], 
    [
      7.58, 
      0.67
    ], 
    [
      7.58, 
      0.1
    ]
  ], 
  "bbox": {
    "max": [
      12.77, 
      18.85
    ], 
    "min": [
      0.1, 
      0.1
    ]
  }, 
  "id": "5e91a7b3ca27c983a3d7d83888218243"
}