{
  "room_category": {
    "Living_Room": {
      "simulation_statistics": [
        {
          "not_completed_agents": 0, 
          "max_evacuation_time": 22.499943, 
          "min_evacuation_time": 12.950031, 
          "exit_flow_rate": 0.2666673422239337, 
          "completed_agents": 6, 
          "max_traveled_distance": 20.685247, 
          "avg_evacuation_time": 17.949999666666667, 
          "avg_traveled_distance": 18.575594666666667, 
          "min_traveled_distance": 15.358782
        }
      ], 
      "bounds": [
        [
          -0.02, 
          3.09, 
          4.48, 
          9.49
        ]
      ]
    }, 
    "Office": {
      "simulation_statistics": [
        {
          "not_completed_agents": 0, 
          "max_evacuation_time": 1.2, 
          "min_evacuation_time": 0.0, 
          "exit_flow_rate": 2.5, 
          "completed_agents": 3, 
          "max_traveled_distance": 1.903334, 
          "avg_evacuation_time": 0.6166666666666667, 
          "avg_traveled_distance": 0.905957, 
          "min_traveled_distance": 0.0
        }
      ], 
      "bounds": [
        [
          12.45, 
          -0.03, 
          17.19, 
          3.21
        ]
      ]
    }
  }, 
  "room_num": 4, 
  "verts": [
    [
      12.58, 
      0.1
    ], 
    [
      12.57, 
      0.11
    ], 
    [
      12.57, 
      3.07
    ], 
    [
      15.05, 
      3.07
    ], 
    [
      15.06, 
      3.08
    ], 
    [
      15.06, 
      3.18
    ], 
    [
      15.05, 
      3.19
    ], 
    [
      13.25, 
      3.19
    ], 
    [
      13.25, 
      5.65
    ], 
    [
      13.24, 
      5.66
    ], 
    [
      13.14, 
      5.66
    ], 
    [
      13.13, 
      5.65
    ], 
    [
      13.13, 
      3.19
    ], 
    [
      12.46, 
      3.19
    ], 
    [
      12.45, 
      3.2
    ], 
    [
      4.42, 
      3.2
    ], 
    [
      4.42, 
      3.31
    ], 
    [
      4.41, 
      3.32
    ], 
    [
      4.31, 
      3.32
    ], 
    [
      4.3, 
      3.31
    ], 
    [
      4.3, 
      3.2
    ], 
    [
      0.11, 
      3.2
    ], 
    [
      0.1, 
      3.21
    ], 
    [
      0.1, 
      9.37
    ], 
    [
      4.3, 
      9.37
    ], 
    [
      4.3, 
      9.22
    ], 
    [
      4.31, 
      9.21
    ], 
    [
      4.41, 
      9.21
    ], 
    [
      4.42, 
      9.22
    ], 
    [
      4.42, 
      9.41
    ], 
    [
      4.44, 
      9.43
    ], 
    [
      4.45, 
      9.43
    ], 
    [
      4.49, 
      9.47
    ], 
    [
      4.5, 
      9.47
    ], 
    [
      4.53, 
      9.5
    ], 
    [
      4.54, 
      9.5
    ], 
    [
      4.58, 
      9.54
    ], 
    [
      4.59, 
      9.54
    ], 
    [
      4.63, 
      9.58
    ], 
    [
      4.64, 
      9.58
    ], 
    [
      4.67, 
      9.61
    ], 
    [
      4.68, 
      9.61
    ], 
    [
      4.72, 
      9.65
    ], 
    [
      4.73, 
      9.65
    ], 
    [
      4.76, 
      9.68
    ], 
    [
      4.77, 
      9.68
    ], 
    [
      4.8, 
      9.71
    ], 
    [
      4.81, 
      9.71
    ], 
    [
      4.85, 
      9.75
    ], 
    [
      4.86, 
      9.75
    ], 
    [
      4.89, 
      9.78
    ], 
    [
      4.9, 
      9.78
    ], 
    [
      4.94, 
      9.82
    ], 
    [
      4.95, 
      9.82
    ], 
    [
      4.99, 
      9.86
    ], 
    [
      5.0, 
      9.86
    ], 
    [
      5.03, 
      9.89
    ], 
    [
      5.04, 
      9.89
    ], 
    [
      5.08, 
      9.93
    ], 
    [
      5.09, 
      9.93
    ], 
    [
      5.13, 
      9.97
    ], 
    [
      5.14, 
      9.97
    ], 
    [
      5.18, 
      10.01
    ], 
    [
      5.19, 
      10.01
    ], 
    [
      5.22, 
      10.04
    ], 
    [
      5.23, 
      10.04
    ], 
    [
      5.27, 
      10.08
    ], 
    [
      5.28, 
      10.08
    ], 
    [
      5.32, 
      10.12
    ], 
    [
      5.33, 
      10.12
    ], 
    [
      5.36, 
      10.15
    ], 
    [
      5.37, 
      10.15
    ], 
    [
      5.41, 
      10.19
    ], 
    [
      5.42, 
      10.19
    ], 
    [
      5.46, 
      10.23
    ], 
    [
      5.47, 
      10.23
    ], 
    [
      5.5, 
      10.26
    ], 
    [
      5.51, 
      10.26
    ], 
    [
      5.55, 
      10.3
    ], 
    [
      5.56, 
      10.3
    ], 
    [
      5.6, 
      10.34
    ], 
    [
      5.61, 
      10.34
    ], 
    [
      5.64, 
      10.37
    ], 
    [
      5.65, 
      10.37
    ], 
    [
      5.69, 
      10.41
    ], 
    [
      5.7, 
      10.41
    ], 
    [
      5.74, 
      10.45
    ], 
    [
      5.75, 
      10.45
    ], 
    [
      5.79, 
      10.49
    ], 
    [
      5.8, 
      10.49
    ], 
    [
      5.83, 
      10.52
    ], 
    [
      5.84, 
      10.52
    ], 
    [
      5.88, 
      10.56
    ], 
    [
      5.89, 
      10.56
    ], 
    [
      5.93, 
      10.6
    ], 
    [
      5.94, 
      10.6
    ], 
    [
      5.97, 
      10.63
    ], 
    [
      5.98, 
      10.63
    ], 
    [
      6.02, 
      10.67
    ], 
    [
      6.03, 
      10.67
    ], 
    [
      6.07, 
      10.71
    ], 
    [
      6.08, 
      10.71
    ], 
    [
      6.11, 
      10.74
    ], 
    [
      6.12, 
      10.74
    ], 
    [
      6.16, 
      10.78
    ], 
    [
      6.17, 
      10.78
    ], 
    [
      6.21, 
      10.82
    ], 
    [
      6.22, 
      10.82
    ], 
    [
      6.25, 
      10.85
    ], 
    [
      6.26, 
      10.85
    ], 
    [
      6.31, 
      10.9
    ], 
    [
      6.32, 
      10.9
    ], 
    [
      6.35, 
      10.93
    ], 
    [
      6.36, 
      10.93
    ], 
    [
      6.4, 
      10.97
    ], 
    [
      6.41, 
      10.97
    ], 
    [
      6.42, 
      10.98
    ], 
    [
      13.12, 
      10.98
    ], 
    [
      13.12, 
      8.28
    ], 
    [
      13.13, 
      8.27
    ], 
    [
      13.13, 
      6.91
    ], 
    [
      13.14, 
      6.9
    ], 
    [
      13.24, 
      6.9
    ], 
    [
      13.25, 
      6.91
    ], 
    [
      13.25, 
      8.16
    ], 
    [
      17.08, 
      8.16
    ], 
    [
      17.08, 
      3.19
    ], 
    [
      16.21, 
      3.19
    ], 
    [
      16.2, 
      3.18
    ], 
    [
      16.2, 
      3.08
    ], 
    [
      16.21, 
      3.07
    ], 
    [
      17.08, 
      3.07
    ], 
    [
      17.08, 
      0.1
    ]
  ], 
  "bbox": {
    "max": [
      17.08, 
      10.98
    ], 
    "min": [
      0.1, 
      0.1
    ]
  }, 
  "id": "629115dbc2905e5b10cbb80d6ecc0f47"
}