{
  "room_category": {
    "Hallway": {
      "simulation_statistics": [
        {
          "not_completed_agents": 0, 
          "max_evacuation_time": 21.649956, 
          "min_evacuation_time": 0.0, 
          "exit_flow_rate": 1.3856841094734789, 
          "completed_agents": 30, 
          "max_traveled_distance": 22.959158, 
          "avg_evacuation_time": 7.445005633333333, 
          "avg_traveled_distance": 8.140098266666666, 
          "min_traveled_distance": 0.0
        }
      ], 
      "bounds": [
        [
          -0.02, 
          -0.05, 
          12.37, 
          12.02
        ]
      ]
    }, 
    "Bathroom": {
      "simulation_statistics": [
        {
          "not_completed_agents": 0, 
          "max_evacuation_time": 18.999996, 
          "min_evacuation_time": 8.350014, 
          "exit_flow_rate": 0.1578947700831095, 
          "completed_agents": 3, 
          "max_traveled_distance": 14.092402, 
          "avg_evacuation_time": 14.200016666666665, 
          "avg_traveled_distance": 12.834644333333335, 
          "min_traveled_distance": 11.00919
        }, 
        {
          "not_completed_agents": 0, 
          "max_evacuation_time": 150.004547, 
          "min_evacuation_time": 150.004547, 
          "exit_flow_rate": 0.0, 
          "completed_agents": 0, 
          "max_traveled_distance": 389.958466, 
          "avg_evacuation_time": 150.004547, 
          "avg_traveled_distance": 389.958466, 
          "min_traveled_distance": 389.958466
        }
      ], 
      "bounds": [
        [
          -0.02, 
          7.82, 
          5.17, 
          11.16
        ], 
        [
          4.36, 
          7.86, 
          5.18, 
          11.15
        ]
      ]
    }, 
    "Storage": {
      "simulation_statistics": [
        {
          "not_completed_agents": 0, 
          "max_evacuation_time": 12.800031, 
          "min_evacuation_time": 7.900012, 
          "exit_flow_rate": 0.23437443237442157, 
          "completed_agents": 3, 
          "max_traveled_distance": 10.308357, 
          "avg_evacuation_time": 10.466688666666668, 
          "avg_traveled_distance": 9.701041333333334, 
          "min_traveled_distance": 8.579935
        }
      ], 
      "bounds": [
        [
          10.04, 
          1.62, 
          10.23, 
          2.5
        ], 
        [
          9.92, 
          5.08, 
          10.32, 
          6.24
        ], 
        [
          10.14, 
          5.95, 
          12.4, 
          6.24
        ], 
        [
          8.33, 
          7.84, 
          12.37, 
          11.16
        ], 
        [
          10.68, 
          9.79, 
          12.38, 
          11.15
        ]
      ]
    }, 
    "Loggia": {
      "simulation_statistics": [
        {
          "not_completed_agents": 0, 
          "max_evacuation_time": 0.0, 
          "min_evacuation_time": 0.0, 
          "exit_flow_rate": 0, 
          "completed_agents": 2, 
          "max_traveled_distance": 0.0, 
          "avg_evacuation_time": 0.0, 
          "avg_traveled_distance": 0.0, 
          "min_traveled_distance": 0.0
        }
      ], 
      "bounds": [
        [
          6.55, 
          -0.05, 
          12.37, 
          1.69
        ]
      ]
    }, 
    "Bedroom": {
      "simulation_statistics": [
        {
          "not_completed_agents": 0, 
          "max_evacuation_time": 22.599941, 
          "min_evacuation_time": 6.900008, 
          "exit_flow_rate": 0.4424790312505683, 
          "completed_agents": 10, 
          "max_traveled_distance": 15.622833, 
          "avg_evacuation_time": 14.790005099999998, 
          "avg_traveled_distance": 13.126060899999999, 
          "min_traveled_distance": 8.329297
        }, 
        {
          "not_completed_agents": 0, 
          "max_evacuation_time": 26.549881, 
          "min_evacuation_time": 14.250036, 
          "exit_flow_rate": 0.11299485673777597, 
          "completed_agents": 3, 
          "max_traveled_distance": 15.95108, 
          "avg_evacuation_time": 21.966606666666667, 
          "avg_traveled_distance": 15.149842666666666, 
          "min_traveled_distance": 13.750943
        }, 
        {
          "not_completed_agents": 0, 
          "max_evacuation_time": 10.200021, 
          "min_evacuation_time": 6.050005, 
          "exit_flow_rate": 0.19607802768249202, 
          "completed_agents": 2, 
          "max_traveled_distance": 12.477544, 
          "avg_evacuation_time": 8.125013, 
          "avg_traveled_distance": 9.848845, 
          "min_traveled_distance": 7.220146
        }
      ], 
      "bounds": [
        [
          7.46, 
          0.13, 
          8.05, 
          1.74
        ], 
        [
          5.05, 
          0.1, 
          5.64, 
          1.74
        ], 
        [
          5.09, 
          0.01, 
          8.02, 
          0.74
        ], 
        [
          -0.02, 
          1.58, 
          5.17, 
          11.15
        ], 
        [
          -0.01, 
          1.68, 
          1.52, 
          11.16
        ], 
        [
          3.88, 
          1.63, 
          5.17, 
          11.08
        ], 
        [
          0.01, 
          6.4, 
          1.52, 
          7.95
        ]
      ]
    }
  }, 
  "room_num": 16,