{
  "room_category": {
    "Hallway": {
      "simulation_statistics": [
        {
          "not_completed_agents": 0, 
          "max_evacuation_time": 13.400033, 
          "min_evacuation_time": 11.000024, 
          "exit_flow_rate": 0.29850672755805896, 
          "completed_agents": 4, 
          "max_traveled_distance": 17.088531, 
          "avg_evacuation_time": 11.825027, 
          "avg_traveled_distance": 15.71886975, 
          "min_traveled_distance": 14.505314
        }, 
        {
          "not_completed_agents": 0, 
          "max_evacuation_time": 11.450026, 
          "min_evacuation_time": 9.000016, 
          "exit_flow_rate": 0.26200813867147554, 
          "completed_agents": 3, 
          "max_traveled_distance": 12.889108, 
          "avg_evacuation_time": 9.933353333333335, 
          "avg_traveled_distance": 12.403443333333334, 
          "min_traveled_distance": 12.0215
        }
      ], 
      "bounds": [
        [
          10.26, 
          14.54, 
          13.46, 
          21.25
        ], 
        [
          7.66, 
          8.85, 
          10.12, 
          14.8
        ]
      ]
    }, 
    "Bathroom": {
      "simulation_statistics": [
        {
          "not_completed_agents": 0, 
          "max_evacuation_time": 12.450029, 
          "min_evacuation_time": 9.600019, 
          "exit_flow_rate": 0.2409632941417245, 
          "completed_agents": 3, 
          "max_traveled_distance": 16.063776, 
          "avg_evacuation_time": 10.900023666666668, 
          "avg_traveled_distance": 14.717556666666667, 
          "min_traveled_distance": 13.47743
        }, 
        {
          "not_completed_agents": 0, 
          "max_evacuation_time": 21.449959, 
          "min_evacuation_time": 19.149994, 
          "exit_flow_rate": 0.1398604071923867, 
          "completed_agents": 3, 
          "max_traveled_distance": 22.468624, 
          "avg_evacuation_time": 20.399975, 
          "avg_traveled_distance": 22.114199666666664, 
          "min_traveled_distance": 21.827211
        }
      ], 
      "bounds": [
        [
          13.3, 
          14.23, 
          16.38, 
          19.67
        ], 
        [
          -0.03, 
          12.16, 
          3.27, 
          17.18
        ]
      ]
    }, 
    "Loggia": {
      "simulation_statistics": [
        {
          "not_completed_agents": 0, 
          "max_evacuation_time": 11.750027, 
          "min_evacuation_time": 5.800004, 
          "exit_flow_rate": 1.1914866238179709, 
          "completed_agents": 14, 
          "max_traveled_distance": 14.25801, 
          "avg_evacuation_time": 8.017869642857143, 
          "avg_traveled_distance": 10.666928785714287, 
          "min_traveled_distance": 8.211246
        }, 
        {
          "not_completed_agents": 0, 
          "max_evacuation_time": 25.249901, 
          "min_evacuation_time": 13.500033, 
          "exit_flow_rate": 0.27722880972879854, 
          "completed_agents": 7, 
          "max_traveled_distance": 23.138517, 
          "avg_evacuation_time": 16.921440999999998, 
          "avg_traveled_distance": 18.41579057142857, 
          "min_traveled_distance": 14.874926
        }
      ], 
      "bounds": [
        [
          13.38, 
          5.16, 
          23.14, 
          12.17
        ], 
        [
          2.85, 
          8.84, 
          7.83, 
          15.71
        ]
      ]
    }, 
    "Office": {
      "simulation_statistics": [
        {
          "not_completed_agents": 0, 
          "max_evacuation_time": 15.30004, 
          "min_evacuation_time": 11.700027, 
          "exit_flow_rate": 0.3267965312508987, 
          "completed_agents": 5, 
          "max_traveled_distance": 18.461546, 
          "avg_evacuation_time": 13.2500324, 
          "avg_traveled_distance": 17.164786, 
          "min_traveled_distance": 15.657821
        }
      ], 
      "bounds": [
        [
          7.73, 
          14.64, 
          11.17, 
          21.26
        ]
      ]
    }, 
    "Toilet": {
      "simulation_statistics": [
        {
          "not_completed_agents": 0, 
          "max_evacuation_time": 9.800019, 
          "min_evacuation_time": 8.900016, 
          "exit_flow_rate": 0.3061218554780353, 
          "completed_agents": 3, 
          "max_traveled_distance": 12.724453, 
          "avg_evacuation_time": 9.416684333333334, 
          "avg_traveled_distance": 12.234422333333333, 
          "min_traveled_distance": 11.74628
        }
      ], 
      "bounds": [
        [
          13.36, 
          11.99, 
          19.53, 
          14.37
        ]
      ]
    }, 
    "Living_Room": {
      "simulation_statistics": [
        {
          "not_completed_agents": 0, 
          "max_evacuation_time": 15.700042, 
          "min_evacuation_time": 10.400022, 
          "exit_flow_rate": 0.31847048562035696, 
          "completed_agents": 5, 
          "max_traveled_distance": 19.487553, 
          "avg_evacuation_time": 12.8900312, 
          "avg_traveled_distance": 16.679646400000003, 
          "min_traveled_distance": 13.706629
        }
      ], 
      "bounds": [
        [
          7.73, 
          14.64, 
          11.17, 
          21.26
        ]
      ]
    }, 
    "Garage": {
      "simulation_statistics": [
        {
          "not_completed_agents": 0, 
          "max_evacuation_time": 28.049858, 
          "min_evacuation_time": 10.700023, 
          "exit_flow_rate": 0.28520643491314646, 
          "completed_agents": 8, 
          "max_traveled_distance": 33.465107, 
          "avg_evacuation_time": 16.12501075, 
          "avg_traveled_distance": 19.70413325, 
          "min_traveled_distance": 14.689404
        }, 
        {
          "not_completed_agents": 0, 
          "max_evacuation_time": 9.300017, 
          "min_evacuation_time": 0.1, 
          "exit_flow_rate": 1.1827935368290186, 
          "completed_agents": 11, 
          "max_traveled_distance": 12.382346, 
          "avg_evacuation_time": 5.159097272727273, 
          "avg_traveled_distance": 6.713662363636363, 
          "min_traveled_distance": 0.130042
        }
      ], 
      "bounds": [
        [
          19.59, 
          11.99, 
          23.11, 
          22.79
        ], 
        [
          9.87, 
          -0.54, 
          13.56, 
          14.71
        ]
      ]
    }, 
    "Bedroom": {
      "simulation_statistics": [
        {
          "not_completed_agents": 0, 
          "max_evacuation_time": 26.349884, 
          "min_evacuation_time": 23.099934, 
          "exit_flow_rate": 0.07590166241339051, 
          "completed_agents": 2, 
          "max_traveled_distance": 26.699261, 
          "avg_evacuation_time": 24.724909, 
          "avg_traveled_distance": 25.434440000000002, 
          "min_traveled_distance": 24.169619
        }, 
        {
          "not_completed_agents": 0, 
          "max_evacuation_time": 24.349915, 
          "min_evacuation_time": 16.350037, 
          "exit_flow_rate": 0.16427162066068815, 
          "completed_agents": 4, 
          "max_traveled_distance": 25.089006, 
          "avg_evacuation_time": 19.51248875, 
          "avg_traveled_distance": 23.016318249999998, 
          "min_traveled_distance": 21.503248
        }, 
        {
          "not_completed_agents": 0, 
          "max_evacuation_time": 41.849648, 
          "min_evacuation_time": 17.000027, 
          "exit_flow_rate": 0.11947531792860001, 
          "completed_agents": 5, 
          "max_traveled_distance": 29.938713, 
          "avg_evacuation_time": 27.8098618, 
          "avg_traveled_distance": 25.291092, 
          "min_traveled_distance": 21.218275
        }
      ],