{
  "room_category": {
    "Toilet": {
      "simulation_statistics": [
        {
          "not_completed_agents": 0, 
          "max_evacuation_time": 28.149857, 
          "min_evacuation_time": 26.099888, 
          "exit_flow_rate": 0.07104831829163466, 
          "completed_agents": 2, 
          "max_traveled_distance": 31.195307, 
          "avg_evacuation_time": 27.124872500000002, 
          "avg_traveled_distance": 30.984023, 
          "min_traveled_distance": 30.772739
        }
      ], 
      "bounds": [
        [
          10.44, 
          12.88, 
          13.77, 
          15.66
        ]
      ]
    }, 
    "Gym": {
      "simulation_statistics": [
        {
          "not_completed_agents": 0, 
          "max_evacuation_time": 52.549484, 
          "min_evacuation_time": 26.749878, 
          "exit_flow_rate": 0.17126714317499292, 
          "completed_agents": 9, 
          "max_traveled_distance": 47.793228, 
          "avg_evacuation_time": 40.67188766666666, 
          "avg_traveled_distance": 42.24501111111111, 
          "min_traveled_distance": 35.594276
        }
      ], 
      "bounds": [
        [
          16.51, 
          19.09, 
          21.5, 
          27.72
        ]
      ]
    }, 
    "Room": {
      "simulation_statistics": [
        {
          "not_completed_agents": 0, 
          "max_evacuation_time": 150.004547, 
          "min_evacuation_time": 23.199932, 
          "exit_flow_rate": 0.03999878750342148, 
          "completed_agents": 6, 
          "max_traveled_distance": 38.904819, 
          "avg_evacuation_time": 46.22908771428571, 
          "avg_traveled_distance": 32.64345757142858, 
          "min_traveled_distance": 18.518822
        }
      ], 
      "bounds": [
        [
          10.39, 
          15.58, 
          13.1, 
          27.72
        ], 
        [
          -0.01, 
          2.43, 
          2.56, 
          2.52
        ]
      ]
    }, 
    "Office": {
      "simulation_statistics": [
        {
          "not_completed_agents": 0, 
          "max_evacuation_time": 25.449898, 
          "min_evacuation_time": 12.800031, 
          "exit_flow_rate": 0.47151465990158387, 
          "completed_agents": 12, 
          "max_traveled_distance": 22.834713, 
          "avg_evacuation_time": 19.549978666666664, 
          "avg_traveled_distance": 19.935314333333334, 
          "min_traveled_distance": 14.662085
        }, 
        {
          "not_completed_agents": 0, 
          "max_evacuation_time": 150.004547, 
          "min_evacuation_time": 36.649727, 
          "exit_flow_rate": 0.05999818125513222, 
          "completed_agents": 9, 
          "max_traveled_distance": 52.038342, 
          "avg_evacuation_time": 53.5801235, 
          "avg_traveled_distance": 47.1107903, 
          "min_traveled_distance": 27.050213
        }
      ], 
      "bounds": [
        [
          2.46, 
          8.43, 
          10.65, 
          15.79
        ], 
        [
          2.46, 
          2.42, 
          10.65, 
          8.61
        ]
      ]
    }, 
    "Kitchen": {
      "simulation_statistics": [
        {
          "not_completed_agents": 0, 
          "max_evacuation_time": 46.449577, 
          "min_evacuation_time": 28.799847, 
          "exit_flow_rate": 0.19375849213869054, 
          "completed_agents": 9, 
          "max_traveled_distance": 47.465607, 
          "avg_evacuation_time": 36.95527788888889, 
          "avg_traveled_distance": 41.02196588888889, 
          "min_traveled_distance": 36.686794
        }
      ], 
      "bounds": [
        [
          16.51, 
          19.09, 
          21.5, 
          27.72
        ]
      ]
    }
  }, 
  "room_num": 8, 
  "verts": [
    [
      0.11, 
      0.1
    ], 
    [
      0.1, 
      0.11
    ], 
    [
      0.1, 
      2.41
    ], 
    [
      2.47, 
      2.41
    ], 
    [
      2.48, 
      2.42
    ], 
    [
      13.77, 
      2.42
    ], 
    [
      13.78, 
      2.43
    ], 
    [
      13.78, 
      15.66
    ], 
    [
      13.77, 
      15.67
    ], 
    [
      12.72, 
      15.67
    ], 
    [
      12.71, 
      15.66
    ], 
    [
      12.71, 
      15.57
    ], 
    [
      12.72, 
      15.56
    ], 
    [
      13.67, 
      15.56
    ], 
    [
      13.67, 
      13.01
    ], 
    [
      12.6, 
      13.01
    ], 
    [
      12.59, 
      13.0
    ], 
    [
      12.59, 
      12.9
    ], 
    [
      12.6, 
      12.89
    ], 
    [
      13.67, 
      12.89
    ], 
    [
      13.67, 
      2.54
    ], 
    [
      10.54, 
      2.54
    ], 
    [
      10.54, 
      2.97
    ], 
    [
      10.55, 
      2.98
    ], 
    [
      10.54, 
      2.99
    ], 
    [
      10.44, 
      2.99
    ], 
    [
      10.43, 
      2.98
    ], 
    [
      10.43, 
      2.54
    ], 
    [
      2.59, 
      2.54
    ], 
    [
      2.59, 
      8.42
    ], 
    [
      10.43, 
      8.42
    ], 
    [
      10.43, 
      4.0
    ], 
    [
      10.44, 
      3.99
    ], 
    [
      10.54, 
      3.99
    ], 
    [
      10.55, 
      4.0
    ], 
    [
      10.54, 
      4.01
    ], 
    [
      10.54, 
      4.07
    ], 
    [
      10.55, 
      4.08
    ], 
    [
      10.55, 
      12.89
    ], 
    [
      11.58, 
      12.89
    ], 
    [
      11.59, 
      12.9
    ], 
    [
      11.59, 
      13.0
    ], 
    [
      11.58, 
      13.01
    ], 
    [
      10.55, 
      13.01
    ], 
    [
      10.55, 
      15.56
    ], 
    [
      11.5, 
      15.56
    ], 
    [
      11.51, 
      15.57
    ], 
    [
      11.51, 
      15.66
    ], 
    [
      11.5, 
      15.67
    ], 
    [
      10.56, 
      15.67
    ], 
    [
      10.56, 
      19.19
    ], 
    [
      13.48, 
      19.19
    ], 
    [
      13.49, 
      19.2
    ], 
    [
      13.49, 
      19.3
    ], 
    [
      13.48, 
      19.31
    ], 
    [
      10.55, 
      19.31
    ], 
    [
      10.55, 
      19.93
    ], 
    [
      10.56, 
      19.94
    ], 
    [
      10.56, 
      21.64
    ], 
    [
      10.55, 
      21.65
    ], 
    [
      10.55, 
      22.68
    ], 
    [
      10.56, 
      22.69
    ], 
    [
      10.56, 
      26.83
    ], 
    [
      10.55, 
      26.84
    ], 
    [
      10.56, 
      26.85
    ], 
    [
      10.55, 
      26.86
    ], 
    [
      10.55, 
      27.29
    ], 
    [
      10.56, 
      27.3
    ], 
    [
      10.56, 
      27.61
    ], 
    [
      21.3, 
      27.61
    ], 
    [
      21.3, 
      19.31
    ], 
    [
      16.72, 
      19.31
    ], 
    [
      16.72, 
      22.67
    ], 
    [
      16.71, 
      22.68
    ], 
    [
      16.62, 
      22.68
    ], 
    [
      16.61, 
      22.67
    ], 
    [
      16.61, 
      19.21
    ], 
    [
      16.63, 
      19.19
    ], 
    [
      21.3, 
      19.19
    ], 
    [
      21.3, 
      0.1
    ]
  ], 
  "bbox": {
    "max": [
      21.3, 
      27.61
    ], 
    "min": [
      0.1, 
      0.1
    ]
  }, 
  "id": "63d3bca100efdf3eb9fa55e8bda8ac6a"
}