{
  "room_category": {
    "Bathroom": {
      "simulation_statistics": [
        {
          "not_completed_agents": 0, 
          "max_evacuation_time": 150.004547, 
          "min_evacuation_time": 10.850023, 
          "exit_flow_rate": 0.01999939375171074, 
          "completed_agents": 3, 
          "max_traveled_distance": 13.739555, 
          "avg_evacuation_time": 47.7886545, 
          "avg_traveled_distance": 11.35714075, 
          "min_traveled_distance": 5.67216
        }
      ], 
      "bounds": [
        [
          8.93, 
          6.35, 
          13.99, 
          10.18
        ]
      ]
    }, 
    "Living_Room": {
      "simulation_statistics": [
        {
          "not_completed_agents": 0, 
          "max_evacuation_time": 15.050039, 
          "min_evacuation_time": 5.600003, 
          "exit_flow_rate": 0.9966751581175305, 
          "completed_agents": 15, 
          "max_traveled_distance": 18.979843, 
          "avg_evacuation_time": 9.413351133333332, 
          "avg_traveled_distance": 11.4337044, 
          "min_traveled_distance": 7.79385
        }
      ], 
      "bounds": [
        [
          -0.02, 
          6.27, 
          9.03, 
          14.73
        ]
      ]
    }, 
    "Kitchen": {
      "simulation_statistics": [
        {
          "not_completed_agents": 0, 
          "max_evacuation_time": 8.600015, 
          "min_evacuation_time": 0.0, 
          "exit_flow_rate": 2.093019605198363, 
          "completed_agents": 18, 
          "max_traveled_distance": 11.159101, 
          "avg_evacuation_time": 4.422224944444444, 
          "avg_traveled_distance": 5.690263166666666, 
          "min_traveled_distance": 0.0
        }
      ], 
      "bounds": [
        [
          -0.02, 
          -0.04, 
          13.98, 
          6.44
        ]
      ]
    }
  }, 
  "room_num": 3, 
  "verts": [
    [
      0.11, 
      0.1
    ], 
    [
      0.1, 
      0.11
    ], 
    [
      0.1, 
      6.34
    ], 
    [
      4.12, 
      6.34
    ], 
    [
      4.13, 
      6.35
    ], 
    [
      4.13, 
      6.45
    ], 
    [
      4.12, 
      6.46
    ], 
    [
      0.1, 
      6.46
    ], 
    [
      0.1, 
      13.92
    ], 
    [
      0.25, 
      13.92
    ], 
    [
      0.26, 
      13.91
    ], 
    [
      0.75, 
      13.91
    ], 
    [
      0.76, 
      13.9
    ], 
    [
      1.25, 
      13.9
    ], 
    [
      1.26, 
      13.89
    ], 
    [
      1.74, 
      13.89
    ], 
    [
      1.75, 
      13.88
    ], 
    [
      2.23, 
      13.88
    ], 
    [
      2.24, 
      13.87
    ], 
    [
      2.72, 
      13.87
    ], 
    [
      2.73, 
      13.86
    ], 
    [
      3.26, 
      13.86
    ], 
    [
      3.27, 
      13.85
    ], 
    [
      3.76, 
      13.85
    ], 
    [
      3.77, 
      13.84
    ], 
    [
      4.26, 
      13.84
    ], 
    [
      4.27, 
      13.83
    ], 
    [
      4.76, 
      13.83
    ], 
    [
      4.77, 
      13.82
    ], 
    [
      5.35, 
      13.82
    ], 
    [
      5.36, 
      13.81
    ], 
    [
      5.9, 
      13.81
    ], 
    [
      5.91, 
      13.8
    ], 
    [
      6.45, 
      13.8
    ], 
    [
      6.46, 
      13.79
    ], 
    [
      6.99, 
      13.79
    ], 
    [
      7.0, 
      13.78
    ], 
    [
      7.54, 
      13.78
    ], 
    [
      7.55, 
      13.77
    ], 
    [
      8.09, 
      13.77
    ], 
    [
      8.1, 
      13.76
    ], 
    [
      8.63, 
      13.76
    ], 
    [
      8.64, 
      13.75
    ], 
    [
      8.92, 
      13.75
    ], 
    [
      8.92, 
      10.19
    ], 
    [
      8.93, 
      10.18
    ], 
    [
      8.93, 
      8.23
    ], 
    [
      8.94, 
      8.22
    ], 
    [
      9.04, 
      8.22
    ], 
    [
      9.05, 
      8.23
    ], 
    [
      9.05, 
      10.07
    ], 
    [
      13.85, 
      10.07
    ], 
    [
      13.85, 
      6.46
    ], 
    [
      9.05, 
      6.46
    ], 
    [
      9.05, 
      7.47
    ], 
    [
      9.04, 
      7.48
    ], 
    [
      8.94, 
      7.48
    ], 
    [
      8.93, 
      7.47
    ], 
    [
      8.93, 
      6.46
    ], 
    [
      7.24, 
      6.46
    ], 
    [
      7.23, 
      6.45
    ], 
    [
      7.23, 
      6.35
    ], 
    [
      7.24, 
      6.34
    ], 
    [
      13.85, 
      6.34
    ], 
    [
      13.85, 
      0.1
    ]
  ], 
  "bbox": {
    "max": [
      13.85, 
      13.92
    ], 
    "min": [
      0.1, 
      0.1
    ]
  }, 
  "id": "64e331d817a53d5d06eddca1aa377ccb"
}