{
  "room_category": {
    "Toilet": {
      "simulation_statistics": [
        {
          "not_completed_agents": 0, 
          "max_evacuation_time": 38.499699, 
          "min_evacuation_time": 27.94986, 
          "exit_flow_rate": 0.07792268713581371, 
          "completed_agents": 3, 
          "max_traveled_distance": 33.471146, 
          "avg_evacuation_time": 32.06646366666667, 
          "avg_traveled_distance": 30.241388, 
          "min_traveled_distance": 27.817202
        }, 
        {
          "not_completed_agents": 0, 
          "max_evacuation_time": 36.349731, 
          "min_evacuation_time": 18.10001, 
          "exit_flow_rate": 0.1650631197243248, 
          "completed_agents": 6, 
          "max_traveled_distance": 34.264961, 
          "avg_evacuation_time": 28.5581835, 
          "avg_traveled_distance": 28.024429833333333, 
          "min_traveled_distance": 22.206633
        }
      ], 
      "bounds": [
        [
          18.98, 
          12.91, 
          24.63, 
          15.88
        ], 
        [
          18.92, 
          7.81, 
          24.64, 
          13.0
        ]
      ]
    }, 
    "Bathroom": {
      "simulation_statistics": [
        {
          "not_completed_agents": 0, 
          "max_evacuation_time": 33.84977, 
          "min_evacuation_time": 24.899906, 
          "exit_flow_rate": 0.08862689465836843, 
          "completed_agents": 3, 
          "max_traveled_distance": 32.000053, 
          "avg_evacuation_time": 29.316505666666668, 
          "avg_traveled_distance": 31.249852333333337, 
          "min_traveled_distance": 30.728113
        }, 
        {
          "not_completed_agents": 0, 
          "max_evacuation_time": 35.349747, 
          "min_evacuation_time": 14.900039, 
          "exit_flow_rate": 0.16973247361572347, 
          "completed_agents": 6, 
          "max_traveled_distance": 28.326191, 
          "avg_evacuation_time": 22.874933833333333, 
          "avg_traveled_distance": 24.7252745, 
          "min_traveled_distance": 21.192085
        }
      ], 
      "bounds": [
        [
          18.98, 
          12.91, 
          24.63, 
          15.88
        ], 
        [
          18.92, 
          7.81, 
          24.64, 
          13.0
        ]
      ]
    }, 
    "Office": {
      "simulation_statistics": [
        {
          "not_completed_agents": 0, 
          "max_evacuation_time": 20.149979, 
          "min_evacuation_time": 15.30004, 
          "exit_flow_rate": 0.39702274627680756, 
          "completed_agents": 8, 
          "max_traveled_distance": 25.125889, 
          "avg_evacuation_time": 18.01250975, 
          "avg_traveled_distance": 22.87594175, 
          "min_traveled_distance": 20.064848
        }
      ], 
      "bounds": [
        [
          17.48, 
          2.28, 
          24.62, 
          7.79
        ]
      ]
    }, 
    "Storage": {
      "simulation_statistics": [
        {
          "not_completed_agents": 0, 
          "max_evacuation_time": 37.249718, 
          "min_evacuation_time": 21.449959, 
          "exit_flow_rate": 0.08053752245855927, 
          "completed_agents": 3, 
          "max_traveled_distance": 32.064194, 
          "avg_evacuation_time": 30.366489666666666, 
          "avg_traveled_distance": 29.50991133333333, 
          "min_traveled_distance": 26.076181
        }
      ], 
      "bounds": [
        [
          10.46, 
          10.48, 
          13.69, 
          15.88
        ]
      ]
    }, 
    "Living_Room": {
      "simulation_statistics": [
        {
          "not_completed_agents": 0, 
          "max_evacuation_time": 33.099781, 
          "min_evacuation_time": 0.85, 
          "exit_flow_rate": 1.6918540941403812, 
          "completed_agents": 56, 
          "max_traveled_distance": 32.655163, 
          "avg_evacuation_time": 8.461612053571429, 
          "avg_traveled_distance": 10.943421178571429, 
          "min_traveled_distance": 0.859758
        }
      ], 
      "bounds": [
        [
          -0.01, 
          -0.03, 
          17.43, 
          15.96
        ]
      ]
    }, 
    "Balcony": {
      "simulation_statistics": [
        {
          "not_completed_agents": 0, 
          "max_evacuation_time": 12.400029, 
          "min_evacuation_time": 1.0, 
          "exit_flow_rate": 1.6128994537028905, 
          "completed_agents": 20, 
          "max_traveled_distance": 15.413379, 
          "avg_evacuation_time": 6.26500895, 
          "avg_traveled_distance": 7.9063382, 
          "min_traveled_distance": 0.690344
        }, 
        {
          "not_completed_agents": 0, 
          "max_evacuation_time": 16.050041, 
          "min_evacuation_time": 13.100032, 
          "exit_flow_rate": 0.2492205471624652, 
          "completed_agents": 4, 
          "max_traveled_distance": 21.116386, 
          "avg_evacuation_time": 14.4000365, 
          "avg_traveled_distance": 18.31525575, 
          "min_traveled_distance": 16.957272
        }
      ], 
      "bounds": [
        [
          -0.37, 
          -5.32, 
          17.52, 
          0.16
        ], 
        [
          17.34, 
          -0.41, 
          25.0, 
          2.4
        ]
      ]
    }, 
    "Dining_Room": {
      "simulation_statistics": [
        {
          "not_completed_agents": 0, 
          "max_evacuation_time": 13.000031, 
          "min_evacuation_time": 7.900012, 
          "exit_flow_rate": 0.38461446745780836, 
          "completed_agents": 5, 
          "max_traveled_distance": 15.054475, 
          "avg_evacuation_time": 10.2000208, 
          "avg_traveled_distance": 13.1719208, 
          "min_traveled_distance": 10.909408
        }, 
        {
          "not_completed_agents": 0, 
          "max_evacuation_time": 31.099812, 
          "min_evacuation_time": 0.4, 
          "exit_flow_rate": 1.8006539717989292, 
          "completed_agents": 56, 
          "max_traveled_distance": 30.084595, 
          "avg_evacuation_time": 8.637498607142858, 
          "avg_traveled_distance": 10.935267035714286, 
          "min_traveled_distance": 0.353848
        }
      ], 
      "bounds": [
        [
          6.22, 
          10.28, 
          10.55, 
          15.92
        ], 
        [
          -0.01, 
          -0.03, 
          17.43, 
          15.96
        ]
      ]
    }, 
    "Kitchen": {
      "simulation_statistics": [
        {
          "not_completed_agents": 0, 
          "max_evacuation_time": 28.59985, 
          "min_evacuation_time": 0.0, 
          "exit_flow_rate": 1.9580522275466479, 
          "completed_agents": 56, 
          "max_traveled_distance": 30.892752, 
          "avg_evacuation_time": 8.61696325, 
          "avg_traveled_distance": 10.874062089285715, 
          "min_traveled_distance": 0.0
        }
      ], 
      "bounds": [
        [
          -0.01, 
          -0.03, 
          17.43, 
          15.96
        ]
      ]
    }
  }, 
  "room_num": 12,