{
  "room_category": {
    "Kitchen": {
      "simulation_statistics": [
        {
          "not_completed_agents": 0, 
          "max_evacuation_time": 16.000042, 
          "min_evacuation_time": 0.0, 
          "exit_flow_rate": 0.6249983593793066, 
          "completed_agents": 10, 
          "max_traveled_distance": 18.435797, 
          "avg_evacuation_time": 4.4150075, 
          "avg_traveled_distance": 5.2434195, 
          "min_traveled_distance": 0.0
        }
      ], 
      "bounds": [
        [
          3.75, 
          -0.64, 
          9.19, 
          8.36
        ]
      ]
    }
  }, 
  "room_num": 4, 
  "verts": [
    [
      3.88, 
      0.1
    ], 
    [
      3.87, 
      0.11
    ], 
    [
      3.87, 
      1.28
    ], 
    [
      3.86, 
      1.29
    ], 
    [
      3.86, 
      1.37
    ], 
    [
      3.84, 
      1.39
    ], 
    [
      3.76, 
      1.39
    ], 
    [
      3.75, 
      1.4
    ], 
    [
      0.11, 
      1.4
    ], 
    [
      0.1, 
      1.41
    ], 
    [
      0.1, 
      8.09
    ], 
    [
      3.73, 
      8.09
    ], 
    [
      3.73, 
      7.5
    ], 
    [
      3.74, 
      7.49
    ], 
    [
      3.74, 
      7.41
    ], 
    [
      3.76, 
      7.39
    ], 
    [
      3.84, 
      7.39
    ], 
    [
      3.85, 
      7.38
    ], 
    [
      9.08, 
      7.38
    ], 
    [
      9.08, 
      6.34
    ], 
    [
      9.09, 
      6.33
    ], 
    [
      9.09, 
      6.25
    ], 
    [
      9.11, 
      6.23
    ], 
    [
      9.19, 
      6.23
    ], 
    [
      9.2, 
      6.22
    ], 
    [
      9.96, 
      6.22
    ], 
    [
      9.97, 
      6.21
    ], 
    [
      10.64, 
      6.21
    ], 
    [
      10.64, 
      5.01
    ], 
    [
      9.91, 
      5.01
    ], 
    [
      9.9, 
      5.0
    ], 
    [
      9.11, 
      5.0
    ], 
    [
      9.1, 
      4.99
    ], 
    [
      9.1, 
      4.89
    ], 
    [
      9.11, 
      4.88
    ], 
    [
      9.96, 
      4.88
    ], 
    [
      9.97, 
      4.87
    ], 
    [
      10.64, 
      4.87
    ], 
    [
      10.64, 
      3.66
    ], 
    [
      9.91, 
      3.66
    ], 
    [
      9.9, 
      3.65
    ], 
    [
      9.11, 
      3.65
    ], 
    [
      9.09, 
      3.63
    ], 
    [
      9.09, 
      3.54
    ], 
    [
      9.08, 
      3.53
    ], 
    [
      9.08, 
      0.1
    ]
  ], 
  "bbox": {
    "max": [
      10.64, 
      8.09
    ], 
    "min": [
      0.1, 
      0.1
    ]
  }, 
  "id": "6736e0087654a0330a236dcd99cd4b81"
}