{
  "room_category": {
    "Garage": {
      "simulation_statistics": [
        {
          "not_completed_agents": 0, 
          "max_evacuation_time": 33.099781, 
          "min_evacuation_time": 0.0, 
          "exit_flow_rate": 4.018153473583405, 
          "completed_agents": 133, 
          "max_traveled_distance": 33.766815, 
          "avg_evacuation_time": 14.962406639097743, 
          "avg_traveled_distance": 19.005782127819547, 
          "min_traveled_distance": 0.0
        }, 
        {
          "not_completed_agents": 0, 
          "max_evacuation_time": 24.249916, 
          "min_evacuation_time": 15.500041, 
          "exit_flow_rate": 1.030931406112912, 
          "completed_agents": 25, 
          "max_traveled_distance": 30.534082, 
          "avg_evacuation_time": 18.95799628, 
          "avg_traveled_distance": 25.366592479999998, 
          "min_traveled_distance": 21.069609
        }
      ], 
      "bounds": [
        [
          -0.54, 
          -0.02, 
          28.5, 
          22.85
        ], 
        [
          22.1, 
          1.54, 
          28.52, 
          20.98
        ]
      ]
    }, 
    "Office": {
      "simulation_statistics": [
        {
          "not_completed_agents": 0, 
          "max_evacuation_time": 33.999767, 
          "min_evacuation_time": 4.399999, 
          "exit_flow_rate": 0.5000034264940698, 
          "completed_agents": 17, 
          "max_traveled_distance": 28.209063, 
          "avg_evacuation_time": 19.985228470588233, 
          "avg_traveled_distance": 19.451983352941177, 
          "min_traveled_distance": 5.300549
        }
      ], 
      "bounds": [
        [
          -0.14, 
          6.04, 
          7.73, 
          16.53
        ]
      ]
    }
  }, 
  "room_num": 4, 
  "verts": [
    [
      0.11, 
      0.1
    ], 
    [
      0.1, 
      0.11
    ], 
    [
      0.1, 
      6.12
    ], 
    [
      2.74, 
      6.12
    ], 
    [
      2.75, 
      6.13
    ], 
    [
      2.75, 
      7.67
    ], 
    [
      7.6, 
      7.67
    ], 
    [
      7.61, 
      7.68
    ], 
    [
      7.61, 
      11.39
    ], 
    [
      7.6, 
      11.4
    ], 
    [
      7.51, 
      11.4
    ], 
    [
      7.5, 
      11.39
    ], 
    [
      7.5, 
      7.79
    ], 
    [
      2.75, 
      7.79
    ], 
    [
      2.75, 
      10.87
    ], 
    [
      2.74, 
      10.88
    ], 
    [
      2.64, 
      10.88
    ], 
    [
      2.63, 
      10.87
    ], 
    [
      2.63, 
      6.23
    ], 
    [
      0.1, 
      6.23
    ], 
    [
      0.1, 
      14.81
    ], 
    [
      2.62, 
      14.81
    ], 
    [
      2.64, 
      14.83
    ], 
    [
      2.64, 
      16.31
    ], 
    [
      4.95, 
      16.31
    ], 
    [
      4.95, 
      14.83
    ], 
    [
      4.97, 
      14.81
    ], 
    [
      7.5, 
      14.81
    ], 
    [
      7.5, 
      13.94
    ], 
    [
      7.51, 
      13.93
    ], 
    [
      7.6, 
      13.93
    ], 
    [
      7.61, 
      13.94
    ], 
    [
      7.61, 
      14.91
    ], 
    [
      7.6, 
      14.92
    ], 
    [
      5.06, 
      14.92
    ], 
    [
      5.06, 
      16.41
    ], 
    [
      5.05, 
      16.42
    ], 
    [
      2.54, 
      16.42
    ], 
    [
      2.53, 
      16.41
    ], 
    [
      2.53, 
      14.92
    ], 
    [
      0.1, 
      14.92
    ], 
    [
      0.1, 
      22.74
    ], 
    [
      28.39, 
      22.74
    ], 
    [
      28.39, 
      20.98
    ], 
    [
      22.1, 
      20.98
    ], 
    [
      22.09, 
      20.97
    ], 
    [
      22.09, 
      20.88
    ], 
    [
      22.1, 
      20.87
    ], 
    [
      28.4, 
      20.87
    ], 
    [
      28.4, 
      1.66
    ], 
    [
      22.1, 
      1.66
    ], 
    [
      22.09, 
      1.65
    ], 
    [
      22.09, 
      1.56
    ], 
    [
      22.1, 
      1.55
    ], 
    [
      28.39, 
      1.55
    ], 
    [
      28.39, 
      0.1
    ]
  ], 
  "bbox": {
    "max": [
      28.4, 
      22.74
    ], 
    "min": [
      0.1, 
      0.1
    ]
  }, 
  "id": "68e11a0ad0125126dbd6c9927b1fd612"
}