{
  "room_category": {
    "Toilet": {
      "simulation_statistics": [
        {
          "not_completed_agents": 0, 
          "max_evacuation_time": 11.550026, 
          "min_evacuation_time": 3.149998, 
          "exit_flow_rate": 0.5194793500897746, 
          "completed_agents": 6, 
          "max_traveled_distance": 8.236745, 
          "avg_evacuation_time": 6.2666735, 
          "avg_traveled_distance": 6.444484166666666, 
          "min_traveled_distance": 4.326246
        }
      ], 
      "bounds": [
        [
          9.45, 
          3.2, 
          14.16, 
          9.44
        ]
      ]
    }, 
    "Bathroom": {
      "simulation_statistics": [
        {
          "not_completed_agents": 0, 
          "max_evacuation_time": 9.450018, 
          "min_evacuation_time": 1.999999, 
          "exit_flow_rate": 0.6349194255503006, 
          "completed_agents": 6, 
          "max_traveled_distance": 7.650367, 
          "avg_evacuation_time": 5.1500045000000005, 
          "avg_traveled_distance": 5.401112, 
          "min_traveled_distance": 2.462434
        }
      ], 
      "bounds": [
        [
          9.45, 
          3.2, 
          14.16, 
          9.44
        ]
      ]
    }, 
    "Kitchen": {
      "simulation_statistics": [
        {
          "not_completed_agents": 0, 
          "max_evacuation_time": 16.700031, 
          "min_evacuation_time": 5.050001, 
          "exit_flow_rate": 0.7185615403947454, 
          "completed_agents": 12, 
          "max_traveled_distance": 13.827741, 
          "avg_evacuation_time": 11.112523000000001, 
          "avg_traveled_distance": 11.190130166666668, 
          "min_traveled_distance": 5.915344
        }
      ], 
      "bounds": [
        [
          -0.02, 
          -0.53, 
          7.13, 
          7.66
        ]
      ]
    }
  }, 
  "room_num": 6, 
  "verts": [
    [
      9.81, 
      0.1
    ], 
    [
      9.81, 
      0.26
    ], 
    [
      9.8, 
      0.27
    ], 
    [
      9.8, 
      0.67
    ], 
    [
      9.79, 
      0.68
    ], 
    [
      9.79, 
      1.07
    ], 
    [
      9.78, 
      1.08
    ], 
    [
      9.78, 
      1.48
    ], 
    [
      9.77, 
      1.49
    ], 
    [
      9.77, 
      1.69
    ], 
    [
      9.76, 
      1.7
    ], 
    [
      9.75, 
      1.7
    ], 
    [
      9.71, 
      1.74
    ], 
    [
      9.7, 
      1.74
    ], 
    [
      9.69, 
      1.75
    ], 
    [
      9.66, 
      1.75
    ], 
    [
      9.65, 
      1.76
    ], 
    [
      7.27, 
      1.76
    ], 
    [
      7.26, 
      1.77
    ], 
    [
      7.26, 
      4.24
    ], 
    [
      7.25, 
      4.25
    ], 
    [
      7.25, 
      4.34
    ], 
    [
      7.23, 
      4.36
    ], 
    [
      6.68, 
      4.36
    ], 
    [
      6.67, 
      4.35
    ], 
    [
      6.67, 
      4.23
    ], 
    [
      6.68, 
      4.22
    ], 
    [
      7.02, 
      4.22
    ], 
    [
      7.02, 
      0.35
    ], 
    [
      0.11, 
      0.35
    ], 
    [
      0.1, 
      0.36
    ], 
    [
      0.1, 
      6.76
    ], 
    [
      5.01, 
      6.76
    ], 
    [
      5.01, 
      4.24
    ], 
    [
      5.03, 
      4.22
    ], 
    [
      5.68, 
      4.22
    ], 
    [
      5.69, 
      4.23
    ], 
    [
      5.69, 
      4.35
    ], 
    [
      5.68, 
      4.36
    ], 
    [
      5.13, 
      4.36
    ], 
    [
      5.13, 
      6.76
    ], 
    [
      6.56, 
      6.76
    ], 
    [
      6.57, 
      6.75
    ], 
    [
      7.04, 
      6.75
    ], 
    [
      7.05, 
      6.74
    ], 
    [
      7.97, 
      6.74
    ], 
    [
      7.98, 
      6.75
    ], 
    [
      7.98, 
      6.86
    ], 
    [
      7.97, 
      6.87
    ], 
    [
      7.16, 
      6.87
    ], 
    [
      7.16, 
      11.83
    ], 
    [
      12.12, 
      11.83
    ], 
    [
      12.12, 
      9.46
    ], 
    [
      9.65, 
      9.46
    ], 
    [
      9.63, 
      9.44
    ], 
    [
      9.63, 
      8.97
    ], 
    [
      9.62, 
      8.96
    ], 
    [
      9.62, 
      8.66
    ], 
    [
      9.61, 
      8.65
    ], 
    [
      9.61, 
      8.34
    ], 
    [
      9.6, 
      8.33
    ], 
    [
      9.6, 
      8.02
    ], 
    [
      9.59, 
      8.01
    ], 
    [
      9.59, 
      7.71
    ], 
    [
      9.58, 
      7.7
    ], 
    [
      9.58, 
      7.39
    ], 
    [
      9.57, 
      7.38
    ], 
    [
      9.57, 
      7.08
    ], 
    [
      9.56, 
      7.07
    ], 
    [
      9.56, 
      6.86
    ], 
    [
      8.99, 
      6.86
    ], 
    [
      8.98, 
      6.85
    ], 
    [
      8.98, 
      6.75
    ], 
    [
      8.99, 
      6.74
    ], 
    [
      9.55, 
      6.74
    ], 
    [
      9.55, 
      6.45
    ], 
    [
      9.54, 
      6.44
    ], 
    [
      9.54, 
      6.13
    ], 
    [
      9.53, 
      6.12
    ], 
    [
      9.53, 
      5.81
    ], 
    [
      9.52, 
      5.8
    ], 
    [
      9.52, 
      5.5
    ], 
    [
      9.51, 
      5.49
    ], 
    [
      9.51, 
      5.18
    ], 
    [
      9.5, 
      5.17
    ], 
    [
      9.5, 
      4.87
    ], 
    [
      9.49, 
      4.86
    ], 
    [
      9.49, 
      4.55
    ], 
    [
      9.48, 
      4.54
    ], 
    [
      9.48, 
      4.23
    ], 
    [
      9.47, 
      4.22
    ], 
    [
      9.47, 
      3.92
    ], 
    [
      9.46, 
      3.91
    ], 
    [
      9.46, 
      3.6
    ], 
    [
      9.45, 
      3.59
    ], 
    [
      9.45, 
      3.33
    ], 
    [
      9.44, 
      3.32
    ], 
    [
      9.44, 
      3.21
    ], 
    [
      9.46, 
      3.19
    ], 
    [
      9.62, 
      3.19
    ], 
    [
      9.63, 
      3.2
    ], 
    [
      9.63, 
      3.3
    ], 
    [
      9.62, 
      3.31
    ], 
    [
      9.56, 
      3.31
    ], 
    [
      9.56, 
      3.32
    ], 
    [
      9.57, 
      3.33
    ], 
    [
      9.57, 
      3.6
    ], 
    [
      9.58, 
      3.61
    ], 
    [
      9.58, 
      3.94
    ], 
    [
      9.59, 
      3.95
    ], 
    [
      9.59, 
      4.27
    ], 
    [
      9.6, 
      4.28
    ], 
    [
      9.6, 
      4.6
    ], 
    [
      9.61, 
      4.61
    ], 
    [
      9.61, 
      4.94
    ], 
    [
      9.62, 
      4.95
    ], 
    [
      9.62, 
      5.27
    ], 
    [
      9.63, 
      5.28
    ], 
    [
      9.63, 
      5.6
    ], 
    [
      9.64, 
      5.61
    ], 
    [
      9.64, 
      5.92
    ], 
    [
      9.73, 
      5.92
    ], 
    [
      9.74, 
      5.93
    ], 
    [
      9.74, 
      9.27
    ], 
    [
      9.75, 
      9.28
    ], 
    [
      9.75, 
      9.34
    ], 
    [
      12.23, 
      9.34
    ], 
    [
      12.24, 
      9.33
    ], 
    [
      14.05, 
      9.33
    ], 
    [
      14.04, 
      9.32
    ], 
    [
      14.04, 
      9.05
    ], 
    [
      14.03, 
      9.04
    ], 
    [
      14.03, 
      8.72
    ], 
    [
      14.02, 
      8.71
    ], 
    [
      14.02, 
      8.38
    ], 
    [
      14.01, 
      8.37
    ], 
    [
      14.01, 
      8.05
    ], 
    [
      14.0, 
      8.04
    ], 
    [
      14.0, 
      7.72
    ], 
    [
      13.99, 
      7.71
    ], 
    [
      13.99, 
      7.38
    ], 
    [
      13.98, 
      7.37
    ], 
    [
      13.98, 
      7.05
    ], 
    [
      13.97, 
      7.04
    ], 
    [
