{
  "room_category": {
    "Hallway": {
      "simulation_statistics": [
        {
          "not_completed_agents": 0, 
          "max_evacuation_time": 4.199998, 
          "min_evacuation_time": 1.849999, 
          "exit_flow_rate": 0.9523814058959076, 
          "completed_agents": 4, 
          "max_traveled_distance": 5.252742, 
          "avg_evacuation_time": 2.7749985, 
          "avg_traveled_distance": 3.5954794999999997, 
          "min_traveled_distance": 2.453724
        }
      ], 
      "bounds": [
        [
          3.46, 
          3.77, 
          10.58, 
          6.63
        ]
      ]
    }, 
    "Bathroom": {
      "simulation_statistics": [
        {
          "not_completed_agents": 0, 
          "max_evacuation_time": 150.004547, 
          "min_evacuation_time": 4.499999, 
          "exit_flow_rate": 0.08666403959074653, 
          "completed_agents": 13, 
          "max_traveled_distance": 15.50579, 
          "avg_evacuation_time": 19.407480142857143, 
          "avg_traveled_distance": 9.663675714285715, 
          "min_traveled_distance": 6.497027
        }
      ], 
      "bounds": [
        [
          -0.26, 
          5.89, 
          14.74, 
          10.43
        ], 
        [
          5.4, 
          4.3, 
          6.95, 
          4.84
        ]
      ]
    }, 
    "Loggia": {
      "simulation_statistics": [
        {
          "not_completed_agents": 0, 
          "max_evacuation_time": 150.004547, 
          "min_evacuation_time": 0.35, 
          "exit_flow_rate": 0.05999818125513222, 
          "completed_agents": 9, 
          "max_traveled_distance": 11.529263, 
          "avg_evacuation_time": 22.9004702, 
          "avg_traveled_distance": 8.975256400000001, 
          "min_traveled_distance": 0.797368
        }, 
        {
          "not_completed_agents": 0, 
          "max_evacuation_time": 150.004547, 
          "min_evacuation_time": 0.0, 
          "exit_flow_rate": 0.1666616145975895, 
          "completed_agents": 25, 
          "max_traveled_distance": 20.166924, 
          "avg_evacuation_time": 21.117008259259258, 
          "avg_traveled_distance": 11.27237162962963, 
          "min_traveled_distance": 0.0
        }
      ], 
      "bounds": [
        [
          9.76, 
          0.94, 
          15.76, 
          8.94
        ], 
        [
          -2.44, 
          -0.51, 
          8.91, 
          11.6
        ]
      ]
    }, 
    "Living_Room": {
      "simulation_statistics": [
        {
          "not_completed_agents": 0, 
          "max_evacuation_time": 1.749999, 
          "min_evacuation_time": 0.45, 
          "exit_flow_rate": 2.857144489796851, 
          "completed_agents": 5, 
          "max_traveled_distance": 2.509152, 
          "avg_evacuation_time": 1.0799998, 
          "avg_traveled_distance": 1.2902514, 
          "min_traveled_distance": 0.335387
        }
      ], 
      "bounds": [
        [
          5.37, 
          -0.02, 
          10.57, 
          4.95
        ]
      ]
    }, 
    "Bedroom": {
      "simulation_statistics": [
        {
          "not_completed_agents": 0, 
          "max_evacuation_time": 18.300007, 
          "min_evacuation_time": 8.950016, 
          "exit_flow_rate": 0.16393436352237462, 
          "completed_agents": 3, 
          "max_traveled_distance": 14.250077, 
          "avg_evacuation_time": 14.916680666666666, 
          "avg_traveled_distance": 12.162647999999999, 
          "min_traveled_distance": 9.31551
        }, 
        {
          "not_completed_agents": 0, 
          "max_evacuation_time": 16.650032, 
          "min_evacuation_time": 10.200021, 
          "exit_flow_rate": 0.2402397785181434, 
          "completed_agents": 4, 
          "max_traveled_distance": 16.37289, 
          "avg_evacuation_time": 13.17502875, 
          "avg_traveled_distance": 13.955851000000001, 
          "min_traveled_distance": 10.927876
        }
      ], 
      "bounds": [
        [
          3.43, 
          5.89, 
          7.22, 
          10.07
        ], 
        [
          -0.64, 
          5.4, 
          3.51, 
          10.68
        ]
      ]
    }, 
    "Wardrobe": {
      "simulation_statistics": [
        {
          "not_completed_agents": 0, 
          "max_evacuation_time": 14.450037, 
          "min_evacuation_time": 9.550018, 
          "exit_flow_rate": 0.1384079500972904, 
          "completed_agents": 2, 
          "max_traveled_distance": 14.315109, 
          "avg_evacuation_time": 12.0000275, 
          "avg_traveled_distance": 13.154747, 
          "min_traveled_distance": 11.994385
        }
      ], 
      "bounds": [
        [
          -0.01, 
          3.71, 
          4.14, 
          6.51
        ]
      ]
    }, 
    "Child_Room": {
      "simulation_statistics": [
        {
          "not_completed_agents": 0, 
          "max_evacuation_time": 150.004547, 
          "min_evacuation_time": 0.0, 
          "exit_flow_rate": 0.0999969687585537, 
          "completed_agents": 15, 
          "max_traveled_distance": 15.731832, 
          "avg_evacuation_time": 17.2502910625, 
          "avg_traveled_distance": 8.170338000000001, 
          "min_traveled_distance": 0.0
        }
      ], 
      "bounds": [
        [
          -0.63, 
          -0.42, 
          10.69, 
          6.57
        ]
      ]
    }, 
    "Kitchen": {
      "simulation_statistics": [
        {
          "not_completed_agents": 0, 
          "max_evacuation_time": 10.650023, 
          "min_evacuation_time": 3.999997, 
          "exit_flow_rate": 0.2816895325014791, 
          "completed_agents": 3, 
          "max_traveled_distance": 9.427071, 
          "avg_evacuation_time": 6.783341333333333, 
          "avg_traveled_distance": 7.7808426666666675, 
          "min_traveled_distance": 6.018763
        }
      ], 
      "bounds": [
        [
          8.81, 
          6.48, 
          13.33, 
          10.07
        ]
      ]
    }
  }, 
  "room_num": 11,