{
  "room_category": {
    "Living_Room": {
      "simulation_statistics": [
        {
          "not_completed_agents": 0, 
          "max_evacuation_time": 5.550003, 
          "min_evacuation_time": 0.0, 
          "exit_flow_rate": 1.6216207450698674, 
          "completed_agents": 9, 
          "max_traveled_distance": 6.257005, 
          "avg_evacuation_time": 1.9055556666666666, 
          "avg_traveled_distance": 2.2128812222222223, 
          "min_traveled_distance": 0.0
        }
      ], 
      "bounds": [
        [
          -0.05, 
          -0.05, 
          8.87, 
          4.74
        ]
      ]
    }, 
    "Room": {
      "simulation_statistics": [
        {
          "not_completed_agents": 0, 
          "max_evacuation_time": 6.450006, 
          "min_evacuation_time": 0.2, 
          "exit_flow_rate": 1.3953475392115915, 
          "completed_agents": 9, 
          "max_traveled_distance": 6.191253, 
          "avg_evacuation_time": 3.511111111111111, 
          "avg_traveled_distance": 4.051878666666666, 
          "min_traveled_distance": 0.357767
        }
      ], 
      "bounds": [
        [
          -0.01, 
          -0.01, 
          8.88, 
          4.8
        ]
      ]
    }, 
    "Kitchen": {
      "simulation_statistics": [
        {
          "not_completed_agents": 0, 
          "max_evacuation_time": 5.700004, 
          "min_evacuation_time": 0.0, 
          "exit_flow_rate": 1.5789462603885893, 
          "completed_agents": 9, 
          "max_traveled_distance": 5.159017, 
          "avg_evacuation_time": 1.6666666666666667, 
          "avg_traveled_distance": 1.938181222222222, 
          "min_traveled_distance": 0.0
        }
      ], 
      "bounds": [
        [
          -0.05, 
          -0.05, 
          8.87, 
          4.74
        ]
      ]
    }
  }, 
  "room_num": 2, 
  "verts": [
    [
      0.1, 
      0.1
    ], 
    [
      0.1, 
      2.93
    ], 
    [
      3.33, 
      2.93
    ], 
    [
      3.34, 
      2.94
    ], 
    [
      3.34, 
      2.97
    ], 
    [
      3.37, 
      2.97
    ], 
    [
      3.38, 
      2.98
    ], 
    [
      3.38, 
      3.0
    ], 
    [
      3.42, 
      3.04
    ], 
    [
      3.43, 
      3.04
    ], 
    [
      3.56, 
      3.17
    ], 
    [
      3.57, 
      3.17
    ], 
    [
      3.69, 
      3.29
    ], 
    [
      3.7, 
      3.29
    ], 
    [
      3.83, 
      3.42
    ], 
    [
      3.84, 
      3.42
    ], 
    [
      3.98, 
      3.56
    ], 
    [
      3.99, 
      3.56
    ], 
    [
      4.17, 
      3.74
    ], 
    [
      4.18, 
      3.74
    ], 
    [
      4.35, 
      3.91
    ], 
    [
      4.36, 
      3.91
    ], 
    [
      4.54, 
      4.09
    ], 
    [
      4.55, 
      4.09
    ], 
    [
      4.73, 
      4.27
    ], 
    [
      4.74, 
      4.27
    ], 
    [
      4.91, 
      4.44
    ], 
    [
      4.92, 
      4.44
    ], 
    [
      5.1, 
      4.62
    ], 
    [
      5.11, 
      4.62
    ], 
    [
      5.16, 
      4.67
    ], 
    [
      8.74, 
      4.67
    ], 
    [
      8.74, 
      2.98
    ], 
    [
      8.75, 
      2.97
    ], 
    [
      8.77, 
      2.97
    ], 
    [
      8.77, 
      1.63
    ], 
    [
      8.75, 
      1.63
    ], 
    [
      8.74, 
      1.62
    ], 
    [
      8.74, 
      0.1
    ]
  ], 
  "bbox": {
    "max": [
      8.77, 
      4.67
    ], 
    "min": [
      0.1, 
      0.1
    ]
  }, 
  "id": "6b214193ffb6edbfe03d4ed2a738b8a8"
}