{
  "room_category": {
    "Hall": {
      "simulation_statistics": [
        {
          "not_completed_agents": 0, 
          "max_evacuation_time": 9.800019, 
          "min_evacuation_time": 3.949997, 
          "exit_flow_rate": 0.714284329448749, 
          "completed_agents": 7, 
          "max_traveled_distance": 8.176323, 
          "avg_evacuation_time": 6.442863571428572, 
          "avg_traveled_distance": 6.708509571428571, 
          "min_traveled_distance": 5.092558
        }
      ], 
      "bounds": [
        [
          5.37, 
          2.58, 
          11.27, 
          8.18
        ]
      ]
    }, 
    "Office": {
      "simulation_statistics": [
        {
          "not_completed_agents": 0, 
          "max_evacuation_time": 3.449998, 
          "min_evacuation_time": 0.0, 
          "exit_flow_rate": 1.7391314429747495, 
          "completed_agents": 6, 
          "max_traveled_distance": 4.577614, 
          "avg_evacuation_time": 1.6249991666666668, 
          "avg_traveled_distance": 2.1125891666666665, 
          "min_traveled_distance": 0.0
        }
      ], 
      "bounds": [
        [
          2.77, 
          -0.02, 
          7.96, 
          5.3
        ]
      ]
    }, 
    "Kitchen": {
      "simulation_statistics": [
        {
          "not_completed_agents": 0, 
          "max_evacuation_time": 33.299778, 
          "min_evacuation_time": 13.150032, 
          "exit_flow_rate": 0.5405441441681683, 
          "completed_agents": 18, 
          "max_traveled_distance": 26.540894, 
          "avg_evacuation_time": 22.180497555555558, 
          "avg_traveled_distance": 22.5338615, 
          "min_traveled_distance": 15.604358
        }
      ], 
      "bounds": [
        [
          -0.02, 
          12.62, 
          11.04, 
          20.95
        ]
      ]
    }
  }, 
  "room_num": 4, 
  "verts": [
    [
      2.89, 
      0.1
    ], 
    [
      2.88, 
      0.11
    ], 
    [
      2.88, 
      5.19
    ], 
    [
      5.36, 
      5.19
    ], 
    [
      5.36, 
      2.59
    ], 
    [
      5.38, 
      2.57
    ], 
    [
      6.09, 
      2.57
    ], 
    [
      6.1, 
      2.58
    ], 
    [
      6.1, 
      2.68
    ], 
    [
      6.09, 
      2.69
    ], 
    [
      6.08, 
      2.68
    ], 
    [
      6.07, 
      2.69
    ], 
    [
      5.48, 
      2.69
    ], 
    [
      5.48, 
      7.44
    ], 
    [
      8.62, 
      7.44
    ], 
    [
      8.63, 
      7.45
    ], 
    [
      8.63, 
      7.55
    ], 
    [
      8.62, 
      7.56
    ], 
    [
      5.47, 
      7.56
    ], 
    [
      5.47, 
      16.06
    ], 
    [
      6.37, 
      16.06
    ], 
    [
      6.38, 
      16.07
    ], 
    [
      6.38, 
      16.17
    ], 
    [
      6.37, 
      16.18
    ], 
    [
      5.37, 
      16.18
    ], 
    [
      5.35, 
      16.16
    ], 
    [
      5.35, 
      12.74
    ], 
    [
      0.11, 
      12.74
    ], 
    [
      0.1, 
      12.75
    ], 
    [
      0.1, 
      20.83
    ], 
    [
      5.51, 
      20.83
    ], 
    [
      5.52, 
      20.84
    ], 
    [
      10.93, 
      20.84
    ], 
    [
      10.93, 
      16.19
    ], 
    [
      10.03, 
      16.19
    ], 
    [
      10.02, 
      16.18
    ], 
    [
      10.02, 
      16.07
    ], 
    [
      10.03, 
      16.06
    ], 
    [
      11.04, 
      16.06
    ], 
    [
      11.05, 
      16.05
    ], 
    [
      16.26, 
      16.05
    ], 
    [
      16.26, 
      7.57
    ], 
    [
      11.28, 
      7.57
    ], 
    [
      11.27, 
      7.56
    ], 
    [
      10.48, 
      7.56
    ], 
    [
      10.47, 
      7.55
    ], 
    [
      10.47, 
      7.45
    ], 
    [
      10.48, 
      7.44
    ], 
    [
      11.16, 
      7.44
    ], 
    [
      11.16, 
      2.69
    ], 
    [
      7.41, 
      2.69
    ], 
    [
      7.4, 
      2.68
    ], 
    [
      7.4, 
      2.58
    ], 
    [
      7.41, 
      2.57
    ], 
    [
      7.85, 
      2.57
    ], 
    [
      7.85, 
      0.1
    ]
  ], 
  "bbox": {
    "max": [
      16.26, 
      20.84
    ], 
    "min": [
      0.1, 
      0.1
    ]
  }, 
  "id": "6b7b0b2a4ddc43237a5cfbead9ec5063"
}