{
  "room_category": {
    "Dining_Room": {
      "simulation_statistics": [
        {
          "not_completed_agents": 0, 
          "max_evacuation_time": 5.300002, 
          "min_evacuation_time": 3.199998, 
          "exit_flow_rate": 0.5660375222499916, 
          "completed_agents": 3, 
          "max_traveled_distance": 5.002882, 
          "avg_evacuation_time": 4.133332333333333, 
          "avg_traveled_distance": 4.468675999999999, 
          "min_traveled_distance": 3.808068
        }
      ], 
      "bounds": [
        [
          -0.03, 
          3.05, 
          3.21, 
          8.27
        ]
      ]
    }, 
    "Kitchen": {
      "simulation_statistics": [
        {
          "not_completed_agents": 0, 
          "max_evacuation_time": 4.149998, 
          "min_evacuation_time": 1.2, 
          "exit_flow_rate": 1.2048198577445097, 
          "completed_agents": 5, 
          "max_traveled_distance": 5.355893, 
          "avg_evacuation_time": 2.8299984, 
          "avg_traveled_distance": 3.78222, 
          "min_traveled_distance": 1.557669
        }
      ], 
      "bounds": [
        [
          -0.02, 
          -0.03, 
          8.27, 
          3.17
        ]
      ]
    }
  }, 
  "room_num": 3, 
  "verts": [
    [
      0.11, 
      0.1
    ], 
    [
      0.1, 
      0.11
    ], 
    [
      0.1, 
      3.07
    ], 
    [
      0.87, 
      3.07
    ], 
    [
      0.88, 
      3.08
    ], 
    [
      0.88, 
      3.18
    ], 
    [
      0.87, 
      3.19
    ], 
    [
      0.86, 
      3.18
    ], 
    [
      0.85, 
      3.19
    ], 
    [
      0.1, 
      3.19
    ], 
    [
      0.1, 
      8.16
    ], 
    [
      3.07, 
      8.16
    ], 
    [
      3.07, 
      7.77
    ], 
    [
      3.08, 
      7.76
    ], 
    [
      3.18, 
      7.76
    ], 
    [
      3.19, 
      7.77
    ], 
    [
      3.19, 
      8.16
    ], 
    [
      8.16, 
      8.16
    ], 
    [
      8.16, 
      3.19
    ], 
    [
      3.18, 
      3.19
    ], 
    [
      3.18, 
      3.22
    ], 
    [
      3.19, 
      3.23
    ], 
    [
      3.19, 
      6.61
    ], 
    [
      3.18, 
      6.62
    ], 
    [
      3.08, 
      6.62
    ], 
    [
      3.07, 
      6.61
    ], 
    [
      3.07, 
      3.19
    ], 
    [
      2.03, 
      3.19
    ], 
    [
      2.02, 
      3.18
    ], 
    [
      2.02, 
      3.08
    ], 
    [
      2.03, 
      3.07
    ], 
    [
      8.16, 
      3.07
    ], 
    [
      8.16, 
      0.1
    ]
  ], 
  "bbox": {
    "max": [
      8.16, 
      8.16
    ], 
    "min": [
      0.1, 
      0.1
    ]
  }, 
  "id": "6bf13622f135d6b8085e601f299711d2"
}