{
  "room_category": {
    "Toilet": {
      "simulation_statistics": [
        {
          "not_completed_agents": 0, 
          "max_evacuation_time": 150.004547, 
          "min_evacuation_time": 150.004547, 
          "exit_flow_rate": 0.0, 
          "completed_agents": 0, 
          "max_traveled_distance": 1.620607, 
          "avg_evacuation_time": 150.004547, 
          "avg_traveled_distance": 1.620607, 
          "min_traveled_distance": 1.620607
        }
      ], 
      "bounds": [
        [
          5.37, 
          7.58, 
          7.5, 
          9.56
        ]
      ]
    }, 
    "Room": {
      "simulation_statistics": [
        {
          "not_completed_agents": 0, 
          "max_evacuation_time": 13.650034, 
          "min_evacuation_time": 11.200025, 
          "exit_flow_rate": 0.2197796723436733, 
          "completed_agents": 3, 
          "max_traveled_distance": 13.581429, 
          "avg_evacuation_time": 12.383362666666665, 
          "avg_traveled_distance": 13.102641333333333, 
          "min_traveled_distance": 12.850185
        }, 
        {
          "not_completed_agents": 0, 
          "max_evacuation_time": 6.950008, 
          "min_evacuation_time": 6.950008, 
          "exit_flow_rate": 0.1438847264636242, 
          "completed_agents": 1, 
          "max_traveled_distance": 8.475972, 
          "avg_evacuation_time": 6.950008, 
          "avg_traveled_distance": 8.475972, 
          "min_traveled_distance": 8.475972
        }
      ], 
      "bounds": [
        [
          7.4, 
          7.58, 
          8.56, 
          9.55
        ], 
        [
          6.08, 
          17.69, 
          7.58, 
          17.87
        ], 
        [
          0.01, 
          7.59, 
          4.22, 
          11.66
        ], 
        [
          2.72, 
          6.96, 
          5.48, 
          9.55
        ]
      ]
    }
  }, 
  "room_num": 10, 
  "verts": [
    [
      0.11, 
      0.1
    ], 
    [
      0.1, 
      0.11
    ], 
    [
      0.1, 
      3.31
    ], 
    [
      4.32, 
      3.31
    ], 
    [
      4.33, 
      3.32
    ], 
    [
      4.33, 
      3.42
    ], 
    [
      4.32, 
      3.43
    ], 
    [
      4.24, 
      3.43
    ], 
    [
      4.24, 
      6.98
    ], 
    [
      4.3, 
      6.98
    ], 
    [
      4.31, 
      6.99
    ], 
    [
      4.31, 
      7.09
    ], 
    [
      4.3, 
      7.1
    ], 
    [
      4.29, 
      7.1
    ], 
    [
      4.28, 
      7.09
    ], 
    [
      4.05, 
      7.09
    ], 
    [
      4.04, 
      7.1
    ], 
    [
      4.03, 
      7.09
    ], 
    [
      4.03, 
      6.99
    ], 
    [
      4.04, 
      6.98
    ], 
    [
      4.12, 
      6.98
    ], 
    [
      4.12, 
      6.94
    ], 
    [
      4.13, 
      6.93
    ], 
    [
      4.13, 
      3.43
    ], 
    [
      0.1, 
      3.43
    ], 
    [
      0.1, 
      4.54
    ], 
    [
      0.11, 
      4.55
    ], 
    [
      0.11, 
      6.65
    ], 
    [
      0.12, 
      6.66
    ], 
    [
      0.12, 
      7.6
    ], 
    [
      0.78, 
      7.6
    ], 
    [
      0.79, 
      7.59
    ], 
    [
      2.12, 
      7.59
    ], 
    [
      2.13, 
      7.58
    ], 
    [
      2.7, 
      7.58
    ], 
    [
      2.7, 
      7.0
    ], 
    [
      2.72, 
      6.98
    ], 
    [
      2.88, 
      6.98
    ], 
    [
      2.89, 
      6.99
    ], 
    [
      2.89, 
      7.09
    ], 
    [
      2.88, 
      7.1
    ], 
    [
      2.82, 
      7.1
    ], 
    [
      2.82, 
      8.39
    ], 
    [
      2.86, 
      8.39
    ], 
    [
      2.87, 
      8.4
    ], 
    [
      2.87, 
      8.5
    ], 
    [
      2.86, 
      8.51
    ], 
    [
      2.72, 
      8.51
    ], 
    [
      2.7, 
      8.49
    ], 
    [
      2.7, 
      7.7
    ], 
    [
      2.69, 
      7.69
    ], 
    [
      2.36, 
      7.69
    ], 
    [
      2.35, 
      7.7
    ], 
    [
      1.46, 
      7.7
    ], 
    [
      1.45, 
      7.71
    ], 
    [
      0.56, 
      7.71
    ], 
    [
      0.55, 
      7.72
    ], 
    [
      0.12, 
      7.72
    ], 
    [
      0.12, 
      11.54
    ], 
    [
      4.12, 
      11.54
    ], 
    [
      4.12, 
      8.51
    ], 
    [
      4.02, 
      8.51
    ], 
    [
      4.01, 
      8.5
    ], 
    [
      4.01, 
      8.4
    ], 
    [
      4.02, 
      8.39
    ], 
    [
      4.22, 
      8.39
    ], 
    [
      4.24, 
      8.41
    ], 
    [
      4.24, 
      11.65
    ], 
    [
      4.25, 
      11.66
    ], 
    [
      4.25, 
      12.7
    ], 
    [
      4.26, 
      12.71
    ], 
    [
      4.26, 
      12.78
    ], 
    [
      4.25, 
      12.79
    ], 
    [
      4.25, 
      15.83
    ], 
    [
      4.27, 
      15.83
    ], 
    [
      4.28, 
      15.84
    ], 
    [
      4.28, 
      15.94
    ], 
    [
      4.27, 
      15.95
    ], 
    [
      4.26, 
      15.95
    ], 
    [
      4.26, 
      17.68
    ], 
    [
      6.08, 
      17.68
    ], 
    [
      6.09, 
      17.69
    ], 
    [
      7.56, 
      17.69
    ], 
    [
      7.57, 
      17.68
    ], 
    [
      8.45, 
      17.68
    ], 
    [
      8.45, 
      15.95
    ], 
    [
      5.33, 
      15.95
    ], 
    [
      5.32, 
      15.94
    ], 
    [
      5.32, 
      15.84
    ], 
    [
      5.33, 
      15.83
    ], 
    [
      5.34, 
      15.84
    ], 
    [
      5.39, 
      15.84
    ], 
    [
      5.4, 
      15.83
    ], 
    [
      8.45, 
      15.83
    ], 
    [
      8.45, 
      9.57
    ], 
    [
      5.4, 
      9.57
    ], 
    [
      5.38, 
      9.55
    ], 
    [
      5.39, 
      9.54
    ], 
    [
      5.39, 
      9.51
    ], 
    [
      5.38, 
      9.5
    ], 
    [
      5.38, 
      8.47
    ], 
    [
      5.39, 
      8.46
    ], 
    [
      5.49, 
      8.46
    ], 
    [
      5.5, 
      8.47
    ], 
    [
      5.5, 
      9.45
    ], 
    [
      7.4, 
      9.45
    ], 
    [
      7.4, 
      7.69
    ], 
    [
      5.5, 
      7.69
    ], 
    [
      5.5, 
      7.71
    ], 
    [
      5.49, 
      7.72
    ], 
    [
      5.39, 
      7.72
    ], 
    [
      5.38, 
      7.71
    ], 
    [
      5.38, 
      7.1
    ], 
    [
      5.36, 
      7.1
    ], 
    [
      5.35, 
      7.09
    ], 
    [
      5.35, 
      6.99
    ], 
    [
      5.36, 
      6.98
    ], 
    [
      5.48, 
      6.98
    ], 
    [
      5.5, 
      7.0
    ], 
    [
      5.5, 
      7.57
    ], 
    [
      8.44, 
      7.57
    ], 
    [
      8.44, 
      5.5
    ], 
    [
      8.45, 
      5.49
    ], 
    [
      8.45, 
      3.43
    ], 
    [
      5.34, 
      3.43
    ], 
    [
      5.33, 
      3.42
    ], 
    [
      5.33, 
      3.32
    ], 
    [
      5.34, 
      3.31
    ], 
    [
      8.47, 
      3.31
    ], 
    [
      8.47, 
      0.1
    ]
  ], 
  "bbox": {
    "max": [
      8.47, 
      17.69
    ], 
    "min": [
      0.1, 
      0.1
    ]
  }, 
  "id": "6c95317bfe2612ca1f282c61746aa954"
}