{
  "room_category": {
    "Office": {
      "simulation_statistics": [
        {
          "not_completed_agents": 0, 
          "max_evacuation_time": 0.4, 
          "min_evacuation_time": 0.0, 
          "exit_flow_rate": 7.5, 
          "completed_agents": 3, 
          "max_traveled_distance": 0.476618, 
          "avg_evacuation_time": 0.13333333333333333, 
          "avg_traveled_distance": 0.15887266666666666, 
          "min_traveled_distance": 0.0
        }
      ], 
      "bounds": [
        [
          -0.72, 
          -0.01, 
          3.7, 
          3.21
        ]
      ]
    }
  }, 
  "room_num": 3, 
  "verts": [
    [
      0.11, 
      0.1
    ], 
    [
      0.11, 
      0.12
    ], 
    [
      0.1, 
      0.13
    ], 
    [
      0.1, 
      0.25
    ], 
    [
      0.11, 
      0.26
    ], 
    [
      0.11, 
      0.79
    ], 
    [
      0.12, 
      0.8
    ], 
    [
      0.12, 
      1.33
    ], 
    [
      0.13, 
      1.34
    ], 
    [
      0.12, 
      1.35
    ], 
    [
      0.12, 
      1.7
    ], 
    [
      0.12, 
      1.35
    ], 
    [
      0.13, 
      1.34
    ], 
    [
      0.22, 
      1.34
    ], 
    [
      0.23, 
      1.35
    ], 
    [
      0.23, 
      1.77
    ], 
    [
      0.22, 
      1.78
    ], 
    [
      0.22, 
      2.59
    ], 
    [
      0.21, 
      2.6
    ], 
    [
      0.21, 
      3.09
    ], 
    [
      3.57, 
      3.09
    ], 
    [
      3.57, 
      2.28
    ], 
    [
      3.58, 
      2.27
    ], 
    [
      3.68, 
      2.27
    ], 
    [
      3.69, 
      2.28
    ], 
    [
      3.69, 
      3.19
    ], 
    [
      3.67, 
      3.21
    ], 
    [
      3.22, 
      3.21
    ], 
    [
      3.22, 
      3.96
    ], 
    [
      3.21, 
      3.97
    ], 
    [
      3.11, 
      3.97
    ], 
    [
      3.1, 
      3.96
    ], 
    [
      3.1, 
      3.26
    ], 
    [
      0.24, 
      3.26
    ], 
    [
      0.24, 
      5.27
    ], 
    [
      3.1, 
      5.27
    ], 
    [
      3.1, 
      4.72
    ], 
    [
      3.11, 
      4.71
    ], 
    [
      3.21, 
      4.71
    ], 
    [
      3.22, 
      4.72
    ], 
    [
      3.22, 
      5.37
    ], 
    [
      3.21, 
      5.38
    ], 
    [
      0.2, 
      5.38
    ], 
    [
      0.2, 
      5.64
    ], 
    [
      0.21, 
      5.65
    ], 
    [
      0.21, 
      6.18
    ], 
    [
      0.22, 
      6.19
    ], 
    [
      0.22, 
      6.72
    ], 
    [
      0.23, 
      6.73
    ], 
    [
      0.23, 
      7.26
    ], 
    [
      0.24, 
      7.27
    ], 
    [
      0.24, 
      7.8
    ], 
    [
      0.25, 
      7.81
    ], 
    [
      0.25, 
      8.34
    ], 
    [
      0.26, 
      8.35
    ], 
    [
      0.26, 
      8.5
    ], 
    [
      15.76, 
      8.5
    ], 
    [
      15.76, 
      8.35
    ], 
    [
      15.75, 
      8.34
    ], 
    [
      15.75, 
      7.81
    ], 
    [
      15.74, 
      7.8
    ], 
    [
      15.74, 
      7.27
    ], 
    [
      15.73, 
      7.26
    ], 
    [
      15.73, 
      6.73
    ], 
    [
      15.72, 
      6.72
    ], 
    [
      15.72, 
      6.19
    ], 
    [
      15.71, 
      6.18
    ], 
    [
      15.71, 
      5.65
    ], 
    [
      15.7, 
      5.64
    ], 
    [
      15.7, 
      5.11
    ], 
    [
      15.69, 
      5.1
    ], 
    [
      15.69, 
      4.57
    ], 
    [
      15.68, 
      4.56
    ], 
    [
      15.68, 
      4.04
    ], 
    [
      15.67, 
      4.03
    ], 
    [
      15.67, 
      3.5
    ], 
    [
      15.66, 
      3.49
    ], 
    [
      15.66, 
      2.96
    ], 
    [
      15.65, 
      2.95
    ], 
    [
      15.65, 
      2.42
    ], 
    [
      15.64, 
      2.41
    ], 
    [
      15.64, 
      1.88
    ], 
    [
      15.63, 
      1.87
    ], 
    [
      15.63, 
      1.34
    ], 
    [
      15.62, 
      1.33
    ], 
    [
      15.62, 
      0.8
    ], 
    [
      15.61, 
      0.79
    ], 
    [
      15.61, 
      0.26
    ], 
    [
      15.6, 
      0.25
    ], 
    [
      15.6, 
      0.1
    ], 
    [
      3.69, 
      0.1
    ], 
    [
      3.69, 
      1.52
    ], 
    [
      3.68, 
      1.53
    ], 
    [
      3.58, 
      1.53
    ], 
    [
      3.57, 
      1.52
    ], 
    [
      3.57, 
      0.1
    ]
  ], 
  "bbox": {
    "max": [
      15.76, 
      8.5
    ], 
    "min": [
      0.1, 
      0.1
    ]
  }, 
  "id": "6d2fd5b92b539577f6f25f0f136ad103"
}