{
  "room_category": {
    "Room": {
      "simulation_statistics": [
        {
          "not_completed_agents": 0, 
          "max_evacuation_time": 7.35001, 
          "min_evacuation_time": 5.150002, 
          "exit_flow_rate": 0.4081627099827075, 
          "completed_agents": 3, 
          "max_traveled_distance": 8.231053, 
          "avg_evacuation_time": 6.150005666666666, 
          "avg_traveled_distance": 7.754458666666667, 
          "min_traveled_distance": 7.209642
        }, 
        {
          "not_completed_agents": 0, 
          "max_evacuation_time": 30.299824, 
          "min_evacuation_time": 8.800015, 
          "exit_flow_rate": 0.3960419044018209, 
          "completed_agents": 12, 
          "max_traveled_distance": 19.643433, 
          "avg_evacuation_time": 20.78328983333333, 
          "avg_traveled_distance": 15.805588416666666, 
          "min_traveled_distance": 10.319224
        }
      ], 
      "bounds": [
        [
          4.91, 
          3.33, 
          11.03, 
          5.5
        ], 
        [
          -0.02, 
          5.38, 
          10.28, 
          11.13
        ]
      ]
    }, 
    "Bedroom": {
      "simulation_statistics": [
        {
          "not_completed_agents": 0, 
          "max_evacuation_time": 2.699999, 
          "min_evacuation_time": 0.0, 
          "exit_flow_rate": 2.2222230452677945, 
          "completed_agents": 6, 
          "max_traveled_distance": 3.498613, 
          "avg_evacuation_time": 1.108333, 
          "avg_traveled_distance": 1.3542445, 
          "min_traveled_distance": 0.0
        }
      ], 
      "bounds": [
        [
          -0.03, 
          -0.03, 
          5.03, 
          5.47
        ]
      ]
    }
  }, 
  "room_num": 4, 
  "verts": [
    [
      0.11, 
      0.1
    ], 
    [
      0.1, 
      0.11
    ], 
    [
      0.1, 
      5.37
    ], 
    [
      4.93, 
      5.37
    ], 
    [
      4.93, 
      4.95
    ], 
    [
      4.92, 
      4.94
    ], 
    [
      4.93, 
      4.93
    ], 
    [
      5.03, 
      4.93
    ], 
    [
      5.04, 
      4.94
    ], 
    [
      5.04, 
      5.37
    ], 
    [
      8.44, 
      5.37
    ], 
    [
      8.45, 
      5.38
    ], 
    [
      8.45, 
      5.48
    ], 
    [
      8.44, 
      5.49
    ], 
    [
      0.1, 
      5.49
    ], 
    [
      0.1, 
      8.36
    ], 
    [
      0.11, 
      8.37
    ], 
    [
      0.11, 
      11.02
    ], 
    [
      2.85, 
      11.02
    ], 
    [
      2.86, 
      11.01
    ], 
    [
      7.79, 
      11.01
    ], 
    [
      7.8, 
      11.0
    ], 
    [
      10.17, 
      11.0
    ], 
    [
      10.17, 
      8.15
    ], 
    [
      10.16, 
      8.14
    ], 
    [
      10.16, 
      5.49
    ], 
    [
      9.46, 
      5.49
    ], 
    [
      9.45, 
      5.48
    ], 
    [
      9.45, 
      5.38
    ], 
    [
      9.46, 
      5.37
    ], 
    [
      10.16, 
      5.37
    ], 
    [
      10.16, 
      3.44
    ], 
    [
      5.04, 
      3.44
    ], 
    [
      5.04, 
      3.92
    ], 
    [
      5.03, 
      3.93
    ], 
    [
      4.93, 
      3.93
    ], 
    [
      4.92, 
      3.92
    ], 
    [
      4.92, 
      3.89
    ], 
    [
      4.93, 
      3.88
    ], 
    [
      4.93, 
      2.59
    ], 
    [
      4.92, 
      2.58
    ], 
    [
      4.93, 
      2.57
    ], 
    [
      5.03, 
      2.57
    ], 
    [
      5.04, 
      2.58
    ], 
    [
      5.04, 
      3.32
    ], 
    [
      10.16, 
      3.32
    ], 
    [
      10.16, 
      0.1
    ], 
    [
      5.04, 
      0.1
    ], 
    [
      5.04, 
      0.72
    ], 
    [
      5.03, 
      0.73
    ], 
    [
      4.93, 
      0.73
    ], 
    [
      4.92, 
      0.72
    ], 
    [
      4.93, 
      0.71
    ], 
    [
      4.92, 
      0.7
    ], 
    [
      4.92, 
      0.1
    ]
  ], 
  "bbox": {
    "max": [
      10.17, 
      11.02
    ], 
    "min": [
      0.1, 
      0.1
    ]
  }, 
  "id": "6d47cc73cfb58c3512ef9307c3d15c48"
}