{
  "room_category": {
    "Toilet": {
      "simulation_statistics": [
        {
          "not_completed_agents": 0, 
          "max_evacuation_time": 32.049797, 
          "min_evacuation_time": 18.700001, 
          "exit_flow_rate": 0.2808130110777301, 
          "completed_agents": 9, 
          "max_traveled_distance": 33.280483, 
          "avg_evacuation_time": 26.53877, 
          "avg_traveled_distance": 30.15114677777778, 
          "min_traveled_distance": 25.361597
        }, 
        {
          "not_completed_agents": 0, 
          "max_evacuation_time": 58.399395, 
          "min_evacuation_time": 26.59988, 
          "exit_flow_rate": 0.1712346506329389, 
          "completed_agents": 10, 
          "max_traveled_distance": 45.22073, 
          "avg_evacuation_time": 37.5647128, 
          "avg_traveled_distance": 36.826813900000005, 
          "min_traveled_distance": 32.494114
        }
      ], 
      "bounds": [
        [
          1.73, 
          12.23, 
          10.18, 
          17.77
        ], 
        [
          20.58, 
          18.58, 
          31.01, 
          23.31
        ]
      ]
    }, 
    "Bathroom": {
      "simulation_statistics": [
        {
          "not_completed_agents": 0, 
          "max_evacuation_time": 34.599758, 
          "min_evacuation_time": 18.450005, 
          "exit_flow_rate": 0.26011742625483103, 
          "completed_agents": 9, 
          "max_traveled_distance": 34.623413, 
          "avg_evacuation_time": 26.566547555555555, 
          "avg_traveled_distance": 30.811143666666666, 
          "min_traveled_distance": 26.354668
        }, 
        {
          "not_completed_agents": 0, 
          "max_evacuation_time": 60.04937, 
          "min_evacuation_time": 21.34996, 
          "exit_flow_rate": 0.16652964052745264, 
          "completed_agents": 10, 
          "max_traveled_distance": 48.826649, 
          "avg_evacuation_time": 41.059659700000005, 
          "avg_traveled_distance": 38.873755, 
          "min_traveled_distance": 27.500669
        }
      ], 
      "bounds": [
        [
          1.73, 
          12.23, 
          10.18, 
          17.77
        ], 
        [
          20.58, 
          18.58, 
          31.01, 
          23.31
        ]
      ]
    }, 
    "Bedroom": {
      "simulation_statistics": [
        {
          "not_completed_agents": 0, 
          "max_evacuation_time": 28.649849, 
          "min_evacuation_time": 13.150032, 
          "exit_flow_rate": 0.8726049481098487, 
          "completed_agents": 25, 
          "max_traveled_distance": 29.616991, 
          "avg_evacuation_time": 20.02397444, 
          "avg_traveled_distance": 24.7075636, 
          "min_traveled_distance": 18.286985
        }, 
        {
          "not_completed_agents": 0, 
          "max_evacuation_time": 25.94989, 
          "min_evacuation_time": 16.80003, 
          "exit_flow_rate": 0.578037132334665, 
          "completed_agents": 15, 
          "max_traveled_distance": 32.008289, 
          "avg_evacuation_time": 20.773302466666667, 
          "avg_traveled_distance": 28.082302733333332, 
          "min_traveled_distance": 24.493324
        }
      ], 
      "bounds": [
        [
          9.47, 
          12.18, 
          20.64, 
          23.34
        ], 
        [
          20.53, 
          12.19, 
          31.01, 
          19.28
        ]
      ]
    }, 
    "Living_Room": {
      "simulation_statistics": [
        {
          "not_completed_agents": 0, 
          "max_evacuation_time": 15.050039, 
          "min_evacuation_time": 0.05, 
          "exit_flow_rate": 3.122915495434929, 
          "completed_agents": 47, 
          "max_traveled_distance": 19.823528, 
          "avg_evacuation_time": 7.898949765957446, 
          "avg_traveled_distance": 10.301512914893618, 
          "min_traveled_distance": 0.064881
        }
      ], 
      "bounds": [
        [
          2.95, 
          -0.03, 
          25.24, 
          10.6
        ]
      ]
    }, 
    "Kitchen": {
      "simulation_statistics": [
        {
          "not_completed_agents": 0, 
          "max_evacuation_time": 16.000042, 
          "min_evacuation_time": 0.0, 
          "exit_flow_rate": 2.937492289082741, 
          "completed_agents": 47, 
          "max_traveled_distance": 20.123667, 
          "avg_evacuation_time": 7.1297986382978715, 
          "avg_traveled_distance": 9.250668744680851, 
          "min_traveled_distance": 0.0
        }
      ], 
      "bounds": [
        [
          2.95, 
          -0.03, 
          25.24, 
          10.6
        ]
      ]
    }
  }, 
  "room_num": 7,