{
  "room_category": {
    "Garage": {
      "simulation_statistics": [
        {
          "not_completed_agents": 0, 
          "max_evacuation_time": 150.004547, 
          "min_evacuation_time": 15.500041, 
          "exit_flow_rate": 0.0333323229195179, 
          "completed_agents": 5, 
          "max_traveled_distance": 20.869595, 
          "avg_evacuation_time": 40.92575183333333, 
          "avg_traveled_distance": 17.7456245, 
          "min_traveled_distance": 7.798432
        }
      ], 
      "bounds": [
        [
          3.83, 
          7.25, 
          9.73, 
          12.47
        ]
      ]
    }, 
    "Bathroom": {
      "simulation_statistics": [
        {
          "not_completed_agents": 0, 
          "max_evacuation_time": 150.004547, 
          "min_evacuation_time": 22.199947, 
          "exit_flow_rate": 0.026665858335614318, 
          "completed_agents": 4, 
          "max_traveled_distance": 26.799006, 
          "avg_evacuation_time": 50.420826399999996, 
          "avg_traveled_distance": 20.860599999999998, 
          "min_traveled_distance": 2.09584
        }
      ], 
      "bounds": [
        [
          -0.03, 
          7.25, 
          3.92, 
          14.07
        ]
      ]
    }, 
    "Living_Room": {
      "simulation_statistics": [
        {
          "not_completed_agents": 0, 
          "max_evacuation_time": 30.799816, 
          "min_evacuation_time": 13.200032, 
          "exit_flow_rate": 0.3571449907363083, 
          "completed_agents": 11, 
          "max_traveled_distance": 27.389721, 
          "avg_evacuation_time": 21.045411363636365, 
          "avg_traveled_distance": 21.983114636363634, 
          "min_traveled_distance": 15.962836
        }
      ], 
      "bounds": [
        [
          -0.03, 
          11.03, 
          9.74, 
          16.57
        ]
      ]
    }, 
    "Room": [
      [
        9.68, 
        10.48, 
        16.17, 
        10.64
      ]
    ], 
    "Kitchen": {
      "simulation_statistics": [
        {
          "not_completed_agents": 0, 
          "max_evacuation_time": 31.999798, 
          "min_evacuation_time": 0.45, 
          "exit_flow_rate": 0.7812549316717562, 
          "completed_agents": 25, 
          "max_traveled_distance": 20.524137, 
          "avg_evacuation_time": 5.7139950399999995, 
          "avg_traveled_distance": 6.3535160799999995, 
          "min_traveled_distance": 0.730514
        }
      ], 
      "bounds": [
        [
          8.86, 
          -0.02, 
          16.29, 
          16.54
        ]
      ]
    }
  }, 
  "room_num": 5, 
  "verts": [
    [
      9.74, 
      0.1
    ], 
    [
      9.73, 
      0.11
    ], 
    [
      9.73, 
      7.28
    ], 
    [
      9.72, 
      7.29
    ], 
    [
      9.72, 
      10.51
    ], 
    [
      9.83, 
      10.51
    ], 
    [
      9.84, 
      10.5
    ], 
    [
      13.81, 
      10.5
    ], 
    [
      13.82, 
      10.51
    ], 
    [
      13.82, 
      10.61
    ], 
    [
      13.81, 
      10.62
    ], 
    [
      9.72, 
      10.62
    ], 
    [
      9.72, 
      10.98
    ], 
    [
      9.71, 
      10.99
    ], 
    [
      9.61, 
      10.99
    ], 
    [
      9.6, 
      10.98
    ], 
    [
      9.6, 
      7.4
    ], 
    [
      6.78, 
      7.4
    ], 
    [
      6.77, 
      7.39
    ], 
    [
      4.82, 
      7.39
    ], 
    [
      4.81, 
      7.38
    ], 
    [
      3.94, 
      7.38
    ], 
    [
      3.94, 
      12.37
    ], 
    [
      9.6, 
      12.37
    ], 
    [
      9.6, 
      11.74
    ], 
    [
      9.61, 
      11.73
    ], 
    [
      9.71, 
      11.73
    ], 
    [
      9.72, 
      11.74
    ], 
    [
      9.72, 
      13.73
    ], 
    [
      9.71, 
      13.74
    ], 
    [
      9.61, 
      13.74
    ], 
    [
      9.6, 
      13.73
    ], 
    [
      9.6, 
      12.49
    ], 
    [
      3.84, 
      12.49
    ], 
    [
      3.82, 
      12.47
    ], 
    [
      3.82, 
      11.14
    ], 
    [
      2.98, 
      11.14
    ], 
    [
      2.97, 
      11.13
    ], 
    [
      2.97, 
      11.03
    ], 
    [
      2.98, 
      11.02
    ], 
    [
      3.82, 
      11.02
    ], 
    [
      3.82, 
      7.38
    ], 
    [
      2.84, 
      7.38
    ], 
    [
      2.83, 
      7.37
    ], 
    [
      0.94, 
      7.37
    ], 
    [
      0.93, 
      7.36
    ], 
    [
      0.11, 
      7.36
    ], 
    [
      0.1, 
      7.37
    ], 
    [
      0.1, 
      11.02
    ], 
    [
      2.22, 
      11.02
    ], 
    [
      2.23, 
      11.03
    ], 
    [
      2.23, 
      11.13
    ], 
    [
      2.22, 
      11.14
    ], 
    [
      2.21, 
      11.13
    ], 
    [
      2.18, 
      11.13
    ], 
    [
      2.17, 
      11.14
    ], 
    [
      0.1, 
      11.14
    ], 
    [
      0.1, 
      16.43
    ], 
    [
      9.6, 
      16.43
    ], 
    [
      9.6, 
      14.89
    ], 
    [
      9.61, 
      14.88
    ], 
    [
      9.71, 
      14.88
    ], 
    [
      9.72, 
      14.89
    ], 
    [
      9.72, 
      16.43
    ], 
    [
      16.06, 
      16.43
    ], 
    [
      16.06, 
      16.04
    ], 
    [
      16.07, 
      16.03
    ], 
    [
      16.07, 
      15.16
    ], 
    [
      16.08, 
      15.15
    ], 
    [
      16.08, 
      14.72
    ], 
    [
      16.07, 
      14.71
    ], 
    [
      16.07, 
      14.48
    ], 
    [
      16.08, 
      14.47
    ], 
    [
      16.08, 
      13.1
    ], 
    [
      16.09, 
      13.09
    ], 
    [
      16.09, 
      11.72
    ], 
    [
      16.1, 
      11.71
    ], 
    [
      16.1, 
      10.98
    ], 
    [
      16.11, 
      10.97
    ], 
    [
      16.11, 
      10.62
    ], 
    [
      14.97, 
      10.62
    ], 
    [
      14.96, 
      10.61
    ], 
    [
      14.96, 
      10.51
    ], 
    [
      14.97, 
      10.5
    ], 
    [
      14.98, 
      10.51
    ], 
    [
      14.99, 
      10.5
    ], 
    [
      16.11, 
      10.5
    ], 
    [
      16.11, 
      10.12
    ], 
    [
      16.12, 
      10.11
    ], 
    [
      16.12, 
      8.56
    ], 
    [
      16.13, 
      8.55
    ], 
    [
      16.13, 
      7.0
    ], 
    [
      16.14, 
      6.99
    ], 
    [
      16.14, 
      5.44
    ], 
    [
      16.15, 
      5.43
    ], 
    [
      16.15, 
      3.89
    ], 
    [
      16.16, 
      3.88
    ], 
    [
      16.16, 
      2.33
    ], 
    [
      16.17, 
      2.32
    ], 
    [
      16.17, 
      0.77
    ], 
    [
      16.18, 
      0.76
    ], 
    [
      16.18, 
      0.1
    ]
  ], 
  "bbox": {
    "max": [
      16.18, 
      16.43
    ], 
    "min": [
      0.1, 
      0.1
    ]
  }, 
  "id": "7043647e49007a2787fcc24c3d3eaae1"
}