{
  "room_category": {
    "Toilet": {
      "simulation_statistics": [
        {
          "not_completed_agents": 0, 
          "max_evacuation_time": 10.00002, 
          "min_evacuation_time": 0.0, 
          "exit_flow_rate": 1.4999970000060001, 
          "completed_agents": 15, 
          "max_traveled_distance": 12.096539, 
          "avg_evacuation_time": 4.256669933333333, 
          "avg_traveled_distance": 4.7793220666666665, 
          "min_traveled_distance": 0.0
        }
      ], 
      "bounds": [
        [
          -0.01, 
          -0.02, 
          8.8, 
          8.54
        ]
      ]
    }, 
    "Bathroom": {
      "simulation_statistics": [
        {
          "not_completed_agents": 0, 
          "max_evacuation_time": 10.250021, 
          "min_evacuation_time": 0.0, 
          "exit_flow_rate": 1.463411635937136, 
          "completed_agents": 15, 
          "max_traveled_distance": 8.721879, 
          "avg_evacuation_time": 4.703336466666667, 
          "avg_traveled_distance": 4.855064933333334, 
          "min_traveled_distance": 0.0
        }
      ], 
      "bounds": [
        [
          -0.01, 
          -0.02, 
          8.8, 
          8.54
        ]
      ]
    }, 
    "Room": [
      [
        5.64, 
        4.85, 
        8.06, 
        4.95
      ], 
      [
        5.64, 
        4.96, 
        5.73, 
        6.14
      ]
    ]
  }, 
  "room_num": 6, 
  "verts": [
    [
      0.11, 
      0.1
    ], 
    [
      0.1, 
      0.11
    ], 
    [
      0.1, 
      2.85
    ], 
    [
      0.81, 
      2.85
    ], 
    [
      0.82, 
      2.86
    ], 
    [
      1.57, 
      2.86
    ], 
    [
      1.58, 
      2.87
    ], 
    [
      1.58, 
      2.96
    ], 
    [
      1.57, 
      2.97
    ], 
    [
      0.82, 
      2.97
    ], 
    [
      0.81, 
      2.96
    ], 
    [
      0.1, 
      2.96
    ], 
    [
      0.1, 
      4.4
    ], 
    [
      0.11, 
      4.41
    ], 
    [
      0.11, 
      8.39
    ], 
    [
      3.85, 
      8.39
    ], 
    [
      3.86, 
      8.4
    ], 
    [
      7.96, 
      8.4
    ], 
    [
      7.96, 
      6.43
    ], 
    [
      7.97, 
      6.42
    ], 
    [
      7.97, 
      4.96
    ], 
    [
      5.74, 
      4.96
    ], 
    [
      5.74, 
      6.14
    ], 
    [
      5.73, 
      6.15
    ], 
    [
      5.64, 
      6.15
    ], 
    [
      5.63, 
      6.14
    ], 
    [
      5.63, 
      4.85
    ], 
    [
      5.64, 
      4.84
    ], 
    [
      7.97, 
      4.84
    ], 
    [
      7.97, 
      4.52
    ], 
    [
      7.96, 
      4.51
    ], 
    [
      7.96, 
      4.25
    ], 
    [
      7.97, 
      4.24
    ], 
    [
      7.97, 
      2.99
    ], 
    [
      6.68, 
      2.99
    ], 
    [
      6.67, 
      2.98
    ], 
    [
      5.82, 
      2.98
    ], 
    [
      5.81, 
      2.99
    ], 
    [
      5.72, 
      2.99
    ], 
    [
      5.71, 
      2.98
    ], 
    [
      5.23, 
      2.98
    ], 
    [
      5.22, 
      2.97
    ], 
    [
      5.22, 
      2.88
    ], 
    [
      5.23, 
      2.87
    ], 
    [
      5.71, 
      2.87
    ], 
    [
      5.71, 
      2.85
    ], 
    [
      5.72, 
      2.84
    ], 
    [
      5.81, 
      2.84
    ], 
    [
      5.82, 
      2.85
    ], 
    [
      5.82, 
      2.87
    ], 
    [
      6.67, 
      2.87
    ], 
    [
      6.68, 
      2.88
    ], 
    [
      7.97, 
      2.88
    ], 
    [
      7.97, 
      0.1
    ], 
    [
      5.82, 
      0.1
    ], 
    [
      5.82, 
      1.83
    ], 
    [
      5.81, 
      1.84
    ], 
    [
      5.72, 
      1.84
    ], 
    [
      5.71, 
      1.83
    ], 
    [
      5.71, 
      0.1
    ]
  ], 
  "bbox": {
    "max": [
      7.97, 
      8.4
    ], 
    "min": [
      0.1, 
      0.1
    ]
  }, 
  "id": "70899d6b947fd0726ad00bf26faa64cb"
}