{
  "room_category": {
    "Toilet": {
      "simulation_statistics": [
        {
          "not_completed_agents": 0, 
          "max_evacuation_time": 18.899998, 
          "min_evacuation_time": 6.400006, 
          "exit_flow_rate": 0.1587301755270027, 
          "completed_agents": 3, 
          "max_traveled_distance": 12.051044, 
          "avg_evacuation_time": 12.950012666666666, 
          "avg_traveled_distance": 9.580905666666666, 
          "min_traveled_distance": 7.205793
        }
      ], 
      "bounds": [
        [
          12.9, 
          1.32, 
          15.92, 
          6.51
        ]
      ]
    }, 
    "Bathroom": {
      "simulation_statistics": [
        {
          "not_completed_agents": 0, 
          "max_evacuation_time": 16.600033, 
          "min_evacuation_time": 2.899998, 
          "exit_flow_rate": 0.18072253229858037, 
          "completed_agents": 3, 
          "max_traveled_distance": 11.606276, 
          "avg_evacuation_time": 10.000017666666666, 
          "avg_traveled_distance": 8.300452, 
          "min_traveled_distance": 3.371548
        }, 
        {
          "not_completed_agents": 0, 
          "max_evacuation_time": 20.099979, 
          "min_evacuation_time": 1.949999, 
          "exit_flow_rate": 0.8955233236810843, 
          "completed_agents": 18, 
          "max_traveled_distance": 19.16913, 
          "avg_evacuation_time": 8.533343833333333, 
          "avg_traveled_distance": 8.727583888888889, 
          "min_traveled_distance": 1.386991
        }
      ], 
      "bounds": [
        [
          12.9, 
          1.32, 
          15.92, 
          6.51
        ], 
        [
          6.76, 
          1.62, 
          15.23, 
          12.29
        ]
      ]
    }, 
    "Living_Room": {
      "simulation_statistics": [
        {
          "not_completed_agents": 0, 
          "max_evacuation_time": 22.199947, 
          "min_evacuation_time": 10.400022, 
          "exit_flow_rate": 0.4054063732674677, 
          "completed_agents": 9, 
          "max_traveled_distance": 16.770071, 
          "avg_evacuation_time": 16.32223533333333, 
          "avg_traveled_distance": 14.610764222222222, 
          "min_traveled_distance": 10.373051
        }, 
        {
          "not_completed_agents": 0, 
          "max_evacuation_time": 13.850035, 
          "min_evacuation_time": 6.700007, 
          "exit_flow_rate": 0.5054138852356691, 
          "completed_agents": 7, 
          "max_traveled_distance": 14.278386, 
          "avg_evacuation_time": 9.728590428571428, 
          "avg_traveled_distance": 10.200954142857142, 
          "min_traveled_distance": 7.046197
        }
      ], 
      "bounds": [
        [
          -0.02, 
          6.32, 
          7.09, 
          12.35
        ], 
        [
          -0.03, 
          1.7, 
          7.05, 
          6.52
        ]
      ]
    }
  }, 
  "room_num": 6, 
  "verts": [
    [
      9.95, 
      0.1
    ], 
    [
      9.94, 
      0.11
    ], 
    [
      9.94, 
      2.22
    ], 
    [
      11.11, 
      2.22
    ], 
    [
      11.12, 
      2.23
    ], 
    [
      11.12, 
      2.33
    ], 
    [
      11.11, 
      2.34
    ], 
    [
      9.83, 
      2.34
    ], 
    [
      9.82, 
      2.35
    ], 
    [
      7.05, 
      2.35
    ], 
    [
      7.04, 
      2.34
    ], 
    [
      6.96, 
      2.34
    ], 
    [
      6.94, 
      2.32
    ], 
    [
      6.94, 
      2.24
    ], 
    [
      6.93, 
      2.23
    ], 
    [
      6.93, 
      1.9
    ], 
    [
      0.11, 
      1.9
    ], 
    [
      0.1, 
      1.91
    ], 
    [
      0.1, 
      6.41
    ], 
    [
      3.38, 
      6.41
    ], 
    [
      3.39, 
      6.42
    ], 
    [
      7.04, 
      6.42
    ], 
    [
      7.05, 
      6.43
    ], 
    [
      7.05, 
      6.53
    ], 
    [
      7.04, 
      6.54
    ], 
    [
      3.39, 
      6.54
    ], 
    [
      3.38, 
      6.53
    ], 
    [
      0.1, 
      6.53
    ], 
    [
      0.1, 
      12.18
    ], 
    [
      13.48, 
      12.18
    ], 
    [
      13.48, 
      11.66
    ], 
    [
      13.49, 
      11.65
    ], 
    [
      13.49, 
      9.76
    ], 
    [
      13.5, 
      9.75
    ], 
    [
      13.5, 
      7.79
    ], 
    [
      13.51, 
      7.78
    ], 
    [
      13.51, 
      7.72
    ], 
    [
      13.52, 
      7.71
    ], 
    [
      13.61, 
      7.71
    ], 
    [
      13.62, 
      7.72
    ], 
    [
      13.62, 
      9.75
    ], 
    [
      13.61, 
      9.76
    ], 
    [
      13.61, 
      11.54
    ], 
    [
      16.59, 
      11.54
    ], 
    [
      16.59, 
      6.54
    ], 
    [
      15.93, 
      6.54
    ], 
    [
      15.92, 
      6.53
    ], 
    [
      13.52, 
      6.53
    ], 
    [
      13.5, 
      6.51
    ], 
    [
      13.5, 
      6.2
    ], 
    [
      13.51, 
      6.19
    ], 
    [
      13.61, 
      6.19
    ], 
    [
      13.62, 
      6.2
    ], 
    [
      13.62, 
      6.41
    ], 
    [
      15.81, 
      6.41
    ], 
    [
      15.81, 
      1.44
    ], 
    [
      13.62, 
      1.44
    ], 
    [
      13.62, 
      5.18
    ], 
    [
      13.61, 
      5.19
    ], 
    [
      13.51, 
      5.19
    ], 
    [
      13.5, 
      5.18
    ], 
    [
      13.5, 
      2.34
    ], 
    [
      12.33, 
      2.34
    ], 
    [
      12.32, 
      2.33
    ], 
    [
      12.32, 
      2.23
    ], 
    [
      12.33, 
      2.22
    ], 
    [
      13.5, 
      2.22
    ], 
    [
      13.5, 
      1.74
    ], 
    [
      13.49, 
      1.73
    ], 
    [
      13.49, 
      1.16
    ], 
    [
      13.48, 
      1.15
    ], 
    [
      13.48, 
      0.19
    ], 
    [
      13.49, 
      0.18
    ], 
    [
      13.49, 
      0.1
    ]
  ], 
  "bbox": {
    "max": [
      16.59, 
      12.18
    ], 
    "min": [
      0.1, 
      0.1
    ]
  }, 
  "id": "717337eb1ef0dcacde8084c90193f033"
}