{
  "room_category": {
    "Dining_Room": {
      "simulation_statistics": [
        {
          "not_completed_agents": 0, 
          "max_evacuation_time": 6.500007, 
          "min_evacuation_time": 0.0, 
          "exit_flow_rate": 2.4615358106537424, 
          "completed_agents": 16, 
          "max_traveled_distance": 8.270359, 
          "avg_evacuation_time": 3.090624875, 
          "avg_traveled_distance": 3.8789314375, 
          "min_traveled_distance": 0.0
        }
      ], 
      "bounds": [
        [
          11.26, 
          -0.02, 
          19.11, 
          10.48
        ]
      ]
    }, 
    "Living_Room": {
      "simulation_statistics": [
        {
          "not_completed_agents": 0, 
          "max_evacuation_time": 15.650042, 
          "min_evacuation_time": 8.250013, 
          "exit_flow_rate": 0.9584638814387847, 
          "completed_agents": 15, 
          "max_traveled_distance": 18.812897, 
          "avg_evacuation_time": 11.400025266666667, 
          "avg_traveled_distance": 12.929315866666666, 
          "min_traveled_distance": 10.339417
        }
      ], 
      "bounds": [
        [
          -0.52, 
          1.45, 
          7.04, 
          11.45
        ]
      ]
    }
  }, 
  "room_num": 4, 
  "verts": [
    [
      12.51, 
      0.1
    ], 
    [
      12.5, 
      0.11
    ], 
    [
      12.5, 
      0.43
    ], 
    [
      12.49, 
      0.44
    ], 
    [
      12.49, 
      0.52
    ], 
    [
      12.47, 
      0.54
    ], 
    [
      12.39, 
      0.54
    ], 
    [
      12.38, 
      0.55
    ], 
    [
      11.99, 
      0.55
    ], 
    [
      11.98, 
      0.56
    ], 
    [
      11.98, 
      2.07
    ], 
    [
      11.97, 
      2.08
    ], 
    [
      11.97, 
      2.34
    ], 
    [
      11.96, 
      2.35
    ], 
    [
      11.87, 
      2.35
    ], 
    [
      11.86, 
      2.34
    ], 
    [
      11.86, 
      2.1
    ], 
    [
      7.04, 
      2.1
    ], 
    [
      7.04, 
      2.92
    ], 
    [
      7.03, 
      2.93
    ], 
    [
      6.93, 
      2.93
    ], 
    [
      6.92, 
      2.92
    ], 
    [
      6.92, 
      2.09
    ], 
    [
      0.11, 
      2.09
    ], 
    [
      0.1, 
      2.1
    ], 
    [
      0.1, 
      10.36
    ], 
    [
      2.99, 
      10.36
    ], 
    [
      3.05, 
      10.3
    ], 
    [
      3.06, 
      10.3
    ], 
    [
      3.12, 
      10.24
    ], 
    [
      3.13, 
      10.24
    ], 
    [
      3.2, 
      10.17
    ], 
    [
      3.21, 
      10.17
    ], 
    [
      3.27, 
      10.11
    ], 
    [
      3.28, 
      10.11
    ], 
    [
      3.34, 
      10.05
    ], 
    [
      3.35, 
      10.05
    ], 
    [
      3.41, 
      9.99
    ], 
    [
      3.42, 
      9.99
    ], 
    [
      3.48, 
      9.93
    ], 
    [
      3.49, 
      9.93
    ], 
    [
      3.54, 
      9.88
    ], 
    [
      3.55, 
      9.88
    ], 
    [
      3.61, 
      9.82
    ], 
    [
      3.62, 
      9.82
    ], 
    [
      3.68, 
      9.76
    ], 
    [
      3.69, 
      9.76
    ], 
    [
      3.8, 
      9.65
    ], 
    [
      3.81, 
      9.65
    ], 
    [
      3.87, 
      9.59
    ], 
    [
      3.88, 
      9.59
    ], 
    [
      3.94, 
      9.53
    ], 
    [
      3.95, 
      9.53
    ], 
    [
      4.02, 
      9.46
    ], 
    [
      4.03, 
      9.46
    ], 
    [
      4.09, 
      9.4
    ], 
    [
      4.1, 
      9.4
    ], 
    [
      4.17, 
      9.33
    ], 
    [
      4.18, 
      9.33
    ], 
    [
      4.24, 
      9.27
    ], 
    [
      4.25, 
      9.27
    ], 
    [
      4.32, 
      9.2
    ], 
    [
      4.33, 
      9.2
    ], 
    [
      4.39, 
      9.14
    ], 
    [
      4.4, 
      9.14
    ], 
    [
      4.47, 
      9.07
    ], 
    [
      4.48, 
      9.07
    ], 
    [
      4.54, 
      9.01
    ], 
    [
      4.55, 
      9.01
    ], 
    [
      4.62, 
      8.94
    ], 
    [
      4.63, 
      8.94
    ], 
    [
      4.69, 
      8.88
    ], 
    [
      4.7, 
      8.88
    ], 
    [
      4.77, 
      8.81
    ], 
    [
      4.78, 
      8.81
    ], 
    [
      4.84, 
      8.75
    ], 
    [
      4.85, 
      8.75
    ], 
    [
      4.92, 
      8.68
    ], 
    [
      4.93, 
      8.68
    ], 
    [
      4.99, 
      8.62
    ], 
    [
      5.0, 
      8.62
    ], 
    [
      5.07, 
      8.55
    ], 
    [
      5.08, 
      8.55
    ], 
    [
      5.14, 
      8.49
    ], 
    [
      5.15, 
      8.49
    ], 
    [
      5.22, 
      8.42
    ], 
    [
      5.23, 
      8.42
    ], 
    [
      5.29, 
      8.36
    ], 
    [
      5.3, 
      8.36
    ], 
    [
      5.37, 
      8.29
    ], 
    [
      5.38, 
      8.29
    ], 
    [
      5.44, 
      8.23
    ], 
    [
      5.45, 
      8.23
    ], 
    [
      5.52, 
      8.16
    ], 
    [
      5.53, 
      8.16
    ], 
    [
      5.59, 
      8.1
    ], 
    [
      5.6, 
      8.1
    ], 
    [
      5.67, 
      8.03
    ], 
    [
      5.68, 
      8.03
    ], 
    [
      5.74, 
      7.97
    ], 
    [
      5.75, 
      7.97
    ], 
    [
      5.82, 
      7.9
    ], 
    [
      5.83, 
      7.9
    ], 
    [
      5.89, 
      7.84
    ], 
    [
      5.9, 
      7.84
    ], 
    [
      5.96, 
      7.78
    ], 
    [
      5.97, 
      7.78
    ], 
    [
      6.04, 
      7.71
    ], 
    [
      6.05, 
      7.71
    ], 
    [
      6.11, 
      7.65
    ], 
    [
      6.12, 
      7.65
    ], 
    [
      6.19, 
      7.58
    ], 
    [
      6.2, 
      7.58
    ], 
    [
      6.26, 
      7.52
    ], 
    [
      6.27, 
      7.52
    ], 
    [
      6.34, 
      7.45
    ], 
    [
      6.35, 
      7.45
    ], 
    [
      6.41, 
      7.39
    ], 
    [
      6.42, 
      7.39
    ], 
    [
      6.49, 
      7.32
    ], 
    [
      6.5, 
      7.32
    ], 
    [
      6.56, 
      7.26
    ], 
    [
      6.57, 
      7.26
    ], 
    [
      6.64, 
      7.19
    ], 
    [
      6.65, 
      7.19
    ], 
    [
      6.71, 
      7.13
    ], 
    [
      6.72, 
      7.13
    ], 
    [
      6.79, 
      7.06
    ], 
    [
      6.8, 
      7.06
    ], 
    [
      6.86, 
      7.0
    ], 
    [
      6.87, 
      7.0
    ], 
    [
      6.92, 
      6.95
    ], 
    [
      6.92, 
      6.04
    ], 
    [
      6.93, 
      6.03
    ], 
    [
      7.03, 
      6.03
    ], 
    [
      7.04, 
      6.04
    ], 
    [
      7.04, 
      6.9
    ], 
    [
      11.86, 
      6.9
    ], 
    [
      11.86, 
      6.3
    ], 
    [
      11.87, 
      6.29
    ], 
    [
      11.96, 
      6.29
    ], 
    [
      11.97, 
      6.3
    ], 
    [
      11.97, 
      6.95
    ], 
    [
      12.01, 
      6.99
    ], 
    [
      12.02, 
      6.99
    ], 
    [
      12.08, 
      7.05
    ], 
    [
      12.09, 
      7.05
    ], 
    [
      12.14, 
      7.1
    ], 
    [
      12.15, 
      7.1
    ], 
    [
      12.21, 
      7.16
    ], 
    [
      12.22, 
      7.16
    ], 
    [
      12.27, 
      7.21
    ], 
    [
      12.28, 
      7.21
    ], 
    [
      12.34, 
      7.27
    ], 
    [
      12.35, 
      7.27
    ], 
    [
      12.4, 
      7.32
    ], 
    [
      12.41, 
      7.32
    ], 
    [
      12.47, 
      7.38
    ], 
    [
      12.48, 
