{
  "room_category": {
    "Toilet": {
      "simulation_statistics": [
        {
          "not_completed_agents": 0, 
          "max_evacuation_time": 17.150024, 
          "min_evacuation_time": 6.050005, 
          "exit_flow_rate": 0.29154478151167607, 
          "completed_agents": 5, 
          "max_traveled_distance": 10.015425, 
          "avg_evacuation_time": 10.370016799999998, 
          "avg_traveled_distance": 8.1631962, 
          "min_traveled_distance": 5.775403
        }
      ], 
      "bounds": [
        [
          2.31, 
          -0.04, 
          9.08, 
          3.79
        ]
      ]
    }, 
    "Bathroom": {
      "simulation_statistics": [
        {
          "not_completed_agents": 0, 
          "max_evacuation_time": 11.200025, 
          "min_evacuation_time": 0.2, 
          "exit_flow_rate": 0.4464275749384488, 
          "completed_agents": 5, 
          "max_traveled_distance": 9.849961, 
          "avg_evacuation_time": 6.4700112, 
          "avg_traveled_distance": 6.483456200000001, 
          "min_traveled_distance": 0.306066
        }
      ], 
      "bounds": [
        [
          2.31, 
          -0.04, 
          9.08, 
          3.79
        ]
      ]
    }, 
    "Bedroom": {
      "simulation_statistics": [
        {
          "not_completed_agents": 0, 
          "max_evacuation_time": 15.500041, 
          "min_evacuation_time": 2.049999, 
          "exit_flow_rate": 0.9677393756571354, 
          "completed_agents": 15, 
          "max_traveled_distance": 12.92452, 
          "avg_evacuation_time": 7.813345866666666, 
          "avg_traveled_distance": 8.039980466666666, 
          "min_traveled_distance": 3.124282
        }
      ], 
      "bounds": [
        [
          -0.01, 
          3.09, 
          9.1, 
          11.15
        ]
      ]
    }
  }, 
  "room_num": 3, 
  "verts": [
    [
      0.99, 
      0.1
    ], 
    [
      0.98, 
      0.11
    ], 
    [
      0.98, 
      0.13
    ], 
    [
      0.97, 
      0.14
    ], 
    [
      0.97, 
      0.17
    ], 
    [
      0.96, 
      0.18
    ], 
    [
      0.96, 
      0.2
    ], 
    [
      0.95, 
      0.21
    ], 
    [
      0.95, 
      0.24
    ], 
    [
      0.94, 
      0.25
    ], 
    [
      0.94, 
      0.27
    ], 
    [
      0.93, 
      0.28
    ], 
    [
      0.93, 
      0.3
    ], 
    [
      0.92, 
      0.31
    ], 
    [
      0.92, 
      0.34
    ], 
    [
      0.91, 
      0.35
    ], 
    [
      0.91, 
      0.37
    ], 
    [
      0.9, 
      0.38
    ], 
    [
      0.9, 
      0.41
    ], 
    [
      0.89, 
      0.42
    ], 
    [
      0.89, 
      0.44
    ], 
    [
      0.88, 
      0.45
    ], 
    [
      0.88, 
      0.48
    ], 
    [
      0.87, 
      0.49
    ], 
    [
      0.87, 
      0.51
    ], 
    [
      0.86, 
      0.52
    ], 
    [
      0.86, 
      0.55
    ], 
    [
      0.85, 
      0.56
    ], 
    [
      0.85, 
      0.58
    ], 
    [
      0.84, 
      0.59
    ], 
    [
      0.84, 
      0.61
    ], 
    [
      0.83, 
      0.62
    ], 
    [
      0.83, 
      0.65
    ], 
    [
      0.82, 
      0.66
    ], 
    [
      0.82, 
      0.68
    ], 
    [
      0.81, 
      0.69
    ], 
    [
      0.81, 
      0.72
    ], 
    [
      0.8, 
      0.73
    ], 
    [
      0.8, 
      0.75
    ], 
    [
      0.79, 
      0.76
    ], 
    [
      0.79, 
      0.79
    ], 
    [
      0.78, 
      0.8
    ], 
    [
      0.78, 
      0.82
    ], 
    [
      0.77, 
      0.83
    ], 
    [
      0.77, 
      0.86
    ], 
    [
      0.76, 
      0.87
    ], 
    [
      0.76, 
      0.89
    ], 
    [
      0.75, 
      0.9
    ], 
    [
      0.75, 
      0.92
    ], 
    [
      0.74, 
      0.93
    ], 
    [
      0.74, 
      0.96
    ], 
    [
      0.73, 
      0.97
    ], 
    [
      0.73, 
      0.99
    ], 
    [
      0.72, 
      1.0
    ], 
    [
      0.72, 
      1.03
    ], 
    [
      0.71, 
      1.04
    ], 
    [
      0.71, 
      1.06
    ], 
    [
      0.7, 
      1.07
    ], 
    [
      0.7, 
      1.1
    ], 
    [
      0.69, 
      1.11
    ], 
    [
      0.69, 
      1.13
    ], 
    [
      0.68, 
      1.14
    ], 
    [
      0.68, 
      1.16
    ], 
    [
      0.67, 
      1.17
    ], 
    [
      0.67, 
      1.2
    ], 
    [
      0.66, 
      1.21
    ], 
    [
      0.66, 
      1.23
    ], 
    [
      0.65, 
      1.24
    ], 
    [
      0.65, 
      1.27
    ], 
    [
      0.64, 
      1.28
    ], 
    [
      0.64, 
      1.3
    ], 
    [
      0.63, 
      1.31
    ], 
    [
      0.63, 
      1.34
    ], 
    [
      0.62, 
      1.35
    ], 
    [
      0.62, 
      1.37
    ], 
    [
      0.61, 
      1.38
    ], 
    [
      0.61, 
      1.41
    ], 
    [
      0.6, 
      1.42
    ], 
    [
      0.6, 
      1.44
    ], 
    [
      0.59, 
      1.45
    ], 
    [
      0.59, 
      1.47
    ], 
    [
      0.58, 
      1.48
    ], 
    [
      0.58, 
      1.51
    ], 
    [
      0.57, 
      1.52
    ], 
    [
      0.57, 
      1.54
    ], 
    [
      0.56, 
      1.55
    ], 
    [
      0.56, 
      1.58
    ], 
    [
      0.55, 
      1.59
    ], 
    [
      0.55, 
      1.61
    ], 
    [
      0.54, 
      1.62
    ], 
    [
      0.54, 
      1.65
    ], 
    [
      0.53, 
      1.66
    ], 
    [
      0.53, 
      1.68
    ], 
    [
      0.52, 
      1.69
    ], 
    [
      0.52, 
      1.72
    ], 
    [
      0.51, 
      1.73
    ], 
    [
      0.51, 
      1.75
    ], 
    [
      0.5, 
      1.76
    ], 
    [
      0.5, 
      1.78
    ], 
    [
      0.49, 
      1.79
    ], 
    [
      0.49, 
      1.82
    ], 
    [
      0.48, 
      1.83
    ], 
    [
      0.48, 
      1.85
    ], 
    [
      0.47, 
      1.86
    ], 
    [
      0.47, 
      1.89
    ], 
    [
      0.46, 
      1.9
    ], 
    [
      0.46, 
      1.92
    ], 
    [
      0.45, 
      1.93
    ], 
    [
      0.45, 
      1.96
    ], 
    [
      0.44, 
      1.97
    ], 
    [
      0.44, 
      1.99
    ], 
    [
      0.43, 
      2.0
    ], 
    [
      0.43, 
      2.03
    ], 
    [
      0.42, 
      2.04
    ], 
    [
      0.42, 
      2.06
    ], 
    [
      0.41, 
      2.07
    ], 
    [
      0.41, 
      2.09
    ], 
    [
      0.4, 
      2.1
    ], 
    [
      0.4, 
      2.13
    ], 
    [
      0.39, 
      2.14
    ], 
    [
      0.39, 
      2.16
    ], 
    [
      0.38, 
      2.17
    ], 
    [
      0.38, 
      2.21
    ], 
    [
      0.37, 
      2.22
    ], 
    [
      0.37, 
      2.25
    ], 
    [
      0.36, 
      2.26
    ], 
    [
      0.36, 
      2.28
    ], 
    [
      0.35, 
      2.29
    ], 
    [
      0.35, 
      2.32
    ], 
    [
      0.34, 
      2.33
    ], 
    [
      0.34, 
      2.35
    ], 
    [
      0.33, 
      2.36
    ], 
    [
      0.33, 
      2.39
    ], 
    [
      0.32, 
      2.4
    ], 
    [
      0.32, 
      2.42
    ], 
    [
      0.31, 
      2.43
    ], 
    [
      0.31, 
      2.45
    ], 
    [
      0.3, 
      2.46
    ], 
    [
      0.3, 
      2.49
    ], 
    [
      0.29, 
      2.5
    ], 
    [
      0.29, 
      2.52
    ], 
    [
      0.28, 
      2.53
    ], 
    [
      0.28, 
      2.56
    ], 
    [
      0.27, 
      2.57
    ], 
    [
      0.27, 
      2.59
