{
  "room_category": {
    "Bedroom": {
      "simulation_statistics": [
        {
          "not_completed_agents": 0, 
          "max_evacuation_time": 6.050005, 
          "min_evacuation_time": 2.549999, 
          "exit_flow_rate": 0.6611564783830758, 
          "completed_agents": 4, 
          "max_traveled_distance": 5.731434, 
          "avg_evacuation_time": 4.2500005, 
          "avg_traveled_distance": 4.109634, 
          "min_traveled_distance": 3.50021
        }
      ], 
      "bounds": [
        [
          -0.02, 
          1.75, 
          3.36, 
          6.95
        ]
      ]
    }
  }, 
  "room_num": 3, 
  "verts": [
    [
      2.71, 
      0.1
    ], 
    [
      2.7, 
      0.11
    ], 
    [
      2.7, 
      1.75
    ], 
    [
      2.69, 
      1.76
    ], 
    [
      2.69, 
      1.83
    ], 
    [
      2.68, 
      1.84
    ], 
    [
      2.68, 
      1.85
    ], 
    [
      2.67, 
      1.86
    ], 
    [
      2.59, 
      1.86
    ], 
    [
      2.58, 
      1.87
    ], 
    [
      0.11, 
      1.87
    ], 
    [
      0.1, 
      1.88
    ], 
    [
      0.1, 
      6.84
    ], 
    [
      3.26, 
      6.84
    ], 
    [
      3.26, 
      4.41
    ], 
    [
      2.59, 
      4.41
    ], 
    [
      2.57, 
      4.39
    ], 
    [
      2.58, 
      4.38
    ], 
    [
      2.58, 
      4.33
    ], 
    [
      2.57, 
      4.32
    ], 
    [
      2.57, 
      2.85
    ], 
    [
      2.58, 
      2.84
    ], 
    [
      2.68, 
      2.84
    ], 
    [
      2.69, 
      2.85
    ], 
    [
      2.69, 
      4.29
    ], 
    [
      3.23, 
      4.29
    ], 
    [
      3.24, 
      4.3
    ], 
    [
      4.17, 
      4.3
    ], 
    [
      4.18, 
      4.31
    ], 
    [
      5.11, 
      4.31
    ], 
    [
      5.12, 
      4.32
    ], 
    [
      6.05, 
      4.32
    ], 
    [
      6.06, 
      4.33
    ], 
    [
      6.99, 
      4.33
    ], 
    [
      7.0, 
      4.34
    ], 
    [
      7.36, 
      4.34
    ], 
    [
      7.36, 
      3.22
    ], 
    [
      7.37, 
      3.21
    ], 
    [
      7.47, 
      3.21
    ], 
    [
      7.48, 
      3.22
    ], 
    [
      7.47, 
      3.23
    ], 
    [
      7.48, 
      3.24
    ], 
    [
      7.48, 
      4.44
    ], 
    [
      7.46, 
      4.46
    ], 
    [
      3.44, 
      4.46
    ], 
    [
      3.44, 
      6.83
    ], 
    [
      9.85, 
      6.83
    ], 
    [
      9.85, 
      1.87
    ], 
    [
      7.48, 
      1.87
    ], 
    [
      7.48, 
      2.2
    ], 
    [
      7.47, 
      2.21
    ], 
    [
      7.37, 
      2.21
    ], 
    [
      7.36, 
      2.2
    ], 
    [
      7.36, 
      1.76
    ], 
    [
      7.35, 
      1.75
    ], 
    [
      7.35, 
      0.1
    ]
  ], 
  "bbox": {
    "max": [
      9.85, 
      6.84
    ], 
    "min": [
      0.1, 
      0.1
    ]
  }, 
  "id": "76e819821be6c9079e4f822b68bc9777"
}