{
  "room_category": {
    "Room": {
      "simulation_statistics": [
        {
          "not_completed_agents": 0, 
          "max_evacuation_time": 53.799465, 
          "min_evacuation_time": 3.999997, 
          "exit_flow_rate": 6.226827720312833, 
          "completed_agents": 335, 
          "max_traveled_distance": 56.809227, 
          "avg_evacuation_time": 29.91339731343284, 
          "avg_traveled_distance": 35.5888082358209, 
          "min_traveled_distance": 3.973521
        }
      ], 
      "bounds": [
        [
          -38.31, 
          -39.18, 
          0.97, 
          3.46
        ], 
        [
          3.12, 
          0.96, 
          3.91, 
          2.51
        ]
      ]
    }, 
    "Bedroom": {
      "simulation_statistics": [
        {
          "not_completed_agents": 0, 
          "max_evacuation_time": 0.8, 
          "min_evacuation_time": 0.0, 
          "exit_flow_rate": 2.5, 
          "completed_agents": 2, 
          "max_traveled_distance": 0.719354, 
          "avg_evacuation_time": 0.4, 
          "avg_traveled_distance": 0.359677, 
          "min_traveled_distance": 0.0
        }
      ], 
      "bounds": [
        [
          0.15, 
          -0.02, 
          3.2, 
          3.46
        ]
      ]
    }
  }, 
  "room_num": 4, 
  "verts": [
    [
      0.94, 
      0.1
    ], 
    [
      0.93, 
      0.11
    ], 
    [
      0.93, 
      1.55
    ], 
    [
      0.91, 
      1.57
    ], 
    [
      0.82, 
      1.57
    ], 
    [
      0.81, 
      1.58
    ], 
    [
      0.11, 
      1.58
    ], 
    [
      0.1, 
      1.59
    ], 
    [
      0.1, 
      3.35
    ], 
    [
      3.09, 
      3.35
    ], 
    [
      3.09, 
      2.52
    ], 
    [
      3.1, 
      2.51
    ], 
    [
      3.1, 
      2.42
    ], 
    [
      3.12, 
      2.4
    ], 
    [
      3.91, 
      2.4
    ], 
    [
      3.93, 
      2.42
    ], 
    [
      3.93, 
      3.35
    ], 
    [
      4.77, 
      3.35
    ], 
    [
      4.77, 
      0.1
    ], 
    [
      3.94, 
      0.1
    ], 
    [
      3.93, 
      0.11
    ], 
    [
      3.93, 
      1.04
    ], 
    [
      3.91, 
      1.06
    ], 
    [
      3.82, 
      1.06
    ], 
    [
      3.81, 
      1.07
    ], 
    [
      3.21, 
      1.07
    ], 
    [
      3.2, 
      1.06
    ], 
    [
      3.12, 
      1.06
    ], 
    [
      3.1, 
      1.04
    ], 
    [
      3.1, 
      0.96
    ], 
    [
      3.09, 
      0.95
    ], 
    [
      3.09, 
      0.1
    ]
  ], 
  "bbox": {
    "max": [
      4.77, 
      3.35
    ], 
    "min": [
      0.1, 
      0.1
    ]
  }, 
  "id": "78c08c3abb4ac012990cc951396a1b1f"
}