{
  "room_category": {
    "Room": {
      "simulation_statistics": [
        {
          "not_completed_agents": 0, 
          "max_evacuation_time": 7.50001, 
          "min_evacuation_time": 4.049997, 
          "exit_flow_rate": 0.9333320888905482, 
          "completed_agents": 7, 
          "max_traveled_distance": 9.491047, 
          "avg_evacuation_time": 5.471431142857143, 
          "avg_traveled_distance": 7.089446857142858, 
          "min_traveled_distance": 5.729124
        }, 
        {
          "not_completed_agents": 0, 
          "max_evacuation_time": 8.150013, 
          "min_evacuation_time": 3.999997, 
          "exit_flow_rate": 0.8588943355059679, 
          "completed_agents": 7, 
          "max_traveled_distance": 8.060575, 
          "avg_evacuation_time": 6.157148142857143, 
          "avg_traveled_distance": 7.016888714285714, 
          "min_traveled_distance": 5.045351
        }
      ], 
      "bounds": [
        [
          4.48, 
          4.47, 
          10.29, 
          10.28
        ], 
        [
          -0.76, 
          4.47, 
          5.18, 
          10.28
        ]
      ]
    }, 
    "Bedroom": {
      "simulation_statistics": [
        {
          "not_completed_agents": 0, 
          "max_evacuation_time": 6.850008, 
          "min_evacuation_time": 2.949998, 
          "exit_flow_rate": 0.8759113857969217, 
          "completed_agents": 6, 
          "max_traveled_distance": 7.867442, 
          "avg_evacuation_time": 4.941668166666667, 
          "avg_traveled_distance": 6.336897666666666, 
          "min_traveled_distance": 3.785564
        }, 
        {
          "not_completed_agents": 0, 
          "max_evacuation_time": 1.999999, 
          "min_evacuation_time": 0.0, 
          "exit_flow_rate": 2.500001250000625, 
          "completed_agents": 5, 
          "max_traveled_distance": 2.461837, 
          "avg_evacuation_time": 1.0699998000000002, 
          "avg_traveled_distance": 1.3253218, 
          "min_traveled_distance": 0.0
        }
      ], 
      "bounds": [
        [
          4.48, 
          -0.03, 
          10.29, 
          5.17
        ], 
        [
          -0.02, 
          -0.03, 
          5.18, 
          5.17
        ]
      ]
    }
  }, 
  "room_num": 5, 
  "verts": [
    [
      0.11, 
      0.1
    ], 
    [
      0.1, 
      0.11
    ], 
    [
      0.1, 
      5.07
    ], 
    [
      2.19, 
      5.07
    ], 
    [
      2.2, 
      5.08
    ], 
    [
      2.2, 
      5.18
    ], 
    [
      2.19, 
      5.19
    ], 
    [
      0.1, 
      5.19
    ], 
    [
      0.1, 
      10.16
    ], 
    [
      5.08, 
      10.16
    ], 
    [
      5.08, 
      8.1
    ], 
    [
      5.09, 
      8.09
    ], 
    [
      5.19, 
      8.09
    ], 
    [
      5.2, 
      8.1
    ], 
    [
      5.2, 
      10.16
    ], 
    [
      10.17, 
      10.16
    ], 
    [
      10.17, 
      5.19
    ], 
    [
      8.27, 
      5.19
    ], 
    [
      8.26, 
      5.18
    ], 
    [
      8.26, 
      5.08
    ], 
    [
      8.27, 
      5.07
    ], 
    [
      8.28, 
      5.08
    ], 
    [
      8.29, 
      5.08
    ], 
    [
      8.3, 
      5.07
    ], 
    [
      10.17, 
      5.07
    ], 
    [
      10.17, 
      0.1
    ], 
    [
      5.2, 
      0.1
    ], 
    [
      5.2, 
      2.06
    ], 
    [
      5.19, 
      2.07
    ], 
    [
      5.09, 
      2.07
    ], 
    [
      5.08, 
      2.06
    ], 
    [
      5.09, 
      2.05
    ], 
    [
      5.09, 
      2.04
    ], 
    [
      5.08, 
      2.03
    ], 
    [
      5.08, 
      0.1
    ]
  ], 
  "bbox": {
    "max": [
      10.17, 
      10.16
    ], 
    "min": [
      0.1, 
      0.1
    ]
  }, 
  "id": "7dfa1bf6310970d35a246565743de5af"
}