{
  "room_category": {
    "Toilet": {
      "simulation_statistics": [
        {
          "not_completed_agents": 0, 
          "max_evacuation_time": 3.849998, 
          "min_evacuation_time": 3.049998, 
          "exit_flow_rate": 0.5194807893406698, 
          "completed_agents": 2, 
          "max_traveled_distance": 4.31287, 
          "avg_evacuation_time": 3.449998, 
          "avg_traveled_distance": 4.0228665, 
          "min_traveled_distance": 3.732863
        }
      ], 
      "bounds": [
        [
          7.1, 
          2.25, 
          10.04, 
          6.42
        ]
      ]
    }, 
    "Room": [
      [
        7.91, 
        4.28, 
        9.71, 
        4.38
      ]
    ], 
    "Kitchen": {
      "simulation_statistics": [
        {
          "not_completed_agents": 0, 
          "max_evacuation_time": 2.049999, 
          "min_evacuation_time": 0.0, 
          "exit_flow_rate": 1.4634153480074867, 
          "completed_agents": 3, 
          "max_traveled_distance": 1.952196, 
          "avg_evacuation_time": 1.0166663333333334, 
          "avg_traveled_distance": 0.9399976666666667, 
          "min_traveled_distance": 0.0
        }
      ], 
      "bounds": [
        [
          2.41, 
          -0.01, 
          7.73, 
          2.96
        ]
      ]
    }
  }, 
  "room_num": 5, 
  "verts": [
    [
      4.98, 
      0.1
    ], 
    [
      4.97, 
      0.11
    ], 
    [
      2.53, 
      0.11
    ], 
    [
      2.52, 
      0.12
    ], 
    [
      2.52, 
      1.2
    ], 
    [
      2.53, 
      1.21
    ], 
    [
      2.53, 
      1.48
    ], 
    [
      2.52, 
      1.49
    ], 
    [
      2.52, 
      1.76
    ], 
    [
      2.53, 
      1.77
    ], 
    [
      2.53, 
      2.22
    ], 
    [
      3.19, 
      2.22
    ], 
    [
      3.2, 
      2.23
    ], 
    [
      3.89, 
      2.23
    ], 
    [
      3.9, 
      2.24
    ], 
    [
      3.9, 
      2.33
    ], 
    [
      3.89, 
      2.34
    ], 
    [
      2.43, 
      2.34
    ], 
    [
      2.41, 
      2.32
    ], 
    [
      2.41, 
      1.6
    ], 
    [
      0.11, 
      1.6
    ], 
    [
      0.1, 
      1.61
    ], 
    [
      0.1, 
      6.31
    ], 
    [
      7.65, 
      6.31
    ], 
    [
      7.65, 
      5.84
    ], 
    [
      7.66, 
      5.83
    ], 
    [
      7.75, 
      5.83
    ], 
    [
      7.76, 
      5.84
    ], 
    [
      7.76, 
      6.31
    ], 
    [
      9.93, 
      6.31
    ], 
    [
      9.93, 
      5.98
    ], 
    [
      9.92, 
      5.97
    ], 
    [
      9.92, 
      5.41
    ], 
    [
      9.91, 
      5.4
    ], 
    [
      9.91, 
      4.84
    ], 
    [
      9.9, 
      4.83
    ], 
    [
      9.9, 
      4.27
    ], 
    [
      9.89, 
      4.26
    ], 
    [
      9.89, 
      3.69
    ], 
    [
      9.88, 
      3.68
    ], 
    [
      9.88, 
      3.12
    ], 
    [
      9.87, 
      3.11
    ], 
    [
      9.87, 
      2.55
    ], 
    [
      9.86, 
      2.54
    ], 
    [
      9.86, 
      2.37
    ], 
    [
      7.74, 
      2.37
    ], 
    [
      7.73, 
      2.36
    ], 
    [
      5.75, 
      2.36
    ], 
    [
      5.74, 
      2.35
    ], 
    [
      5.74, 
      2.24
    ], 
    [
      5.75, 
      2.23
    ], 
    [
      6.75, 
      2.23
    ], 
    [
      6.76, 
      2.24
    ], 
    [
      7.62, 
      2.24
    ], 
    [
      7.62, 
      0.1
    ]
  ], 
  "bbox": {
    "max": [
      9.93, 
      6.31
    ], 
    "min": [
      0.1, 
      0.1
    ]
  }, 
  "id": "7e19e0cd7ba96af81887d298e5312428"
}