{
  "room_category": {
    "Toilet": {
      "simulation_statistics": [
        {
          "not_completed_agents": 0, 
          "max_evacuation_time": 150.004547, 
          "min_evacuation_time": 99.901497, 
          "exit_flow_rate": 0.01999939375171074, 
          "completed_agents": 3, 
          "max_traveled_distance": 104.341606, 
          "avg_evacuation_time": 124.56299880000002, 
          "avg_traveled_distance": 63.520345999999996, 
          "min_traveled_distance": 8.964161
        }
      ], 
      "bounds": [
        [
          27.04, 
          -0.04, 
          31.73, 
          5.82
        ]
      ]
    }, 
    "Bathroom": {
      "simulation_statistics": [
        {
          "not_completed_agents": 0, 
          "max_evacuation_time": 137.053757, 
          "min_evacuation_time": 70.499702, 
          "exit_flow_rate": 0.036482035293640296, 
          "completed_agents": 5, 
          "max_traveled_distance": 139.313385, 
          "avg_evacuation_time": 103.7817322, 
          "avg_traveled_distance": 103.43321080000001, 
          "min_traveled_distance": 73.567932
        }
      ], 
      "bounds": [
        [
          27.04, 
          -0.04, 
          31.73, 
          5.82
        ]
      ]
    }, 
    "Office": {
      "simulation_statistics": [
        {
          "not_completed_agents": 0, 
          "max_evacuation_time": 150.004547, 
          "min_evacuation_time": 7.150009, 
          "exit_flow_rate": 0.4999848437927685, 
          "completed_agents": 75, 
          "max_traveled_distance": 148.560608, 
          "avg_evacuation_time": 60.12646072727273, 
          "avg_traveled_distance": 69.02607735064936, 
          "min_traveled_distance": 5.593176
        }
      ], 
      "bounds": [
        [
          6.59, 
          -0.01, 
          31.73, 
          15.27
        ]
      ]
    }, 
    "Gym": {
      "simulation_statistics": [
        {
          "not_completed_agents": 0, 
          "max_evacuation_time": 3.649998, 
          "min_evacuation_time": 0.0, 
          "exit_flow_rate": 2.4657547757560416, 
          "completed_agents": 9, 
          "max_traveled_distance": 4.502923, 
          "avg_evacuation_time": 2.327776666666667, 
          "avg_traveled_distance": 2.9331551111111107, 
          "min_traveled_distance": 0.0
        }
      ], 
      "bounds": [
        [
          -0.02, 
          -0.02, 
          6.68, 
          6.84
        ]
      ]
    }, 
    "Living_Room": {
      "simulation_statistics": [
        {
          "not_completed_agents": 0, 
          "max_evacuation_time": 150.004547, 
          "min_evacuation_time": 9.650019, 
          "exit_flow_rate": 0.4866519146249613, 
          "completed_agents": 73, 
          "max_traveled_distance": 153.718033, 
          "avg_evacuation_time": 73.5722464025974, 
          "avg_traveled_distance": 78.60828941558441, 
          "min_traveled_distance": 1.938804
        }
      ], 
      "bounds": [
        [
          6.59, 
          -0.01, 
          31.73, 
          15.27
        ]
      ]
    }, 
    "Garage": {
      "simulation_statistics": [
        {
          "not_completed_agents": 0, 
          "max_evacuation_time": 125.503059, 
          "min_evacuation_time": 5.600003, 
          "exit_flow_rate": 0.10358313258324645, 
          "completed_agents": 13, 
          "max_traveled_distance": 149.206741, 
          "avg_evacuation_time": 54.01187761538461, 
          "avg_traveled_distance": 70.83651953846153, 
          "min_traveled_distance": 7.29853
        }
      ], 
      "bounds": [
        [
          -0.02, 
          6.24, 
          7.19, 
          15.02
        ]
      ]
    }, 
    "Bedroom": {
      "simulation_statistics": [
        {
          "not_completed_agents": 0, 
          "max_evacuation_time": 131.553421, 
          "min_evacuation_time": 51.999493, 
          "exit_flow_rate": 0.04560884813478169, 
          "completed_agents": 6, 
          "max_traveled_distance": 146.915924, 
          "avg_evacuation_time": 91.259519, 
          "avg_traveled_distance": 105.3478775, 
          "min_traveled_distance": 53.18325
        }, 
        {
          "not_completed_agents": 0, 
          "max_evacuation_time": 119.752708, 
          "min_evacuation_time": 46.449577, 
          "exit_flow_rate": 0.05010325110977866, 
          "completed_agents": 6, 
          "max_traveled_distance": 131.601532, 
          "avg_evacuation_time": 83.01735683333332, 
          "avg_traveled_distance": 87.722758, 
          "min_traveled_distance": 66.503677
        }, 
        {
          "not_completed_agents": 0, 
          "max_evacuation_time": 124.703011, 
          "min_evacuation_time": 17.300022, 
          "exit_flow_rate": 0.04811431537928142, 
          "completed_agents": 6, 
          "max_traveled_distance": 145.501007, 
          "avg_evacuation_time": 63.57568883333334, 
          "avg_traveled_distance": 72.61635716666666, 
          "min_traveled_distance": 22.455826
        }
      ], 
      "bounds": [
        [
          16.79, 
          -0.04, 
          21.98, 
          5.88
        ], 
        [
          11.69, 
          -0.04, 
          16.88, 
          5.82
        ], 
        [
          6.59, 
          -0.04, 
          11.78, 
          5.82
        ]
      ]
    }, 
    "Kitchen": {
      "simulation_statistics": [
        {
          "not_completed_agents": 0, 
          "max_evacuation_time": 117.352562, 
          "min_evacuation_time": 66.999489, 
          "exit_flow_rate": 0.05112798474736325, 
          "completed_agents": 6, 
          "max_traveled_distance": 125.116722, 
          "avg_evacuation_time": 88.76748416666668, 
          "avg_traveled_distance": 83.7650675, 
          "min_traveled_distance": 63.600941
        }
      ], 
      "bounds": [
        [
          21.89, 
          -0.04, 
          27.08, 
          5.88
        ]
      ]
    }
  }, 
  "room_num": 9,