{
  "room_category": {
    "Room": {
      "simulation_statistics": [
        {
          "not_completed_agents": 0, 
          "max_evacuation_time": 10.900023, 
          "min_evacuation_time": 3.599998, 
          "exit_flow_rate": 0.5504575540803905, 
          "completed_agents": 6, 
          "max_traveled_distance": 7.844017, 
          "avg_evacuation_time": 6.766674666666667, 
          "avg_traveled_distance": 6.319609833333334, 
          "min_traveled_distance": 4.454411
        }, 
        {
          "not_completed_agents": 0, 
          "max_evacuation_time": 2.049999, 
          "min_evacuation_time": 0.0, 
          "exit_flow_rate": 2.439025580012478, 
          "completed_agents": 5, 
          "max_traveled_distance": 2.663811, 
          "avg_evacuation_time": 0.7399998, 
          "avg_traveled_distance": 0.9084348, 
          "min_traveled_distance": 0.0
        }
      ], 
      "bounds": [
        [
          -0.01, 
          5.21, 
          7.83, 
          8.85
        ], 
        [
          1.65, 
          -0.02, 
          5.63, 
          6.13
        ]
      ]
    }, 
    "Office": {
      "simulation_statistics": [
        {
          "not_completed_agents": 0, 
          "max_evacuation_time": 12.150028, 
          "min_evacuation_time": 2.799999, 
          "exit_flow_rate": 0.49382602245854906, 
          "completed_agents": 6, 
          "max_traveled_distance": 8.478722, 
          "avg_evacuation_time": 6.858342333333333, 
          "avg_traveled_distance": 6.351160166666666, 
          "min_traveled_distance": 3.796712
        }
      ], 
      "bounds": [
        [
          -0.12, 
          5.17, 
          7.85, 
          8.94
        ]
      ]
    }
  }, 
  "room_num": 3, 
  "verts": [
    [
      1.78, 
      0.1
    ], 
    [
      1.77, 
      0.11
    ], 
    [
      1.77, 
      5.07
    ], 
    [
      2.74, 
      5.07
    ], 
    [
      2.75, 
      5.08
    ], 
    [
      2.75, 
      5.31
    ], 
    [
      2.74, 
      5.32
    ], 
    [
      0.1, 
      5.32
    ], 
    [
      0.1, 
      8.71
    ], 
    [
      7.69, 
      8.71
    ], 
    [
      7.69, 
      5.32
    ], 
    [
      4.0, 
      5.32
    ], 
    [
      3.99, 
      5.31
    ], 
    [
      3.99, 
      5.08
    ], 
    [
      4.0, 
      5.07
    ], 
    [
      4.73, 
      5.07
    ], 
    [
      4.73, 
      0.1
    ]
  ], 
  "bbox": {
    "max": [
      7.69, 
      8.71
    ], 
    "min": [
      0.1, 
      0.1
    ]
  }, 
  "id": "8091788e00a425b4cba46120eb0de6fc"
}