{
  "room_category": {
    "Hallway": {
      "simulation_statistics": [
        {
          "not_completed_agents": 0, 
          "max_evacuation_time": 5.350002, 
          "min_evacuation_time": 2.949998, 
          "exit_flow_rate": 0.5607474539261854, 
          "completed_agents": 3, 
          "max_traveled_distance": 5.702204, 
          "avg_evacuation_time": 4.083332333333334, 
          "avg_traveled_distance": 4.435008333333333, 
          "min_traveled_distance": 3.575777
        }
      ], 
      "bounds": [
        [
          5.06, 
          -0.02, 
          10.3, 
          3.25
        ]
      ]
    }, 
    "Dining_Room": {
      "simulation_statistics": [
        {
          "not_completed_agents": 0, 
          "max_evacuation_time": 12.150028, 
          "min_evacuation_time": 7.45001, 
          "exit_flow_rate": 0.49382602245854906, 
          "completed_agents": 6, 
          "max_traveled_distance": 13.480583, 
          "avg_evacuation_time": 9.741685666666667, 
          "avg_traveled_distance": 11.5585115, 
          "min_traveled_distance": 9.489987
        }
      ], 
      "bounds": [
        [
          10.15, 
          -0.05, 
          15.4, 
          5.2
        ]
      ]
    }, 
    "Living_Room": {
      "simulation_statistics": [
        {
          "not_completed_agents": 0, 
          "max_evacuation_time": 2.099999, 
          "min_evacuation_time": 0.35, 
          "exit_flow_rate": 2.380953514739769, 
          "completed_agents": 5, 
          "max_traveled_distance": 2.496309, 
          "avg_evacuation_time": 1.2399996, 
          "avg_traveled_distance": 1.5166154, 
          "min_traveled_distance": 0.479756
        }
      ], 
      "bounds": [
        [
          -0.05, 
          -0.02, 
          5.2, 
          5.2
        ]
      ]
    }
  }, 
  "room_num": 3, 
  "verts": [
    [
      0.11, 
      0.1
    ], 
    [
      0.1, 
      0.11
    ], 
    [
      0.1, 
      5.06
    ], 
    [
      5.06, 
      5.06
    ], 
    [
      5.06, 
      3.18
    ], 
    [
      5.07, 
      3.17
    ], 
    [
      5.07, 
      2.75
    ], 
    [
      5.08, 
      2.74
    ], 
    [
      5.18, 
      2.74
    ], 
    [
      5.19, 
      2.75
    ], 
    [
      5.19, 
      3.06
    ], 
    [
      10.17, 
      3.06
    ], 
    [
      10.17, 
      2.82
    ], 
    [
      10.18, 
      2.81
    ], 
    [
      10.28, 
      2.81
    ], 
    [
      10.29, 
      2.82
    ], 
    [
      10.29, 
      5.06
    ], 
    [
      15.26, 
      5.06
    ], 
    [
      15.26, 
      0.1
    ], 
    [
      10.29, 
      0.1
    ], 
    [
      10.29, 
      1.26
    ], 
    [
      10.28, 
      1.27
    ], 
    [
      10.18, 
      1.27
    ], 
    [
      10.17, 
      1.26
    ], 
    [
      10.17, 
      0.1
    ], 
    [
      5.19, 
      0.1
    ], 
    [
      5.19, 
      1.49
    ], 
    [
      5.18, 
      1.5
    ], 
    [
      5.08, 
      1.5
    ], 
    [
      5.07, 
      1.49
    ], 
    [
      5.07, 
      0.1
    ]
  ], 
  "bbox": {
    "max": [
      15.26, 
      5.06
    ], 
    "min": [
      0.1, 
      0.1
    ]
  }, 
  "id": "8180fbc5d5395a9590a2d602222e3769"
}