{
  "room_category": {
    "Toilet": {
      "simulation_statistics": [
        {
          "not_completed_agents": 0, 
          "max_evacuation_time": 30.249825, 
          "min_evacuation_time": 22.449944, 
          "exit_flow_rate": 0.0991741274536299, 
          "completed_agents": 3, 
          "max_traveled_distance": 24.011044, 
          "avg_evacuation_time": 25.916557666666666, 
          "avg_traveled_distance": 22.763966333333332, 
          "min_traveled_distance": 21.45521
        }
      ], 
      "bounds": [
        [
          -0.17, 
          18.5, 
          4.22, 
          21.41
        ]
      ]
    }, 
    "Bathroom": {
      "simulation_statistics": [
        {
          "not_completed_agents": 0, 
          "max_evacuation_time": 150.004547, 
          "min_evacuation_time": 18.799999, 
          "exit_flow_rate": 0.013332929167807159, 
          "completed_agents": 2, 
          "max_traveled_distance": 21.851486, 
          "avg_evacuation_time": 63.05150733333334, 
          "avg_traveled_distance": 15.731604666666668, 
          "min_traveled_distance": 4.357412
        }
      ], 
      "bounds": [
        [
          -0.17, 
          18.5, 
          4.22, 
          21.41
        ]
      ]
    }, 
    "Room": {
      "simulation_statistics": [
        {
          "not_completed_agents": 0, 
          "max_evacuation_time": 17.150024, 
          "min_evacuation_time": 17.150024, 
          "exit_flow_rate": 0.05830895630233521, 
          "completed_agents": 1, 
          "max_traveled_distance": 16.171968, 
          "avg_evacuation_time": 17.150024, 
          "avg_traveled_distance": 16.171968, 
          "min_traveled_distance": 16.171968
        }
      ], 
      "bounds": [
        [
          0.07, 
          12.87, 
          2.67, 
          15.68
        ], 
        [
          -0.02, 
          12.86, 
          0.1, 
          15.69
        ], 
        [
          0.01, 
          15.56, 
          2.68, 
          15.67
        ], 
        [
          -0.23, 
          12.84, 
          2.67, 
          12.96
        ]
      ]
    }, 
    "Living_Room": {
      "simulation_statistics": [
        {
          "not_completed_agents": 0, 
          "max_evacuation_time": 16.400036, 
          "min_evacuation_time": 2.249999, 
          "exit_flow_rate": 4.14633236170945, 
          "completed_agents": 68, 
          "max_traveled_distance": 20.569973, 
          "avg_evacuation_time": 8.89633942647059, 
          "avg_traveled_distance": 12.360533911764705, 
          "min_traveled_distance": 3.479852
        }
      ], 
      "bounds": [
        [
          -0.75, 
          -0.02, 
          15.15, 
          21.39
        ]
      ]
    }, 
    "Dining_Room": {
      "simulation_statistics": [
        {
          "not_completed_agents": 0, 
          "max_evacuation_time": 23.99992, 
          "min_evacuation_time": 0.0, 
          "exit_flow_rate": 2.8333427778092592, 
          "completed_agents": 68, 
          "max_traveled_distance": 29.859751, 
          "avg_evacuation_time": 9.191925352941176, 
          "avg_traveled_distance": 12.262143132352941, 
          "min_traveled_distance": 0.0
        }
      ], 
      "bounds": [
        [
          -0.75, 
          -0.02, 
          15.15, 
          21.39
        ]
      ]
    }, 
    "Kitchen": {
      "simulation_statistics": [
        {
          "not_completed_agents": 0, 
          "max_evacuation_time": 21.899952, 
          "min_evacuation_time": 0.0, 
          "exit_flow_rate": 3.1050296365946375, 
          "completed_agents": 68, 
          "max_traveled_distance": 26.925999, 
          "avg_evacuation_time": 9.072075308823528, 
          "avg_traveled_distance": 12.215121720588236, 
          "min_traveled_distance": 0.0
        }
      ], 
      "bounds": [
        [
          -0.75, 
          -0.02, 
          15.15, 
          21.39
        ]
      ]
    }
  }, 
  "room_num": 7, 
  "verts": [
    [
      0.11, 
      0.1
    ], 
    [
      0.1, 
      0.11
    ], 
    [
      0.1, 
      12.84
    ], 
    [
      2.67, 
      12.84
    ], 
    [
      2.68, 
      12.85
    ], 
    [
      2.68, 
      12.95
    ], 
    [
      2.67, 
      12.96
    ], 
    [
      2.66, 
      12.96
    ], 
    [
      2.66, 
      13.25
    ], 
    [
      2.65, 
      13.26
    ], 
    [
      2.55, 
      13.26
    ], 
    [
      2.54, 
      13.25
    ], 
    [
      2.54, 
      12.96
    ], 
    [
      0.11, 
      12.96
    ], 
    [
      0.11, 
      15.55
    ], 
    [
      2.54, 
      15.55
    ], 
    [
      2.54, 
      15.21
    ], 
    [
      2.55, 
      15.2
    ], 
    [
      2.65, 
      15.2
    ], 
    [
      2.66, 
      15.21
    ], 
    [
      2.66, 
      15.55
    ], 
    [
      2.68, 
      15.55
    ], 
    [
      2.69, 
      15.56
    ], 
    [
      2.69, 
      15.67
    ], 
    [
      2.68, 
      15.68
    ], 
    [
      2.66, 
      15.68
    ], 
    [
      2.65, 
      15.69
    ], 
    [
      2.55, 
      15.69
    ], 
    [
      2.54, 
      15.68
    ], 
    [
      0.11, 
      15.68
    ], 
    [
      0.11, 
      15.69
    ], 
    [
      0.1, 
      15.7
    ], 
    [
      0.1, 
      18.53
    ], 
    [
      0.59, 
      18.53
    ], 
    [
      0.6, 
      18.52
    ], 
    [
      1.79, 
      18.52
    ], 
    [
      1.8, 
      18.51
    ], 
    [
      2.98, 
      18.51
    ], 
    [
      2.99, 
      18.5
    ], 
    [
      3.63, 
      18.5
    ], 
    [
      3.64, 
      18.49
    ], 
    [
      3.68, 
      18.49
    ], 
    [
      3.69, 
      18.5
    ], 
    [
      3.69, 
      19.39
    ], 
    [
      3.68, 
      19.4
    ], 
    [
      3.59, 
      19.4
    ], 
    [
      3.58, 
      19.39
    ], 
    [
      3.58, 
      18.61
    ], 
    [
      2.99, 
      18.61
    ], 
    [
      2.98, 
      18.62
    ], 
    [
      1.8, 
      18.62
    ], 
    [
      1.79, 
      18.63
    ], 
    [
      0.6, 
      18.63
    ], 
    [
      0.59, 
      18.64
    ], 
    [
      0.25, 
      18.64
    ], 
    [
      0.25, 
      21.27
    ], 
    [
      3.58, 
      21.27
    ], 
    [
      3.58, 
      20.15
    ], 
    [
      3.59, 
      20.14
    ], 
    [
      3.68, 
      20.14
    ], 
    [
      3.69, 
      20.15
    ], 
    [
      3.69, 
      21.27
    ], 
    [
      14.4, 
      21.27
    ], 
    [
      14.4, 
      4.21
    ], 
    [
      4.51, 
      4.21
    ], 
    [
      4.49, 
      4.19
    ], 
    [
      4.49, 
      4.1
    ], 
    [
      4.48, 
      4.09
    ], 
    [
      4.48, 
      0.1
    ]
  ], 
  "bbox": {
    "max": [
      14.4, 
      21.27
    ], 
    "min": [
      0.1, 
      0.1
    ]
  }, 
  "id": "82e63ac39074335c0c216bbd06ce926c"
}