{
  "room_category": {
    "Living_Room": {
      "simulation_statistics": [
        {
          "not_completed_agents": 0, 
          "max_evacuation_time": 2.599999, 
          "min_evacuation_time": 0.5, 
          "exit_flow_rate": 2.6923087278110494, 
          "completed_agents": 7, 
          "max_traveled_distance": 3.171476, 
          "avg_evacuation_time": 1.5642852857142857, 
          "avg_traveled_distance": 1.9052785714285714, 
          "min_traveled_distance": 0.666201
        }
      ], 
      "bounds": [
        [
          -0.51, 
          -0.03, 
          5.76, 
          5.18
        ]
      ]
    }, 
    "Office": {
      "simulation_statistics": [
        {
          "not_completed_agents": 0, 
          "max_evacuation_time": 2.199999, 
          "min_evacuation_time": 0.0, 
          "exit_flow_rate": 3.1818196280998308, 
          "completed_agents": 7, 
          "max_traveled_distance": 2.689931, 
          "avg_evacuation_time": 1.085714, 
          "avg_traveled_distance": 1.232129, 
          "min_traveled_distance": 0.0
        }
      ], 
      "bounds": [
        [
          -0.51, 
          -0.03, 
          5.76, 
          5.18
        ]
      ]
    }
  }, 
  "room_num": 2, 
  "verts": [
    [
      0.11, 
      0.1
    ], 
    [
      0.1, 
      0.11
    ], 
    [
      0.1, 
      0.27
    ], 
    [
      0.11, 
      0.28
    ], 
    [
      0.11, 
      0.35
    ], 
    [
      0.12, 
      0.36
    ], 
    [
      0.12, 
      0.44
    ], 
    [
      0.13, 
      0.45
    ], 
    [
      0.13, 
      0.52
    ], 
    [
      0.14, 
      0.53
    ], 
    [
      0.14, 
      0.6
    ], 
    [
      0.15, 
      0.61
    ], 
    [
      0.15, 
      0.69
    ], 
    [
      0.16, 
      0.7
    ], 
    [
      0.16, 
      0.77
    ], 
    [
      0.17, 
      0.78
    ], 
    [
      0.17, 
      0.85
    ], 
    [
      0.18, 
      0.86
    ], 
    [
      0.18, 
      0.93
    ], 
    [
      0.19, 
      0.94
    ], 
    [
      0.19, 
      1.02
    ], 
    [
      0.2, 
      1.03
    ], 
    [
      0.2, 
      1.1
    ], 
    [
      0.21, 
      1.11
    ], 
    [
      0.21, 
      1.18
    ], 
    [
      0.22, 
      1.19
    ], 
    [
      0.22, 
      1.27
    ], 
    [
      0.23, 
      1.28
    ], 
    [
      0.23, 
      1.35
    ], 
    [
      0.24, 
      1.36
    ], 
    [
      0.24, 
      1.43
    ], 
    [
      0.25, 
      1.44
    ], 
    [
      0.25, 
      1.51
    ], 
    [
      0.26, 
      1.52
    ], 
    [
      0.26, 
      1.6
    ], 
    [
      0.27, 
      1.61
    ], 
    [
      0.27, 
      1.69
    ], 
    [
      0.28, 
      1.7
    ], 
    [
      0.28, 
      1.77
    ], 
    [
      0.29, 
      1.78
    ], 
    [
      0.29, 
      1.86
    ], 
    [
      0.3, 
      1.87
    ], 
    [
      0.3, 
      1.94
    ], 
    [
      0.31, 
      1.95
    ], 
    [
      0.31, 
      2.03
    ], 
    [
      0.32, 
      2.04
    ], 
    [
      0.32, 
      2.12
    ], 
    [
      0.33, 
      2.13
    ], 
    [
      0.33, 
      2.2
    ], 
    [
      0.34, 
      2.21
    ], 
    [
      0.34, 
      2.29
    ], 
    [
      0.35, 
      2.3
    ], 
    [
      0.35, 
      2.37
    ], 
    [
      0.36, 
      2.38
    ], 
    [
      0.36, 
      2.46
    ], 
    [
      0.37, 
      2.47
    ], 
    [
      0.37, 
      2.55
    ], 
    [
      0.38, 
      2.56
    ], 
    [
      0.38, 
      2.63
    ], 
    [
      0.39, 
      2.64
    ], 
    [
      0.39, 
      2.72
    ], 
    [
      0.4, 
      2.73
    ], 
    [
      0.4, 
      2.81
    ], 
    [
      0.41, 
      2.82
    ], 
    [
      0.41, 
      2.89
    ], 
    [
      0.42, 
      2.9
    ], 
    [
      0.42, 
      2.98
    ], 
    [
      0.43, 
      2.99
    ], 
    [
      0.43, 
      3.06
    ], 
    [
      0.44, 
      3.07
    ], 
    [
      0.44, 
      3.15
    ], 
    [
      0.45, 
      3.16
    ], 
    [
      0.45, 
      3.24
    ], 
    [
      0.46, 
      3.25
    ], 
    [
      0.46, 
      3.32
    ], 
    [
      0.47, 
      3.33
    ], 
    [
      0.47, 
      3.41
    ], 
    [
      0.48, 
      3.42
    ], 
    [
      0.48, 
      3.49
    ], 
    [
      0.49, 
      3.5
    ], 
    [
      0.49, 
      3.58
    ], 
    [
      0.5, 
      3.59
    ], 
    [
      0.5, 
      3.67
    ], 
    [
      0.51, 
      3.68
    ], 
    [
      0.51, 
      3.75
    ], 
    [
      0.52, 
      3.76
    ], 
    [
      0.52, 
      3.84
    ], 
    [
      0.53, 
      3.85
    ], 
    [
      0.53, 
      3.93
    ], 
    [
      0.54, 
      3.94
    ], 
    [
      0.54, 
      4.01
    ], 
    [
      0.55, 
      4.02
    ], 
    [
      0.55, 
      4.1
    ], 
    [
      0.56, 
      4.11
    ], 
    [
      0.56, 
      4.18
    ], 
    [
      0.57, 
      4.19
    ], 
    [
      0.57, 
      4.27
    ], 
    [
      0.58, 
      4.28
    ], 
    [
      0.58, 
      4.36
    ], 
    [
      0.59, 
      4.37
    ], 
    [
      0.59, 
      4.44
    ], 
    [
      0.6, 
      4.45
    ], 
    [
      0.6, 
      4.53
    ], 
    [
      0.61, 
      4.54
    ], 
    [
      0.61, 
      4.61
    ], 
    [
      0.62, 
      4.62
    ], 
    [
      0.62, 
      4.7
    ], 
    [
      0.63, 
      4.71
    ], 
    [
      0.63, 
      4.79
    ], 
    [
      0.64, 
      4.8
    ], 
    [
      0.64, 
      4.87
    ], 
    [
      0.65, 
      4.88
    ], 
    [
      0.65, 
      4.95
    ], 
    [
      0.66, 
      4.96
    ], 
    [
      0.66, 
      5.04
    ], 
    [
      0.67, 
      5.05
    ], 
    [
      0.67, 
      5.07
    ], 
    [
      5.65, 
      5.07
    ], 
    [
      5.65, 
      2.63
    ], 
    [
      5.66, 
      2.62
    ], 
    [
      5.76, 
      2.62
    ], 
    [
      5.77, 
      2.63
    ], 
    [
      5.77, 
      5.07
    ], 
    [
      8.75, 
      5.07
    ], 
    [
      8.75, 
      0.11
    ], 
    [
      5.77, 
      0.11
    ], 
    [
      5.77, 
      1.47
    ], 
    [
      5.76, 
      1.48
    ], 
    [
      5.66, 
      1.48
    ], 
    [
      5.65, 
      1.47
    ], 
    [
      5.65, 
      0.1
    ]
  ], 
  "bbox": {
    "max": [
      8.75, 
      5.07
    ], 
    "min": [
      0.1, 
      0.1
    ]
  }, 
  "id": "8337f60d2bb9fbe8c1474a9d3dafc574"
}