{
  "room_category": {
    "Garage": {
      "simulation_statistics": [
        {
          "not_completed_agents": 0, 
          "max_evacuation_time": 150.004547, 
          "min_evacuation_time": 22.549942, 
          "exit_flow_rate": 0.0066664645839035796, 
          "completed_agents": 1, 
          "max_traveled_distance": 26.133463, 
          "avg_evacuation_time": 128.76211283333333, 
          "avg_traveled_distance": 18.60366833333333, 
          "min_traveled_distance": 15.31704
        }, 
        {
          "not_completed_agents": 0, 
          "max_evacuation_time": 9.150017, 
          "min_evacuation_time": 5.400002, 
          "exit_flow_rate": 0.6557364866098063, 
          "completed_agents": 6, 
          "max_traveled_distance": 9.712975, 
          "avg_evacuation_time": 7.241676166666667, 
          "avg_traveled_distance": 7.678925333333333, 
          "min_traveled_distance": 5.893384
        }
      ], 
      "bounds": [
        [
          20.39, 
          2.05, 
          25.57, 
          7.77
        ], 
        [
          -0.01, 
          2.05, 
          5.17, 
          7.77
        ]
      ]
    }, 
    "Room": {
      "simulation_statistics": [
        {
          "not_completed_agents": 0, 
          "max_evacuation_time": 150.004547, 
          "min_evacuation_time": 150.004547, 
          "exit_flow_rate": 0.0, 
          "completed_agents": 0, 
          "max_traveled_distance": 19.611374, 
          "avg_evacuation_time": 150.004547, 
          "avg_traveled_distance": 12.983542375, 
          "min_traveled_distance": 0.822012
        }, 
        {
          "not_completed_agents": 0, 
          "max_evacuation_time": 150.004547, 
          "min_evacuation_time": 22.849937, 
          "exit_flow_rate": 0.026665858335614318, 
          "completed_agents": 4, 
          "max_traveled_distance": 31.20759, 
          "avg_evacuation_time": 50.6708228, 
          "avg_traveled_distance": 22.5076116, 
          "min_traveled_distance": 0.958584
        }, 
        {
          "not_completed_agents": 0, 
          "max_evacuation_time": 25.599895, 
          "min_evacuation_time": 3.149998, 
          "exit_flow_rate": 0.4296892623973653, 
          "completed_agents": 11, 
          "max_traveled_distance": 26.455772, 
          "avg_evacuation_time": 9.631812636363636, 
          "avg_traveled_distance": 11.203486272727273, 
          "min_traveled_distance": 3.889589
        }, 
        {
          "not_completed_agents": 0, 
          "max_evacuation_time": 2.199999, 
          "min_evacuation_time": 0.0, 
          "exit_flow_rate": 2.2727283057855936, 
          "completed_agents": 5, 
          "max_traveled_distance": 2.512184, 
          "avg_evacuation_time": 1.2899996, 
          "avg_traveled_distance": 1.5149788, 
          "min_traveled_distance": 0.0
        }, 
        {
          "not_completed_agents": 0, 
          "max_evacuation_time": 150.004547, 
          "min_evacuation_time": 7.150009, 
          "exit_flow_rate": 0.0066664645839035796, 
          "completed_agents": 1, 
          "max_traveled_distance": 16.932829, 
          "avg_evacuation_time": 121.43363939999999, 
          "avg_traveled_distance": 11.7555346, 
          "min_traveled_distance": 1.391193
        }, 
        {
          "not_completed_agents": 0, 
          "max_evacuation_time": 150.004547, 
          "min_evacuation_time": 150.004547, 
          "exit_flow_rate": 0.0, 
          "completed_agents": 0, 
          "max_traveled_distance": 20.398985, 
          "avg_evacuation_time": 150.004547, 
          "avg_traveled_distance": 13.164656400000002, 
          "min_traveled_distance": 1.233801
        }
      ], 
      "bounds": [
        [
          15.29, 
          5.09, 
          23.1, 
          10.29
        ], 
        [
          10.18, 
          5.09, 
          15.37, 
          10.29
        ], 
        [
          2.56, 
          5.09, 
          12.74, 
          10.29
        ], 
        [
          5.08, 
          -0.03, 
          10.27, 
          5.17
        ], 
        [
          10.18, 
          -0.03, 
          15.37, 
          5.17
        ], 
        [
          15.29, 
          -0.03, 
          20.47, 
          5.17
        ]
      ]
    }
  }, 
  "room_num": 8,