{
  "room_category": {
    "Toilet": {
      "simulation_statistics": [
        {
          "not_completed_agents": 0, 
          "max_evacuation_time": 21.899952, 
          "min_evacuation_time": 17.45002, 
          "exit_flow_rate": 0.18264880215262574, 
          "completed_agents": 4, 
          "max_traveled_distance": 27.226486, 
          "avg_evacuation_time": 19.837483499999998, 
          "avg_traveled_distance": 25.354797750000003, 
          "min_traveled_distance": 22.575659
        }, 
        {
          "not_completed_agents": 0, 
          "max_evacuation_time": 23.599926, 
          "min_evacuation_time": 21.049965, 
          "exit_flow_rate": 0.12711904266140495, 
          "completed_agents": 3, 
          "max_traveled_distance": 28.429876, 
          "avg_evacuation_time": 22.316612333333335, 
          "avg_traveled_distance": 27.770781, 
          "min_traveled_distance": 27.007435
        }
      ], 
      "bounds": [
        [
          21.78, 
          10.52, 
          26.63, 
          14.35
        ], 
        [
          22.41, 
          14.26, 
          26.63, 
          18.09
        ]
      ]
    }, 
    "Office": {
      "simulation_statistics": [
        {
          "not_completed_agents": 0, 
          "max_evacuation_time": 18.75, 
          "min_evacuation_time": 0.5, 
          "exit_flow_rate": 4.373333333333333, 
          "completed_agents": 82, 
          "max_traveled_distance": 24.255009, 
          "avg_evacuation_time": 9.698188865853659, 
          "avg_traveled_distance": 12.54924681707317, 
          "min_traveled_distance": 0.554115
        }
      ], 
      "bounds": [
        [
          -0.04, 
          -0.03, 
          22.54, 
          18.15
        ]
      ]
    }, 
    "Kitchen": {
      "simulation_statistics": [
        {
          "not_completed_agents": 0, 
          "max_evacuation_time": 26.249886, 
          "min_evacuation_time": 18.200008, 
          "exit_flow_rate": 0.34285863184320114, 
          "completed_agents": 9, 
          "max_traveled_distance": 31.824282, 
          "avg_evacuation_time": 22.066616, 
          "avg_traveled_distance": 28.003037666666664, 
          "min_traveled_distance": 23.930174
        }
      ], 
      "bounds": [
        [
          22.41, 
          -0.02, 
          26.61, 
          10.54
        ]
      ]
    }
  }, 
  "room_num": 4, 
  "verts": [
    [
      0.11, 
      0.1
    ], 
    [
      0.1, 
      0.11
    ], 
    [
      0.1, 
      17.98
    ], 
    [
      22.44, 
      17.98
    ], 
    [
      22.44, 
      15.55
    ], 
    [
      22.45, 
      15.54
    ], 
    [
      22.56, 
      15.54
    ], 
    [
      22.57, 
      15.55
    ], 
    [
      22.57, 
      16.84
    ], 
    [
      22.56, 
      16.85
    ], 
    [
      22.56, 
      17.98
    ], 
    [
      26.52, 
      17.98
    ], 
    [
      26.52, 
      14.37
    ], 
    [
      26.48, 
      14.37
    ], 
    [
      26.47, 
      14.36
    ], 
    [
      22.58, 
      14.36
    ], 
    [
      22.58, 
      14.55
    ], 
    [
      22.57, 
      14.56
    ], 
    [
      22.45, 
      14.56
    ], 
    [
      22.44, 
      14.55
    ], 
    [
      22.44, 
      14.0
    ], 
    [
      22.45, 
      13.99
    ], 
    [
      22.57, 
      13.99
    ], 
    [
      22.58, 
      14.0
    ], 
    [
      22.58, 
      14.25
    ], 
    [
      26.52, 
      14.25
    ], 
    [
      26.52, 
      10.63
    ], 
    [
      22.58, 
      10.63
    ], 
    [
      22.58, 
      13.0
    ], 
    [
      22.57, 
      13.01
    ], 
    [
      22.45, 
      13.01
    ], 
    [
      22.44, 
      13.0
    ], 
    [
      22.44, 
      10.24
    ], 
    [
      22.45, 
      10.23
    ], 
    [
      22.55, 
      10.23
    ], 
    [
      22.56, 
      10.24
    ], 
    [
      22.56, 
      10.44
    ], 
    [
      26.5, 
      10.44
    ], 
    [
      26.5, 
      0.1
    ], 
    [
      22.56, 
      0.1
    ], 
    [
      22.56, 
      9.24
    ], 
    [
      22.55, 
      9.25
    ], 
    [
      22.45, 
      9.25
    ], 
    [
      22.44, 
      9.24
    ], 
    [
      22.45, 
      9.23
    ], 
    [
      22.45, 
      9.04
    ], 
    [
      22.44, 
      9.03
    ], 
    [
      22.44, 
      0.1
    ]
  ], 
  "bbox": {
    "max": [
      26.52, 
      17.98
    ], 
    "min": [
      0.1, 
      0.1
    ]
  }, 
  "id": "88e51710ec23adb75f20b33c94cd349c"
}