{
  "room_category": {
    "Bathroom": {
      "simulation_statistics": [
        {
          "not_completed_agents": 0, 
          "max_evacuation_time": 45.049599, 
          "min_evacuation_time": 8.500014, 
          "exit_flow_rate": 0.1331865351343083, 
          "completed_agents": 6, 
          "max_traveled_distance": 30.018173, 
          "avg_evacuation_time": 23.133220166666664, 
          "avg_traveled_distance": 19.44746483333333, 
          "min_traveled_distance": 8.883247
        }
      ], 
      "bounds": [
        [
          11.54, 
          5.54, 
          18.12, 
          9.84
        ]
      ]
    }, 
    "Office": {
      "simulation_statistics": [
        {
          "not_completed_agents": 0, 
          "max_evacuation_time": 30.649818, 
          "min_evacuation_time": 12.200028, 
          "exit_flow_rate": 0.13050648457357888, 
          "completed_agents": 4, 
          "max_traveled_distance": 24.364681, 
          "avg_evacuation_time": 21.837431249999998, 
          "avg_traveled_distance": 20.846715500000002, 
          "min_traveled_distance": 16.774513
        }
      ], 
      "bounds": [
        [
          11.7, 
          9.22, 
          17.96, 
          12.1
        ]
      ]
    }, 
    "Guest_Room": {
      "simulation_statistics": [
        {
          "not_completed_agents": 0, 
          "max_evacuation_time": 28.649849, 
          "min_evacuation_time": 11.300025, 
          "exit_flow_rate": 0.2094251875463637, 
          "completed_agents": 6, 
          "max_traveled_distance": 24.345974, 
          "avg_evacuation_time": 21.5499425, 
          "avg_traveled_distance": 20.521112666666667, 
          "min_traveled_distance": 15.462276
        }
      ], 
      "bounds": [
        [
          6.73, 
          6.5, 
          12.32, 
          12.1
        ]
      ]
    }, 
    "Living_Room": {
      "simulation_statistics": [
        {
          "not_completed_agents": 0, 
          "max_evacuation_time": 47.749557, 
          "min_evacuation_time": 9.150017, 
          "exit_flow_rate": 0.2722538347319117, 
          "completed_agents": 13, 
          "max_traveled_distance": 38.623589, 
          "avg_evacuation_time": 23.242220153846155, 
          "avg_traveled_distance": 21.05470846153846, 
          "min_traveled_distance": 11.863774
        }
      ], 
      "bounds": [
        [
          4.23, 
          0.63, 
          12.69, 
          8.22
        ]
      ]
    }, 
    "Bedroom": {
      "simulation_statistics": [
        {
          "not_completed_agents": 0, 
          "max_evacuation_time": 42.599636, 
          "min_evacuation_time": 17.500019, 
          "exit_flow_rate": 0.14084627389773943, 
          "completed_agents": 6, 
          "max_traveled_distance": 29.933573, 
          "avg_evacuation_time": 30.5748195, 
          "avg_traveled_distance": 25.1596045, 
          "min_traveled_distance": 18.887493
        }, 
        {
          "not_completed_agents": 0, 
          "max_evacuation_time": 41.349655, 
          "min_evacuation_time": 21.749954, 
          "exit_flow_rate": 0.14510399179872238, 
          "completed_agents": 6, 
          "max_traveled_distance": 26.951118, 
          "avg_evacuation_time": 32.974782999999995, 
          "avg_traveled_distance": 25.082948333333334, 
          "min_traveled_distance": 22.166426
        }, 
        {
          "not_completed_agents": 0, 
          "max_evacuation_time": 40.39967, 
          "min_evacuation_time": 22.899937, 
          "exit_flow_rate": 0.14851606461141886, 
          "completed_agents": 6, 
          "max_traveled_distance": 29.056137, 
          "avg_evacuation_time": 32.35812583333333, 
          "avg_traveled_distance": 26.20339733333333, 
          "min_traveled_distance": 22.565195
        }
      ], 
      "bounds": [
        [
          -0.02, 
          7.6, 
          7.36, 
          12.0
        ], 
        [
          17.33, 
          6.52, 
          22.52, 
          12.0
        ], 
        [
          -0.02, 
          1.26, 
          4.37, 
          8.22
        ]
      ]
    }, 
    "Dining_Room": {
      "simulation_statistics": [
        {
          "not_completed_agents": 0, 
          "max_evacuation_time": 3.899997, 
          "min_evacuation_time": 0.0, 
          "exit_flow_rate": 1.7948731755434684, 
          "completed_agents": 7, 
          "max_traveled_distance": 4.160512, 
          "avg_evacuation_time": 1.664285, 
          "avg_traveled_distance": 1.9170534285714285, 
          "min_traveled_distance": 0.0
        }
      ], 
      "bounds": [
        [
          17.33, 
          -0.02, 
          22.55, 
          6.61
        ]
      ]
    }, 
    "Kitchen": {
      "simulation_statistics": [
        {
          "not_completed_agents": 0, 
          "max_evacuation_time": 13.350033, 
          "min_evacuation_time": 5.600003, 
          "exit_flow_rate": 0.37453090939925016, 
          "completed_agents": 5, 
          "max_traveled_distance": 12.323055, 
          "avg_evacuation_time": 8.1000128, 
          "avg_traveled_distance": 8.7747096, 
          "min_traveled_distance": 6.030729
        }
      ], 
      "bounds": [
        [
          12.5, 
          1.26, 
          17.42, 
          6.61
        ]
      ]
    }
  }, 
  "room_num": 9,