{
  "room_category": {
    "Dining_Room": {
      "simulation_statistics": [
        {
          "not_completed_agents": 0, 
          "max_evacuation_time": 150.004547, 
          "min_evacuation_time": 0.0, 
          "exit_flow_rate": 0.04666525208732506, 
          "completed_agents": 7, 
          "max_traveled_distance": 11.930516, 
          "avg_evacuation_time": 57.710747181818185, 
          "avg_traveled_distance": 7.036904727272727, 
          "min_traveled_distance": 0.0
        }
      ], 
      "bounds": [
        [
          -0.34, 
          -0.05, 
          7.43, 
          7.32
        ]
      ]
    }, 
    "Bedroom": {
      "simulation_statistics": [
        {
          "not_completed_agents": 0, 
          "max_evacuation_time": 0.6, 
          "min_evacuation_time": 0.0, 
          "exit_flow_rate": 5.0, 
          "completed_agents": 3, 
          "max_traveled_distance": 0.615696, 
          "avg_evacuation_time": 0.19999999999999998, 
          "avg_traveled_distance": 0.205232, 
          "min_traveled_distance": 0.0
        }
      ], 
      "bounds": [
        [
          -0.11, 
          -0.05, 
          3.62, 
          3.67
        ]
      ]
    }
  }, 
  "room_num": 2, 
  "verts": [
    [
      0.11, 
      0.1
    ], 
    [
      0.1, 
      0.11
    ], 
    [
      0.1, 
      0.67
    ], 
    [
      0.11, 
      0.68
    ], 
    [
      0.11, 
      1.19
    ], 
    [
      0.12, 
      1.2
    ], 
    [
      0.12, 
      1.6
    ], 
    [
      0.13, 
      1.61
    ], 
    [
      0.13, 
      2.02
    ], 
    [
      0.14, 
      2.03
    ], 
    [
      0.14, 
      2.23
    ], 
    [
      0.13, 
      2.24
    ], 
    [
      0.12, 
      2.24
    ], 
    [
      0.13, 
      2.25
    ], 
    [
      0.13, 
      3.45
    ], 
    [
      0.14, 
      3.46
    ], 
    [
      0.14, 
      4.02
    ], 
    [
      0.15, 
      4.03
    ], 
    [
      0.15, 
      4.92
    ], 
    [
      0.16, 
      4.93
    ], 
    [
      0.16, 
      5.82
    ], 
    [
      0.17, 
      5.83
    ], 
    [
      0.17, 
      5.99
    ], 
    [
      0.16, 
      6.0
    ], 
    [
      0.16, 
      6.31
    ], 
    [
      0.17, 
      6.32
    ], 
    [
      0.17, 
      6.88
    ], 
    [
      0.18, 
      6.89
    ], 
    [
      0.18, 
      7.06
    ], 
    [
      7.32, 
      7.06
    ], 
    [
      7.32, 
      6.78
    ], 
    [
      7.31, 
      6.77
    ], 
    [
      7.31, 
      5.98
    ], 
    [
      7.3, 
      5.97
    ], 
    [
      7.3, 
      5.18
    ], 
    [
      7.29, 
      5.17
    ], 
    [
      7.29, 
      4.38
    ], 
    [
      7.28, 
      4.37
    ], 
    [
      7.28, 
      3.55
    ], 
    [
      7.27, 
      3.54
    ], 
    [
      7.27, 
      2.79
    ], 
    [
      7.26, 
      2.78
    ], 
    [
      7.26, 
      1.99
    ], 
    [
      7.25, 
      1.98
    ], 
    [
      7.25, 
      1.19
    ], 
    [
      7.24, 
      1.18
    ], 
    [
      7.24, 
      1.02
    ], 
    [
      7.25, 
      1.01
    ], 
    [
      7.25, 
      0.74
    ], 
    [
      7.24, 
      0.73
    ], 
    [
      7.24, 
      0.24
    ], 
    [
      7.23, 
      0.23
    ], 
    [
      7.23, 
      0.1
    ], 
    [
      3.63, 
      0.1
    ], 
    [
      3.63, 
      3.67
    ], 
    [
      3.62, 
      3.68
    ], 
    [
      0.76, 
      3.68
    ], 
    [
      0.75, 
      3.67
    ], 
    [
      0.75, 
      3.58
    ], 
    [
      0.76, 
      3.57
    ], 
    [
      3.51, 
      3.57
    ], 
    [
      3.51, 
      0.1
    ]
  ], 
  "bbox": {
    "max": [
      7.32, 
      7.06
    ], 
    "min": [
      0.1, 
      0.1
    ]
  }, 
  "id": "8b3faa6ed44381eb1554176f2bdba3cd"
}