{
  "room_category": {
    "Dining_Room": {
      "simulation_statistics": [
        {
          "not_completed_agents": 0, 
          "max_evacuation_time": 150.004547, 
          "min_evacuation_time": 34.899754, 
          "exit_flow_rate": 0.0666646458390358, 
          "completed_agents": 10, 
          "max_traveled_distance": 63.264709, 
          "avg_evacuation_time": 58.55922045454545, 
          "avg_traveled_distance": 45.51085181818182, 
          "min_traveled_distance": 38.0019
        }
      ], 
      "bounds": [
        [
          19.87, 
          12.65, 
          28.08, 
          19.41
        ]
      ]
    }, 
    "Living_Room": {
      "simulation_statistics": [
        {
          "not_completed_agents": 0, 
          "max_evacuation_time": 64.099312, 
          "min_evacuation_time": 23.799923, 
          "exit_flow_rate": 0.14040712324650226, 
          "completed_agents": 9, 
          "max_traveled_distance": 54.235901, 
          "avg_evacuation_time": 36.716393000000004, 
          "avg_traveled_distance": 35.68732077777778, 
          "min_traveled_distance": 27.420189
        }
      ], 
      "bounds": [
        [
          11.77, 
          14.55, 
          20.6, 
          19.41
        ]
      ]
    }, 
    "Room": {
      "simulation_statistics": [
        {
          "not_completed_agents": 0, 
          "max_evacuation_time": 150.004547, 
          "min_evacuation_time": 45.699589, 
          "exit_flow_rate": 0.026665858335614318, 
          "completed_agents": 4, 
          "max_traveled_distance": 59.784088, 
          "avg_evacuation_time": 76.160434, 
          "avg_traveled_distance": 54.6120544, 
          "min_traveled_distance": 46.401909
        }, 
        {
          "not_completed_agents": 0, 
          "max_evacuation_time": 77.000099, 
          "min_evacuation_time": 36.899723, 
          "exit_flow_rate": 0.16883095176280227, 
          "completed_agents": 13, 
          "max_traveled_distance": 66.496841, 
          "avg_evacuation_time": 60.76118084615385, 
          "avg_traveled_distance": 54.64068046153846, 
          "min_traveled_distance": 38.86211
        }, 
        {
          "not_completed_agents": 0, 
          "max_evacuation_time": 27.399868, 
          "min_evacuation_time": 11.750027, 
          "exit_flow_rate": 0.40146178806408844, 
          "completed_agents": 11, 
          "max_traveled_distance": 23.722839, 
          "avg_evacuation_time": 18.577255545454545, 
          "avg_traveled_distance": 18.064171, 
          "min_traveled_distance": 13.334961
        }, 
        {
          "not_completed_agents": 0, 
          "max_evacuation_time": 17.750015, 
          "min_evacuation_time": 6.050005, 
          "exit_flow_rate": 0.33802788335671824, 
          "completed_agents": 6, 
          "max_traveled_distance": 13.288445, 
          "avg_evacuation_time": 9.666679833333333, 
          "avg_traveled_distance": 10.166895833333333, 
          "min_traveled_distance": 8.350386
        }, 
        {
          "not_completed_agents": 0, 
          "max_evacuation_time": 150.004547, 
          "min_evacuation_time": 44.649605, 
          "exit_flow_rate": 0.07333111042293938, 
          "completed_agents": 11, 
          "max_traveled_distance": 65.370216, 
          "avg_evacuation_time": 68.05842341666667, 
          "avg_traveled_distance": 57.50088825, 
          "min_traveled_distance": 47.084988
        }
      ], 
      "bounds": [
        [
          23.0, 
          7.56, 
          28.05, 
          12.8
        ], 
        [
          19.87, 
          -0.02, 
          28.05, 
          7.65
        ], 
        [
          -0.02, 
          12.66, 
          7.95, 
          19.38
        ], 
        [
          -0.02, 
          7.56, 
          5.45, 
          12.75
        ], 
        [
          8.76, 
          -0.02, 
          19.96, 
          5.15
        ]
      ]
    }, 
    "Bedroom": {
      "simulation_statistics": [
        {
          "not_completed_agents": 0, 
          "max_evacuation_time": 31.599804, 
          "min_evacuation_time": 0.0, 
          "exit_flow_rate": 0.4430407226576469, 
          "completed_agents": 14, 
          "max_traveled_distance": 34.516788, 
          "avg_evacuation_time": 6.439258000000001, 
          "avg_traveled_distance": 7.527752928571428, 
          "min_traveled_distance": 0.0
        }
      ], 
      "bounds": [
        [
          -0.02, 
          -0.02, 
          8.85, 
          7.65
        ]
      ]
    }
  }, 
  "room_num": 9,