{
  "room_category": {
    "Dining_Room": {
      "simulation_statistics": [
        {
          "not_completed_agents": 0, 
          "max_evacuation_time": 3.499998, 
          "min_evacuation_time": 0.6, 
          "exit_flow_rate": 2.000001142857796, 
          "completed_agents": 7, 
          "max_traveled_distance": 4.333727, 
          "avg_evacuation_time": 2.192856, 
          "avg_traveled_distance": 2.7961341428571425, 
          "min_traveled_distance": 0.509318
        }
      ], 
      "bounds": [
        [
          0.4, 
          -0.02, 
          7.86, 
          4.94
        ]
      ]
    }, 
    "Bedroom": {
      "simulation_statistics": [
        {
          "not_completed_agents": 0, 
          "max_evacuation_time": 11.300025, 
          "min_evacuation_time": 1.899999, 
          "exit_flow_rate": 0.6194676560450088, 
          "completed_agents": 7, 
          "max_traveled_distance": 12.218811, 
          "avg_evacuation_time": 7.692869857142858, 
          "avg_traveled_distance": 8.341561714285714, 
          "min_traveled_distance": 2.143241
        }
      ], 
      "bounds": [
        [
          -0.01, 
          3.98, 
          7.85, 
          8.65
        ]
      ]
    }
  }, 
  "room_num": 2, 
  "verts": [
    [
      0.52, 
      0.1
    ], 
    [
      0.51, 
      0.11
    ], 
    [
      0.51, 
      4.78
    ], 
    [
      0.68, 
      4.78
    ], 
    [
      0.69, 
      4.79
    ], 
    [
      1.37, 
      4.79
    ], 
    [
      1.38, 
      4.8
    ], 
    [
      2.06, 
      4.8
    ], 
    [
      2.07, 
      4.81
    ], 
    [
      2.75, 
      4.81
    ], 
    [
      2.76, 
      4.82
    ], 
    [
      3.44, 
      4.82
    ], 
    [
      3.45, 
      4.83
    ], 
    [
      4.13, 
      4.83
    ], 
    [
      4.14, 
      4.84
    ], 
    [
      6.54, 
      4.84
    ], 
    [
      6.55, 
      4.85
    ], 
    [
      6.55, 
      4.87
    ], 
    [
      6.56, 
      4.88
    ], 
    [
      6.56, 
      4.9
    ], 
    [
      6.55, 
      4.91
    ], 
    [
      6.55, 
      4.97
    ], 
    [
      6.54, 
      4.98
    ], 
    [
      6.16, 
      4.98
    ], 
    [
      6.15, 
      4.97
    ], 
    [
      5.38, 
      4.97
    ], 
    [
      5.37, 
      4.96
    ], 
    [
      0.41, 
      4.96
    ], 
    [
      0.39, 
      4.94
    ], 
    [
      0.39, 
      4.9
    ], 
    [
      0.14, 
      4.9
    ], 
    [
      0.13, 
      4.91
    ], 
    [
      0.13, 
      5.41
    ], 
    [
      0.12, 
      5.42
    ], 
    [
      0.12, 
      6.43
    ], 
    [
      0.11, 
      6.44
    ], 
    [
      0.11, 
      7.45
    ], 
    [
      0.1, 
      7.46
    ], 
    [
      0.1, 
      7.87
    ], 
    [
      0.52, 
      7.87
    ], 
    [
      0.53, 
      7.86
    ], 
    [
      1.26, 
      7.86
    ], 
    [
      1.27, 
      7.85
    ], 
    [
      1.99, 
      7.85
    ], 
    [
      2.0, 
      7.84
    ], 
    [
      2.72, 
      7.84
    ], 
    [
      2.73, 
      7.83
    ], 
    [
      3.46, 
      7.83
    ], 
    [
      3.47, 
      7.82
    ], 
    [
      3.91, 
      7.82
    ], 
    [
      3.92, 
      7.81
    ], 
    [
      4.62, 
      7.81
    ], 
    [
      4.63, 
      7.8
    ], 
    [
      5.34, 
      7.8
    ], 
    [
      5.35, 
      7.79
    ], 
    [
      6.05, 
      7.79
    ], 
    [
      6.06, 
      7.78
    ], 
    [
      6.76, 
      7.78
    ], 
    [
      6.77, 
      7.77
    ], 
    [
      7.48, 
      7.77
    ], 
    [
      7.49, 
      7.76
    ], 
    [
      7.74, 
      7.76
    ], 
    [
      7.74, 
      2.47
    ], 
    [
      7.75, 
      2.46
    ], 
    [
      7.75, 
      0.1
    ]
  ], 
  "bbox": {
    "max": [
      7.75, 
      7.87
    ], 
    "min": [
      0.1, 
      0.1
    ]
  }, 
  "id": "8c274f2d1bbb0a9b09c5b622e93ad76a"
}