{
  "room_category": {
    "Toilet": {
      "simulation_statistics": [
        {
          "not_completed_agents": 0, 
          "max_evacuation_time": 43.399624, 
          "min_evacuation_time": 23.34993, 
          "exit_flow_rate": 0.2073750685028976, 
          "completed_agents": 9, 
          "max_traveled_distance": 46.728012, 
          "avg_evacuation_time": 34.771977666666665, 
          "avg_traveled_distance": 37.198144666666664, 
          "min_traveled_distance": 28.957111
        }, 
        {
          "not_completed_agents": 0, 
          "max_evacuation_time": 24.899906, 
          "min_evacuation_time": 12.60003, 
          "exit_flow_rate": 0.24096476508786818, 
          "completed_agents": 6, 
          "max_traveled_distance": 22.852362, 
          "avg_evacuation_time": 18.29165766666667, 
          "avg_traveled_distance": 19.6808995, 
          "min_traveled_distance": 15.681524
        }
      ], 
      "bounds": [
        [
          25.12, 
          8.35, 
          33.66, 
          13.6
        ], 
        [
          12.37, 
          0.62, 
          17.55, 
          6.46
        ]
      ]
    }, 
    "Bathroom": {
      "simulation_statistics": [
        {
          "not_completed_agents": 0, 
          "max_evacuation_time": 47.499561, 
          "min_evacuation_time": 21.949951, 
          "exit_flow_rate": 0.1894754353624447, 
          "completed_agents": 9, 
          "max_traveled_distance": 44.502789, 
          "avg_evacuation_time": 33.12755833333333, 
          "avg_traveled_distance": 34.12168455555556, 
          "min_traveled_distance": 27.209106
        }, 
        {
          "not_completed_agents": 0, 
          "max_evacuation_time": 18.300007, 
          "min_evacuation_time": 11.500026, 
          "exit_flow_rate": 0.32786872704474923, 
          "completed_agents": 6, 
          "max_traveled_distance": 21.301424, 
          "avg_evacuation_time": 14.066694833333335, 
          "avg_traveled_distance": 16.925222666666667, 
          "min_traveled_distance": 13.243931
        }
      ], 
      "bounds": [
        [
          25.12, 
          8.35, 
          33.66, 
          13.6
        ], 
        [
          12.37, 
          0.62, 
          17.55, 
          6.46
        ]
      ]
    }, 
    "Room": {
      "simulation_statistics": [
        {
          "not_completed_agents": 0, 
          "max_evacuation_time": 19.849983, 
          "min_evacuation_time": 12.250029, 
          "exit_flow_rate": 0.3526451382855088, 
          "completed_agents": 7, 
          "max_traveled_distance": 26.019873, 
          "avg_evacuation_time": 16.485728857142856, 
          "avg_traveled_distance": 21.625496571428574, 
          "min_traveled_distance": 16.109907
        }
      ], 
      "bounds": [
        [
          14.31, 
          5.83, 
          27.76, 
          8.39
        ]
      ]
    }, 
    "Office": {
      "simulation_statistics": [
        {
          "not_completed_agents": 0, 
          "max_evacuation_time": 16.450035, 
          "min_evacuation_time": 0.0, 
          "exit_flow_rate": 2.67476634548194, 
          "completed_agents": 44, 
          "max_traveled_distance": 21.179605, 
          "avg_evacuation_time": 6.584099795454546, 
          "avg_traveled_distance": 8.843033409090909, 
          "min_traveled_distance": 0.0
        }
      ], 
      "bounds": [
        [
          -0.87, 
          -0.05, 
          14.45, 
          14.16
        ]
      ]
    }, 
    "Living_Room": {
      "simulation_statistics": [
        {
          "not_completed_agents": 0, 
          "max_evacuation_time": 14.750038, 
          "min_evacuation_time": 0.0, 
          "exit_flow_rate": 2.98304316232948, 
          "completed_agents": 44, 
          "max_traveled_distance": 16.104536, 
          "avg_evacuation_time": 5.926144159090909, 
          "avg_traveled_distance": 8.017488386363636, 
          "min_traveled_distance": 0.0
        }
      ], 
      "bounds": [
        [
          -0.87, 
          -0.05, 
          14.45, 
          14.16
        ]
      ]
    }, 
    "Bedroom": {
      "simulation_statistics": [
        {
          "not_completed_agents": 0, 
          "max_evacuation_time": 33.699772, 
          "min_evacuation_time": 27.399868, 
          "exit_flow_rate": 0.17804274758891542, 
          "completed_agents": 6, 
          "max_traveled_distance": 38.453251, 
          "avg_evacuation_time": 30.133159666666668, 
          "avg_traveled_distance": 36.39998166666667, 
          "min_traveled_distance": 33.478977
        }, 
        {
          "not_completed_agents": 0, 
          "max_evacuation_time": 39.149689, 
          "min_evacuation_time": 20.949966, 
          "exit_flow_rate": 0.17880090950403207, 
          "completed_agents": 7, 
          "max_traveled_distance": 32.142387, 
          "avg_evacuation_time": 33.52834585714286, 
          "avg_traveled_distance": 30.086289285714287, 
          "min_traveled_distance": 25.995333
        }, 
        {
          "not_completed_agents": 0, 
          "max_evacuation_time": 21.99995, 
          "min_evacuation_time": 15.700042, 
          "exit_flow_rate": 0.2727278925633922, 
          "completed_agents": 6, 
          "max_traveled_distance": 25.591673, 
          "avg_evacuation_time": 18.483336666666666, 
          "avg_traveled_distance": 22.8060095, 
          "min_traveled_distance": 20.928375
        }, 
        {
          "not_completed_agents": 0, 
          "max_evacuation_time": 150.004547, 
          "min_evacuation_time": 16.850029, 
          "exit_flow_rate": 0.026665858335614318, 
          "completed_agents": 4, 
          "max_traveled_distance": 29.146618, 
          "avg_evacuation_time": 63.42650166666667, 
          "avg_traveled_distance": 17.792191166666665, 
          "min_traveled_distance": 3.020623
        }
      ], 
      "bounds": [
        [
          14.35, 
          8.37, 
          19.97, 
          14.15
        ], 
        [
          19.85, 
          7.69, 
          25.13, 
          14.74
        ], 
        [
          17.47, 
          0.62, 
          22.65, 
          5.94
        ], 
        [
          22.47, 
          0.21, 
          27.78, 
          5.94
        ]
      ]
    }, 
    "Dining_Room": {
      "simulation_statistics": [
        {
          "not_completed_agents": 0, 
          "max_evacuation_time": 150.004547, 
          "min_evacuation_time": 0.0, 
          "exit_flow_rate": 0.28665797710785396, 
          "completed_agents": 43, 
          "max_traveled_distance": 15.706315, 
          "avg_evacuation_time": 10.14556709090909, 
          "avg_traveled_distance": 9.276021409090909, 
          "min_traveled_distance": 0.0
        }
      ], 
      "bounds": [
        [
          -0.87, 
          -0.05, 
          14.45, 
          14.16
        ]
      ]
    }, 
    "Kitchen": {
      "simulation_statistics": [
        {
          "not_completed_agents": 0, 
          "max_evacuation_time": 21.299961, 
          "min_evacuation_time": 0.0, 
          "exit_flow_rate": 2.065731481855765, 
          "completed_agents": 44, 
          "max_traveled_distance": 21.861326, 
          "avg_evacuation_time": 6.606825386363636, 
          "avg_traveled_distance": 8.848631113636364, 
          "min_traveled_distance": 0.0
        }
      ], 
      "bounds": [
        [
          -0.87, 
          -0.05, 
          14.45, 
          14.16
        ]
      ]
    }
  }, 
  "room_num": 9,