{
  "room_category": {
    "Living_Room": {
      "simulation_statistics": [
        {
          "not_completed_agents": 0, 
          "max_evacuation_time": 15.600041, 
          "min_evacuation_time": 6.600007, 
          "exit_flow_rate": 0.4487167693982343, 
          "completed_agents": 7, 
          "max_traveled_distance": 13.843692, 
          "avg_evacuation_time": 10.900023571428573, 
          "avg_traveled_distance": 10.323323714285715, 
          "min_traveled_distance": 7.823704
        }
      ], 
      "bounds": [
        [
          -0.65, 
          3.44, 
          6.74, 
          8.22
        ]
      ]
    }, 
    "Room": [
      [
        6.65, 
        3.45, 
        6.75, 
        8.16
      ]
    ], 
    "Bedroom": {
      "simulation_statistics": [
        {
          "not_completed_agents": 0, 
          "max_evacuation_time": 11.300025, 
          "min_evacuation_time": 0.0, 
          "exit_flow_rate": 2.6548613830500374, 
          "completed_agents": 30, 
          "max_traveled_distance": 10.970828, 
          "avg_evacuation_time": 5.2000041333333336, 
          "avg_traveled_distance": 5.6712019, 
          "min_traveled_distance": 0.0
        }
      ], 
      "bounds": [
        [
          -0.32, 
          -0.26, 
          16.57, 
          8.62
        ]
      ]
    }
  }, 
  "room_num": 5, 
  "verts": [
    [
      9.05, 
      0.1
    ], 
    [
      9.04, 
      0.11
    ], 
    [
      9.04, 
      3.44
    ], 
    [
      9.03, 
      3.45
    ], 
    [
      9.03, 
      3.53
    ], 
    [
      9.01, 
      3.55
    ], 
    [
      8.93, 
      3.55
    ], 
    [
      8.92, 
      3.56
    ], 
    [
      6.76, 
      3.56
    ], 
    [
      6.76, 
      5.2
    ], 
    [
      6.75, 
      5.21
    ], 
    [
      6.65, 
      5.21
    ], 
    [
      6.64, 
      5.2
    ], 
    [
      6.64, 
      3.56
    ], 
    [
      0.11, 
      3.56
    ], 
    [
      0.1, 
      3.57
    ], 
    [
      0.1, 
      8.07
    ], 
    [
      6.64, 
      8.07
    ], 
    [
      6.64, 
      6.42
    ], 
    [
      6.65, 
      6.41
    ], 
    [
      6.75, 
      6.41
    ], 
    [
      6.76, 
      6.42
    ], 
    [
      6.76, 
      8.05
    ], 
    [
      14.02, 
      8.05
    ], 
    [
      14.02, 
      3.56
    ], 
    [
      11.63, 
      3.56
    ], 
    [
      11.62, 
      3.55
    ], 
    [
      11.54, 
      3.55
    ], 
    [
      11.52, 
      3.53
    ], 
    [
      11.52, 
      3.45
    ], 
    [
      11.51, 
      3.44
    ], 
    [
      11.51, 
      0.1
    ]
  ], 
  "bbox": {
    "max": [
      14.02, 
      8.07
    ], 
    "min": [
      0.1, 
      0.1
    ]
  }, 
  "id": "8f98697b92424792192a66f07ff508fc"
}