{
  "room_category": {
    "Bathroom": {
      "simulation_statistics": [
        {
          "not_completed_agents": 0, 
          "max_evacuation_time": 11.500026, 
          "min_evacuation_time": 8.650015, 
          "exit_flow_rate": 0.17391265028444283, 
          "completed_agents": 2, 
          "max_traveled_distance": 9.902354, 
          "avg_evacuation_time": 10.0750205, 
          "avg_traveled_distance": 9.222538, 
          "min_traveled_distance": 8.542722
        }
      ], 
      "bounds": [
        [
          -0.02, 
          5.08, 
          3.26, 
          7.7
        ]
      ]
    }, 
    "Office": {
      "simulation_statistics": [
        {
          "not_completed_agents": 0, 
          "max_evacuation_time": 9.150017, 
          "min_evacuation_time": 0.5, 
          "exit_flow_rate": 0.765025901044774, 
          "completed_agents": 7, 
          "max_traveled_distance": 9.266716, 
          "avg_evacuation_time": 4.471433285714285, 
          "avg_traveled_distance": 4.741556285714286, 
          "min_traveled_distance": 0.636991
        }
      ], 
      "bounds": [
        [
          -0.02, 
          -0.05, 
          6.86, 
          5.17
        ]
      ]
    }, 
    "Bedroom": {
      "simulation_statistics": [
        {
          "not_completed_agents": 0, 
          "max_evacuation_time": 6.500007, 
          "min_evacuation_time": 4.950001, 
          "exit_flow_rate": 0.3076919763317178, 
          "completed_agents": 2, 
          "max_traveled_distance": 6.527174, 
          "avg_evacuation_time": 5.725004, 
          "avg_traveled_distance": 5.7772915, 
          "min_traveled_distance": 5.027409
        }
      ], 
      "bounds": [
        [
          2.56, 
          3.45, 
          5.31, 
          7.67
        ]
      ]
    }
  }, 
  "room_num": 3, 
  "verts": [
    [
      0.11, 
      0.1
    ], 
    [
      0.1, 
      0.11
    ], 
    [
      0.1, 
      5.07
    ], 
    [
      2.57, 
      5.07
    ], 
    [
      2.57, 
      4.94
    ], 
    [
      2.58, 
      4.93
    ], 
    [
      2.73, 
      4.93
    ], 
    [
      2.74, 
      4.94
    ], 
    [
      2.74, 
      6.65
    ], 
    [
      2.73, 
      6.66
    ], 
    [
      2.58, 
      6.66
    ], 
    [
      2.57, 
      6.65
    ], 
    [
      2.57, 
      5.19
    ], 
    [
      2.56, 
      5.18
    ], 
    [
      0.1, 
      5.18
    ], 
    [
      0.1, 
      7.56
    ], 
    [
      2.57, 
      7.56
    ], 
    [
      2.57, 
      7.41
    ], 
    [
      2.58, 
      7.4
    ], 
    [
      2.73, 
      7.4
    ], 
    [
      2.74, 
      7.41
    ], 
    [
      2.74, 
      7.56
    ], 
    [
      5.17, 
      7.56
    ], 
    [
      5.17, 
      3.56
    ], 
    [
      2.74, 
      3.56
    ], 
    [
      2.74, 
      4.1
    ], 
    [
      2.73, 
      4.11
    ], 
    [
      2.58, 
      4.11
    ], 
    [
      2.57, 
      4.1
    ], 
    [
      2.57, 
      3.45
    ], 
    [
      2.56, 
      3.44
    ], 
    [
      2.56, 
      1.36
    ], 
    [
      2.57, 
      1.35
    ], 
    [
      2.57, 
      1.27
    ], 
    [
      2.59, 
      1.25
    ], 
    [
      2.67, 
      1.25
    ], 
    [
      2.68, 
      1.24
    ], 
    [
      5.88, 
      1.24
    ], 
    [
      5.88, 
      0.1
    ]
  ], 
  "bbox": {
    "max": [
      5.88, 
      7.56
    ], 
    "min": [
      0.1, 
      0.1
    ]
  }, 
  "id": "912fdcb99671af815bfc6c3915845de3"
}