{
  "room_category": {
    "Dining_Room": {
      "simulation_statistics": [
        {
          "not_completed_agents": 0, 
          "max_evacuation_time": 15.450041, 
          "min_evacuation_time": 1.749999, 
          "exit_flow_rate": 1.2944949466477143, 
          "completed_agents": 20, 
          "max_traveled_distance": 13.872389, 
          "avg_evacuation_time": 8.71751595, 
          "avg_traveled_distance": 8.4145077, 
          "min_traveled_distance": 2.299944
        }
      ], 
      "bounds": [
        [
          -1.56, 
          1.53, 
          8.84, 
          11.1
        ]
      ]
    }, 
    "Living_Room": {
      "simulation_statistics": [
        {
          "not_completed_agents": 0, 
          "max_evacuation_time": 18.400005, 
          "min_evacuation_time": 0.3, 
          "exit_flow_rate": 1.0869562263705908, 
          "completed_agents": 20, 
          "max_traveled_distance": 14.935471, 
          "avg_evacuation_time": 6.6350064, 
          "avg_traveled_distance": 6.8780365, 
          "min_traveled_distance": 0.434124
        }
      ], 
      "bounds": [
        [
          -1.56, 
          1.53, 
          8.84, 
          11.1
        ]
      ]
    }
  }, 
  "room_num": 3, 
  "verts": [
    [
      3.61, 
      0.1
    ], 
    [
      3.6, 
      0.11
    ], 
    [
      3.6, 
      3.07
    ], 
    [
      5.45, 
      3.07
    ], 
    [
      5.46, 
      3.08
    ], 
    [
      5.46, 
      3.18
    ], 
    [
      5.45, 
      3.19
    ], 
    [
      3.49, 
      3.19
    ], 
    [
      3.48, 
      3.2
    ], 
    [
      0.11, 
      3.2
    ], 
    [
      0.1, 
      3.21
    ], 
    [
      0.1, 
      10.66
    ], 
    [
      8.56, 
      10.66
    ], 
    [
      8.56, 
      8.28
    ], 
    [
      8.57, 
      8.27
    ], 
    [
      8.57, 
      5.09
    ], 
    [
      8.58, 
      5.08
    ], 
    [
      8.68, 
      5.08
    ], 
    [
      8.69, 
      5.09
    ], 
    [
      8.69, 
      8.16
    ], 
    [
      11.66, 
      8.16
    ], 
    [
      11.66, 
      3.2
    ], 
    [
      8.69, 
      3.2
    ], 
    [
      8.69, 
      3.53
    ], 
    [
      8.68, 
      3.54
    ], 
    [
      8.58, 
      3.54
    ], 
    [
      8.57, 
      3.53
    ], 
    [
      8.57, 
      3.19
    ], 
    [
      7.31, 
      3.19
    ], 
    [
      7.3, 
      3.18
    ], 
    [
      7.3, 
      3.08
    ], 
    [
      7.31, 
      3.07
    ], 
    [
      7.32, 
      3.08
    ], 
    [
      7.33, 
      3.08
    ], 
    [
      7.34, 
      3.07
    ], 
    [
      8.56, 
      3.07
    ], 
    [
      8.56, 
      0.1
    ]
  ], 
  "bbox": {
    "max": [
      11.66, 
      10.66
    ], 
    "min": [
      0.1, 
      0.1
    ]
  }, 
  "id": "91f95d1c935f6e27bb6c95423b923250"
}