{
  "room_category": {
    "Garage": {
      "simulation_statistics": [
        {
          "not_completed_agents": 0, 
          "max_evacuation_time": 11.450026, 
          "min_evacuation_time": 2.099999, 
          "exit_flow_rate": 0.34934418489530067, 
          "completed_agents": 4, 
          "max_traveled_distance": 12.571686, 
          "avg_evacuation_time": 5.96250825, 
          "avg_traveled_distance": 5.9715342499999995, 
          "min_traveled_distance": 3.25301
        }
      ], 
      "bounds": [
        [
          3.27, 
          -0.02, 
          6.21, 
          7.37
        ]
      ]
    }, 
    "Bedroom": {
      "simulation_statistics": [
        {
          "not_completed_agents": 0, 
          "max_evacuation_time": 5.900004, 
          "min_evacuation_time": 0.0, 
          "exit_flow_rate": 1.0169484630857877, 
          "completed_agents": 6, 
          "max_traveled_distance": 4.505268, 
          "avg_evacuation_time": 2.9999998333333333, 
          "avg_traveled_distance": 2.7247066666666666, 
          "min_traveled_distance": 0.0
        }
      ], 
      "bounds": [
        [
          -0.04, 
          -0.1, 
          6.29, 
          4.97
        ]
      ]
    }
  }, 
  "room_num": 2, 
  "verts": [
    [
      0.66, 
      0.1
    ], 
    [
      0.65, 
      0.11
    ], 
    [
      0.65, 
      1.3
    ], 
    [
      0.63, 
      1.32
    ], 
    [
      0.11, 
      1.32
    ], 
    [
      0.1, 
      1.33
    ], 
    [
      0.1, 
      3.12
    ], 
    [
      0.53, 
      3.12
    ], 
    [
      0.54, 
      3.13
    ], 
    [
      0.63, 
      3.13
    ], 
    [
      0.65, 
      3.15
    ], 
    [
      0.65, 
      4.32
    ], 
    [
      3.27, 
      4.32
    ], 
    [
      3.27, 
      3.66
    ], 
    [
      3.28, 
      3.65
    ], 
    [
      3.38, 
      3.65
    ], 
    [
      3.39, 
      3.66
    ], 
    [
      3.39, 
      5.38
    ], 
    [
      6.09, 
      5.38
    ], 
    [
      6.09, 
      0.1
    ], 
    [
      3.4, 
      0.1
    ], 
    [
      3.4, 
      1.78
    ], 
    [
      3.39, 
      1.79
    ], 
    [
      3.39, 
      2.44
    ], 
    [
      3.38, 
      2.45
    ], 
    [
      3.28, 
      2.45
    ], 
    [
      3.27, 
      2.44
    ], 
    [
      3.27, 
      1.79
    ], 
    [
      3.28, 
      1.78
    ], 
    [
      3.28, 
      0.1
    ]
  ], 
  "bbox": {
    "max": [
      6.09, 
      5.38
    ], 
    "min": [
      0.1, 
      0.1
    ]
  }, 
  "id": "931318041fb5f45078bea74595dd54cf"
}