{
  "room_category": {
    "Dining_Room": {
      "simulation_statistics": [
        {
          "not_completed_agents": 0, 
          "max_evacuation_time": 3.749998, 
          "min_evacuation_time": 0.65, 
          "exit_flow_rate": 1.8666676622227532, 
          "completed_agents": 7, 
          "max_traveled_distance": 4.416406, 
          "avg_evacuation_time": 2.285713142857143, 
          "avg_traveled_distance": 2.598053142857143, 
          "min_traveled_distance": 0.933849
        }
      ], 
      "bounds": [
        [
          -0.04, 
          1.09, 
          7.01, 
          5.78
        ]
      ]
    }, 
    "Living_Room": {
      "simulation_statistics": [
        {
          "not_completed_agents": 0, 
          "max_evacuation_time": 3.449998, 
          "min_evacuation_time": 0.0, 
          "exit_flow_rate": 2.0289866834705412, 
          "completed_agents": 7, 
          "max_traveled_distance": 4.243128, 
          "avg_evacuation_time": 1.7499992857142856, 
          "avg_traveled_distance": 2.1119117142857142, 
          "min_traveled_distance": 0.0
        }
      ], 
      "bounds": [
        [
          -0.04, 
          1.09, 
          7.01, 
          5.78
        ]
      ]
    }, 
    "Kitchen": {
      "simulation_statistics": [
        {
          "not_completed_agents": 0, 
          "max_evacuation_time": 2.649999, 
          "min_evacuation_time": 0.0, 
          "exit_flow_rate": 2.641510430758653, 
          "completed_agents": 7, 
          "max_traveled_distance": 3.2143, 
          "avg_evacuation_time": 1.3714281428571429, 
          "avg_traveled_distance": 1.4796978571428572, 
          "min_traveled_distance": 0.0
        }
      ], 
      "bounds": [
        [
          -0.04, 
          1.09, 
          7.01, 
          5.78
        ]
      ]
    }
  }, 
  "room_num": 2, 
  "verts": [
    [
      3.49, 
      0.1
    ], 
    [
      3.48, 
      0.11
    ], 
    [
      3.48, 
      1.07
    ], 
    [
      3.97, 
      1.07
    ], 
    [
      3.98, 
      1.08
    ], 
    [
      3.98, 
      1.22
    ], 
    [
      3.97, 
      1.23
    ], 
    [
      3.37, 
      1.23
    ], 
    [
      3.36, 
      1.24
    ], 
    [
      0.12, 
      1.24
    ], 
    [
      0.11, 
      1.25
    ], 
    [
      0.11, 
      3.22
    ], 
    [
      0.1, 
      3.23
    ], 
    [
      0.1, 
      5.64
    ], 
    [
      6.86, 
      5.64
    ], 
    [
      6.86, 
      3.66
    ], 
    [
      6.87, 
      3.65
    ], 
    [
      6.87, 
      1.24
    ], 
    [
      6.02, 
      1.24
    ], 
    [
      6.01, 
      1.23
    ], 
    [
      5.13, 
      1.23
    ], 
    [
      5.12, 
      1.22
    ], 
    [
      5.12, 
      1.08
    ], 
    [
      5.13, 
      1.07
    ], 
    [
      5.9, 
      1.07
    ], 
    [
      5.9, 
      0.1
    ]
  ], 
  "bbox": {
    "max": [
      6.87, 
      5.64
    ], 
    "min": [
      0.1, 
      0.1
    ]
  }, 
  "id": "9365cf845e9ff52cdad4284e25203037"
}