{
  "room_category": {
    "Toilet": {
      "simulation_statistics": [
        {
          "not_completed_agents": 0, 
          "max_evacuation_time": 6.750008, 
          "min_evacuation_time": 6.750008, 
          "exit_flow_rate": 0.14814797256536585, 
          "completed_agents": 1, 
          "max_traveled_distance": 7.900002, 
          "avg_evacuation_time": 6.750008, 
          "avg_traveled_distance": 7.900002, 
          "min_traveled_distance": 7.900002
        }
      ], 
      "bounds": [
        [
          8.68, 
          1.2, 
          10.11, 
          4.1
        ]
      ]
    }, 
    "Bedroom": {
      "simulation_statistics": [
        {
          "not_completed_agents": 0, 
          "max_evacuation_time": 4.199998, 
          "min_evacuation_time": 0.0, 
          "exit_flow_rate": 3.0952395691617, 
          "completed_agents": 13, 
          "max_traveled_distance": 5.395684, 
          "avg_evacuation_time": 1.9269222307692309, 
          "avg_traveled_distance": 2.438851769230769, 
          "min_traveled_distance": 0.0
        }
      ], 
      "bounds": [
        [
          -0.03, 
          -0.07, 
          8.82, 
          7.16
        ]
      ]
    }
  }, 
  "room_num": 4, 
  "verts": [
    [
      0.11, 
      0.1
    ], 
    [
      0.1, 
      0.11
    ], 
    [
      0.1, 
      6.68
    ], 
    [
      0.11, 
      6.69
    ], 
    [
      0.11, 
      7.05
    ], 
    [
      8.71, 
      7.05
    ], 
    [
      8.71, 
      7.04
    ], 
    [
      8.72, 
      7.03
    ], 
    [
      8.72, 
      6.17
    ], 
    [
      8.71, 
      6.16
    ], 
    [
      8.71, 
      4.63
    ], 
    [
      8.7, 
      4.62
    ], 
    [
      8.7, 
      4.5
    ], 
    [
      8.71, 
      4.49
    ], 
    [
      8.82, 
      4.49
    ], 
    [
      8.83, 
      4.5
    ], 
    [
      8.83, 
      5.21
    ], 
    [
      8.84, 
      5.22
    ], 
    [
      8.84, 
      5.94
    ], 
    [
      8.85, 
      5.95
    ], 
    [
      8.85, 
      6.66
    ], 
    [
      8.86, 
      6.67
    ], 
    [
      8.86, 
      6.92
    ], 
    [
      11.08, 
      6.92
    ], 
    [
      11.08, 
      6.73
    ], 
    [
      11.07, 
      6.72
    ], 
    [
      11.07, 
      6.13
    ], 
    [
      11.06, 
      6.12
    ], 
    [
      11.06, 
      5.53
    ], 
    [
      11.05, 
      5.52
    ], 
    [
      11.05, 
      4.93
    ], 
    [
      11.04, 
      4.92
    ], 
    [
      11.04, 
      4.33
    ], 
    [
      11.03, 
      4.32
    ], 
    [
      11.03, 
      4.13
    ], 
    [
      10.12, 
      4.13
    ], 
    [
      10.11, 
      4.12
    ], 
    [
      8.71, 
      4.12
    ], 
    [
      8.7, 
      4.11
    ], 
    [
      8.7, 
      3.08
    ], 
    [
      8.69, 
      3.07
    ], 
    [
      8.69, 
      2.3
    ], 
    [
      8.7, 
      2.29
    ], 
    [
      8.81, 
      2.29
    ], 
    [
      8.82, 
      2.3
    ], 
    [
      8.82, 
      4.0
    ], 
    [
      9.44, 
      4.0
    ], 
    [
      9.45, 
      3.99
    ], 
    [
      10.0, 
      3.99
    ], 
    [
      10.0, 
      1.31
    ], 
    [
      9.77, 
      1.31
    ], 
    [
      9.76, 
      1.32
    ], 
    [
      9.07, 
      1.32
    ], 
    [
      9.06, 
      1.33
    ], 
    [
      8.79, 
      1.33
    ], 
    [
      8.78, 
      1.32
    ], 
    [
      8.72, 
      1.32
    ], 
    [
      8.71, 
      1.31
    ], 
    [
      8.71, 
      1.29
    ], 
    [
      8.69, 
      1.29
    ], 
    [
      8.68, 
      1.28
    ], 
    [
      8.68, 
      1.22
    ], 
    [
      8.67, 
      1.21
    ], 
    [
      8.67, 
      0.71
    ], 
    [
      8.66, 
      0.7
    ], 
    [
      8.66, 
      0.16
    ], 
    [
      8.67, 
      0.15
    ], 
    [
      8.67, 
      0.1
    ]
  ], 
  "bbox": {
    "max": [
      11.08, 
      7.05
    ], 
    "min": [
      0.1, 
      0.1
    ]
  }, 
  "id": "958d1336f6b98360c31d0360b292d916"
}