{
  "room_category": {
    "Toilet": [
      [
        10.44, 
        -0.02, 
        11.74, 
        1.24
      ]
    ], 
    "Bathroom": {
      "simulation_statistics": [
        {
          "not_completed_agents": 0, 
          "max_evacuation_time": 32.799786, 
          "min_evacuation_time": 21.549957, 
          "exit_flow_rate": 0.06097600758736658, 
          "completed_agents": 2, 
          "max_traveled_distance": 21.416725, 
          "avg_evacuation_time": 27.1748715, 
          "avg_traveled_distance": 19.947732000000002, 
          "min_traveled_distance": 18.478739
        }
      ], 
      "bounds": [
        [
          11.67, 
          0.71, 
          14.57, 
          3.32
        ]
      ]
    }, 
    "Room": {
      "simulation_statistics": [
        {
          "not_completed_agents": 0, 
          "max_evacuation_time": 18.949997, 
          "min_evacuation_time": 18.949997, 
          "exit_flow_rate": 0.05277045690297471, 
          "completed_agents": 1, 
          "max_traveled_distance": 17.732056, 
          "avg_evacuation_time": 18.949997, 
          "avg_traveled_distance": 17.732056, 
          "min_traveled_distance": 17.732056
        }, 
        {
          "not_completed_agents": 0, 
          "max_evacuation_time": 150.004547, 
          "min_evacuation_time": 14.500037, 
          "exit_flow_rate": 0.026665858335614318, 
          "completed_agents": 4, 
          "max_traveled_distance": 18.949837, 
          "avg_evacuation_time": 62.443177666666664, 
          "avg_traveled_distance": 16.15093, 
          "min_traveled_distance": 10.371386
        }
      ], 
      "bounds": [
        [
          10.44, 
          1.15, 
          11.76, 
          3.47
        ], 
        [
          11.65, 
          -0.02, 
          14.58, 
          0.75
        ], 
        [
          5.3, 
          7.09, 
          14.56, 
          10.38
        ]
      ]
    }, 
    "Gym": {
      "simulation_statistics": [
        {
          "not_completed_agents": 0, 
          "max_evacuation_time": 29.699833, 
          "min_evacuation_time": 17.700016, 
          "exit_flow_rate": 0.06734044598836633, 
          "completed_agents": 2, 
          "max_traveled_distance": 18.790543, 
          "avg_evacuation_time": 23.6999245, 
          "avg_traveled_distance": 17.6337425, 
          "min_traveled_distance": 16.476942
        }
      ], 
      "bounds": [
        [
          8.2, 
          -0.01, 
          10.56, 
          3.98
        ]
      ]
    }, 
    "Living_Room": {
      "simulation_statistics": [
        {
          "not_completed_agents": 0, 
          "max_evacuation_time": 13.700034, 
          "min_evacuation_time": 4.8, 
          "exit_flow_rate": 0.3649625979030417, 
          "completed_agents": 5, 
          "max_traveled_distance": 10.754984, 
          "avg_evacuation_time": 9.0700164, 
          "avg_traveled_distance": 8.361014, 
          "min_traveled_distance": 6.173647
        }
      ], 
      "bounds": [
        [
          3.1, 
          2.43, 
          8.24, 
          7.74
        ]
      ]
    }, 
    "Bedroom": {
      "simulation_statistics": [
        {
          "not_completed_agents": 0, 
          "max_evacuation_time": 3.249998, 
          "min_evacuation_time": 0.05, 
          "exit_flow_rate": 1.5384624852076831, 
          "completed_agents": 5, 
          "max_traveled_distance": 3.791835, 
          "avg_evacuation_time": 1.4899994, 
          "avg_traveled_distance": 1.7954878, 
          "min_traveled_distance": 0.050947
        }
      ], 
      "bounds": [
        [
          -0.04, 
          -0.01, 
          3.21, 
          7.72
        ]
      ]
    }, 
    "Kitchen": {
      "simulation_statistics": [
        {
          "not_completed_agents": 0, 
          "max_evacuation_time": 150.004547, 
          "min_evacuation_time": 15.35004, 
          "exit_flow_rate": 0.01999939375171074, 
          "completed_agents": 3, 
          "max_traveled_distance": 18.888428, 
          "avg_evacuation_time": 51.001141000000004, 
          "avg_traveled_distance": 13.86373675, 
          "min_traveled_distance": 4.618887
        }
      ], 
      "bounds": [
        [
          10.44, 
          3.36, 
          15.12, 
          7.71
        ]
      ]
    }
  }, 
  "room_num": 11,