{
  "room_category": {
    "Garage": {
      "simulation_statistics": [
        {
          "not_completed_agents": 0, 
          "max_evacuation_time": 150.004547, 
          "min_evacuation_time": 21.39996, 
          "exit_flow_rate": 0.0333323229195179, 
          "completed_agents": 5, 
          "max_traveled_distance": 27.180059, 
          "avg_evacuation_time": 59.23696785714286, 
          "avg_traveled_distance": 22.443295142857142, 
          "min_traveled_distance": 12.401582
        }
      ], 
      "bounds": [
        [
          0.62, 
          10.31, 
          6.35, 
          16.5
        ]
      ]
    }, 
    "Bathroom": {
      "simulation_statistics": [
        {
          "not_completed_agents": 0, 
          "max_evacuation_time": 7.50001, 
          "min_evacuation_time": 3.749998, 
          "exit_flow_rate": 0.5333326222231703, 
          "completed_agents": 4, 
          "max_traveled_distance": 7.357344, 
          "avg_evacuation_time": 5.5625035, 
          "avg_traveled_distance": 6.08384725, 
          "min_traveled_distance": 3.961673
        }, 
        {
          "not_completed_agents": 0, 
          "max_evacuation_time": 13.650034, 
          "min_evacuation_time": 12.750031, 
          "exit_flow_rate": 0.14651978156244885, 
          "completed_agents": 2, 
          "max_traveled_distance": 16.905077, 
          "avg_evacuation_time": 13.200032499999999, 
          "avg_traveled_distance": 16.4754045, 
          "min_traveled_distance": 16.045732
        }
      ], 
      "bounds": [
        [
          6.24, 
          -0.04, 
          12.33, 
          3.17
        ], 
        [
          10.86, 
          9.43, 
          13.05, 
          14.63
        ]
      ]
    }, 
    "Room": {
      "simulation_statistics": [
        {
          "not_completed_agents": 0, 
          "max_evacuation_time": 2.799999, 
          "min_evacuation_time": 0.25, 
          "exit_flow_rate": 2.1428579081635384, 
          "completed_agents": 6, 
          "max_traveled_distance": 3.537183, 
          "avg_evacuation_time": 1.3333328333333334, 
          "avg_traveled_distance": 1.6007228333333334, 
          "min_traveled_distance": 0.340857
        }, 
        {
          "not_completed_agents": 0, 
          "max_evacuation_time": 25.999889, 
          "min_evacuation_time": 14.550037, 
          "exit_flow_rate": 0.19230851331711454, 
          "completed_agents": 5, 
          "max_traveled_distance": 21.857012, 
          "avg_evacuation_time": 19.429984, 
          "avg_traveled_distance": 20.3269452, 
          "min_traveled_distance": 17.75757
        }, 
        {
          "not_completed_agents": 0, 
          "max_evacuation_time": 150.004547, 
          "min_evacuation_time": 15.30004, 
          "exit_flow_rate": 0.026665858335614318, 
          "completed_agents": 4, 
          "max_traveled_distance": 20.409391, 
          "avg_evacuation_time": 43.4309308, 
          "avg_traveled_distance": 17.0542274, 
          "min_traveled_distance": 9.673548
        }, 
        {
          "not_completed_agents": 0, 
          "max_evacuation_time": 19.899982, 
          "min_evacuation_time": 9.100017, 
          "exit_flow_rate": 0.45226171561361206, 
          "completed_agents": 9, 
          "max_traveled_distance": 22.390244, 
          "avg_evacuation_time": 14.094470444444445, 
          "avg_traveled_distance": 15.115150666666668, 
          "min_traveled_distance": 10.503025
        }
      ], 
      "bounds": [
        [
          1.91, 
          -0.03, 
          6.33, 
          6.29
        ], 
        [
          12.96, 
          9.43, 
          17.65, 
          14.64
        ], 
        [
          6.26, 
          9.43, 
          10.95, 
          14.64
        ], 
        [
          -0.04, 
          6.2, 
          6.35, 
          13.37
        ]
      ]
    }
  }, 
  "room_num": 8,