{
  "room_category": {
    "Kitchen": {
      "simulation_statistics": [
        {
          "not_completed_agents": 0, 
          "max_evacuation_time": 150.004547, 
          "min_evacuation_time": 150.004547, 
          "exit_flow_rate": 0.0, 
          "completed_agents": 0, 
          "max_traveled_distance": 19.208153, 
          "avg_evacuation_time": 150.004547, 
          "avg_traveled_distance": 13.116275923076923, 
          "min_traveled_distance": 3.445316
        }
      ], 
      "bounds": [
        [
          -0.01, 
          -0.01, 
          5.19, 
          12.38
        ]
      ]
    }
  }, 
  "room_num": 2, 
  "verts": [
    [
      0.12, 
      0.1
    ], 
    [
      0.11, 
      0.11
    ], 
    [
      0.11, 
      3.75
    ], 
    [
      0.1, 
      3.76
    ], 
    [
      0.1, 
      11.49
    ], 
    [
      5.08, 
      11.49
    ], 
    [
      5.08, 
      6.48
    ], 
    [
      5.07, 
      6.47
    ], 
    [
      5.07, 
      4.47
    ], 
    [
      5.06, 
      4.46
    ], 
    [
      5.06, 
      3.56
    ], 
    [
      5.02, 
      3.56
    ], 
    [
      5.01, 
      3.55
    ], 
    [
      5.01, 
      3.46
    ], 
    [
      5.02, 
      3.45
    ], 
    [
      5.06, 
      3.45
    ], 
    [
      5.06, 
      1.72
    ], 
    [
      5.05, 
      1.71
    ], 
    [
      5.05, 
      1.14
    ], 
    [
      1.99, 
      1.14
    ], 
    [
      1.98, 
      1.13
    ], 
    [
      1.98, 
      1.04
    ], 
    [
      1.99, 
      1.03
    ], 
    [
      5.05, 
      1.03
    ], 
    [
      5.05, 
      0.1
    ], 
    [
      1.15, 
      0.1
    ], 
    [
      1.15, 
      1.03
    ], 
    [
      1.23, 
      1.03
    ], 
    [
      1.24, 
      1.04
    ], 
    [
      1.24, 
      1.13
    ], 
    [
      1.23, 
      1.14
    ], 
    [
      1.15, 
      1.14
    ], 
    [
      1.15, 
      2.33
    ], 
    [
      1.16, 
      2.34
    ], 
    [
      1.16, 
      3.45
    ], 
    [
      3.3, 
      3.45
    ], 
    [
      3.31, 
      3.46
    ], 
    [
      3.31, 
      3.55
    ], 
    [
      3.3, 
      3.56
    ], 
    [
      1.06, 
      3.56
    ], 
    [
      1.04, 
      3.54
    ], 
    [
      1.04, 
      1.09
    ], 
    [
      1.03, 
      1.08
    ], 
    [
      1.03, 
      1.05
    ], 
    [
      1.04, 
      1.04
    ], 
    [
      1.04, 
      0.1
    ]
  ], 
  "bbox": {
    "max": [
      5.08, 
      11.49
    ], 
    "min": [
      0.1, 
      0.1
    ]
  }, 
  "id": "9888c921a96372ab9f07c9ec03728058"
}