{
  "room_category": {
    "Kitchen": {
      "simulation_statistics": [
        {
          "not_completed_agents": 0, 
          "max_evacuation_time": 6.500007, 
          "min_evacuation_time": 1.899999, 
          "exit_flow_rate": 1.3846138934927301, 
          "completed_agents": 9, 
          "max_traveled_distance": 8.2693, 
          "avg_evacuation_time": 4.0, 
          "avg_traveled_distance": 4.510663222222222, 
          "min_traveled_distance": 1.640763
        }, 
        {
          "not_completed_agents": 0, 
          "max_evacuation_time": 2.599999, 
          "min_evacuation_time": 0.0, 
          "exit_flow_rate": 3.0769242603554847, 
          "completed_agents": 8, 
          "max_traveled_distance": 3.071055, 
          "avg_evacuation_time": 1.4437495, 
          "avg_traveled_distance": 1.76449725, 
          "min_traveled_distance": 0.0
        }
      ], 
      "bounds": [
        [
          -0.03, 
          0.89, 
          7.32, 
          7.06
        ], 
        [
          5.99, 
          -0.03, 
          12.19, 
          6.19
        ]
      ]
    }
  }, 
  "room_num": 2, 
  "verts": [
    [
      6.11, 
      0.1
    ], 
    [
      6.1, 
      0.11
    ], 
    [
      6.1, 
      0.9
    ], 
    [
      6.71, 
      0.9
    ], 
    [
      6.72, 
      0.91
    ], 
    [
      6.72, 
      1.58
    ], 
    [
      6.71, 
      1.59
    ], 
    [
      6.61, 
      1.59
    ], 
    [
      6.6, 
      1.58
    ], 
    [
      6.6, 
      1.01
    ], 
    [
      5.99, 
      1.01
    ], 
    [
      5.98, 
      1.02
    ], 
    [
      0.11, 
      1.02
    ], 
    [
      0.1, 
      1.03
    ], 
    [
      0.1, 
      6.02
    ], 
    [
      0.12, 
      6.04
    ], 
    [
      0.13, 
      6.04
    ], 
    [
      0.15, 
      6.06
    ], 
    [
      0.17, 
      6.06
    ], 
    [
      0.18, 
      6.07
    ], 
    [
      0.19, 
      6.07
    ], 
    [
      0.21, 
      6.09
    ], 
    [
      0.22, 
      6.09
    ], 
    [
      0.25, 
      6.12
    ], 
    [
      0.26, 
      6.12
    ], 
    [
      0.28, 
      6.14
    ], 
    [
      0.29, 
      6.14
    ], 
    [
      0.31, 
      6.16
    ], 
    [
      0.32, 
      6.16
    ], 
    [
      0.35, 
      6.19
    ], 
    [
      0.36, 
      6.19
    ], 
    [
      0.38, 
      6.21
    ], 
    [
      0.39, 
      6.21
    ], 
    [
      0.41, 
      6.23
    ], 
    [
      0.42, 
      6.23
    ], 
    [
      0.44, 
      6.25
    ], 
    [
      0.45, 
      6.25
    ], 
    [
      0.48, 
      6.28
    ], 
    [
      0.49, 
      6.28
    ], 
    [
      0.51, 
      6.3
    ], 
    [
      0.52, 
      6.3
    ], 
    [
      0.54, 
      6.32
    ], 
    [
      0.55, 
      6.32
    ], 
    [
      0.57, 
      6.34
    ], 
    [
      0.58, 
      6.34
    ], 
    [
      0.61, 
      6.37
    ], 
    [
      0.62, 
      6.37
    ], 
    [
      0.64, 
      6.39
    ], 
    [
      0.65, 
      6.39
    ], 
    [
      0.67, 
      6.41
    ], 
    [
      0.68, 
      6.41
    ], 
    [
      0.71, 
      6.44
    ], 
    [
      0.72, 
      6.44
    ], 
    [
      0.74, 
      6.46
    ], 
    [
      0.75, 
      6.46
    ], 
    [
      0.77, 
      6.48
    ], 
    [
      0.78, 
      6.48
    ], 
    [
      0.8, 
      6.5
    ], 
    [
      0.81, 
      6.5
    ], 
    [
      0.84, 
      6.53
    ], 
    [
      0.85, 
      6.53
    ], 
    [
      0.87, 
      6.55
    ], 
    [
      0.88, 
      6.55
    ], 
    [
      0.9, 
      6.57
    ], 
    [
      0.91, 
      6.57
    ], 
    [
      0.93, 
      6.59
    ], 
    [
      0.94, 
      6.59
    ], 
    [
      0.97, 
      6.62
    ], 
    [
      0.98, 
      6.62
    ], 
    [
      1.01, 
      6.65
    ], 
    [
      1.02, 
      6.65
    ], 
    [
      1.04, 
      6.67
    ], 
    [
      1.05, 
      6.67
    ], 
    [
      1.07, 
      6.69
    ], 
    [
      1.1, 
      6.69
    ], 
    [
      1.11, 
      6.7
    ], 
    [
      1.16, 
      6.7
    ], 
    [
      1.17, 
      6.71
    ], 
    [
      1.22, 
      6.71
    ], 
    [
      1.23, 
      6.72
    ], 
    [
      1.27, 
      6.72
    ], 
    [
      1.28, 
      6.73
    ], 
    [
      1.32, 
      6.73
    ], 
    [
      1.33, 
      6.74
    ], 
    [
      1.37, 
      6.74
    ], 
    [
      1.38, 
      6.75
    ], 
    [
      1.42, 
      6.75
    ], 
    [
      1.43, 
      6.76
    ], 
    [
      1.47, 
      6.76
    ], 
    [
      1.48, 
      6.77
    ], 
    [
      1.52, 
      6.77
    ], 
    [
      1.53, 
      6.78
    ], 
    [
      1.57, 
      6.78
    ], 
    [
      1.58, 
      6.79
    ], 
    [
      1.62, 
      6.79
    ], 
    [
      1.63, 
      6.8
    ], 
    [
      1.67, 
      6.8
    ], 
    [
      1.68, 
      6.81
    ], 
    [
      1.71, 
      6.81
    ], 
    [
      1.72, 
      6.82
    ], 
    [
      1.76, 
      6.82
    ], 
    [
      1.77, 
      6.83
    ], 
    [
      1.81, 
      6.83
    ], 
    [
      1.82, 
      6.84
    ], 
    [
      1.86, 
      6.84
    ], 
    [
      1.87, 
      6.85
    ], 
    [
      1.91, 
      6.85
    ], 
    [
      1.92, 
      6.86
    ], 
    [
      1.96, 
      6.86
    ], 
    [
      1.97, 
      6.87
    ], 
    [
      2.01, 
      6.87
    ], 
    [
      2.02, 
      6.88
    ], 
    [
      2.06, 
      6.88
    ], 
    [
      2.07, 
      6.89
    ], 
    [
      2.11, 
      6.89
    ], 
    [
      2.12, 
      6.9
    ], 
    [
      2.16, 
      6.9
    ], 
    [
      2.17, 
      6.91
    ], 
    [
      2.2, 
      6.91
    ], 
    [
      2.21, 
      6.92
    ], 
    [
      2.25, 
      6.92
    ], 
    [
      2.26, 
      6.93
    ], 
    [
      2.31, 
      6.93
    ], 
    [
      2.32, 
      6.94
    ], 
    [
      2.35, 
      6.94
    ], 
    [
      2.36, 
      6.95
    ], 
    [
      2.39, 
      6.95
    ], 
    [
      2.4, 
      6.94
    ], 
    [
      2.43, 
      6.94
    ], 
    [
      2.44, 
      6.93
    ], 
    [
      2.49, 
      6.93
    ], 
    [
      2.5, 
      6.92
    ], 
    [
      2.54, 
      6.92
    ], 
    [
      2.55, 
      6.91
    ], 
    [
      2.57, 
      6.91
    ], 
    [
      2.58, 
      6.9
    ], 
    [
      2.61, 
      6.9
    ], 
    [
      2.62, 
      6.89
    ], 
    [
      2.67, 
      6.89
    ], 
    [
      2.68, 
      6.88
    ], 
    [
      2.72, 
      6.88
    ], 
    [
      2.73, 
      6.87
    ], 
    [
      2.77, 
      6.87
    ], 
    [
      2.78, 
      6.86
    ], 
    [
      2.82, 
      6.86
    ], 
    [
      2.83, 
      6.85
    ], 
    [
      2.88, 
      6.85
    ], 
    [
      2.89, 
      6.84
    ], 
    [
      2.93, 
      6.84
    ], 
    [
      2.94, 
      6.83
    ], 
    [
      2.98, 
      6.83
    ], 
    [
      2.99, 
      6.82
    ], 
    [
      3.03, 
      6.82
    ], 
    [
      3.04, 
      6.81
    ], 
    [
      3.09, 
      6.81
    ], 
    [
      3.1, 
      6.8
    ], 
    [
      3.14, 
      6.8
    ], 
    [
      3.15, 
      6.79
    ], 
    [
      3.19, 
      6.79
    ], 
    [
      3.2, 
      6.78
    ], 
    [
      3.24, 
      6.78
    ], 
    [
      3.25, 
      6.77
    ], 
    [
      3.3, 
      6.77
