{
  "room_category": {
    "Toilet": {
      "simulation_statistics": [
        {
          "not_completed_agents": 0, 
          "max_evacuation_time": 32.749786, 
          "min_evacuation_time": 25.249901, 
          "exit_flow_rate": 0.09160365200554288, 
          "completed_agents": 3, 
          "max_traveled_distance": 35.213982, 
          "avg_evacuation_time": 28.849845666666667, 
          "avg_traveled_distance": 33.97987366666667, 
          "min_traveled_distance": 32.241245
        }
      ], 
      "bounds": [
        [
          28.95, 
          4.74, 
          33.32, 
          7.83
        ]
      ]
    }, 
    "Bathroom": {
      "simulation_statistics": [
        {
          "not_completed_agents": 0, 
          "max_evacuation_time": 44.849602, 
          "min_evacuation_time": 24.399914, 
          "exit_flow_rate": 0.06689022569252677, 
          "completed_agents": 3, 
          "max_traveled_distance": 42.841927, 
          "avg_evacuation_time": 35.53307733333333, 
          "avg_traveled_distance": 37.129523, 
          "min_traveled_distance": 30.877712
        }
      ], 
      "bounds": [
        [
          28.98, 
          4.85, 
          33.33, 
          7.92
        ]
      ]
    }, 
    "Room": {
      "simulation_statistics": [
        {
          "not_completed_agents": 0, 
          "max_evacuation_time": 8.300014, 
          "min_evacuation_time": 1.35, 
          "exit_flow_rate": 1.0843355203979175, 
          "completed_agents": 9, 
          "max_traveled_distance": 10.188094, 
          "avg_evacuation_time": 4.322225111111111, 
          "avg_traveled_distance": 5.366826, 
          "min_traveled_distance": 1.309468
        }
      ], 
      "bounds": [
        [
          -0.79, 
          -0.01, 
          2.64, 
          13.07
        ], 
        [
          28.89, 
          7.75, 
          29.14, 
          13.07
        ], 
        [
          33.15, 
          4.85, 
          35.96, 
          4.94
        ], 
        [
          35.85, 
          4.85, 
          35.98, 
          13.07
        ]
      ]
    }, 
    "Living_Room": {
      "simulation_statistics": [
        {
          "not_completed_agents": 0, 
          "max_evacuation_time": 20.69997, 
          "min_evacuation_time": 14.800038, 
          "exit_flow_rate": 0.4830924875736535, 
          "completed_agents": 10, 
          "max_traveled_distance": 25.580431, 
          "avg_evacuation_time": 18.1600064, 
          "avg_traveled_distance": 23.3256958, 
          "min_traveled_distance": 19.249922
        }
      ], 
      "bounds": [
        [
          18.7, 
          6.49, 
          26.4, 
          13.14
        ]
      ]
    }, 
    "Garage": {
      "simulation_statistics": [
        {
          "not_completed_agents": 0, 
          "max_evacuation_time": 6.200006, 
          "min_evacuation_time": 0.0, 
          "exit_flow_rate": 2.419352497400809, 
          "completed_agents": 15, 
          "max_traveled_distance": 7.750063, 
          "avg_evacuation_time": 3.4333340666666667, 
          "avg_traveled_distance": 4.315141, 
          "min_traveled_distance": 0.0
        }
      ], 
      "bounds": [
        [
          -0.02, 
          -0.01, 
          8.02, 
          9.02
        ]
      ]
    }, 
    "Bedroom": {
      "simulation_statistics": [
        {
          "not_completed_agents": 0, 
          "max_evacuation_time": 49.449532, 
          "min_evacuation_time": 33.699772, 
          "exit_flow_rate": 0.18200374474727082, 
          "completed_agents": 9, 
          "max_traveled_distance": 47.444874, 
          "avg_evacuation_time": 40.45522444444444, 
          "avg_traveled_distance": 42.96621888888889, 
          "min_traveled_distance": 38.437122
        }
      ], 
      "bounds": [
        [
          28.97, 
          -0.01, 
          38.0, 
          5.06
        ]
      ]
    }, 
    "Kitchen": {
      "simulation_statistics": [
        {
          "not_completed_agents": 0, 
          "max_evacuation_time": 50.899509, 
          "min_evacuation_time": 25.999889, 
          "exit_flow_rate": 0.196465549402451, 
          "completed_agents": 10, 
          "max_traveled_distance": 48.477001, 
          "avg_evacuation_time": 34.7147563, 
          "avg_traveled_distance": 38.755902, 
          "min_traveled_distance": 32.98484
        }
      ], 
      "bounds": [
        [
          18.79, 
          -0.01, 
          26.4, 
          6.57
        ]
      ]
    }
  }, 
  "room_num": 14,