{
  "room_category": {
    "Room": {
      "simulation_statistics": [
        {
          "not_completed_agents": 0, 
          "max_evacuation_time": 14.150036, 
          "min_evacuation_time": 14.150036, 
          "exit_flow_rate": 0.0706711982923577, 
          "completed_agents": 1, 
          "max_traveled_distance": 13.744514, 
          "avg_evacuation_time": 14.150036, 
          "avg_traveled_distance": 13.744514, 
          "min_traveled_distance": 13.744514
        }, 
        {
          "not_completed_agents": 0, 
          "max_evacuation_time": 40.599667, 
          "min_evacuation_time": 8.400014, 
          "exit_flow_rate": 0.541876365636201, 
          "completed_agents": 22, 
          "max_traveled_distance": 36.926285, 
          "avg_evacuation_time": 24.220347, 
          "avg_traveled_distance": 25.408503, 
          "min_traveled_distance": 9.43657
        }
      ], 
      "bounds": [
        [
          4.53, 
          -0.01, 
          5.28, 
          6.82
        ], 
        [
          -0.01, 
          6.77, 
          12.52, 
          15.52
        ]
      ]
    }
  }, 
  "room_num": 10, 
  "verts": [
    [
      0.11, 
      0.1
    ], 
    [
      0.1, 
      0.11
    ], 
    [
      0.1, 
      2.9
    ], 
    [
      3.43, 
      2.9
    ], 
    [
      3.44, 
      2.91
    ], 
    [
      3.44, 
      3.0
    ], 
    [
      3.43, 
      3.01
    ], 
    [
      0.1, 
      3.01
    ], 
    [
      0.1, 
      5.27
    ], 
    [
      2.08, 
      5.27
    ], 
    [
      2.09, 
      5.28
    ], 
    [
      2.09, 
      5.37
    ], 
    [
      2.08, 
      5.38
    ], 
    [
      0.1, 
      5.38
    ], 
    [
      0.1, 
      6.75
    ], 
    [
      0.26, 
      6.75
    ], 
    [
      0.27, 
      6.76
    ], 
    [
      0.27, 
      6.86
    ], 
    [
      0.26, 
      6.87
    ], 
    [
      0.1, 
      6.87
    ], 
    [
      0.1, 
      12.96
    ], 
    [
      0.32, 
      12.96
    ], 
    [
      0.33, 
      12.97
    ], 
    [
      0.33, 
      13.07
    ], 
    [
      0.32, 
      13.08
    ], 
    [
      0.1, 
      13.08
    ], 
    [
      0.1, 
      15.41
    ], 
    [
      2.39, 
      15.41
    ], 
    [
      2.39, 
      15.08
    ], 
    [
      2.4, 
      15.07
    ], 
    [
      2.49, 
      15.07
    ], 
    [
      2.5, 
      15.08
    ], 
    [
      2.5, 
      15.41
    ], 
    [
      4.04, 
      15.41
    ], 
    [
      4.04, 
      13.08
    ], 
    [
      2.5, 
      13.08
    ], 
    [
      2.5, 
      14.06
    ], 
    [
      2.49, 
      14.07
    ], 
    [
      2.4, 
      14.07
    ], 
    [
      2.39, 
      14.06
    ], 
    [
      2.39, 
      13.08
    ], 
    [
      1.34, 
      13.08
    ], 
    [
      1.33, 
      13.07
    ], 
    [
      1.33, 
      12.97
    ], 
    [
      1.34, 
      12.96
    ], 
    [
      2.38, 
      12.96
    ], 
    [
      2.38, 
      8.8
    ], 
    [
      2.39, 
      8.79
    ], 
    [
      2.39, 
      8.71
    ], 
    [
      2.41, 
      8.69
    ], 
    [
      2.49, 
      8.69
    ], 
    [
      2.5, 
      8.68
    ], 
    [
      12.42, 
      8.68
    ], 
    [
      12.42, 
      6.87
    ], 
    [
      1.28, 
      6.87
    ], 
    [
      1.27, 
      6.86
    ], 
    [
      1.27, 
      6.75
    ], 
    [
      1.28, 
      6.74
    ], 
    [
      2.16, 
      6.74
    ], 
    [
      2.17, 
      6.73
    ], 
    [
      3.83, 
      6.73
    ], 
    [
      3.84, 
      6.72
    ], 
    [
      4.57, 
      6.72
    ], 
    [
      4.57, 
      6.58
    ], 
    [
      4.58, 
      6.57
    ], 
    [
      4.67, 
      6.57
    ], 
    [
      4.68, 
      6.58
    ], 
    [
      4.68, 
      6.75
    ], 
    [
      5.98, 
      6.75
    ], 
    [
      5.98, 
      6.52
    ], 
    [
      5.99, 
      6.51
    ], 
    [
      6.09, 
      6.51
    ], 
    [
      6.1, 
      6.52
    ], 
    [
      6.1, 
      6.75
    ], 
    [
      12.52, 
      6.75
    ], 
    [
      12.53, 
      6.76
    ], 
    [
      12.53, 
      8.79
    ], 
    [
      12.54, 
      8.8
    ], 
    [
      12.54, 
      12.98
    ], 
    [
      12.57, 
      13.01
    ], 
    [
      12.57, 
      13.02
    ], 
    [
      12.58, 
      13.03
    ], 
    [
      12.58, 
      13.06
    ], 
    [
      12.59, 
      13.07
    ], 
    [
      12.59, 
      13.3
    ], 
    [
      12.58, 
      13.31
    ], 
    [
      12.58, 
      13.79
    ], 
    [
      12.57, 
      13.8
    ], 
    [
      12.57, 
      14.28
    ], 
    [
      12.56, 
      14.29
    ], 
    [
      12.56, 
      14.78
    ], 
    [
      12.55, 
      14.79
    ], 
    [
      12.55, 
      15.19
    ], 
    [
      12.54, 
      15.2
    ], 
    [
      12.54, 
      15.41
    ], 
    [
      18.14, 
      15.41
    ], 
    [
      18.14, 
      0.11
    ], 
    [
      12.47, 
      0.11
    ], 
    [
      12.46, 
      0.1
    ], 
    [
      9.4, 
      0.1
    ], 
    [
      9.4, 
      3.41
    ], 
    [
      9.38, 
      3.43
    ], 
    [
      6.1, 
      3.43
    ], 
    [
      6.1, 
      5.5
    ], 
    [
      6.09, 
      5.51
    ], 
    [
      5.99, 
      5.51
    ], 
    [
      5.98, 
      5.5
    ], 
    [
      5.98, 
      2.32
    ], 
    [
      5.99, 
      2.31
    ], 
    [
      6.08, 
      2.31
    ], 
    [
      6.09, 
      2.32
    ], 
    [
      6.09, 
      3.32
    ], 
    [
      9.29, 
      3.32
    ], 
    [
      9.29, 
      0.11
    ], 
    [
      6.09, 
      0.11
    ], 
    [
      6.09, 
      1.1
    ], 
    [
      6.08, 
      1.11
    ], 
    [
      5.99, 
      1.11
    ], 
    [
      5.98, 
      1.1
    ], 
    [
      5.98, 
      0.1
    ], 
    [
      4.68, 
      0.1
    ], 
    [
      4.68, 
      5.56
    ], 
    [
      4.67, 
      5.57
    ], 
    [
      4.58, 
      5.57
    ], 
    [
      4.57, 
      5.56
    ], 
    [
      4.57, 
      5.38
    ], 
    [
      3.1, 
      5.38
    ], 
    [
      3.09, 
      5.37
    ], 
    [
      3.09, 
      5.28
    ], 
    [
      3.1, 
      5.27
    ], 
    [
      4.57, 
      5.27
    ], 
    [
      4.57, 
      3.01
    ], 
    [
      4.45, 
      3.01
    ], 
    [
      4.44, 
      3.0
    ], 
    [
      4.44, 
      2.91
    ], 
    [
      4.45, 
      2.9
    ], 
    [
      4.57, 
      2.9
    ], 
    [
      4.57, 
      0.1
    ]
  ], 
  "bbox": {
    "max": [
      18.14, 
      15.41
    ], 
    "min": [
      0.1, 
      0.1
    ]
  }, 
  "id": "9a54eaf47151123d7fd140e298e3deee"
}