{
  "room_category": {
    "Kitchen": {
      "simulation_statistics": [
        {
          "not_completed_agents": 0, 
          "max_evacuation_time": 150.004547, 
          "min_evacuation_time": 7.45001, 
          "exit_flow_rate": 0.0333323229195179, 
          "completed_agents": 5, 
          "max_traveled_distance": 11.387975, 
          "avg_evacuation_time": 34.717445000000005, 
          "avg_traveled_distance": 9.5971835, 
          "min_traveled_distance": 7.365865
        }
      ], 
      "bounds": [
        [
          -0.02, 
          8.28, 
          5.47, 
          13.5
        ]
      ]
    }
  }, 
  "room_num": 5, 
  "verts": [
    [
      0.11, 
      0.1
    ], 
    [
      0.1, 
      0.11
    ], 
    [
      0.1, 
      4.71
    ], 
    [
      2.37, 
      4.71
    ], 
    [
      2.38, 
      4.72
    ], 
    [
      2.38, 
      4.82
    ], 
    [
      2.37, 
      4.83
    ], 
    [
      0.1, 
      4.83
    ], 
    [
      0.1, 
      8.27
    ], 
    [
      2.26, 
      8.27
    ], 
    [
      2.27, 
      8.28
    ], 
    [
      2.27, 
      8.38
    ], 
    [
      2.26, 
      8.39
    ], 
    [
      0.1, 
      8.39
    ], 
    [
      0.1, 
      13.36
    ], 
    [
      5.37, 
      13.36
    ], 
    [
      5.37, 
      13.08
    ], 
    [
      5.38, 
      13.07
    ], 
    [
      5.48, 
      13.07
    ], 
    [
      5.49, 
      13.08
    ], 
    [
      5.49, 
      13.36
    ], 
    [
      10.46, 
      13.36
    ], 
    [
      10.46, 
      8.39
    ], 
    [
      5.49, 
      8.39
    ], 
    [
      5.49, 
      11.22
    ], 
    [
      5.48, 
      11.23
    ], 
    [
      5.38, 
      11.23
    ], 
    [
      5.37, 
      11.22
    ], 
    [
      5.37, 
      8.39
    ], 
    [
      3.02, 
      8.39
    ], 
    [
      3.01, 
      8.38
    ], 
    [
      3.01, 
      8.28
    ], 
    [
      3.02, 
      8.27
    ], 
    [
      3.03, 
      8.28
    ], 
    [
      3.06, 
      8.28
    ], 
    [
      3.07, 
      8.27
    ], 
    [
      5.37, 
      8.27
    ], 
    [
      5.37, 
      7.1
    ], 
    [
      5.38, 
      7.09
    ], 
    [
      5.48, 
      7.09
    ], 
    [
      5.49, 
      7.1
    ], 
    [
      5.48, 
      7.11
    ], 
    [
      5.48, 
      7.12
    ], 
    [
      5.49, 
      7.13
    ], 
    [
      5.49, 
      8.27
    ], 
    [
      5.58, 
      8.27
    ], 
    [
      5.59, 
      8.28
    ], 
    [
      10.46, 
      8.28
    ], 
    [
      10.46, 
      4.83
    ], 
    [
      5.49, 
      4.83
    ], 
    [
      5.49, 
      6.34
    ], 
    [
      5.48, 
      6.35
    ], 
    [
      5.38, 
      6.35
    ], 
    [
      5.37, 
      6.34
    ], 
    [
      5.37, 
      4.83
    ], 
    [
      3.13, 
      4.83
    ], 
    [
      3.12, 
      4.82
    ], 
    [
      3.12, 
      4.72
    ], 
    [
      3.13, 
      4.71
    ], 
    [
      5.06, 
      4.71
    ], 
    [
      5.06, 
      0.1
    ]
  ], 
  "bbox": {
    "max": [
      10.46, 
      13.36
    ], 
    "min": [
      0.1, 
      0.1
    ]
  }, 
  "id": "9c701ed543a52d281b449d3b4dd10aa4"
}