{
  "room_category": {
    "Toilet": {
      "simulation_statistics": [
        {
          "not_completed_agents": 0, 
          "max_evacuation_time": 14.050035, 
          "min_evacuation_time": 7.40001, 
          "exit_flow_rate": 0.2135225997657657, 
          "completed_agents": 3, 
          "max_traveled_distance": 10.242287, 
          "avg_evacuation_time": 11.283358, 
          "avg_traveled_distance": 9.364725333333332, 
          "min_traveled_distance": 7.668187
        }
      ], 
      "bounds": [
        [
          -0.01, 
          -0.02, 
          3.76, 
          3.93
        ]
      ]
    }, 
    "Bathroom": {
      "simulation_statistics": [
        {
          "not_completed_agents": 0, 
          "max_evacuation_time": 10.850023, 
          "min_evacuation_time": 9.250017, 
          "exit_flow_rate": 0.27649710972962915, 
          "completed_agents": 3, 
          "max_traveled_distance": 9.396502, 
          "avg_evacuation_time": 10.033353333333332, 
          "avg_traveled_distance": 8.762627666666667, 
          "min_traveled_distance": 7.952098
        }
      ], 
      "bounds": [
        [
          -0.01, 
          -0.02, 
          3.76, 
          3.93
        ]
      ]
    }, 
    "Kitchen": {
      "simulation_statistics": [
        {
          "not_completed_agents": 0, 
          "max_evacuation_time": 1.3, 
          "min_evacuation_time": 0.0, 
          "exit_flow_rate": 3.0769230769230766, 
          "completed_agents": 4, 
          "max_traveled_distance": 1.517954, 
          "avg_evacuation_time": 0.7125, 
          "avg_traveled_distance": 0.87348775, 
          "min_traveled_distance": 0.0
        }
      ], 
      "bounds": [
        [
          7.36, 
          -0.02, 
          12.03, 
          3.94
        ]
      ]
    }
  }, 
  "room_num": 3, 
  "verts": [
    [
      7.44, 
      0.1
    ], 
    [
      7.43, 
      0.11
    ], 
    [
      7.42, 
      0.11
    ], 
    [
      7.41, 
      0.12
    ], 
    [
      7.38, 
      0.12
    ], 
    [
      7.37, 
      0.13
    ], 
    [
      6.09, 
      0.13
    ], 
    [
      6.08, 
      0.14
    ], 
    [
      3.77, 
      0.14
    ], 
    [
      3.77, 
      3.31
    ], 
    [
      3.76, 
      3.32
    ], 
    [
      2.64, 
      3.32
    ], 
    [
      2.63, 
      3.31
    ], 
    [
      2.63, 
      3.22
    ], 
    [
      2.64, 
      3.21
    ], 
    [
      3.66, 
      3.21
    ], 
    [
      3.66, 
      0.14
    ], 
    [
      0.1, 
      0.14
    ], 
    [
      0.1, 
      3.21
    ], 
    [
      1.62, 
      3.21
    ], 
    [
      1.63, 
      3.22
    ], 
    [
      1.63, 
      3.31
    ], 
    [
      1.62, 
      3.32
    ], 
    [
      0.1, 
      3.32
    ], 
    [
      0.1, 
      7.11
    ], 
    [
      8.98, 
      7.11
    ], 
    [
      8.99, 
      7.1
    ], 
    [
      12.06, 
      7.1
    ], 
    [
      12.06, 
      0.13
    ], 
    [
      12.04, 
      0.13
    ], 
    [
      12.04, 
      3.94
    ], 
    [
      12.03, 
      3.95
    ], 
    [
      7.38, 
      3.95
    ], 
    [
      7.37, 
      3.94
    ], 
    [
      7.37, 
      3.73
    ], 
    [
      7.38, 
      3.72
    ], 
    [
      7.48, 
      3.72
    ], 
    [
      7.49, 
      3.73
    ], 
    [
      7.49, 
      3.84
    ], 
    [
      11.93, 
      3.84
    ], 
    [
      11.93, 
      0.13
    ], 
    [
      7.5, 
      0.13
    ], 
    [
      7.49, 
      0.12
    ], 
    [
      7.49, 
      0.1
    ]
  ], 
  "bbox": {
    "max": [
      12.06, 
      7.11
    ], 
    "min": [
      0.1, 
      0.1
    ]
  }, 
  "id": "9c8cd565d3c7a42d0de8c5ba3235a619"
}