{
  "room_category": {
    "Garage": {
      "simulation_statistics": [
        {
          "not_completed_agents": 0, 
          "max_evacuation_time": 46.89957, 
          "min_evacuation_time": 15.850042, 
          "exit_flow_rate": 0.3198323566719269, 
          "completed_agents": 15, 
          "max_traveled_distance": 36.464966, 
          "avg_evacuation_time": 27.61986446666667, 
          "avg_traveled_distance": 27.26104186666667, 
          "min_traveled_distance": 19.709635
        }
      ], 
      "bounds": [
        [
          -0.02, 
          6.94, 
          9.06, 
          15.35
        ]
      ]
    }, 
    "Hallway": {
      "simulation_statistics": [
        {
          "not_completed_agents": 0, 
          "max_evacuation_time": 150.004547, 
          "min_evacuation_time": 7.40001, 
          "exit_flow_rate": 0.2333262604366253, 
          "completed_agents": 35, 
          "max_traveled_distance": 37.622856, 
          "avg_evacuation_time": 38.92388563157895, 
          "avg_traveled_distance": 23.40215510526316, 
          "min_traveled_distance": 0.972224
        }
      ], 
      "bounds": [
        [
          8.94, 
          6.94, 
          31.83, 
          15.34
        ]
      ]
    }, 
    "Room": {
      "simulation_statistics": [
        {
          "not_completed_agents": 0, 
          "max_evacuation_time": 41.799648, 
          "min_evacuation_time": 14.050035, 
          "exit_flow_rate": 0.28708375726034824, 
          "completed_agents": 12, 
          "max_traveled_distance": 32.307026, 
          "avg_evacuation_time": 22.074943416666667, 
          "avg_traveled_distance": 22.761759333333334, 
          "min_traveled_distance": 17.671865
        }, 
        {
          "not_completed_agents": 0, 
          "max_evacuation_time": 13.300033, 
          "min_evacuation_time": 5.800004, 
          "exit_flow_rate": 0.8270656170552358, 
          "completed_agents": 11, 
          "max_traveled_distance": 14.587032, 
          "avg_evacuation_time": 9.977292818181818, 
          "avg_traveled_distance": 12.261126363636363, 
          "min_traveled_distance": 7.52729
        }, 
        {
          "not_completed_agents": 0, 
          "max_evacuation_time": 40.049675, 
          "min_evacuation_time": 18.200008, 
          "exit_flow_rate": 0.5493178159373329, 
          "completed_agents": 22, 
          "max_traveled_distance": 36.721729, 
          "avg_evacuation_time": 29.654379000000002, 
          "avg_traveled_distance": 30.51448659090909, 
          "min_traveled_distance": 22.95166
        }, 
        {
          "not_completed_agents": 0, 
          "max_evacuation_time": 150.004547, 
          "min_evacuation_time": 150.004547, 
          "exit_flow_rate": 0.0, 
          "completed_agents": 0, 
          "max_traveled_distance": 25.006968, 
          "avg_evacuation_time": 150.004547, 
          "avg_traveled_distance": 14.301253366666666, 
          "min_traveled_distance": 0.791169
        }, 
        {
          "not_completed_agents": 0, 
          "max_evacuation_time": 64.699348, 
          "min_evacuation_time": 26.499882, 
          "exit_flow_rate": 0.200929381854049, 
          "completed_agents": 13, 
          "max_traveled_distance": 39.252495, 
          "avg_evacuation_time": 46.05343346153846, 
          "avg_traveled_distance": 31.258398307692307, 
          "min_traveled_distance": 24.049677
        }
      ], 
      "bounds": [
        [
          25.6, 
          -0.02, 
          33.96, 
          7.05
        ], 
        [
          17.83, 
          -0.02, 
          25.69, 
          7.05
        ], 
        [
          31.74, 
          -0.02, 
          41.88, 
          11.06
        ], 
        [
          24.25, 
          10.97, 
          41.88, 
          19.53
        ], 
        [
          16.75, 
          10.97, 
          24.34, 
          19.53
        ]
      ]
    }, 
    "Bedroom": {
      "simulation_statistics": [
        {
          "not_completed_agents": 0, 
          "max_evacuation_time": 4.599999, 
          "min_evacuation_time": 0.0, 
          "exit_flow_rate": 3.0434789224954177, 
          "completed_agents": 14, 
          "max_traveled_distance": 5.861169, 
          "avg_evacuation_time": 2.092856285714286, 
          "avg_traveled_distance": 2.6658176428571427, 
          "min_traveled_distance": 0.0
        }
      ], 
      "bounds": [
        [
          8.44, 
          -0.05, 
          17.92, 
          7.59
        ]
      ]
    }
  }, 
  "room_num": 8,