{
  "room_category": {
    "Hallway": {
      "simulation_statistics": [
        {
          "not_completed_agents": 0, 
          "max_evacuation_time": 11.200025, 
          "min_evacuation_time": 7.650011, 
          "exit_flow_rate": 0.26785654496306927, 
          "completed_agents": 3, 
          "max_traveled_distance": 15.690145, 
          "avg_evacuation_time": 9.533351666666666, 
          "avg_traveled_distance": 13.611283666666665, 
          "min_traveled_distance": 10.546492
        }, 
        {
          "not_completed_agents": 0, 
          "max_evacuation_time": 11.900027, 
          "min_evacuation_time": 11.050024, 
          "exit_flow_rate": 0.1680668455626193, 
          "completed_agents": 2, 
          "max_traveled_distance": 17.117441, 
          "avg_evacuation_time": 11.475025500000001, 
          "avg_traveled_distance": 16.1551945, 
          "min_traveled_distance": 15.192948
        }
      ], 
      "bounds": [
        [
          8.19, 
          9.58, 
          10.28, 
          15.86
        ], 
        [
          5.09, 
          15.78, 
          10.26, 
          17.42
        ]
      ]
    }, 
    "Bathroom": {
      "simulation_statistics": [
        {
          "not_completed_agents": 0, 
          "max_evacuation_time": 13.150032, 
          "min_evacuation_time": 12.300029, 
          "exit_flow_rate": 0.152090884645756, 
          "completed_agents": 2, 
          "max_traveled_distance": 18.579157, 
          "avg_evacuation_time": 12.725030499999999, 
          "avg_traveled_distance": 18.3553335, 
          "min_traveled_distance": 18.13151
        }
      ], 
      "bounds": [
        [
          9.66, 
          9.58, 
          13.39, 
          12.77
        ]
      ]
    }, 
    "Room": {
      "simulation_statistics": [
        {
          "not_completed_agents": 0, 
          "max_evacuation_time": 66.149437, 
          "min_evacuation_time": 3.499998, 
          "exit_flow_rate": 4.247957544975024, 
          "completed_agents": 281, 
          "max_traveled_distance": 71.660706, 
          "avg_evacuation_time": 28.744132626334522, 
          "avg_traveled_distance": 40.11224091814947, 
          "min_traveled_distance": 3.263437
        }, 
        {
          "not_completed_agents": 0, 
          "max_evacuation_time": 63.349319, 
          "min_evacuation_time": 0.0, 
          "exit_flow_rate": 7.719104289029532, 
          "completed_agents": 489, 
          "max_traveled_distance": 75.056221, 
          "avg_evacuation_time": 23.773600233128835, 
          "avg_traveled_distance": 32.369202245398775, 
          "min_traveled_distance": 0.0
        }, 
        {
          "not_completed_agents": 0, 
          "max_evacuation_time": 68.549583, 
          "min_evacuation_time": 0.0, 
          "exit_flow_rate": 7.6586899150064855, 
          "completed_agents": 525, 
          "max_traveled_distance": 76.722443, 
          "avg_evacuation_time": 24.731583746666665, 
          "avg_traveled_distance": 33.60506330285714, 
          "min_traveled_distance": 0.0
        }, 
        {
          "not_completed_agents": 0, 
          "max_evacuation_time": 30.399822, 
          "min_evacuation_time": 30.399822, 
          "exit_flow_rate": 0.032894929450573755, 
          "completed_agents": 1, 
          "max_traveled_distance": 37.231262, 
          "avg_evacuation_time": 30.399822, 
          "avg_traveled_distance": 37.231262, 
          "min_traveled_distance": 37.231262
        }
      ], 
      "bounds": [
        [
          -31.66, 
          -20.12, 
          1.33, 
          22.51
        ], 
        [
          -31.66, 
          -20.12, 
          25.74, 
          22.51
        ], 
        [
          -31.66, 
          -20.12, 
          25.73, 
          25.6
        ], 
        [
          25.65, 
          22.43, 
          26.98, 
          25.6
        ]
      ]
    }, 
    "Office": {
      "simulation_statistics": [
        {
          "not_completed_agents": 0, 
          "max_evacuation_time": 20.999966, 
          "min_evacuation_time": 14.900039, 
          "exit_flow_rate": 0.14285737415003433, 
          "completed_agents": 3, 
          "max_traveled_distance": 27.495256, 
          "avg_evacuation_time": 18.316666666666666, 
          "avg_traveled_distance": 25.46915233333333, 
          "min_traveled_distance": 22.328421
        }
      ], 
      "bounds": [
        [
          10.17, 
          17.33, 
          13.39, 
          22.52
        ]
      ]
    }, 
    "Bedroom": {
      "simulation_statistics": [
        {
          "not_completed_agents": 0, 
          "max_evacuation_time": 8.450014, 
          "min_evacuation_time": 7.200009, 
          "exit_flow_rate": 0.23668599839006185, 
          "completed_agents": 2, 
          "max_traveled_distance": 10.883636, 
          "avg_evacuation_time": 7.8250115, 
          "avg_traveled_distance": 10.565812999999999, 
          "min_traveled_distance": 10.24799
        }, 
        {
          "not_completed_agents": 0, 
          "max_evacuation_time": 10.600022, 
          "min_evacuation_time": 8.900016, 
          "exit_flow_rate": 0.18867885368539802, 
          "completed_agents": 2, 
          "max_traveled_distance": 14.308984, 
          "avg_evacuation_time": 9.750019, 
          "avg_traveled_distance": 13.261128, 
          "min_traveled_distance": 12.213272
        }
      ], 
      "bounds": [
        [
          5.06, 
          9.58, 
          8.82, 
          12.77
        ], 
        [
          5.06, 
          12.68, 
          8.31, 
          15.87
        ]
      ]
    }, 
    "Hall": {
      "simulation_statistics": [
        {
          "not_completed_agents": 0, 
          "max_evacuation_time": 20.599972, 
          "min_evacuation_time": 14.750038, 
          "exit_flow_rate": 0.24271877651095836, 
          "completed_agents": 5, 
          "max_traveled_distance": 27.905392, 
          "avg_evacuation_time": 18.0900056, 
          "avg_traveled_distance": 25.1404854, 
          "min_traveled_distance": 21.546005
        }
      ], 
      "bounds": [
        [
          5.08, 
          17.33, 
          10.28, 
          22.54
        ]
      ]
    }, 
    "Kitchen": {
      "simulation_statistics": [
        {
          "not_completed_agents": 0, 
          "max_evacuation_time": 14.650038, 
          "min_evacuation_time": 11.500026, 
          "exit_flow_rate": 0.2047776258327794, 
          "completed_agents": 3, 
          "max_traveled_distance": 21.646036, 
          "avg_evacuation_time": 13.516700333333333, 
          "avg_traveled_distance": 19.696318333333334, 
          "min_traveled_distance": 15.908329
        }
      ], 
      "bounds": [
        [
          10.19, 
          12.68, 
          13.4, 
          17.42
        ]
      ]
    }
  }, 
  "room_num": 13, 
  "verts": [
    [
      1.35, 
      0.1
    ], 
    [
      1.34, 
      0.11
    ], 
    [
      1.34, 
      22.52
    ], 
    [
      1.32, 
      22.54
    ], 
    [
      0.11, 
      22.54
    ], 
    [
      0.1, 
      22.55
    ], 
    [
      0.1, 
      25.49
    ], 
    [
      26.87, 
      25.49
    ], 
    [
      26.87, 
      22.54
    ], 
    [
      25.65, 
      22.54
    ], 
    [
      25.63, 
      22.52
    ], 
    [
      25.63, 
      0.1
    ]
  ], 
  "bbox": {
    "max": [
      26.87, 
      25.49
    ], 
    "min": [
      0.1, 
      0.1
    ]
  }, 
  "id": "9e53fbb1e2d86368f9ac0a1abb1a8db2"
}