{
  "room_category": {
    "Wardrobe": {
      "simulation_statistics": [
        {
          "not_completed_agents": 0, 
          "max_evacuation_time": 20.749969, 
          "min_evacuation_time": 3.049998, 
          "exit_flow_rate": 0.3373499015829855, 
          "completed_agents": 7, 
          "max_traveled_distance": 9.748992, 
          "avg_evacuation_time": 9.73571842857143, 
          "avg_traveled_distance": 5.835846428571428, 
          "min_traveled_distance": 2.105463
        }
      ], 
      "bounds": [
        [
          2.94, 
          -0.01, 
          10.51, 
          4.45
        ]
      ]
    }, 
    "Bathroom": {
      "simulation_statistics": [
        {
          "not_completed_agents": 0, 
          "max_evacuation_time": 150.004547, 
          "min_evacuation_time": 11.650026, 
          "exit_flow_rate": 0.0066664645839035796, 
          "completed_agents": 1, 
          "max_traveled_distance": 22.812525, 
          "avg_evacuation_time": 80.8272865, 
          "avg_traveled_distance": 16.706456, 
          "min_traveled_distance": 10.600387
        }
      ], 
      "bounds": [
        [
          9.88, 
          -0.01, 
          12.2, 
          3.92
        ]
      ]
    }, 
    "Bedroom": {
      "simulation_statistics": [
        {
          "not_completed_agents": 0, 
          "max_evacuation_time": 0.9, 
          "min_evacuation_time": 0.1, 
          "exit_flow_rate": 3.333333333333333, 
          "completed_agents": 3, 
          "max_traveled_distance": 1.180066, 
          "avg_evacuation_time": 0.46666666666666673, 
          "avg_traveled_distance": 0.7886993333333333, 
          "min_traveled_distance": 0.26
        }
      ], 
      "bounds": [
        [
          -0.02, 
          -0.02, 
          3.08, 
          4.44
        ]
      ]
    }
  }, 
  "room_num": 3, 
  "verts": [
    [
      0.11, 
      0.1
    ], 
    [
      0.1, 
      0.11
    ], 
    [
      0.1, 
      3.83
    ], 
    [
      0.51, 
      3.83
    ], 
    [
      0.52, 
      3.82
    ], 
    [
      1.53, 
      3.82
    ], 
    [
      1.54, 
      3.81
    ], 
    [
      2.55, 
      3.81
    ], 
    [
      2.56, 
      3.8
    ], 
    [
      2.96, 
      3.8
    ], 
    [
      2.96, 
      3.32
    ], 
    [
      2.95, 
      3.31
    ], 
    [
      2.95, 
      2.69
    ], 
    [
      2.96, 
      2.68
    ], 
    [
      3.06, 
      2.68
    ], 
    [
      3.07, 
      2.69
    ], 
    [
      3.07, 
      3.31
    ], 
    [
      3.08, 
      3.32
    ], 
    [
      3.08, 
      3.79
    ], 
    [
      4.05, 
      3.79
    ], 
    [
      4.06, 
      3.8
    ], 
    [
      8.29, 
      3.8
    ], 
    [
      8.3, 
      3.81
    ], 
    [
      10.41, 
      3.81
    ], 
    [
      10.41, 
      3.71
    ], 
    [
      10.4, 
      3.7
    ], 
    [
      10.4, 
      3.51
    ], 
    [
      10.42, 
      3.49
    ], 
    [
      10.51, 
      3.49
    ], 
    [
      10.52, 
      3.5
    ], 
    [
      10.52, 
      3.71
    ], 
    [
      10.53, 
      3.72
    ], 
    [
      10.53, 
      3.81
    ], 
    [
      12.09, 
      3.81
    ], 
    [
      12.09, 
      0.1
    ], 
    [
      10.49, 
      0.1
    ], 
    [
      10.49, 
      0.11
    ], 
    [
      10.5, 
      0.12
    ], 
    [
      10.5, 
      0.77
    ], 
    [
      10.51, 
      0.78
    ], 
    [
      10.51, 
      2.08
    ], 
    [
      10.52, 
      2.09
    ], 
    [
      10.52, 
      2.74
    ], 
    [
      10.51, 
      2.75
    ], 
    [
      10.41, 
      2.75
    ], 
    [
      10.4, 
      2.74
    ], 
    [
      10.4, 
      2.24
    ], 
    [
      10.39, 
      2.23
    ], 
    [
      10.39, 
      1.35
    ], 
    [
      10.38, 
      1.34
    ], 
    [
      10.38, 
      0.45
    ], 
    [
      10.37, 
      0.44
    ], 
    [
      10.37, 
      0.1
    ], 
    [
      9.3, 
      0.1
    ], 
    [
      9.29, 
      0.11
    ], 
    [
      7.49, 
      0.11
    ], 
    [
      7.48, 
      0.12
    ], 
    [
      5.67, 
      0.12
    ], 
    [
      5.66, 
      0.13
    ], 
    [
      3.86, 
      0.13
    ], 
    [
      3.85, 
      0.14
    ], 
    [
      3.05, 
      0.14
    ], 
    [
      3.05, 
      1.02
    ], 
    [
      3.06, 
      1.03
    ], 
    [
      3.06, 
      1.93
    ], 
    [
      3.05, 
      1.94
    ], 
    [
      2.96, 
      1.94
    ], 
    [
      2.95, 
      1.93
    ], 
    [
      2.95, 
      1.49
    ], 
    [
      2.94, 
      1.48
    ], 
    [
      2.94, 
      0.59
    ], 
    [
      2.93, 
      0.58
    ], 
    [
      2.93, 
      0.14
    ], 
    [
      2.67, 
      0.14
    ], 
    [
      2.66, 
      0.13
    ], 
    [
      1.94, 
      0.13
    ], 
    [
      1.93, 
      0.12
    ], 
    [
      1.21, 
      0.12
    ], 
    [
      1.2, 
      0.11
    ], 
    [
      0.48, 
      0.11
    ], 
    [
      0.47, 
      0.1
    ]
  ], 
  "bbox": {
    "max": [
      12.09, 
      3.83
    ], 
    "min": [
      0.1, 
      0.1
    ]
  }, 
  "id": "9f5a868d8a172df259095ba316e91624"
}