{
  "room_category": {
    "Toilet": {
      "simulation_statistics": [
        {
          "not_completed_agents": 0, 
          "max_evacuation_time": 41.849648, 
          "min_evacuation_time": 14.400037, 
          "exit_flow_rate": 0.16726544510004002, 
          "completed_agents": 7, 
          "max_traveled_distance": 40.336647, 
          "avg_evacuation_time": 30.885525, 
          "avg_traveled_distance": 31.563992857142857, 
          "min_traveled_distance": 17.235069
        }
      ], 
      "bounds": [
        [
          4.16, 
          12.35, 
          10.33, 
          18.24
        ]
      ]
    }, 
    "Bathroom": {
      "simulation_statistics": [
        {
          "not_completed_agents": 0, 
          "max_evacuation_time": 42.749634, 
          "min_evacuation_time": 13.350033, 
          "exit_flow_rate": 0.1637440919377228, 
          "completed_agents": 7, 
          "max_traveled_distance": 37.482632, 
          "avg_evacuation_time": 27.749855571428572, 
          "avg_traveled_distance": 31.119631857142856, 
          "min_traveled_distance": 16.57192
        }
      ], 
      "bounds": [
        [
          4.16, 
          12.35, 
          10.33, 
          18.24
        ]
      ]
    }, 
    "Bedroom": {
      "simulation_statistics": [
        {
          "not_completed_agents": 0, 
          "max_evacuation_time": 11.450026, 
          "min_evacuation_time": 1.35, 
          "exit_flow_rate": 1.6593848782526783, 
          "completed_agents": 19, 
          "max_traveled_distance": 14.055019, 
          "avg_evacuation_time": 5.342109947368421, 
          "avg_traveled_distance": 6.7285153157894735, 
          "min_traveled_distance": 1.918654
        }, 
        {
          "not_completed_agents": 0, 
          "max_evacuation_time": 12.50003, 
          "min_evacuation_time": 5.250002, 
          "exit_flow_rate": 1.2799969280073726, 
          "completed_agents": 16, 
          "max_traveled_distance": 13.093774, 
          "avg_evacuation_time": 8.7781404375, 
          "avg_traveled_distance": 10.569629375, 
          "min_traveled_distance": 6.720288
        }
      ], 
      "bounds": [
        [
          10.88, 
          -0.05, 
          17.94, 
          13.07
        ], 
        [
          17.21, 
          -0.05, 
          23.26, 
          13.07
        ]
      ]
    }, 
    "Room": {
      "simulation_statistics": [
        {
          "not_completed_agents": 0, 
          "max_evacuation_time": 150.004547, 
          "min_evacuation_time": 30.099827, 
          "exit_flow_rate": 0.0333323229195179, 
          "completed_agents": 5, 
          "max_traveled_distance": 40.25, 
          "avg_evacuation_time": 53.82555666666667, 
          "avg_traveled_distance": 33.6928455, 
          "min_traveled_distance": 18.669376
        }
      ], 
      "bounds": [
        [
          -0.05, 
          18.03, 
          4.93, 
          24.14
        ]
      ]
    }, 
    "Kitchen": {
      "simulation_statistics": [
        {
          "not_completed_agents": 0, 
          "max_evacuation_time": 150.004547, 
          "min_evacuation_time": 17.200024, 
          "exit_flow_rate": 0.11999636251026444, 
          "completed_agents": 18, 
          "max_traveled_distance": 37.148773, 
          "avg_evacuation_time": 44.264832142857145, 
          "avg_traveled_distance": 28.765869619047617, 
          "min_traveled_distance": 13.541228
        }
      ], 
      "bounds": [
        [
          -0.02, 
          18.08, 
          12.24, 
          26.56
        ]
      ]
    }
  }, 
  "room_num": 7, 
  "verts": [
    [
      11.64, 
      0.1
    ], 
    [
      11.63, 
      0.11
    ], 
    [
      11.63, 
      12.97
    ], 
    [
      13.58, 
      12.97
    ], 
    [
      13.59, 
      12.98
    ], 
    [
      13.59, 
      13.08
    ], 
    [
      13.58, 
      13.09
    ], 
    [
      11.63, 
      13.09
    ], 
    [
      11.63, 
      18.07
    ], 
    [
      11.62, 
      18.08
    ], 
    [
      11.74, 
      18.08
    ], 
    [
      11.75, 
      18.07
    ], 
    [
      16.45, 
      18.07
    ], 
    [
      16.46, 
      18.08
    ], 
    [
      16.46, 
      18.18
    ], 
    [
      16.45, 
      18.19
    ], 
    [
      11.61, 
      18.19
    ], 
    [
      11.61, 
      18.22
    ], 
    [
      11.62, 
      18.23
    ], 
    [
      11.62, 
      21.12
    ], 
    [
      11.61, 
      21.13
    ], 
    [
      11.51, 
      21.13
    ], 
    [
      11.5, 
      21.12
    ], 
    [
      11.5, 
      18.19
    ], 
    [
      10.47, 
      18.19
    ], 
    [
      10.46, 
      18.2
    ], 
    [
      8.54, 
      18.2
    ], 
    [
      8.53, 
      18.19
    ], 
    [
      8.53, 
      18.08
    ], 
    [
      8.54, 
      18.07
    ], 
    [
      9.58, 
      18.07
    ], 
    [
      9.58, 
      12.49
    ], 
    [
      4.92, 
      12.49
    ], 
    [
      4.91, 
      12.5
    ], 
    [
      4.91, 
      18.07
    ], 
    [
      6.68, 
      18.07
    ], 
    [
      6.69, 
      18.08
    ], 
    [
      6.69, 
      18.19
    ], 
    [
      6.68, 
      18.2
    ], 
    [
      5.73, 
      18.2
    ], 
    [
      5.72, 
      18.21
    ], 
    [
      4.9, 
      18.21
    ], 
    [
      4.9, 
      20.33
    ], 
    [
      4.89, 
      20.34
    ], 
    [
      4.79, 
      20.34
    ], 
    [
      4.78, 
      20.33
    ], 
    [
      4.78, 
      18.2
    ], 
    [
      0.11, 
      18.2
    ], 
    [
      0.1, 
      18.21
    ], 
    [
      0.1, 
      23.16
    ], 
    [
      4.78, 
      23.16
    ], 
    [
      4.78, 
      21.59
    ], 
    [
      4.79, 
      21.58
    ], 
    [
      4.89, 
      21.58
    ], 
    [
      4.9, 
      21.59
    ], 
    [
      4.9, 
      23.27
    ], 
    [
      4.91, 
      23.28
    ], 
    [
      4.91, 
      26.4
    ], 
    [
      6.45, 
      26.4
    ], 
    [
      6.46, 
      26.41
    ], 
    [
      9.46, 
      26.41
    ], 
    [
      9.47, 
      26.42
    ], 
    [
      11.5, 
      26.42
    ], 
    [
      11.5, 
      22.98
    ], 
    [
      11.51, 
      22.97
    ], 
    [
      11.61, 
      22.97
    ], 
    [
      11.62, 
      22.98
    ], 
    [
      11.61, 
      22.99
    ], 
    [
      11.61, 
      23.05
    ], 
    [
      11.62, 
      23.06
    ], 
    [
      11.62, 
      26.42
    ], 
    [
      17.77, 
      26.42
    ], 
    [
      17.77, 
      22.2
    ], 
    [
      17.78, 
      22.19
    ], 
    [
      17.78, 
      22.11
    ], 
    [
      17.8, 
      22.09
    ], 
    [
      17.88, 
      22.09
    ], 
    [
      17.89, 
      22.08
    ], 
    [
      23.12, 
      22.08
    ], 
    [
      23.12, 
      18.19
    ], 
    [
      18.31, 
      18.19
    ], 
    [
      18.3, 
      18.18
    ], 
    [
      18.3, 
      18.08
    ], 
    [
      18.31, 
      18.07
    ], 
    [
      18.32, 
      18.08
    ], 
    [
      18.41, 
      18.08
    ], 
    [
      18.42, 
      18.07
    ], 
    [
      23.12, 
      18.07
    ], 
    [
      23.12, 
      13.09
    ], 
    [
      20.88, 
      13.09
    ], 
    [
      20.87, 
      13.08
    ], 
    [
      20.87, 
      12.98
    ], 
    [
      20.88, 
      12.97
    ], 
    [
      20.89, 
      12.98
    ], 
    [
      20.92, 
      12.98
    ], 
    [
      20.93, 
      12.97
    ], 
    [
      23.12, 
      12.97
    ], 
    [
      23.12, 
