{
  "room_category": {
    "Toilet": {
      "simulation_statistics": [
        {
          "not_completed_agents": 0, 
          "max_evacuation_time": 7.100009, 
          "min_evacuation_time": 1.55, 
          "exit_flow_rate": 0.9859142432072974, 
          "completed_agents": 7, 
          "max_traveled_distance": 7.542751, 
          "avg_evacuation_time": 4.778573571428572, 
          "avg_traveled_distance": 5.916805571428571, 
          "min_traveled_distance": 2.273525
        }
      ], 
      "bounds": [
        [
          3.59, 
          -0.02, 
          10.2, 
          5.2
        ]
      ]
    }, 
    "Office": {
      "simulation_statistics": [
        {
          "not_completed_agents": 0, 
          "max_evacuation_time": 16.80003, 
          "min_evacuation_time": 4.199998, 
          "exit_flow_rate": 0.35714221938889396, 
          "completed_agents": 6, 
          "max_traveled_distance": 20.87464, 
          "avg_evacuation_time": 7.775008833333334, 
          "avg_traveled_distance": 9.546159666666666, 
          "min_traveled_distance": 5.676027
        }, 
        {
          "not_completed_agents": 0, 
          "max_evacuation_time": 11.550026, 
          "min_evacuation_time": 0.9, 
          "exit_flow_rate": 1.8181777253142113, 
          "completed_agents": 21, 
          "max_traveled_distance": 10.367841, 
          "avg_evacuation_time": 4.771433095238096, 
          "avg_traveled_distance": 5.529607476190476, 
          "min_traveled_distance": 0.982354
        }
      ], 
      "bounds": [
        [
          5.05, 
          5.16, 
          10.24, 
          11.08
        ], 
        [
          -0.01, 
          -0.01, 
          10.25, 
          10.23
        ]
      ]
    }
  }, 
  "room_num": 3, 
  "verts": [
    [
      0.11, 
      0.1
    ], 
    [
      0.1, 
      0.11
    ], 
    [
      0.1, 
      1.07
    ], 
    [
      0.11, 
      1.08
    ], 
    [
      0.11, 
      2.47
    ], 
    [
      0.12, 
      2.48
    ], 
    [
      0.12, 
      3.88
    ], 
    [
      0.13, 
      3.89
    ], 
    [
      0.13, 
      5.29
    ], 
    [
      0.14, 
      5.3
    ], 
    [
      0.14, 
      6.69
    ], 
    [
      0.15, 
      6.7
    ], 
    [
      0.15, 
      8.1
    ], 
    [
      0.16, 
      8.11
    ], 
    [
      0.16, 
      9.5
    ], 
    [
      0.17, 
      9.51
    ], 
    [
      0.17, 
      10.1
    ], 
    [
      6.33, 
      10.1
    ], 
    [
      6.33, 
      6.92
    ], 
    [
      6.34, 
      6.91
    ], 
    [
      6.44, 
      6.91
    ], 
    [
      6.45, 
      6.92
    ], 
    [
      6.45, 
      10.1
    ], 
    [
      10.13, 
      10.1
    ], 
    [
      10.13, 
      7.74
    ], 
    [
      10.12, 
      7.73
    ], 
    [
      10.12, 
      6.33
    ], 
    [
      10.11, 
      6.32
    ], 
    [
      10.11, 
      5.26
    ], 
    [
      6.45, 
      5.26
    ], 
    [
      6.45, 
      5.66
    ], 
    [
      6.44, 
      5.67
    ], 
    [
      6.34, 
      5.67
    ], 
    [
      6.33, 
      5.66
    ], 
    [
      6.33, 
      5.16
    ], 
    [
      6.34, 
      5.15
    ], 
    [
      10.07, 
      5.15
    ], 
    [
      10.02, 
      5.1
    ], 
    [
      10.01, 
      5.1
    ], 
    [
      9.78, 
      4.87
    ], 
    [
      9.77, 
      4.87
    ], 
    [
      9.54, 
      4.64
    ], 
    [
      9.53, 
      4.64
    ], 
    [
      9.31, 
      4.42
    ], 
    [
      9.3, 
      4.42
    ], 
    [
      9.07, 
      4.19
    ], 
    [
      9.06, 
      4.19
    ], 
    [
      8.84, 
      3.97
    ], 
    [
      8.83, 
      3.97
    ], 
    [
      8.6, 
      3.74
    ], 
    [
      8.59, 
      3.74
    ], 
    [
      8.36, 
      3.51
    ], 
    [
      8.35, 
      3.51
    ], 
    [
      8.19, 
      3.35
    ], 
    [
      8.22, 
      3.32
    ], 
    [
      8.22, 
      3.31
    ], 
    [
      8.26, 
      3.27
    ], 
    [
      8.41, 
      3.42
    ], 
    [
      8.42, 
      3.42
    ], 
    [
      8.65, 
      3.65
    ], 
    [
      8.66, 
      3.65
    ], 
    [
      8.89, 
      3.88
    ], 
    [
      8.9, 
      3.88
    ], 
    [
      9.12, 
      4.1
    ], 
    [
      9.13, 
      4.1
    ], 
    [
      9.36, 
      4.33
    ], 
    [
      9.37, 
      4.33
    ], 
    [
      9.59, 
      4.55
    ], 
    [
      9.6, 
      4.55
    ], 
    [
      9.83, 
      4.78
    ], 
    [
      9.84, 
      4.78
    ], 
    [
      10.07, 
      5.01
    ], 
    [
      10.07, 
      0.71
    ], 
    [
      10.06, 
      0.7
    ], 
    [
      10.06, 
      0.1
    ], 
    [
      5.17, 
      0.1
    ], 
    [
      5.24, 
      0.17
    ], 
    [
      5.24, 
      0.18
    ], 
    [
      5.46, 
      0.4
    ], 
    [
      5.46, 
      0.41
    ], 
    [
      5.68, 
      0.63
    ], 
    [
      5.68, 
      0.64
    ], 
    [
      5.9, 
      0.86
    ], 
    [
      5.9, 
      0.87
    ], 
    [
      6.11, 
      1.08
    ], 
    [
      6.11, 
      1.09
    ], 
    [
      6.33, 
      1.31
    ], 
    [
      6.33, 
      1.32
    ], 
    [
      6.55, 
      1.54
    ], 
    [
      6.55, 
      1.55
    ], 
    [
      6.77, 
      1.77
    ], 
    [
      6.77, 
      1.78
    ], 
    [
      6.83, 
      1.84
    ], 
    [
      6.82, 
      1.85
    ], 
    [
      6.82, 
      1.95
    ], 
    [
      6.8, 
      1.97
    ], 
    [
      6.68, 
      1.85
    ], 
    [
      6.68, 
      1.84
    ], 
    [
      6.46, 
      1.62
    ], 
    [
      6.46, 
      1.61
    ], 
    [
      6.24, 
      1.39
    ], 
    [
      6.24, 
      1.38
    ], 
    [
      6.02, 
      1.16
    ], 
    [
      6.02, 
      1.15
    ], 
    [
      5.81, 
      0.94
    ], 
    [
      5.81, 
      0.93
    ], 
    [
      5.59, 
      0.71
    ], 
    [
      5.59, 
      0.7
    ], 
    [
      5.37, 
      0.48
    ], 
    [
      5.37, 
      0.47
    ], 
    [
      5.15, 
      0.25
    ], 
    [
      5.15, 
      0.24
    ], 
    [
      5.01, 
      0.1
    ]
  ], 
  "bbox": {
    "max": [
      10.13, 
      10.1
    ], 
    "min": [
      0.1, 
      0.1
    ]
  }, 
  "id": "a069980aec5028d3d6e9df3db9da57e1"
}