{
  "room_category": {
    "Toilet": {
      "simulation_statistics": [
        {
          "not_completed_agents": 0, 
          "max_evacuation_time": 25.199902, 
          "min_evacuation_time": 14.050035, 
          "exit_flow_rate": 0.19841347002063736, 
          "completed_agents": 5, 
          "max_traveled_distance": 30.690868, 
          "avg_evacuation_time": 21.3099538, 
          "avg_traveled_distance": 27.2650962, 
          "min_traveled_distance": 21.391747
        }, 
        {
          "not_completed_agents": 0, 
          "max_evacuation_time": 9.400018, 
          "min_evacuation_time": 7.40001, 
          "exit_flow_rate": 0.3191483250351223, 
          "completed_agents": 3, 
          "max_traveled_distance": 13.236482, 
          "avg_evacuation_time": 8.300013666666667, 
          "avg_traveled_distance": 11.435790333333335, 
          "min_traveled_distance": 10.145973
        }, 
        {
          "not_completed_agents": 0, 
          "max_evacuation_time": 5.500003, 
          "min_evacuation_time": 3.749998, 
          "exit_flow_rate": 0.3636361652893644, 
          "completed_agents": 2, 
          "max_traveled_distance": 6.270994, 
          "avg_evacuation_time": 4.6250005000000005, 
          "avg_traveled_distance": 5.552968, 
          "min_traveled_distance": 4.834942
        }
      ], 
      "bounds": [
        [
          24.57, 
          -0.05, 
          29.55, 
          5.17
        ], 
        [
          11.72, 
          -0.05, 
          14.97, 
          3.92
        ], 
        [
          9.3, 
          -0.05, 
          11.88, 
          3.87
        ]
      ]
    }, 
    "Bathroom": {
      "simulation_statistics": [
        {
          "not_completed_agents": 0, 
          "max_evacuation_time": 30.299824, 
          "min_evacuation_time": 17.45002, 
          "exit_flow_rate": 0.16501746016742538, 
          "completed_agents": 5, 
          "max_traveled_distance": 32.096355, 
          "avg_evacuation_time": 23.619925799999997, 
          "avg_traveled_distance": 27.599564400000002, 
          "min_traveled_distance": 23.884508
        }, 
        {
          "not_completed_agents": 0, 
          "max_evacuation_time": 35.849739, 
          "min_evacuation_time": 7.050009, 
          "exit_flow_rate": 0.08368261760566792, 
          "completed_agents": 3, 
          "max_traveled_distance": 22.376562, 
          "avg_evacuation_time": 17.583255666666666, 
          "avg_traveled_distance": 14.876363333333332, 
          "min_traveled_distance": 10.079225
        }, 
        {
          "not_completed_agents": 0, 
          "max_evacuation_time": 7.950012, 
          "min_evacuation_time": 6.450006, 
          "exit_flow_rate": 0.25157194731278393, 
          "completed_agents": 2, 
          "max_traveled_distance": 6.888479, 
          "avg_evacuation_time": 7.200009, 
          "avg_traveled_distance": 6.729718, 
          "min_traveled_distance": 6.570957
        }
      ], 
      "bounds": [
        [
          24.57, 
          -0.05, 
          29.55, 
          5.17
        ], 
        [
          11.72, 
          -0.05, 
          14.97, 
          3.92
        ], 
        [
          9.3, 
          -0.05, 
          11.88, 
          3.87
        ]
      ]
    }, 
    "Room": {
      "simulation_statistics": [
        {
          "not_completed_agents": 0, 
          "max_evacuation_time": 15.000039, 
          "min_evacuation_time": 2.949998, 
          "exit_flow_rate": 0.33333246666892, 
          "completed_agents": 5, 
          "max_traveled_distance": 17.570116, 
          "avg_evacuation_time": 7.960012999999999, 
          "avg_traveled_distance": 10.3238028, 
          "min_traveled_distance": 4.233692
        }, 
        {
          "not_completed_agents": 0, 
          "max_evacuation_time": 23.34993, 
          "min_evacuation_time": 11.150024, 
          "exit_flow_rate": 0.17130672340345346, 
          "completed_agents": 4, 
          "max_traveled_distance": 20.536348, 
          "avg_evacuation_time": 14.91250325, 
          "avg_traveled_distance": 18.11643225, 
          "min_traveled_distance": 16.383158
        }, 
        {
          "not_completed_agents": 0, 
          "max_evacuation_time": 32.49979, 
          "min_evacuation_time": 12.50003, 
          "exit_flow_rate": 0.18461657752250094, 
          "completed_agents": 6, 
          "max_traveled_distance": 29.323933, 
          "avg_evacuation_time": 17.6833275, 
          "avg_traveled_distance": 22.264385833333336, 
          "min_traveled_distance": 18.962158
        }, 
        {
          "not_completed_agents": 0, 
          "max_evacuation_time": 2.099999, 
          "min_evacuation_time": 0.5, 
          "exit_flow_rate": 2.857144217687723, 
          "completed_agents": 6, 
          "max_traveled_distance": 2.717313, 
          "avg_evacuation_time": 1.4916660000000002, 
          "avg_traveled_distance": 1.843117333333333, 
          "min_traveled_distance": 0.647376
        }, 
        {
          "not_completed_agents": 0, 
          "max_evacuation_time": 150.004547, 
          "min_evacuation_time": 24.149918, 
          "exit_flow_rate": 0.03999878750342148, 
          "completed_agents": 6, 
          "max_traveled_distance": 31.234766, 
          "avg_evacuation_time": 68.86252966666667, 
          "avg_traveled_distance": 25.566510333333333, 
          "min_traveled_distance": 17.231964
        }
      ], 
      "bounds": [
        [
          8.68, 
          3.71, 
          20.75, 
          5.82
        ], 
        [
          14.88, 
          -0.03, 
          20.07, 
          3.84
        ], 
        [
          19.98, 
          -0.03, 
          25.35, 
          5.17
        ], 
        [
          3.54, 
          -0.03, 
          9.46, 
          5.17
        ], 
        [
          -0.04, 
          7.61, 
          7.66, 
          13.35
        ]
      ]
    }, 
    "Dining_Room": {
      "simulation_statistics": [
        {
          "not_completed_agents": 0, 
          "max_evacuation_time": 34.599758, 
          "min_evacuation_time": 9.550018, 
          "exit_flow_rate": 0.3179212987559046, 
          "completed_agents": 11, 
          "max_traveled_distance": 28.3272, 
          "avg_evacuation_time": 20.263596727272727, 
          "avg_traveled_distance": 23.496328181818182, 
          "min_traveled_distance": 15.770734
        }
      ], 
      "bounds": [
        [
          17.44, 
          5.08, 
          25.3, 
          11.97
        ]
      ]
    }, 
    "Hall": {
      "simulation_statistics": [
        {
          "not_completed_agents": 0, 
          "max_evacuation_time": 29.89983, 
          "min_evacuation_time": 8.850016, 
          "exit_flow_rate": 0.40134007450878484, 
          "completed_agents": 12, 
          "max_traveled_distance": 36.68615, 
          "avg_evacuation_time": 16.154152749999998, 
          "avg_traveled_distance": 20.443821916666668, 
          "min_traveled_distance": 14.32217
        }
      ], 
      "bounds": [
        [
          11.69, 
          5.08, 
          20.21, 
          11.99
        ]
      ]
    }, 
    "Kitchen": {
      "simulation_statistics": [
        {
          "not_completed_agents": 0, 
          "max_evacuation_time": 31.699802, 
          "min_evacuation_time": 17.900013, 
          "exit_flow_rate": 0.1892756301758604, 
          "completed_agents": 6, 
          "max_traveled_distance": 30.240547, 
          "avg_evacuation_time": 25.508229999999998, 
          "avg_traveled_distance": 27.48983216666667, 
          "min_traveled_distance": 24.545237
        }
      ],