{
  "room_category": {
    "Toilet": {
      "simulation_statistics": [
        {
          "not_completed_agents": 0, 
          "max_evacuation_time": 31.949799, 
          "min_evacuation_time": 22.69994, 
          "exit_flow_rate": 0.09389730433045917, 
          "completed_agents": 3, 
          "max_traveled_distance": 25.928907, 
          "avg_evacuation_time": 26.049888999999997, 
          "avg_traveled_distance": 25.597717666666664, 
          "min_traveled_distance": 25.308189
        }
      ], 
      "bounds": [
        [
          10.14, 
          3.98, 
          15.42, 
          7.17
        ]
      ]
    }, 
    "Bathroom": {
      "simulation_statistics": [
        {
          "not_completed_agents": 0, 
          "max_evacuation_time": 28.349854, 
          "min_evacuation_time": 20.599972, 
          "exit_flow_rate": 0.10582065078712574, 
          "completed_agents": 3, 
          "max_traveled_distance": 27.428555, 
          "avg_evacuation_time": 24.399914, 
          "avg_traveled_distance": 25.759778, 
          "min_traveled_distance": 23.955332
        }
      ], 
      "bounds": [
        [
          10.14, 
          3.98, 
          15.42, 
          7.17
        ]
      ]
    }, 
    "Gym": {
      "simulation_statistics": [
        {
          "not_completed_agents": 0, 
          "max_evacuation_time": 11.800027, 
          "min_evacuation_time": 4.199998, 
          "exit_flow_rate": 0.5084734128150724, 
          "completed_agents": 6, 
          "max_traveled_distance": 11.258696, 
          "avg_evacuation_time": 7.7916783333333335, 
          "avg_traveled_distance": 8.241393833333333, 
          "min_traveled_distance": 5.397782
        }, 
        {
          "not_completed_agents": 0, 
          "max_evacuation_time": 21.749954, 
          "min_evacuation_time": 14.650038, 
          "exit_flow_rate": 0.2298855436659774, 
          "completed_agents": 5, 
          "max_traveled_distance": 22.648329, 
          "avg_evacuation_time": 18.280002200000002, 
          "avg_traveled_distance": 20.3383834, 
          "min_traveled_distance": 17.478222
        }
      ], 
      "bounds": [
        [
          4.22, 
          5.08, 
          10.27, 
          10.27
        ], 
        [
          15.28, 
          5.08, 
          20.47, 
          10.27
        ]
      ]
    }, 
    "Living_Room": {
      "simulation_statistics": [
        {
          "not_completed_agents": 0, 
          "max_evacuation_time": 34.249763, 
          "min_evacuation_time": 9.600019, 
          "exit_flow_rate": 0.17518369397183858, 
          "completed_agents": 6, 
          "max_traveled_distance": 19.646877, 
          "avg_evacuation_time": 24.14989733333333, 
          "avg_traveled_distance": 14.689302, 
          "min_traveled_distance": 9.116009
        }
      ], 
      "bounds": [
        [
          4.22, 
          5.08, 
          10.27, 
          10.27
        ]
      ]
    }, 
    "Garage": {
      "simulation_statistics": [
        {
          "not_completed_agents": 0, 
          "max_evacuation_time": 150.004547, 
          "min_evacuation_time": 27.149872, 
          "exit_flow_rate": 0.0066664645839035796, 
          "completed_agents": 1, 
          "max_traveled_distance": 26.353395, 
          "avg_evacuation_time": 109.05298866666668, 
          "avg_traveled_distance": 11.041905, 
          "min_traveled_distance": 3.067252
        }
      ], 
      "bounds": [
        [
          20.38, 
          5.08, 
          23.6, 
          10.27
        ]
      ]
    }, 
    "Bedroom": {
      "simulation_statistics": [
        {
          "not_completed_agents": 0, 
          "max_evacuation_time": 26.099888, 
          "min_evacuation_time": 13.000031, 
          "exit_flow_rate": 0.15325736263695844, 
          "completed_agents": 4, 
          "max_traveled_distance": 20.605509, 
          "avg_evacuation_time": 17.0749985, 
          "avg_traveled_distance": 17.1512895, 
          "min_traveled_distance": 13.997419
        }, 
        {
          "not_completed_agents": 0, 
          "max_evacuation_time": 1.45, 
          "min_evacuation_time": 0.0, 
          "exit_flow_rate": 2.0689655172413794, 
          "completed_agents": 3, 
          "max_traveled_distance": 1.618752, 
          "avg_evacuation_time": 0.48333333333333334, 
          "avg_traveled_distance": 0.539584, 
          "min_traveled_distance": 0.0
        }
      ], 
      "bounds": [
        [
          10.14, 
          7.08, 
          16.07, 
          10.27
        ], 
        [
          2.58, 
          -0.03, 
          5.77, 
          5.22
        ]
      ]
    }
  }, 
  "room_num": 7,