{
  "room_category": {
    "Room": {
      "simulation_statistics": [
        {
          "not_completed_agents": 0, 
          "max_evacuation_time": 19.999981, 
          "min_evacuation_time": 10.200021, 
          "exit_flow_rate": 0.30000028500027076, 
          "completed_agents": 6, 
          "max_traveled_distance": 21.447493, 
          "avg_evacuation_time": 15.300017333333335, 
          "avg_traveled_distance": 17.272451166666666, 
          "min_traveled_distance": 12.21715
        }, 
        {
          "not_completed_agents": 0, 
          "max_evacuation_time": 43.049629, 
          "min_evacuation_time": 6.750008, 
          "exit_flow_rate": 0.27874804681824317, 
          "completed_agents": 12, 
          "max_traveled_distance": 26.809568, 
          "avg_evacuation_time": 16.454124, 
          "avg_traveled_distance": 14.675810916666665, 
          "min_traveled_distance": 8.354037
        }, 
        {
          "not_completed_agents": 0, 
          "max_evacuation_time": 9.050016, 
          "min_evacuation_time": 3.599998, 
          "exit_flow_rate": 0.441988168860696, 
          "completed_agents": 4, 
          "max_traveled_distance": 10.963951, 
          "avg_evacuation_time": 5.66250375, 
          "avg_traveled_distance": 6.8586265, 
          "min_traveled_distance": 3.891782
        }
      ], 
      "bounds": [
        [
          1.44, 
          6.87, 
          6.08, 
          13.73
        ], 
        [
          5.08, 
          6.81, 
          13.48, 
          13.73
        ], 
        [
          10.14, 
          4.39, 
          17.4, 
          6.93
        ]
      ]
    }, 
    "Office": {
      "simulation_statistics": [
        {
          "not_completed_agents": 0, 
          "max_evacuation_time": 150.004547, 
          "min_evacuation_time": 22.749939, 
          "exit_flow_rate": 0.05999818125513222, 
          "completed_agents": 9, 
          "max_traveled_distance": 35.090363, 
          "avg_evacuation_time": 56.814246363636364, 
          "avg_traveled_distance": 27.016437454545454, 
          "min_traveled_distance": 7.514447
        }
      ], 
      "bounds": [
        [
          4.7, 
          17.76, 
          12.86, 
          24.45
        ]
      ]
    }, 
    "Living_Room": {
      "simulation_statistics": [
        {
          "not_completed_agents": 0, 
          "max_evacuation_time": 20.949966, 
          "min_evacuation_time": 13.350033, 
          "exit_flow_rate": 0.2863966461807146, 
          "completed_agents": 6, 
          "max_traveled_distance": 20.010201, 
          "avg_evacuation_time": 17.358344666666667, 
          "avg_traveled_distance": 18.462449166666666, 
          "min_traveled_distance": 16.115416
        }
      ], 
      "bounds": [
        [
          -0.03, 
          3.11, 
          5.17, 
          8.86
        ]
      ]
    }, 
    "Garage": {
      "simulation_statistics": [
        {
          "not_completed_agents": 0, 
          "max_evacuation_time": 52.14949, 
          "min_evacuation_time": 24.099918, 
          "exit_flow_rate": 0.21093207239418832, 
          "completed_agents": 11, 
          "max_traveled_distance": 37.732384, 
          "avg_evacuation_time": 39.57240945454545, 
          "avg_traveled_distance": 33.22956781818182, 
          "min_traveled_distance": 25.68243
        }
      ], 
      "bounds": [
        [
          4.7, 
          17.76, 
          12.86, 
          24.45
        ]
      ]
    }, 
    "Bedroom": {
      "simulation_statistics": [
        {
          "not_completed_agents": 0, 
          "max_evacuation_time": 38.499699, 
          "min_evacuation_time": 5.900004, 
          "exit_flow_rate": 0.10389691618108494, 
          "completed_agents": 4, 
          "max_traveled_distance": 21.099085, 
          "avg_evacuation_time": 15.46243325, 
          "avg_traveled_distance": 11.771173749999999, 
          "min_traveled_distance": 6.637808
        }, 
        {
          "not_completed_agents": 0, 
          "max_evacuation_time": 40.099674, 
          "min_evacuation_time": 11.700027, 
          "exit_flow_rate": 0.12468929298527465, 
          "completed_agents": 5, 
          "max_traveled_distance": 23.487949, 
          "avg_evacuation_time": 21.969927000000002, 
          "avg_traveled_distance": 17.963917000000002, 
          "min_traveled_distance": 14.530137
        }, 
        {
          "not_completed_agents": 0, 
          "max_evacuation_time": 2.099999, 
          "min_evacuation_time": 0.65, 
          "exit_flow_rate": 2.380953514739769, 
          "completed_agents": 5, 
          "max_traveled_distance": 2.293408, 
          "avg_evacuation_time": 1.3999996, 
          "avg_traveled_distance": 1.613953, 
          "min_traveled_distance": 0.88097
        }
      ], 
      "bounds": [
        [
          5.08, 
          3.11, 
          10.27, 
          6.85
        ], 
        [
          15.28, 
          -0.03, 
          20.49, 
          5.17
        ], 
        [
          10.17, 
          -0.03, 
          15.37, 
          5.17
        ]
      ]
    }, 
    "Dining_Room": {
      "simulation_statistics": [
        {
          "not_completed_agents": 0, 
          "max_evacuation_time": 53.899464, 
          "min_evacuation_time": 21.499958, 
          "exit_flow_rate": 0.07421224077478766, 
          "completed_agents": 4, 
          "max_traveled_distance": 32.814709, 
          "avg_evacuation_time": 33.22477925, 
          "avg_traveled_distance": 25.450817999999998, 
          "min_traveled_distance": 20.818832
        }
      ], 
      "bounds": [
        [
          0.83, 
          13.59, 
          6.06, 
          17.88
        ]
      ]
    }, 
    "Kitchen": {
      "simulation_statistics": [
        {
          "not_completed_agents": 0, 
          "max_evacuation_time": 45.199596, 
          "min_evacuation_time": 20.499973, 
          "exit_flow_rate": 0.13274454930968851, 
          "completed_agents": 6, 
          "max_traveled_distance": 32.751625, 
          "avg_evacuation_time": 28.324853833333332, 
          "avg_traveled_distance": 25.433983166666668, 
          "min_traveled_distance": 20.669195
        }
      ], 
      "bounds": [
        [
          5.94, 
          13.59, 
          12.86, 
          17.85
        ]
      ]
    }
  }, 
  "room_num": 10,