{
  "room_category": {
    "Toilet": {
      "simulation_statistics": [
        {
          "not_completed_agents": 0, 
          "max_evacuation_time": 15.100039, 
          "min_evacuation_time": 3.149998, 
          "exit_flow_rate": 0.39734996710935644, 
          "completed_agents": 6, 
          "max_traveled_distance": 12.773198, 
          "avg_evacuation_time": 7.366677333333333, 
          "avg_traveled_distance": 8.438930000000001, 
          "min_traveled_distance": 3.998139
        }, 
        {
          "not_completed_agents": 0, 
          "max_evacuation_time": 14.400037, 
          "min_evacuation_time": 4.499999, 
          "exit_flow_rate": 0.5555541280900875, 
          "completed_agents": 8, 
          "max_traveled_distance": 13.112288, 
          "avg_evacuation_time": 8.5187645, 
          "avg_traveled_distance": 10.447583875, 
          "min_traveled_distance": 6.506612
        }, 
        {
          "not_completed_agents": 0, 
          "max_evacuation_time": 3.099998, 
          "min_evacuation_time": 0.0, 
          "exit_flow_rate": 1.6129042663898494, 
          "completed_agents": 5, 
          "max_traveled_distance": 5.238571, 
          "avg_evacuation_time": 1.5199992, 
          "avg_traveled_distance": 2.4399640000000002, 
          "min_traveled_distance": 0.0
        }, 
        {
          "not_completed_agents": 0, 
          "max_evacuation_time": 14.350037, 
          "min_evacuation_time": 4.449999, 
          "exit_flow_rate": 0.41811738882624483, 
          "completed_agents": 6, 
          "max_traveled_distance": 12.402444, 
          "avg_evacuation_time": 9.475018166666667, 
          "avg_traveled_distance": 9.325480666666666, 
          "min_traveled_distance": 5.939813
        }
      ], 
      "bounds": [
        [
          5.09, 
          -0.73, 
          10.31, 
          5.17
        ], 
        [
          5.1, 
          2.6, 
          10.31, 
          10.3
        ], 
        [
          -0.04, 
          -0.04, 
          5.17, 
          5.17
        ], 
        [
          -0.04, 
          5.08, 
          5.18, 
          11.0
        ]
      ]
    }, 
    "Bathroom": {
      "simulation_statistics": [
        {
          "not_completed_agents": 0, 
          "max_evacuation_time": 16.500034, 
          "min_evacuation_time": 3.249998, 
          "exit_flow_rate": 0.3636356143266129, 
          "completed_agents": 6, 
          "max_traveled_distance": 12.565814, 
          "avg_evacuation_time": 9.175015666666667, 
          "avg_traveled_distance": 9.4104025, 
          "min_traveled_distance": 5.442413
        }, 
        {
          "not_completed_agents": 0, 
          "max_evacuation_time": 12.60003, 
          "min_evacuation_time": 3.749998, 
          "exit_flow_rate": 0.6349191232084368, 
          "completed_agents": 8, 
          "max_traveled_distance": 13.223147, 
          "avg_evacuation_time": 6.687507875, 
          "avg_traveled_distance": 9.0982085, 
          "min_traveled_distance": 6.572868
        }, 
        {
          "not_completed_agents": 0, 
          "max_evacuation_time": 2.499999, 
          "min_evacuation_time": 0.0, 
          "exit_flow_rate": 2.00000080000032, 
          "completed_agents": 5, 
          "max_traveled_distance": 4.527003, 
          "avg_evacuation_time": 1.1199996, 
          "avg_traveled_distance": 1.7890006, 
          "min_traveled_distance": 0.0
        }, 
        {
          "not_completed_agents": 0, 
          "max_evacuation_time": 11.050024, 
          "min_evacuation_time": 3.999997, 
          "exit_flow_rate": 0.5429852460048955, 
          "completed_agents": 6, 
          "max_traveled_distance": 11.214205, 
          "avg_evacuation_time": 7.5416775, 
          "avg_traveled_distance": 8.777089166666666, 
          "min_traveled_distance": 5.460219
        }
      ], 
      "bounds": [
        [
          5.09, 
          -0.73, 
          10.31, 
          5.17
        ], 
        [
          5.1, 
          2.6, 
          10.31, 
          10.3
        ], 
        [
          -0.04, 
          -0.04, 
          5.17, 
          5.17
        ], 
        [
          -0.04, 
          5.08, 
          5.18, 
          11.0
        ]
      ]
    }, 
    "Bedroom": {
      "simulation_statistics": [
        {
          "not_completed_agents": 0, 
          "max_evacuation_time": 13.650034, 
          "min_evacuation_time": 2.449999, 
          "exit_flow_rate": 0.4395593446873466, 
          "completed_agents": 6, 
          "max_traveled_distance": 12.000622, 
          "avg_evacuation_time": 6.883344666666667, 
          "avg_traveled_distance": 7.945352666666667, 
          "min_traveled_distance": 4.294507
        }, 
        {
          "not_completed_agents": 0, 
          "max_evacuation_time": 15.550041, 
          "min_evacuation_time": 3.699998, 
          "exit_flow_rate": 0.5144680969008377, 
          "completed_agents": 8, 
          "max_traveled_distance": 12.259673, 
          "avg_evacuation_time": 7.825012, 
          "avg_traveled_distance": 9.640986375, 
          "min_traveled_distance": 6.110969
        }, 
        {
          "not_completed_agents": 0, 
          "max_evacuation_time": 1.5, 
          "min_evacuation_time": 0.0, 
          "exit_flow_rate": 3.3333333333333335, 
          "completed_agents": 5, 
          "max_traveled_distance": 1.870529, 
          "avg_evacuation_time": 1.0, 
          "avg_traveled_distance": 1.1715778000000001, 
          "min_traveled_distance": 0.0
        }, 
        {
          "not_completed_agents": 0, 
          "max_evacuation_time": 12.950031, 
          "min_evacuation_time": 7.45001, 
          "exit_flow_rate": 0.4633193542162177, 
          "completed_agents": 6, 
          "max_traveled_distance": 12.552615, 
          "avg_evacuation_time": 10.325021166666668, 
          "avg_traveled_distance": 9.788175, 
          "min_traveled_distance": 8.288106
        }
      ], 
      "bounds": [
        [
          5.09, 
          -0.73, 
          10.31, 
          5.17
        ], 
        [
          5.1, 
          2.6, 
          10.31, 
          10.3
        ], 
        [
          -0.04, 
          -0.04, 
          5.17, 
          5.17
        ], 
        [
          -0.04, 
          5.08, 
          5.18, 
          11.0
        ]
      ]
    }
  }, 
  "room_num": 4,