{
  "room_category": {
    "Toilet": {
      "simulation_statistics": [
        {
          "not_completed_agents": 0, 
          "max_evacuation_time": 18.550003, 
          "min_evacuation_time": 16.80003, 
          "exit_flow_rate": 0.10781669415363437, 
          "completed_agents": 2, 
          "max_traveled_distance": 22.881306, 
          "avg_evacuation_time": 17.675016499999998, 
          "avg_traveled_distance": 22.082949, 
          "min_traveled_distance": 21.284592
        }, 
        {
          "not_completed_agents": 0, 
          "max_evacuation_time": 150.004547, 
          "min_evacuation_time": 30.899815, 
          "exit_flow_rate": 0.0066664645839035796, 
          "completed_agents": 1, 
          "max_traveled_distance": 28.769148, 
          "avg_evacuation_time": 90.452181, 
          "avg_traveled_distance": 16.8997415, 
          "min_traveled_distance": 5.030335
        }, 
        {
          "not_completed_agents": 0, 
          "max_evacuation_time": 65.04937, 
          "min_evacuation_time": 38.3997, 
          "exit_flow_rate": 0.07686469523071476, 
          "completed_agents": 5, 
          "max_traveled_distance": 40.282177, 
          "avg_evacuation_time": 47.789572199999995, 
          "avg_traveled_distance": 36.3387124, 
          "min_traveled_distance": 33.339005
        }, 
        {
          "not_completed_agents": 0, 
          "max_evacuation_time": 150.004547, 
          "min_evacuation_time": 37.049721, 
          "exit_flow_rate": 0.026665858335614318, 
          "completed_agents": 4, 
          "max_traveled_distance": 37.152092, 
          "avg_evacuation_time": 69.3905374, 
          "avg_traveled_distance": 33.6747658, 
          "min_traveled_distance": 26.890682
        }
      ], 
      "bounds": [
        [
          -0.03, 
          5.2, 
          3.93, 
          8.12
        ], 
        [
          -0.02, 
          12.76, 
          3.96, 
          15.61
        ], 
        [
          20.32, 
          5.16, 
          24.88, 
          10.49
        ], 
        [
          20.35, 
          10.4, 
          24.87, 
          15.7
        ]
      ]
    }, 
    "Bathroom": {
      "simulation_statistics": [
        {
          "not_completed_agents": 0, 
          "max_evacuation_time": 19.349991, 
          "min_evacuation_time": 17.750015, 
          "exit_flow_rate": 0.10335922120067137, 
          "completed_agents": 2, 
          "max_traveled_distance": 23.506392, 
          "avg_evacuation_time": 18.550003, 
          "avg_traveled_distance": 23.373220500000002, 
          "min_traveled_distance": 23.240049
        }, 
        {
          "not_completed_agents": 0, 
          "max_evacuation_time": 27.29987, 
          "min_evacuation_time": 25.349899, 
          "exit_flow_rate": 0.07326042211922622, 
          "completed_agents": 2, 
          "max_traveled_distance": 26.421629, 
          "avg_evacuation_time": 26.3248845, 
          "avg_traveled_distance": 26.3859465, 
          "min_traveled_distance": 26.350264
        }, 
        {
          "not_completed_agents": 0, 
          "max_evacuation_time": 150.004547, 
          "min_evacuation_time": 51.699497, 
          "exit_flow_rate": 0.026665858335614318, 
          "completed_agents": 4, 
          "max_traveled_distance": 41.546406, 
          "avg_evacuation_time": 78.2605492, 
          "avg_traveled_distance": 36.865700399999994, 
          "min_traveled_distance": 21.817505
        }, 
        {
          "not_completed_agents": 0, 
          "max_evacuation_time": 68.249565, 
          "min_evacuation_time": 37.699711, 
          "exit_flow_rate": 0.07326054019538439, 
          "completed_agents": 5, 
          "max_traveled_distance": 42.576618, 
          "avg_evacuation_time": 55.6895362, 
          "avg_traveled_distance": 39.0856138, 
          "min_traveled_distance": 33.287296
        }
      ], 
      "bounds": [
        [
          -0.03, 
          5.2, 
          3.93, 
          8.12
        ], 
        [
          -0.02, 
          12.76, 
          3.96, 
          15.61
        ], 
        [
          20.32, 
          5.16, 
          24.88, 
          10.49
        ], 
        [
          20.35, 
          10.4, 
          24.87, 
          15.7
        ]
      ]
    }, 
    "Room": {
      "simulation_statistics": [
        {
          "not_completed_agents": 0, 
          "max_evacuation_time": 150.004547, 
          "min_evacuation_time": 20.749969, 
          "exit_flow_rate": 0.0333323229195179, 
          "completed_agents": 5, 
          "max_traveled_distance": 33.973389, 
          "avg_evacuation_time": 53.73398, 
          "avg_traveled_distance": 25.68301633333333, 
          "min_traveled_distance": 20.414175
        }
      ], 
      "bounds": [
        [
          3.85, 
          5.25, 
          9.04, 
          10.55
        ]
      ]
    }, 
    "Gym": {
      "simulation_statistics": [
        {
          "not_completed_agents": 0, 
          "max_evacuation_time": 3.899997, 
          "min_evacuation_time": 0.0, 
          "exit_flow_rate": 2.051283629192535, 
          "completed_agents": 8, 
          "max_traveled_distance": 5.029788, 
          "avg_evacuation_time": 1.718749125, 
          "avg_traveled_distance": 2.171026125, 
          "min_traveled_distance": 0.0
        }
      ], 
      "bounds": [
        [
          17.04, 
          -0.05, 
          24.88, 
          5.28
        ]
      ]
    }, 
    "Bedroom": {
      "simulation_statistics": [
        {
          "not_completed_agents": 0, 
          "max_evacuation_time": 44.049614, 
          "min_evacuation_time": 5.800004, 
          "exit_flow_rate": 0.20431507072911015, 
          "completed_agents": 9, 
          "max_traveled_distance": 21.715075, 
          "avg_evacuation_time": 18.399931111111112, 
          "avg_traveled_distance": 12.321086777777777, 
          "min_traveled_distance": 6.952343
        }, 
        {
          "not_completed_agents": 0, 
          "max_evacuation_time": 64.099312, 
          "min_evacuation_time": 21.449959, 
          "exit_flow_rate": 0.12480633177466867, 
          "completed_agents": 8, 
          "max_traveled_distance": 39.203037, 
          "avg_evacuation_time": 41.50590325, 
          "avg_traveled_distance": 29.434875125, 
          "min_traveled_distance": 22.167301
        }
      ], 
      "bounds": [
        [
          12.68, 
          4.69, 
          20.53, 
          10.49
        ], 
        [
          12.71, 
          10.4, 
          20.5, 
          15.68
        ]
      ]
    }, 
    "Dining_Room": {
      "simulation_statistics": [
        {
          "not_completed_agents": 0, 
          "max_evacuation_time": 36.349731, 
          "min_evacuation_time": 14.200036, 
          "exit_flow_rate": 0.1650631197243248, 
          "completed_agents": 6, 
          "max_traveled_distance": 27.879702, 
          "avg_evacuation_time": 24.76656733333333, 
          "avg_traveled_distance": 22.095834166666666, 
          "min_traveled_distance": 16.747738
        }
      ], 
      "bounds": [
        [
          3.84, 
          10.36, 
          9.08, 
          15.64
        ]
      ]
    }, 
    "Kitchen": {
      "simulation_statistics": [
        {
          "not_completed_agents": 0, 
          "max_evacuation_time": 54.299458, 
          "min_evacuation_time": 22.249947, 
          "exit_flow_rate": 0.11049834051750572, 
          "completed_agents": 6, 
          "max_traveled_distance": 34.041611, 
          "avg_evacuation_time": 40.59966666666667, 
          "avg_traveled_distance": 28.910425500000002,