{
  "room_category": {
    "Toilet": {
      "simulation_statistics": [
        {
          "not_completed_agents": 0, 
          "max_evacuation_time": 90.350914, 
          "min_evacuation_time": 53.149475, 
          "exit_flow_rate": 0.13281547987439285, 
          "completed_agents": 12, 
          "max_traveled_distance": 79.167114, 
          "avg_evacuation_time": 67.57472291666666, 
          "avg_traveled_distance": 69.87523683333333, 
          "min_traveled_distance": 61.019527
        }, 
        {
          "not_completed_agents": 0, 
          "max_evacuation_time": 37.349716, 
          "min_evacuation_time": 31.449806, 
          "exit_flow_rate": 0.0803218958880437, 
          "completed_agents": 3, 
          "max_traveled_distance": 42.78577, 
          "avg_evacuation_time": 34.41642733333333, 
          "avg_traveled_distance": 39.381762, 
          "min_traveled_distance": 36.329643
        }
      ], 
      "bounds": [
        [
          2.0, 
          6.78, 
          8.87, 
          15.25
        ], 
        [
          8.83, 
          17.26, 
          15.8, 
          19.11
        ]
      ]
    }, 
    "Bathroom": {
      "simulation_statistics": [
        {
          "not_completed_agents": 0, 
          "max_evacuation_time": 88.550804, 
          "min_evacuation_time": 56.849419, 
          "exit_flow_rate": 0.13551542682774512, 
          "completed_agents": 12, 
          "max_traveled_distance": 74.325142, 
          "avg_evacuation_time": 71.00815383333334, 
          "avg_traveled_distance": 68.61234691666667, 
          "min_traveled_distance": 62.918865
        }, 
        {
          "not_completed_agents": 0, 
          "max_evacuation_time": 65.149376, 
          "min_evacuation_time": 29.649834, 
          "exit_flow_rate": 0.046048023545152604, 
          "completed_agents": 3, 
          "max_traveled_distance": 63.438534, 
          "avg_evacuation_time": 52.19951766666667, 
          "avg_traveled_distance": 51.386665333333326, 
          "min_traveled_distance": 35.673244
        }
      ], 
      "bounds": [
        [
          2.0, 
          6.78, 
          8.87, 
          15.25
        ], 
        [
          8.83, 
          17.26, 
          15.8, 
          19.11
        ]
      ]
    }, 
    "Office": {
      "simulation_statistics": [
        {
          "not_completed_agents": 0, 
          "max_evacuation_time": 4.599999, 
          "min_evacuation_time": 1.4, 
          "exit_flow_rate": 2.6086962192817866, 
          "completed_agents": 12, 
          "max_traveled_distance": 6.49397, 
          "avg_evacuation_time": 3.041665333333333, 
          "avg_traveled_distance": 4.055925083333333, 
          "min_traveled_distance": 1.804965
        }
      ], 
      "bounds": [
        [
          2.0, 
          -0.02, 
          10.7, 
          6.87
        ]
      ]
    }, 
    "Gym": {
      "simulation_statistics": [
        {
          "not_completed_agents": 0, 
          "max_evacuation_time": 86.900703, 
          "min_evacuation_time": 21.599957, 
          "exit_flow_rate": 0.13808864123918538, 
          "completed_agents": 12, 
          "max_traveled_distance": 57.31588, 
          "avg_evacuation_time": 52.46227908333333, 
          "avg_traveled_distance": 44.896622916666665, 
          "min_traveled_distance": 27.352291
        }
      ], 
      "bounds": [
        [
          18.44, 
          2.25, 
          24.58, 
          11.88
        ]
      ]
    }, 
    "Living_Room": {
      "simulation_statistics": [
        {
          "not_completed_agents": 0, 
          "max_evacuation_time": 76.950096, 
          "min_evacuation_time": 13.550034, 
          "exit_flow_rate": 0.42884936751735825, 
          "completed_agents": 33, 
          "max_traveled_distance": 64.76091, 
          "avg_evacuation_time": 37.743748090909094, 
          "avg_traveled_distance": 38.57683090909091, 
          "min_traveled_distance": 17.754515
        }, 
        {
          "not_completed_agents": 0, 
          "max_evacuation_time": 12.70003, 
          "min_evacuation_time": 5.700004, 
          "exit_flow_rate": 0.9448796577645879, 
          "completed_agents": 12, 
          "max_traveled_distance": 13.655181, 
          "avg_evacuation_time": 8.883349083333334, 
          "avg_traveled_distance": 10.654482, 
          "min_traveled_distance": 7.358819
        }
      ], 
      "bounds": [
        [
          8.84, 
          6.73, 
          24.18, 
          17.44
        ], 
        [
          9.85, 
          -0.02, 
          18.63, 
          7.03
        ]
      ]
    }, 
    "Bedroom": {
      "simulation_statistics": [
        {
          "not_completed_agents": 0, 
          "max_evacuation_time": 54.599453, 
          "min_evacuation_time": 32.649788, 
          "exit_flow_rate": 0.18315201802479597, 
          "completed_agents": 10, 
          "max_traveled_distance": 53.942055, 
          "avg_evacuation_time": 44.2896101, 
          "avg_traveled_distance": 46.8709077, 
          "min_traveled_distance": 37.468964
        }, 
        {
          "not_completed_agents": 0, 
          "max_evacuation_time": 73.199867, 
          "min_evacuation_time": 47.649559, 
          "exit_flow_rate": 0.1229510430667859, 
          "completed_agents": 9, 
          "max_traveled_distance": 68.486313, 
          "avg_evacuation_time": 58.210650666666666, 
          "avg_traveled_distance": 62.07092366666666, 
          "min_traveled_distance": 56.040699
        }
      ], 
      "bounds": [
        [
          11.96, 
          17.34, 
          18.74, 
          24.6
        ], 
        [
          -0.02, 
          12.24, 
          6.14, 
          19.15
        ]
      ]
    }, 
    "Kitchen": {
      "simulation_statistics": [
        {
          "not_completed_agents": 0, 
          "max_evacuation_time": 85.050591, 
          "min_evacuation_time": 11.700027, 
          "exit_flow_rate": 0.38800435848823206, 
          "completed_agents": 33, 
          "max_traveled_distance": 60.720375, 
          "avg_evacuation_time": 33.17407436363636, 
          "avg_traveled_distance": 36.12546296969697, 
          "min_traveled_distance": 15.369969
        }
      ], 
      "bounds": [
        [
          8.84, 
          6.73, 
          24.18, 
          17.44
        ]
      ]
    }
  }, 
  "room_num": 10,