{
  "room_category": {
    "Toilet": {
      "simulation_statistics": [
        {
          "not_completed_agents": 0, 
          "max_evacuation_time": 6.850008, 
          "min_evacuation_time": 6.850008, 
          "exit_flow_rate": 0.14598523096615362, 
          "completed_agents": 1, 
          "max_traveled_distance": 6.175506, 
          "avg_evacuation_time": 6.850008, 
          "avg_traveled_distance": 6.175506, 
          "min_traveled_distance": 6.175506
        }
      ], 
      "bounds": [
        [
          -0.05, 
          1.22, 
          2.14, 
          2.94
        ]
      ]
    }, 
    "Dining_Room": {
      "simulation_statistics": [
        {
          "not_completed_agents": 0, 
          "max_evacuation_time": 6.150005, 
          "min_evacuation_time": 0.0, 
          "exit_flow_rate": 1.138210456739466, 
          "completed_agents": 7, 
          "max_traveled_distance": 6.07672, 
          "avg_evacuation_time": 3.0214288571428574, 
          "avg_traveled_distance": 3.2873547142857147, 
          "min_traveled_distance": 0.0
        }
      ], 
      "bounds": [
        [
          2.06, 
          -0.02, 
          8.03, 
          6.2
        ]
      ]
    }, 
    "Kitchen": {
      "simulation_statistics": [
        {
          "not_completed_agents": 0, 
          "max_evacuation_time": 5.700004, 
          "min_evacuation_time": 0.0, 
          "exit_flow_rate": 1.2280693136355694, 
          "completed_agents": 7, 
          "max_traveled_distance": 5.133482, 
          "avg_evacuation_time": 2.849999285714286, 
          "avg_traveled_distance": 2.8042664285714283, 
          "min_traveled_distance": 0.0
        }
      ], 
      "bounds": [
        [
          2.06, 
          -0.02, 
          8.03, 
          6.2
        ]
      ]
    }
  }, 
  "room_num": 5, 
  "verts": [
    [
      2.17, 
      0.1
    ], 
    [
      2.16, 
      0.11
    ], 
    [
      2.16, 
      2.84
    ], 
    [
      3.82, 
      2.84
    ], 
    [
      3.83, 
      2.85
    ], 
    [
      3.83, 
      2.95
    ], 
    [
      3.82, 
      2.96
    ], 
    [
      1.68, 
      2.96
    ], 
    [
      1.67, 
      2.95
    ], 
    [
      1.67, 
      2.85
    ], 
    [
      1.68, 
      2.84
    ], 
    [
      2.04, 
      2.84
    ], 
    [
      2.04, 
      1.33
    ], 
    [
      0.11, 
      1.33
    ], 
    [
      0.1, 
      1.34
    ], 
    [
      0.1, 
      2.84
    ], 
    [
      0.46, 
      2.84
    ], 
    [
      0.47, 
      2.85
    ], 
    [
      0.47, 
      2.95
    ], 
    [
      0.46, 
      2.96
    ], 
    [
      0.1, 
      2.96
    ], 
    [
      0.1, 
      4.42
    ], 
    [
      0.11, 
      4.43
    ], 
    [
      0.11, 
      8.27
    ], 
    [
      5.04, 
      8.27
    ], 
    [
      5.04, 
      6.2
    ], 
    [
      5.05, 
      6.19
    ], 
    [
      5.05, 
      6.11
    ], 
    [
      5.07, 
      6.09
    ], 
    [
      5.15, 
      6.09
    ], 
    [
      5.16, 
      6.08
    ], 
    [
      7.91, 
      6.08
    ], 
    [
      7.91, 
      0.1
    ]
  ], 
  "bbox": {
    "max": [
      7.91, 
      8.27
    ], 
    "min": [
      0.1, 
      0.1
    ]
  }, 
  "id": "b065fedbd78144aaa61e05299607ce12"
}