{
  "room_category": {
    "Living_Room": {
      "simulation_statistics": [
        {
          "not_completed_agents": 0, 
          "max_evacuation_time": 21.649956, 
          "min_evacuation_time": 2.199999, 
          "exit_flow_rate": 0.41570523284204364, 
          "completed_agents": 9, 
          "max_traveled_distance": 13.633775, 
          "avg_evacuation_time": 8.883332888888889, 
          "avg_traveled_distance": 7.169674666666667, 
          "min_traveled_distance": 2.330148
        }
      ], 
      "bounds": [
        [
          -0.01, 
          3.09, 
          5.29, 
          11.65
        ]
      ]
    }, 
    "Dining_Room": {
      "simulation_statistics": [
        {
          "not_completed_agents": 0, 
          "max_evacuation_time": 25.499897, 
          "min_evacuation_time": 5.300002, 
          "exit_flow_rate": 0.3529426020818829, 
          "completed_agents": 9, 
          "max_traveled_distance": 13.905697, 
          "avg_evacuation_time": 15.066671666666666, 
          "avg_traveled_distance": 11.903028555555556, 
          "min_traveled_distance": 7.212505
        }
      ], 
      "bounds": [
        [
          5.18, 
          3.07, 
          10.42, 
          11.79
        ]
      ]
    }, 
    "Kitchen": {
      "simulation_statistics": [
        {
          "not_completed_agents": 0, 
          "max_evacuation_time": 27.24987, 
          "min_evacuation_time": 6.400006, 
          "exit_flow_rate": 0.3302768049902623, 
          "completed_agents": 9, 
          "max_traveled_distance": 15.742974, 
          "avg_evacuation_time": 13.527771111111111, 
          "avg_traveled_distance": 11.61845988888889, 
          "min_traveled_distance": 8.240046
        }
      ], 
      "bounds": [
        [
          5.18, 
          3.07, 
          10.42, 
          11.79
        ]
      ]
    }
  }, 
  "room_num": 3, 
  "verts": [
    [
      0.12, 
      0.1
    ], 
    [
      0.11, 
      0.11
    ], 
    [
      0.11, 
      3.08
    ], 
    [
      1.54, 
      3.08
    ], 
    [
      1.55, 
      3.09
    ], 
    [
      1.55, 
      3.19
    ], 
    [
      1.54, 
      3.2
    ], 
    [
      0.1, 
      3.2
    ], 
    [
      0.1, 
      5.23
    ], 
    [
      0.11, 
      5.24
    ], 
    [
      0.11, 
      11.36
    ], 
    [
      0.12, 
      11.37
    ], 
    [
      0.12, 
      11.54
    ], 
    [
      5.19, 
      11.54
    ], 
    [
      5.19, 
      9.52
    ], 
    [
      5.2, 
      9.51
    ], 
    [
      5.3, 
      9.51
    ], 
    [
      5.31, 
      9.52
    ], 
    [
      5.31, 
      11.54
    ], 
    [
      7.64, 
      11.54
    ], 
    [
      7.65, 
      11.53
    ], 
    [
      10.29, 
      11.53
    ], 
    [
      10.29, 
      3.18
    ], 
    [
      9.54, 
      3.18
    ], 
    [
      9.53, 
      3.19
    ], 
    [
      7.81, 
      3.19
    ], 
    [
      7.8, 
      3.2
    ], 
    [
      6.08, 
      3.2
    ], 
    [
      6.07, 
      3.21
    ], 
    [
      5.31, 
      3.21
    ], 
    [
      5.31, 
      5.86
    ], 
    [
      5.3, 
      5.87
    ], 
    [
      5.19, 
      5.87
    ], 
    [
      5.18, 
      5.86
    ], 
    [
      5.18, 
      3.2
    ], 
    [
      2.56, 
      3.2
    ], 
    [
      2.55, 
      3.19
    ], 
    [
      2.55, 
      3.09
    ], 
    [
      2.56, 
      3.08
    ], 
    [
      3.94, 
      3.08
    ], 
    [
      3.94, 
      0.1
    ]
  ], 
  "bbox": {
    "max": [
      10.29, 
      11.54
    ], 
    "min": [
      0.1, 
      0.1
    ]
  }, 
  "id": "b1e35dc349a3ad7c907723b6519ad63e"
}