{
  "room_category": {
    "Living_Room": {
      "simulation_statistics": [
        {
          "not_completed_agents": 0, 
          "max_evacuation_time": 7.30001, 
          "min_evacuation_time": 4.349998, 
          "exit_flow_rate": 1.0958889097412194, 
          "completed_agents": 8, 
          "max_traveled_distance": 9.139297, 
          "avg_evacuation_time": 5.893754375, 
          "avg_traveled_distance": 7.56434725, 
          "min_traveled_distance": 5.597684
        }
      ], 
      "bounds": [
        [
          2.86, 
          5.06, 
          10.51, 
          10.28
        ]
      ]
    }, 
    "Room": {
      "simulation_statistics": [
        {
          "not_completed_agents": 0, 
          "max_evacuation_time": 5.400002, 
          "min_evacuation_time": 2.749999, 
          "exit_flow_rate": 0.7407404663924199, 
          "completed_agents": 4, 
          "max_traveled_distance": 6.721551, 
          "avg_evacuation_time": 3.94999925, 
          "avg_traveled_distance": 4.650381, 
          "min_traveled_distance": 3.367209
        }
      ], 
      "bounds": [
        [
          -0.03, 
          4.45, 
          2.97, 
          10.3
        ]
      ]
    }, 
    "Kitchen": {
      "simulation_statistics": [
        {
          "not_completed_agents": 0, 
          "max_evacuation_time": 6.000005, 
          "min_evacuation_time": 0.0, 
          "exit_flow_rate": 1.8333318055568288, 
          "completed_agents": 11, 
          "max_traveled_distance": 7.78217, 
          "avg_evacuation_time": 2.959090818181818, 
          "avg_traveled_distance": 3.8056607272727274, 
          "min_traveled_distance": 0.0
        }
      ], 
      "bounds": [
        [
          -0.03, 
          -0.03, 
          10.49, 
          5.17
        ]
      ]
    }
  }, 
  "room_num": 3, 
  "verts": [
    [
      0.11, 
      0.1
    ], 
    [
      0.1, 
      0.11
    ], 
    [
      0.1, 
      5.08
    ], 
    [
      0.42, 
      5.08
    ], 
    [
      0.43, 
      5.07
    ], 
    [
      0.44, 
      5.08
    ], 
    [
      0.44, 
      5.18
    ], 
    [
      0.43, 
      5.19
    ], 
    [
      0.1, 
      5.19
    ], 
    [
      0.1, 
      10.16
    ], 
    [
      2.85, 
      10.16
    ], 
    [
      2.85, 
      9.51
    ], 
    [
      2.86, 
      9.5
    ], 
    [
      2.96, 
      9.5
    ], 
    [
      2.97, 
      9.51
    ], 
    [
      2.97, 
      10.16
    ], 
    [
      10.39, 
      10.16
    ], 
    [
      10.39, 
      5.19
    ], 
    [
      8.67, 
      5.19
    ], 
    [
      8.66, 
      5.18
    ], 
    [
      8.66, 
      5.08
    ], 
    [
      8.67, 
      5.07
    ], 
    [
      10.35, 
      5.07
    ], 
    [
      10.35, 
      0.1
    ]
  ], 
  "bbox": {
    "max": [
      10.39, 
      10.16
    ], 
    "min": [
      0.1, 
      0.1
    ]
  }, 
  "id": "b39a1229d183db3138203ffee2a4e1f8"
}