{
  "room_category": {
    "Room": {
      "simulation_statistics": [
        {
          "not_completed_agents": 0, 
          "max_evacuation_time": 150.004547, 
          "min_evacuation_time": 0.0, 
          "exit_flow_rate": 0.0066664645839035796, 
          "completed_agents": 1, 
          "max_traveled_distance": 19.977224, 
          "avg_evacuation_time": 135.0040923, 
          "avg_traveled_distance": 11.7970908, 
          "min_traveled_distance": 0.0
        }
      ], 
      "bounds": [
        [
          -0.01, 
          -0.04, 
          8.07, 
          6.17
        ]
      ]
    }, 
    "Office": {
      "simulation_statistics": [
        {
          "not_completed_agents": 0, 
          "max_evacuation_time": 150.004547, 
          "min_evacuation_time": 0.0, 
          "exit_flow_rate": 0.013332929167807159, 
          "completed_agents": 2, 
          "max_traveled_distance": 18.38899, 
          "avg_evacuation_time": 122.74917481818183, 
          "avg_traveled_distance": 9.851332454545455, 
          "min_traveled_distance": 0.0
        }, 
        {
          "not_completed_agents": 0, 
          "max_evacuation_time": 150.004547, 
          "min_evacuation_time": 0.5, 
          "exit_flow_rate": 0.0066664645839035796, 
          "completed_agents": 1, 
          "max_traveled_distance": 12.767127, 
          "avg_evacuation_time": 75.2522735, 
          "avg_traveled_distance": 6.6283625, 
          "min_traveled_distance": 0.489598
        }
      ], 
      "bounds": [
        [
          -0.05, 
          -0.03, 
          8.03, 
          7.0
        ], 
        [
          4.7, 
          0.02, 
          7.94, 
          2.75
        ]
      ]
    }
  }, 
  "room_num": 3, 
  "verts": [
    [
      3.44, 
      0.1
    ], 
    [
      3.43, 
      0.11
    ], 
    [
      1.66, 
      0.11
    ], 
    [
      1.65, 
      0.12
    ], 
    [
      0.1, 
      0.12
    ], 
    [
      0.1, 
      6.03
    ], 
    [
      3.86, 
      6.03
    ], 
    [
      3.87, 
      6.04
    ], 
    [
      3.87, 
      6.06
    ], 
    [
      5.11, 
      6.06
    ], 
    [
      5.11, 
      6.04
    ], 
    [
      5.12, 
      6.03
    ], 
    [
      7.93, 
      6.03
    ], 
    [
      7.93, 
      2.26
    ], 
    [
      5.67, 
      2.26
    ], 
    [
      5.66, 
      2.25
    ], 
    [
      5.66, 
      2.15
    ], 
    [
      5.67, 
      2.14
    ], 
    [
      7.83, 
      2.14
    ], 
    [
      7.83, 
      1.9
    ], 
    [
      7.82, 
      1.89
    ], 
    [
      7.82, 
      1.38
    ], 
    [
      7.81, 
      1.37
    ], 
    [
      7.81, 
      0.85
    ], 
    [
      7.8, 
      0.84
    ], 
    [
      7.8, 
      0.33
    ], 
    [
      7.79, 
      0.32
    ], 
    [
      7.79, 
      0.16
    ], 
    [
      4.87, 
      0.16
    ], 
    [
      4.86, 
      0.17
    ], 
    [
      4.81, 
      0.17
    ], 
    [
      4.81, 
      0.4
    ], 
    [
      4.82, 
      0.41
    ], 
    [
      4.82, 
      0.92
    ], 
    [
      4.83, 
      0.93
    ], 
    [
      4.83, 
      1.45
    ], 
    [
      4.84, 
      1.46
    ], 
    [
      4.84, 
      1.97
    ], 
    [
      4.85, 
      1.98
    ], 
    [
      4.85, 
      2.14
    ], 
    [
      4.91, 
      2.14
    ], 
    [
      4.92, 
      2.15
    ], 
    [
      4.92, 
      2.25
    ], 
    [
      4.91, 
      2.26
    ], 
    [
      4.75, 
      2.26
    ], 
    [
      4.74, 
      2.25
    ], 
    [
      4.74, 
      1.98
    ], 
    [
      4.73, 
      1.97
    ], 
    [
      4.73, 
      1.46
    ], 
    [
      4.72, 
      1.45
    ], 
    [
      4.72, 
      0.94
    ], 
    [
      4.71, 
      0.93
    ], 
    [
      4.71, 
      0.42
    ], 
    [
      4.7, 
      0.41
    ], 
    [
      4.7, 
      0.13
    ], 
    [
      4.08, 
      0.13
    ], 
    [
      4.07, 
      0.12
    ], 
    [
      4.07, 
      0.1
    ]
  ], 
  "bbox": {
    "max": [
      7.93, 
      6.06
    ], 
    "min": [
      0.1, 
      0.1
    ]
  }, 
  "id": "b63133ed7f357cc14810b37f3d8c6a5b"
}