{
  "room_category": {
    "Child_Room": {
      "simulation_statistics": [
        {
          "not_completed_agents": 0, 
          "max_evacuation_time": 6.200006, 
          "min_evacuation_time": 2.499999, 
          "exit_flow_rate": 1.290321331947098, 
          "completed_agents": 8, 
          "max_traveled_distance": 6.738125, 
          "avg_evacuation_time": 4.293750375, 
          "avg_traveled_distance": 5.29819, 
          "min_traveled_distance": 3.159898
        }
      ], 
      "bounds": [
        [
          -0.04, 
          3.8, 
          6.33, 
          10.37
        ]
      ]
    }, 
    "Office": {
      "simulation_statistics": [
        {
          "not_completed_agents": 0, 
          "max_evacuation_time": 4.75, 
          "min_evacuation_time": 0.45, 
          "exit_flow_rate": 2.3157894736842106, 
          "completed_agents": 11, 
          "max_traveled_distance": 5.366884, 
          "avg_evacuation_time": 2.104544818181818, 
          "avg_traveled_distance": 2.507257272727273, 
          "min_traveled_distance": 0.512656
        }
      ], 
      "bounds": [
        [
          -0.87, 
          -0.02, 
          10.15, 
          5.19
        ]
      ]
    }, 
    "Kitchen": {
      "simulation_statistics": [
        {
          "not_completed_agents": 0, 
          "max_evacuation_time": 150.004547, 
          "min_evacuation_time": 8.650015, 
          "exit_flow_rate": 0.01999939375171074, 
          "completed_agents": 3, 
          "max_traveled_distance": 12.618464, 
          "avg_evacuation_time": 47.126154, 
          "avg_traveled_distance": 9.94304925, 
          "min_traveled_distance": 5.344525
        }
      ], 
      "bounds": [
        [
          5.71, 
          5.09, 
          9.64, 
          10.36
        ]
      ]
    }
  }, 
  "room_num": 3, 
  "verts": [
    [
      0.11, 
      0.1
    ], 
    [
      0.1, 
      0.11
    ], 
    [
      0.1, 
      2.59
    ], 
    [
      0.11, 
      2.6
    ], 
    [
      0.11, 
      3.19
    ], 
    [
      0.1, 
      3.2
    ], 
    [
      0.1, 
      3.82
    ], 
    [
      0.11, 
      3.83
    ], 
    [
      0.11, 
      10.26
    ], 
    [
      3.28, 
      10.26
    ], 
    [
      3.29, 
      10.25
    ], 
    [
      6.23, 
      10.25
    ], 
    [
      6.23, 
      6.7
    ], 
    [
      6.24, 
      6.69
    ], 
    [
      6.34, 
      6.69
    ], 
    [
      6.35, 
      6.7
    ], 
    [
      6.34, 
      6.71
    ], 
    [
      6.34, 
      6.77
    ], 
    [
      6.35, 
      6.78
    ], 
    [
      6.35, 
      10.25
    ], 
    [
      9.53, 
      10.25
    ], 
    [
      9.53, 
      5.2
    ], 
    [
      6.35, 
      5.2
    ], 
    [
      6.35, 
      5.94
    ], 
    [
      6.34, 
      5.95
    ], 
    [
      6.24, 
      5.95
    ], 
    [
      6.23, 
      5.94
    ], 
    [
      6.23, 
      5.2
    ], 
    [
      4.59, 
      5.2
    ], 
    [
      4.58, 
      5.21
    ], 
    [
      2.99, 
      5.21
    ], 
    [
      2.98, 
      5.2
    ], 
    [
      2.98, 
      5.1
    ], 
    [
      2.99, 
      5.09
    ], 
    [
      6.24, 
      5.09
    ], 
    [
      6.25, 
      5.08
    ], 
    [
      9.53, 
      5.08
    ], 
    [
      9.53, 
      0.1
    ]
  ], 
  "bbox": {
    "max": [
      9.53, 
      10.26
    ], 
    "min": [
      0.1, 
      0.1
    ]
  }, 
  "id": "b67f3586edbe666a66396dcd8874faef"
}