{
  "room_category": {
    "Living_Room": {
      "simulation_statistics": [
        {
          "not_completed_agents": 0, 
          "max_evacuation_time": 150.004547, 
          "min_evacuation_time": 0.0, 
          "exit_flow_rate": 0.04666525208732506, 
          "completed_agents": 7, 
          "max_traveled_distance": 9.61443, 
          "avg_evacuation_time": 24.913079625, 
          "avg_traveled_distance": 5.847528875, 
          "min_traveled_distance": 0.0
        }
      ], 
      "bounds": [
        [
          -0.06, 
          -0.01, 
          5.09, 
          8.21
        ]
      ]
    }, 
    "Kitchen": {
      "simulation_statistics": [
        {
          "not_completed_agents": 0, 
          "max_evacuation_time": 150.004547, 
          "min_evacuation_time": 1.05, 
          "exit_flow_rate": 0.01999939375171074, 
          "completed_agents": 3, 
          "max_traveled_distance": 4.59064, 
          "avg_evacuation_time": 40.413638, 
          "avg_traveled_distance": 2.7441407499999997, 
          "min_traveled_distance": 0.695123
        }
      ], 
      "bounds": [
        [
          2.33, 
          -0.01, 
          5.79, 
          5.06
        ]
      ]
    }
  }, 
  "room_num": 4, 
  "verts": [
    [
      0.11, 
      0.1
    ], 
    [
      0.1, 
      0.11
    ], 
    [
      0.1, 
      2.57
    ], 
    [
      0.66, 
      2.57
    ], 
    [
      0.67, 
      2.58
    ], 
    [
      1.83, 
      2.58
    ], 
    [
      1.84, 
      2.59
    ], 
    [
      2.32, 
      2.59
    ], 
    [
      2.32, 
      1.3
    ], 
    [
      2.33, 
      1.29
    ], 
    [
      2.43, 
      1.29
    ], 
    [
      2.44, 
      1.3
    ], 
    [
      2.44, 
      2.57
    ], 
    [
      2.98, 
      2.57
    ], 
    [
      3.0, 
      2.59
    ], 
    [
      3.0, 
      3.24
    ], 
    [
      2.99, 
      3.25
    ], 
    [
      2.9, 
      3.25
    ], 
    [
      2.89, 
      3.24
    ], 
    [
      2.89, 
      2.68
    ], 
    [
      2.44, 
      2.68
    ], 
    [
      2.44, 
      2.69
    ], 
    [
      2.42, 
      2.71
    ], 
    [
      1.84, 
      2.71
    ], 
    [
      1.83, 
      2.7
    ], 
    [
      0.67, 
      2.7
    ], 
    [
      0.66, 
      2.69
    ], 
    [
      0.1, 
      2.69
    ], 
    [
      0.1, 
      3.33
    ], 
    [
      0.11, 
      3.34
    ], 
    [
      0.11, 
      3.35
    ], 
    [
      0.12, 
      3.36
    ], 
    [
      0.12, 
      3.39
    ], 
    [
      0.13, 
      3.4
    ], 
    [
      0.13, 
      4.06
    ], 
    [
      0.12, 
      4.07
    ], 
    [
      0.12, 
      4.1
    ], 
    [
      0.11, 
      4.11
    ], 
    [
      0.11, 
      4.12
    ], 
    [
      0.1, 
      4.13
    ], 
    [
      0.1, 
      8.07
    ], 
    [
      0.99, 
      8.07
    ], 
    [
      1.0, 
      8.08
    ], 
    [
      2.62, 
      8.08
    ], 
    [
      2.63, 
      8.09
    ], 
    [
      4.24, 
      8.09
    ], 
    [
      4.25, 
      8.1
    ], 
    [
      4.96, 
      8.1
    ], 
    [
      4.96, 
      5.07
    ], 
    [
      2.9, 
      5.07
    ], 
    [
      2.89, 
      5.06
    ], 
    [
      2.89, 
      4.08
    ], 
    [
      2.9, 
      4.07
    ], 
    [
      2.99, 
      4.07
    ], 
    [
      3.0, 
      4.08
    ], 
    [
      3.0, 
      4.95
    ], 
    [
      4.96, 
      4.95
    ], 
    [
      4.96, 
      3.89
    ], 
    [
      4.97, 
      3.88
    ], 
    [
      5.07, 
      3.88
    ], 
    [
      5.08, 
      3.89
    ], 
    [
      5.08, 
      8.1
    ], 
    [
      5.78, 
      8.1
    ], 
    [
      5.79, 
      8.09
    ], 
    [
      7.39, 
      8.09
    ], 
    [
      7.4, 
      8.08
    ], 
    [
      8.99, 
      8.08
    ], 
    [
      9.0, 
      8.07
    ], 
    [
      10.6, 
      8.07
    ], 
    [
      10.61, 
      8.06
    ], 
    [
      11.3, 
      8.06
    ], 
    [
      11.3, 
      0.1
    ], 
    [
      10.14, 
      0.1
    ], 
    [
      10.13, 
      0.11
    ], 
    [
      8.08, 
      0.11
    ], 
    [
      8.07, 
      0.12
    ], 
    [
      6.02, 
      0.12
    ], 
    [
      6.01, 
      0.13
    ], 
    [
      5.08, 
      0.13
    ], 
    [
      5.08, 
      3.13
    ], 
    [
      5.07, 
      3.14
    ], 
    [
      5.07, 
      3.18
    ], 
    [
      5.08, 
      3.19
    ], 
    [
      5.07, 
      3.2
    ], 
    [
      4.97, 
      3.2
    ], 
    [
      4.96, 
      3.19
    ], 
    [
      4.96, 
      0.12
    ], 
    [
      4.06, 
      0.12
    ], 
    [
      4.05, 
      0.11
    ], 
    [
      2.44, 
      0.11
    ], 
    [
      2.44, 
      0.52
    ], 
    [
      2.43, 
      0.53
    ], 
    [
      2.33, 
      0.53
    ], 
    [
      2.32, 
      0.52
    ], 
    [
      2.32, 
      0.1
    ]
  ], 
  "bbox": {
    "max": [
      11.3, 
      8.1
    ], 
    "min": [
      0.1, 
      0.1
    ]
  }, 
  "id": "b6b755795255e9523df5f0609639ccb8"
}