{
  "room_category": {
    "Bedroom": {
      "simulation_statistics": [
        {
          "not_completed_agents": 0, 
          "max_evacuation_time": 150.004547, 
          "min_evacuation_time": 34.799755, 
          "exit_flow_rate": 0.0066664645839035796, 
          "completed_agents": 1, 
          "max_traveled_distance": 19.012623, 
          "avg_evacuation_time": 111.60294966666667, 
          "avg_traveled_distance": 11.758879333333335, 
          "min_traveled_distance": 5.721487
        }, 
        {
          "not_completed_agents": 0, 
          "max_evacuation_time": 150.004547, 
          "min_evacuation_time": 37.149719, 
          "exit_flow_rate": 0.0066664645839035796, 
          "completed_agents": 1, 
          "max_traveled_distance": 18.729843, 
          "avg_evacuation_time": 112.38627100000001, 
          "avg_traveled_distance": 13.114685333333334, 
          "min_traveled_distance": 3.519618
        }
      ], 
      "bounds": [
        [
          4.8, 
          8.5, 
          9.35, 
          12.13
        ], 
        [
          4.75, 
          0.51, 
          8.97, 
          4.19
        ]
      ]
    }, 
    "Living_Room": {
      "simulation_statistics": [
        {
          "not_completed_agents": 0, 
          "max_evacuation_time": 20.299976, 
          "min_evacuation_time": 3.599998, 
          "exit_flow_rate": 0.2955668519016968, 
          "completed_agents": 6, 
          "max_traveled_distance": 11.501896, 
          "avg_evacuation_time": 9.833337666666667, 
          "avg_traveled_distance": 7.334173166666667, 
          "min_traveled_distance": 4.072528
        }
      ], 
      "bounds": [
        [
          -0.02, 
          3.29, 
          4.89, 
          9.53
        ]
      ]
    }, 
    "Room": {
      "simulation_statistics": [
        {
          "not_completed_agents": 0, 
          "max_evacuation_time": 150.004547, 
          "min_evacuation_time": 21.249962, 
          "exit_flow_rate": 0.01999939375171074, 
          "completed_agents": 3, 
          "max_traveled_distance": 25.221619, 
          "avg_evacuation_time": 58.701028, 
          "avg_traveled_distance": 23.63913975, 
          "min_traveled_distance": 20.152803
        }, 
        {
          "not_completed_agents": 0, 
          "max_evacuation_time": 1.3, 
          "min_evacuation_time": 0.0, 
          "exit_flow_rate": 3.0769230769230766, 
          "completed_agents": 4, 
          "max_traveled_distance": 1.635791, 
          "avg_evacuation_time": 0.775, 
          "avg_traveled_distance": 0.9955045, 
          "min_traveled_distance": 0.0
        }, 
        {
          "not_completed_agents": 0, 
          "max_evacuation_time": 29.599834, 
          "min_evacuation_time": 17.400021, 
          "exit_flow_rate": 0.13513589299183232, 
          "completed_agents": 4, 
          "max_traveled_distance": 20.300718, 
          "avg_evacuation_time": 22.44994375, 
          "avg_traveled_distance": 18.85444625, 
          "min_traveled_distance": 17.645218
        }
      ], 
      "bounds": [
        [
          4.13, 
          12.04, 
          9.35, 
          16.09
        ], 
        [
          -0.02, 
          -0.02, 
          4.89, 
          3.94
        ], 
        [
          1.97, 
          15.31, 
          6.29, 
          20.07
        ]
      ]
    }, 
    "Office": {
      "simulation_statistics": [
        {
          "not_completed_agents": 0, 
          "max_evacuation_time": 26.149887, 
          "min_evacuation_time": 9.90002, 
          "exit_flow_rate": 0.15296433212120572, 
          "completed_agents": 4, 
          "max_traveled_distance": 15.282376, 
          "avg_evacuation_time": 15.924994, 
          "avg_traveled_distance": 10.689361, 
          "min_traveled_distance": 7.640288
        }
      ], 
      "bounds": [
        [
          4.8, 
          4.07, 
          9.35, 
          8.64
        ]
      ]
    }, 
    "Kitchen": {
      "simulation_statistics": [
        {
          "not_completed_agents": 0, 
          "max_evacuation_time": 23.34993, 
          "min_evacuation_time": 11.850027, 
          "exit_flow_rate": 0.1284800425525901, 
          "completed_agents": 3, 
          "max_traveled_distance": 14.6486, 
          "avg_evacuation_time": 16.799999, 
          "avg_traveled_distance": 12.650321666666665, 
          "min_traveled_distance": 11.362463
        }
      ], 
      "bounds": [
        [
          -0.02, 
          8.91, 
          4.92, 
          12.13
        ]
      ]
    }
  }, 
  "room_num": 9,