{
  "room_category": {
    "Room": {
      "simulation_statistics": [
        {
          "not_completed_agents": 0, 
          "max_evacuation_time": 3.499998, 
          "min_evacuation_time": 2.449999, 
          "exit_flow_rate": 0.5714288979593702, 
          "completed_agents": 2, 
          "max_traveled_distance": 4.262873, 
          "avg_evacuation_time": 2.9749985, 
          "avg_traveled_distance": 3.7105189999999997, 
          "min_traveled_distance": 3.158165
        }, 
        {
          "not_completed_agents": 0, 
          "max_evacuation_time": 49.999523, 
          "min_evacuation_time": 0.0, 
          "exit_flow_rate": 8.320079373557222, 
          "completed_agents": 416, 
          "max_traveled_distance": 52.343594, 
          "avg_evacuation_time": 23.728025822115384, 
          "avg_traveled_distance": 29.340427701923076, 
          "min_traveled_distance": 0.0
        }
      ], 
      "bounds": [
        [
          0.02, 
          3.3, 
          7.32, 
          4.66
        ], 
        [
          -36.25, 
          -36.97, 
          4.66, 
          13.93
        ]
      ]
    }, 
    "Gym": {
      "simulation_statistics": [
        {
          "not_completed_agents": 0, 
          "max_evacuation_time": 20.749969, 
          "min_evacuation_time": 13.900035, 
          "exit_flow_rate": 0.28915705849970186, 
          "completed_agents": 6, 
          "max_traveled_distance": 17.394056, 
          "avg_evacuation_time": 16.075024666666668, 
          "avg_traveled_distance": 16.33781683333333, 
          "min_traveled_distance": 15.12929
        }
      ], 
      "bounds": [
        [
          7.19, 
          3.99, 
          12.51, 
          9.84
        ]
      ]
    }, 
    "Garage": {
      "simulation_statistics": [
        {
          "not_completed_agents": 0, 
          "max_evacuation_time": 150.004547, 
          "min_evacuation_time": 15.750042, 
          "exit_flow_rate": 0.03999878750342148, 
          "completed_agents": 6, 
          "max_traveled_distance": 30.28396, 
          "avg_evacuation_time": 43.60769871428572, 
          "avg_traveled_distance": 20.422256428571426, 
          "min_traveled_distance": 1.203419
        }
      ], 
      "bounds": [
        [
          1.82, 
          12.97, 
          7.3, 
          18.94
        ]
      ]
    }, 
    "Bedroom": {
      "simulation_statistics": [
        {
          "not_completed_agents": 0, 
          "max_evacuation_time": 8.050013, 
          "min_evacuation_time": 0.5, 
          "exit_flow_rate": 1.1180106168772648, 
          "completed_agents": 9, 
          "max_traveled_distance": 8.187931, 
          "avg_evacuation_time": 3.2111121111111114, 
          "avg_traveled_distance": 3.8553971111111114, 
          "min_traveled_distance": 0.697205
        }
      ], 
      "bounds": [
        [
          -0.02, 
          -0.02, 
          7.32, 
          6.22
        ]
      ]
    }, 
    "Dining_Room": {
      "simulation_statistics": [
        {
          "not_completed_agents": 0, 
          "max_evacuation_time": 25.149902, 
          "min_evacuation_time": 6.150005, 
          "exit_flow_rate": 0.23856951808400684, 
          "completed_agents": 6, 
          "max_traveled_distance": 15.812247, 
          "avg_evacuation_time": 12.374999666666668, 
          "avg_traveled_distance": 11.374169666666667, 
          "min_traveled_distance": 7.828297
        }
      ], 
      "bounds": [
        [
          -0.04, 
          6.03, 
          7.43, 
          9.86
        ]
      ]
    }, 
    "Kitchen": {
      "simulation_statistics": [
        {
          "not_completed_agents": 0, 
          "max_evacuation_time": 32.949783, 
          "min_evacuation_time": 18.250008, 
          "exit_flow_rate": 0.1820952811737789, 
          "completed_agents": 6, 
          "max_traveled_distance": 24.05308, 
          "avg_evacuation_time": 24.199916833333333, 
          "avg_traveled_distance": 19.383182833333333, 
          "min_traveled_distance": 14.412761
        }
      ], 
      "bounds": [
        [
          -0.02, 
          9.61, 
          7.3, 
          13.83
        ]
      ]
    }
  }, 
  "room_num": 7,