{
  "room_category": {
    "Living_Room": {
      "simulation_statistics": [
        {
          "not_completed_agents": 0, 
          "max_evacuation_time": 7.750011, 
          "min_evacuation_time": 4.349998, 
          "exit_flow_rate": 0.6451603746110812, 
          "completed_agents": 5, 
          "max_traveled_distance": 7.716848, 
          "avg_evacuation_time": 5.7500036, 
          "avg_traveled_distance": 6.6745672, 
          "min_traveled_distance": 4.756265
        }
      ], 
      "bounds": [
        [
          -0.02, 
          5.09, 
          5.17, 
          10.34
        ]
      ]
    }, 
    "Kitchen": {
      "simulation_statistics": [
        {
          "not_completed_agents": 0, 
          "max_evacuation_time": 7.200009, 
          "min_evacuation_time": 5.250002, 
          "exit_flow_rate": 0.41666614583398437, 
          "completed_agents": 3, 
          "max_traveled_distance": 7.55728, 
          "avg_evacuation_time": 6.150005333333333, 
          "avg_traveled_distance": 6.543400000000001, 
          "min_traveled_distance": 5.709593
        }
      ], 
      "bounds": [
        [
          5.05, 
          1.99, 
          10.28, 
          5.23
        ]
      ]
    }
  }, 
  "room_num": 4, 
  "verts": [
    [
      0.11, 
      0.1
    ], 
    [
      0.1, 
      0.11
    ], 
    [
      0.1, 
      5.07
    ], 
    [
      1.0, 
      5.07
    ], 
    [
      1.01, 
      5.08
    ], 
    [
      1.92, 
      5.08
    ], 
    [
      1.93, 
      5.09
    ], 
    [
      1.93, 
      5.19
    ], 
    [
      1.92, 
      5.2
    ], 
    [
      0.94, 
      5.2
    ], 
    [
      0.93, 
      5.19
    ], 
    [
      0.1, 
      5.19
    ], 
    [
      0.1, 
      10.19
    ], 
    [
      5.07, 
      10.19
    ], 
    [
      5.07, 
      8.19
    ], 
    [
      5.08, 
      8.18
    ], 
    [
      5.18, 
      8.18
    ], 
    [
      5.19, 
      8.19
    ], 
    [
      5.18, 
      8.2
    ], 
    [
      5.18, 
      8.22
    ], 
    [
      5.19, 
      8.23
    ], 
    [
      5.19, 
      10.19
    ], 
    [
      10.16, 
      10.19
    ], 
    [
      10.16, 
      5.22
    ], 
    [
      8.01, 
      5.22
    ], 
    [
      8.0, 
      5.21
    ], 
    [
      8.0, 
      5.11
    ], 
    [
      8.01, 
      5.1
    ], 
    [
      8.02, 
      5.11
    ], 
    [
      8.05, 
      5.11
    ], 
    [
      8.06, 
      5.1
    ], 
    [
      10.16, 
      5.1
    ], 
    [
      10.16, 
      2.13
    ], 
    [
      5.19, 
      2.13
    ], 
    [
      5.19, 
      3.32
    ], 
    [
      5.18, 
      3.33
    ], 
    [
      5.07, 
      3.33
    ], 
    [
      5.06, 
      3.32
    ], 
    [
      5.06, 
      2.67
    ], 
    [
      5.05, 
      2.66
    ], 
    [
      5.05, 
      2.13
    ], 
    [
      3.42, 
      2.13
    ], 
    [
      3.41, 
      2.12
    ], 
    [
      3.33, 
      2.12
    ], 
    [
      3.31, 
      2.1
    ], 
    [
      3.31, 
      2.02
    ], 
    [
      3.3, 
      2.01
    ], 
    [
      3.3, 
      1.58
    ], 
    [
      3.31, 
      1.57
    ], 
    [
      3.31, 
      0.54
    ], 
    [
      3.32, 
      0.53
    ], 
    [
      3.32, 
      0.13
    ], 
    [
      2.86, 
      0.13
    ], 
    [
      2.85, 
      0.12
    ], 
    [
      1.72, 
      0.12
    ], 
    [
      1.71, 
      0.11
    ], 
    [
      0.98, 
      0.11
    ], 
    [
      0.97, 
      0.1
    ]
  ], 
  "bbox": {
    "max": [
      10.16, 
      10.19
    ], 
    "min": [
      0.1, 
      0.1
    ]
  }, 
  "id": "bee3e57f5f336a0f79197affcaff4100"
}