{
  "room_category": {
    "Hallway": {
      "simulation_statistics": [
        {
          "not_completed_agents": 0, 
          "max_evacuation_time": 15.15004, 
          "min_evacuation_time": 11.800027, 
          "exit_flow_rate": 0.46204498469971034, 
          "completed_agents": 7, 
          "max_traveled_distance": 20.629185, 
          "avg_evacuation_time": 13.357175714285715, 
          "avg_traveled_distance": 17.82696442857143, 
          "min_traveled_distance": 16.011499
        }, 
        {
          "not_completed_agents": 0, 
          "max_evacuation_time": 14.200036, 
          "min_evacuation_time": 7.35001, 
          "exit_flow_rate": 0.4225341400542928, 
          "completed_agents": 6, 
          "max_traveled_distance": 14.772489, 
          "avg_evacuation_time": 10.016686666666667, 
          "avg_traveled_distance": 11.519493333333335, 
          "min_traveled_distance": 9.306815
        }
      ], 
      "bounds": [
        [
          17.44, 
          14.73, 
          22.4, 
          21.48
        ], 
        [
          6.88, 
          10.34, 
          12.8, 
          15.53
        ]
      ]
    }, 
    "Bathroom": {
      "simulation_statistics": [
        {
          "not_completed_agents": 0, 
          "max_evacuation_time": 6.300006, 
          "min_evacuation_time": 3.399998, 
          "exit_flow_rate": 0.9523800453523378, 
          "completed_agents": 6, 
          "max_traveled_distance": 7.699766, 
          "avg_evacuation_time": 5.1583353333333335, 
          "avg_traveled_distance": 6.462395666666667, 
          "min_traveled_distance": 3.909028
        }
      ], 
      "bounds": [
        [
          6.44, 
          5.79, 
          12.79, 
          10.48
        ]
      ]
    }, 
    "Office": {
      "simulation_statistics": [
        {
          "not_completed_agents": 0, 
          "max_evacuation_time": 70.499702, 
          "min_evacuation_time": 23.399929, 
          "exit_flow_rate": 0.3404269708827989, 
          "completed_agents": 24, 
          "max_traveled_distance": 50.605492, 
          "avg_evacuation_time": 43.3934035, 
          "avg_traveled_distance": 41.736089125, 
          "min_traveled_distance": 30.198988
        }
      ], 
      "bounds": [
        [
          -0.05, 
          15.42, 
          12.79, 
          24.7
        ]
      ]
    }, 
    "Guest_Room": {
      "simulation_statistics": [
        {
          "not_completed_agents": 0, 
          "max_evacuation_time": 20.149979, 
          "min_evacuation_time": 11.850027, 
          "exit_flow_rate": 0.39702274627680756, 
          "completed_agents": 8, 
          "max_traveled_distance": 19.009275, 
          "avg_evacuation_time": 15.887523625, 
          "avg_traveled_distance": 16.99233375, 
          "min_traveled_distance": 14.193308
        }
      ], 
      "bounds": [
        [
          -0.05, 
          10.34, 
          7.7, 
          15.51
        ]
      ]
    }, 
    "Living_Room": {
      "simulation_statistics": [
        {
          "not_completed_agents": 0, 
          "max_evacuation_time": 71.899788, 
          "min_evacuation_time": 20.349976, 
          "exit_flow_rate": 0.3337979244111262, 
          "completed_agents": 24, 
          "max_traveled_distance": 51.360764, 
          "avg_evacuation_time": 40.5788585, 
          "avg_traveled_distance": 40.446842833333335, 
          "min_traveled_distance": 25.143158
        }
      ], 
      "bounds": [
        [
          -0.05, 
          15.42, 
          12.79, 
          24.7
        ]
      ]
    }, 
    "Bedroom": {
      "simulation_statistics": [
        {
          "not_completed_agents": 0, 
          "max_evacuation_time": 24.249916, 
          "min_evacuation_time": 10.800023, 
          "exit_flow_rate": 1.4433039685580766, 
          "completed_agents": 35, 
          "max_traveled_distance": 31.036343, 
          "avg_evacuation_time": 16.21286765714286, 
          "avg_traveled_distance": 21.033690685714287, 
          "min_traveled_distance": 13.959165
        }
      ], 
      "bounds": [
        [
          21.81, 
          5.66, 
          33.33, 
          20.65
        ]
      ]
    }, 
    "Dining_Room": {
      "simulation_statistics": [
        {
          "not_completed_agents": 0, 
          "max_evacuation_time": 19.449989, 
          "min_evacuation_time": 13.550034, 
          "exit_flow_rate": 0.5655530190788283, 
          "completed_agents": 11, 
          "max_traveled_distance": 23.822121, 
          "avg_evacuation_time": 16.53184209090909, 
          "avg_traveled_distance": 20.361032363636365, 
          "min_traveled_distance": 17.59433
        }
      ], 
      "bounds": [
        [
          12.0, 
          15.42, 
          17.69, 
          24.7
        ]
      ]
    }, 
    "Lobby": {
      "simulation_statistics": [
        {
          "not_completed_agents": 0, 
          "max_evacuation_time": 14.100036, 
          "min_evacuation_time": 0.0, 
          "exit_flow_rate": 1.9148887279436735, 
          "completed_agents": 27, 
          "max_traveled_distance": 18.023739, 
          "avg_evacuation_time": 7.585199111111111, 
          "avg_traveled_distance": 9.938764, 
          "min_traveled_distance": 0.0
        }
      ], 
      "bounds": [
        [
          8.05, 
          -0.05, 
          28.95, 
          6.38
        ]
      ]
    }, 
    "Child_Room": {
      "simulation_statistics": [
        {
          "not_completed_agents": 0, 
          "max_evacuation_time": 12.800031, 
          "min_evacuation_time": 8.950016, 
          "exit_flow_rate": 0.7031232971232647, 
          "completed_agents": 9, 
          "max_traveled_distance": 16.6609, 
          "avg_evacuation_time": 10.52779988888889, 
          "avg_traveled_distance": 13.734918111111112, 
          "min_traveled_distance": 11.443995
        }
      ], 
      "bounds": [
        [
          17.37, 
          5.65, 
          21.97, 
          15.51
        ]
      ]
    }, 
    "Kitchen": {
      "simulation_statistics": [
        {
          "not_completed_agents": 0, 
          "max_evacuation_time": 10.400022, 
          "min_evacuation_time": 4.85, 
          "exit_flow_rate": 0.9615364275190956, 
          "completed_agents": 10, 
          "max_traveled_distance": 13.442131, 
          "avg_evacuation_time": 7.6200109, 
          "avg_traveled_distance": 9.8130635, 
          "min_traveled_distance": 6.355253
        }
      ], 
      "bounds": [
        [
          11.98, 
          6.24, 
          17.55, 
          15.57
        ]
      ]
    }
  }, 
  "room_num": 10,