{
  "room_category": {
    "Bedroom": {
      "simulation_statistics": [
        {
          "not_completed_agents": 0, 
          "max_evacuation_time": 3.999997, 
          "min_evacuation_time": 0.0, 
          "exit_flow_rate": 2.000001500001125, 
          "completed_agents": 8, 
          "max_traveled_distance": 5.015475, 
          "avg_evacuation_time": 1.743749, 
          "avg_traveled_distance": 2.1263205, 
          "min_traveled_distance": 0.0
        }
      ], 
      "bounds": [
        [
          11.54, 
          -0.02, 
          16.72, 
          7.51
        ]
      ]
    }, 
    "Living_Room": {
      "simulation_statistics": [
        {
          "not_completed_agents": 0, 
          "max_evacuation_time": 24.349915, 
          "min_evacuation_time": 3.249998, 
          "exit_flow_rate": 0.7392222929730966, 
          "completed_agents": 18, 
          "max_traveled_distance": 25.584654, 
          "avg_evacuation_time": 13.3166665, 
          "avg_traveled_distance": 13.462735, 
          "min_traveled_distance": 3.239666
        }
      ], 
      "bounds": [
        [
          -0.04, 
          -0.04, 
          11.83, 
          7.5
        ]
      ]
    }, 
    "Kitchen": {
      "simulation_statistics": [
        {
          "not_completed_agents": 0, 
          "max_evacuation_time": 24.499912, 
          "min_evacuation_time": 16.15004, 
          "exit_flow_rate": 0.28571531195703886, 
          "completed_agents": 7, 
          "max_traveled_distance": 25.953857, 
          "avg_evacuation_time": 20.514258714285713, 
          "avg_traveled_distance": 19.251039428571428, 
          "min_traveled_distance": 17.073427
        }
      ], 
      "bounds": [
        [
          -0.05, 
          4.7, 
          6.5, 
          10.37
        ]
      ]
    }
  }, 
  "room_num": 3, 
  "verts": [
    [
      11.68, 
      0.1
    ], 
    [
      11.68, 
      2.68
    ], 
    [
      11.67, 
      2.69
    ], 
    [
      11.56, 
      2.69
    ], 
    [
      11.55, 
      2.68
    ], 
    [
      11.55, 
      0.11
    ], 
    [
      0.12, 
      0.11
    ], 
    [
      0.11, 
      0.12
    ], 
    [
      0.11, 
      4.71
    ], 
    [
      1.86, 
      4.71
    ], 
    [
      1.87, 
      4.72
    ], 
    [
      1.87, 
      4.82
    ], 
    [
      1.86, 
      4.83
    ], 
    [
      0.92, 
      4.83
    ], 
    [
      0.91, 
      4.84
    ], 
    [
      0.1, 
      4.84
    ], 
    [
      0.1, 
      10.23
    ], 
    [
      6.37, 
      10.23
    ], 
    [
      6.37, 
      7.61
    ], 
    [
      3.99, 
      7.61
    ], 
    [
      3.98, 
      7.6
    ], 
    [
      3.9, 
      7.6
    ], 
    [
      3.88, 
      7.58
    ], 
    [
      3.88, 
      7.5
    ], 
    [
      3.87, 
      7.49
    ], 
    [
      3.87, 
      4.82
    ], 
    [
      3.45, 
      4.82
    ], 
    [
      3.44, 
      4.83
    ], 
    [
      2.88, 
      4.83
    ], 
    [
      2.87, 
      4.82
    ], 
    [
      2.87, 
      4.72
    ], 
    [
      2.88, 
      4.71
    ], 
    [
      3.44, 
      4.71
    ], 
    [
      3.45, 
      4.7
    ], 
    [
      9.0, 
      4.7
    ], 
    [
      9.01, 
      4.71
    ], 
    [
      9.09, 
      4.71
    ], 
    [
      9.11, 
      4.73
    ], 
    [
      9.11, 
      4.81
    ], 
    [
      9.12, 
      4.82
    ], 
    [
      9.12, 
      7.37
    ], 
    [
      11.55, 
      7.37
    ], 
    [
      11.55, 
      3.7
    ], 
    [
      11.56, 
      3.69
    ], 
    [
      11.66, 
      3.69
    ], 
    [
      11.67, 
      3.7
    ], 
    [
      11.67, 
      7.37
    ], 
    [
      16.58, 
      7.37
    ], 
    [
      16.58, 
      0.1
    ]
  ], 
  "bbox": {
    "max": [
      16.58, 
      10.23
    ], 
    "min": [
      0.1, 
      0.1
    ]
  }, 
  "id": "c0cb77e8cfcc39a2f44fe138d3a2b4cd"
}