{
  "room_category": {
    "Storage": {
      "simulation_statistics": [
        {
          "not_completed_agents": 0, 
          "max_evacuation_time": 150.004547, 
          "min_evacuation_time": 0.0, 
          "exit_flow_rate": 3.6398896628113544, 
          "completed_agents": 546, 
          "max_traveled_distance": 60.835957, 
          "avg_evacuation_time": 28.247185370967742, 
          "avg_traveled_distance": 31.13802896774194, 
          "min_traveled_distance": 0.0
        }
      ], 
      "bounds": [
        [
          -37.46, 
          -37.46, 
          18.33, 
          12.57
        ]
      ]
    }, 
    "Office": {
      "simulation_statistics": [
        {
          "not_completed_agents": 0, 
          "max_evacuation_time": 5.400002, 
          "min_evacuation_time": 0.0, 
          "exit_flow_rate": 2.2222213991772595, 
          "completed_agents": 12, 
          "max_traveled_distance": 7.047216, 
          "avg_evacuation_time": 2.63749925, 
          "avg_traveled_distance": 3.4292844166666665, 
          "min_traveled_distance": 0.0
        }, 
        {
          "not_completed_agents": 0, 
          "max_evacuation_time": 150.004547, 
          "min_evacuation_time": 2.249999, 
          "exit_flow_rate": 0.053331716671228636, 
          "completed_agents": 8, 
          "max_traveled_distance": 11.226908, 
          "avg_evacuation_time": 22.250511777777778, 
          "avg_traveled_distance": 5.971019888888889, 
          "min_traveled_distance": 1.359977
        }, 
        {
          "not_completed_agents": 0, 
          "max_evacuation_time": 150.004547, 
          "min_evacuation_time": 150.004547, 
          "exit_flow_rate": 0.0, 
          "completed_agents": 0, 
          "max_traveled_distance": 19.633646, 
          "avg_evacuation_time": 150.004547, 
          "avg_traveled_distance": 16.813106333333334, 
          "min_traveled_distance": 12.480466
        }
      ], 
      "bounds": [
        [
          7.49, 
          -0.01, 
          18.31, 
          5.55
        ], 
        [
          -0.02, 
          -0.01, 
          7.6, 
          6.22
        ], 
        [
          -0.02, 
          5.5, 
          10.5, 
          12.57
        ]
      ]
    }
  }, 
  "room_num": 4, 
  "verts": [
    [
      7.61, 
      0.1
    ], 
    [
      7.6, 
      0.11
    ], 
    [
      7.6, 
      5.45
    ], 
    [
      11.38, 
      5.45
    ], 
    [
      11.39, 
      5.46
    ], 
    [
      11.39, 
      5.55
    ], 
    [
      11.38, 
      5.56
    ], 
    [
      11.36, 
      5.56
    ], 
    [
      11.36, 
      5.59
    ], 
    [
      11.35, 
      5.6
    ], 
    [
      10.52, 
      5.6
    ], 
    [
      10.52, 
      12.3
    ], 
    [
      10.51, 
      12.31
    ], 
    [
      10.42, 
      12.31
    ], 
    [
      10.41, 
      12.3
    ], 
    [
      10.41, 
      5.6
    ], 
    [
      8.67, 
      5.6
    ], 
    [
      8.66, 
      5.61
    ], 
    [
      6.99, 
      5.61
    ], 
    [
      6.98, 
      5.6
    ], 
    [
      5.69, 
      5.6
    ], 
    [
      5.68, 
      5.61
    ], 
    [
      2.51, 
      5.61
    ], 
    [
      2.5, 
      5.62
    ], 
    [
      0.11, 
      5.62
    ], 
    [
      0.1, 
      5.63
    ], 
    [
      0.1, 
      12.46
    ], 
    [
      18.21, 
      12.46
    ], 
    [
      18.21, 
      9.03
    ], 
    [
      18.22, 
      9.02
    ], 
    [
      18.22, 
      5.59
    ], 
    [
      17.44, 
      5.59
    ], 
    [
      17.43, 
      5.58
    ], 
    [
      15.88, 
      5.58
    ], 
    [
      15.87, 
      5.57
    ], 
    [
      15.1, 
      5.57
    ], 
    [
      15.09, 
      5.56
    ], 
    [
      15.04, 
      5.56
    ], 
    [
      15.03, 
      5.55
    ], 
    [
      15.03, 
      5.46
    ], 
    [
      15.04, 
      5.45
    ], 
    [
      18.2, 
      5.45
    ], 
    [
      18.2, 
      0.1
    ]
  ], 
  "bbox": {
    "max": [
      18.22, 
      12.46
    ], 
    "min": [
      0.1, 
      0.1
    ]
  }, 
  "id": "c1c80f4aae8bab9abf96ece3e9f8ae00"
}