{
  "room_category": {
    "Toilet": {
      "simulation_statistics": [
        {
          "not_completed_agents": 0, 
          "max_evacuation_time": 27.599865, 
          "min_evacuation_time": 20.749969, 
          "exit_flow_rate": 0.10869618384002964, 
          "completed_agents": 3, 
          "max_traveled_distance": 28.509806, 
          "avg_evacuation_time": 24.333247999999998, 
          "avg_traveled_distance": 27.173225000000002, 
          "min_traveled_distance": 25.825211
        }, 
        {
          "not_completed_agents": 0, 
          "max_evacuation_time": 22.249947, 
          "min_evacuation_time": 19.349991, 
          "exit_flow_rate": 0.08988785456432773, 
          "completed_agents": 2, 
          "max_traveled_distance": 28.011873, 
          "avg_evacuation_time": 20.799968999999997, 
          "avg_traveled_distance": 26.378992, 
          "min_traveled_distance": 24.746111
        }
      ], 
      "bounds": [
        [
          23.27, 
          0.04, 
          26.87, 
          4.22
        ], 
        [
          23.27, 
          6.15, 
          26.9, 
          8.66
        ]
      ]
    }, 
    "Bathroom": {
      "simulation_statistics": [
        {
          "not_completed_agents": 0, 
          "max_evacuation_time": 28.649849, 
          "min_evacuation_time": 23.049934, 
          "exit_flow_rate": 0.10471259377318184, 
          "completed_agents": 3, 
          "max_traveled_distance": 31.266367, 
          "avg_evacuation_time": 25.816558666666666, 
          "avg_traveled_distance": 28.53545133333333, 
          "min_traveled_distance": 26.078306
        }
      ], 
      "bounds": [
        [
          23.27, 
          0.04, 
          26.87, 
          4.22
        ]
      ]
    }, 
    "Living_Room": {
      "simulation_statistics": [
        {
          "not_completed_agents": 0, 
          "max_evacuation_time": 53.199474, 
          "min_evacuation_time": 6.450006, 
          "exit_flow_rate": 0.5451181716571107, 
          "completed_agents": 29, 
          "max_traveled_distance": 39.29298, 
          "avg_evacuation_time": 32.17564444827586, 
          "avg_traveled_distance": 29.950693551724136, 
          "min_traveled_distance": 8.283268
        }
      ], 
      "bounds": [
        [
          7.89, 
          7.07, 
          24.0, 
          15.98
        ]
      ]
    }, 
    "Room": [
      [
        -0.02, 
        8.51, 
        0.1, 
        15.87
      ]
    ], 
    "Office": {
      "simulation_statistics": [
        {
          "not_completed_agents": 0, 
          "max_evacuation_time": 56.249428, 
          "min_evacuation_time": 7.850012, 
          "exit_flow_rate": 0.5155607982360283, 
          "completed_agents": 29, 
          "max_traveled_distance": 42.523117, 
          "avg_evacuation_time": 34.718715413793106, 
          "avg_traveled_distance": 32.19487882758621, 
          "min_traveled_distance": 9.807264
        }
      ], 
      "bounds": [
        [
          7.89, 
          7.07, 
          24.0, 
          15.98
        ]
      ]
    }
  }, 
  "room_num": 11, 
  "verts": [
    [
      0.11, 
      0.1
    ], 
    [
      0.1, 
      0.11
    ], 
    [
      0.1, 
      8.44
    ], 
    [
      0.11, 
      8.44
    ], 
    [
      0.12, 
      8.43
    ], 
    [
      6.18, 
      8.43
    ], 
    [
      6.18, 
      8.38
    ], 
    [
      6.19, 
      8.37
    ], 
    [
      6.29, 
      8.37
    ], 
    [
      6.3, 
      8.38
    ], 
    [
      6.3, 
      8.43
    ], 
    [
      13.89, 
      8.43
    ], 
    [
      13.89, 
      8.42
    ], 
    [
      13.9, 
      8.41
    ], 
    [
      20.86, 
      8.41
    ], 
    [
      20.86, 
      7.07
    ], 
    [
      20.87, 
      7.06
    ], 
    [
      21.11, 
      7.06
    ], 
    [
      21.12, 
      7.07
    ], 
    [
      21.12, 
      7.17
    ], 
    [
      21.11, 
      7.18
    ], 
    [
      20.98, 
      7.18
    ], 
    [
      20.98, 
      7.83
    ], 
    [
      20.99, 
      7.84
    ], 
    [
      20.99, 
      8.54
    ], 
    [
      20.98, 
      8.55
    ], 
    [
      20.97, 
      8.55
    ], 
    [
      20.96, 
      8.56
    ], 
    [
      19.98, 
      8.56
    ], 
    [
      19.97, 
      8.55
    ], 
    [
      18.37, 
      8.55
    ], 
    [
      18.36, 
      8.54
    ], 
    [
      16.76, 
      8.54
    ], 
    [
      16.75, 
      8.53
    ], 
    [
      14.46, 
      8.53
    ], 
    [
      14.45, 
      8.54
    ], 
    [
      11.88, 
      8.54
    ], 
    [
      11.87, 
      8.55
    ], 
    [
      9.3, 
      8.55
    ], 
    [
      9.29, 
      8.56
    ], 
    [
      8.11, 
      8.56
    ], 
    [
      8.11, 
      12.92
    ], 
    [
      8.15, 
      12.96
    ], 
    [
      8.15, 
      12.97
    ], 
    [
      8.2, 
      13.02
    ], 
    [
      8.2, 
      13.03
    ], 
    [
      8.25, 
      13.08
    ], 
    [
      8.25, 
      13.09
    ], 
    [
      8.3, 
      13.14
    ], 
    [
      8.3, 
      13.15
    ], 
    [
      8.35, 
      13.2
    ], 
    [
      8.35, 
      13.21
    ], 
    [
      8.4, 
      13.26
    ], 
    [
      8.4, 
      13.27
    ], 
    [
      8.45, 
      13.32
    ], 
    [
      8.45, 
      13.33
    ], 
    [
      8.49, 
      13.37
    ], 
    [
      8.49, 
      13.38
    ], 
    [
      8.54, 
      13.43
    ], 
    [
      8.54, 
      13.44
    ], 
    [
      8.59, 
      13.49
    ], 
    [
      8.59, 
      13.5
    ], 
    [
      8.63, 
      13.54
    ], 
    [
      8.63, 
      13.55
    ], 
    [
      8.68, 
      13.6
    ], 
    [
      8.68, 
      13.61
    ], 
    [
      8.73, 
      13.66
    ], 
    [
      8.73, 
      13.67
    ], 
    [
      8.77, 
      13.71
    ], 
    [
      8.77, 
      13.72
    ], 
    [
      8.82, 
      13.77
    ], 
    [
      8.82, 
      13.78
    ], 
    [
      8.87, 
      13.83
    ], 
    [
      8.87, 
      13.84
    ], 
    [
      8.92, 
      13.89
    ], 
    [
      8.92, 
      13.9
    ], 
    [
      8.97, 
      13.95
    ], 
    [
      8.97, 
      13.96
    ], 
    [
      9.01, 
      14.0
    ], 
    [
      9.01, 
      14.01
    ], 
    [
      9.06, 
      14.06
    ], 
    [
      9.06, 
      14.07
    ], 
    [
      9.11, 
      14.12
    ], 
    [
      9.11, 
      14.13
    ], 
    [
      9.16, 
      14.18
    ], 
    [
      9.16, 
      14.19
    ], 
    [
      9.21, 
      14.24
    ], 
    [
      9.21, 
      14.25
    ], 
    [
      9.26, 
      14.3
    ], 
    [
      9.26, 
      14.31
    ], 
    [
      9.31, 
      14.36
    ], 
    [
      9.31, 
      14.37
    ], 
    [
      9.35, 
      14.41
    ], 
    [
      9.35, 
      14.42
    ], 
    [
      9.4, 
      14.47
    ], 
    [
      9.4, 
      14.48
    ], 
    [
      9.45, 
      14.53
    ], 
    [
      9.45, 
      14.54
    ], 
    [
      9.5, 
      14.59
    ], 
    [
      9.5, 
      14.6
    ], 
    [
      9.55, 
      14.65
    ], 
    [
      9.55, 
      14.66
    ], 
    [
      9.6, 
      14.71
    ], 
    [
      9.6, 
      14.72
    ], 
    [
      9.64, 
      14.76
    ], 
    [
      9.64, 
      14.77
    ], 
    [
      9.69, 
      14.82
    ], 
    [
      9.69, 
      14.83
    ], 
    [
      9.74, 
      14.88
    ], 
    [
      9.74, 
      14.89
    ], 
    [
      9.79, 
      14.94
    ], 
    [
