{
  "room_category": {
    "Boiler_room": {
      "simulation_statistics": [
        {
          "not_completed_agents": 0, 
          "max_evacuation_time": 9.200017, 
          "min_evacuation_time": 3.949997, 
          "exit_flow_rate": 0.8695636105889804, 
          "completed_agents": 8, 
          "max_traveled_distance": 9.746414, 
          "avg_evacuation_time": 6.468756625, 
          "avg_traveled_distance": 6.751953875, 
          "min_traveled_distance": 3.656303
        }
      ], 
      "bounds": [
        [
          -3.2, 
          -0.03, 
          3.18, 
          6.19
        ]
      ]
    }, 
    "Toilet": {
      "simulation_statistics": [
        {
          "not_completed_agents": 0, 
          "max_evacuation_time": 16.300037, 
          "min_evacuation_time": 13.650034, 
          "exit_flow_rate": 0.18404866197542988, 
          "completed_agents": 3, 
          "max_traveled_distance": 16.056442, 
          "avg_evacuation_time": 15.133370666666666, 
          "avg_traveled_distance": 14.834522999999999, 
          "min_traveled_distance": 13.977779
        }, 
        {
          "not_completed_agents": 0, 
          "max_evacuation_time": 13.100032, 
          "min_evacuation_time": 9.150017, 
          "exit_flow_rate": 0.22900707418119284, 
          "completed_agents": 3, 
          "max_traveled_distance": 14.66319, 
          "avg_evacuation_time": 11.383358666666666, 
          "avg_traveled_distance": 13.298348333333335, 
          "min_traveled_distance": 11.671568
        }
      ], 
      "bounds": [
        [
          -0.01, 
          6.09, 
          3.23, 
          10.31
        ], 
        [
          8.26, 
          10.19, 
          12.88, 
          13.48
        ]
      ]
    }, 
    "Storage": {
      "simulation_statistics": [
        {
          "not_completed_agents": 0, 
          "max_evacuation_time": 11.750027, 
          "min_evacuation_time": 8.500014, 
          "exit_flow_rate": 0.25531856224670807, 
          "completed_agents": 3, 
          "max_traveled_distance": 13.483713, 
          "avg_evacuation_time": 10.250020999999998, 
          "avg_traveled_distance": 12.160379333333333, 
          "min_traveled_distance": 10.267425
        }
      ], 
      "bounds": [
        [
          5.32, 
          9.5, 
          9.35, 
          13.48
        ]
      ]
    }, 
    "Living_Room": {
      "simulation_statistics": [
        {
          "not_completed_agents": 0, 
          "max_evacuation_time": 1.849999, 
          "min_evacuation_time": 0.0, 
          "exit_flow_rate": 2.7027041636238724, 
          "completed_agents": 5, 
          "max_traveled_distance": 2.050975, 
          "avg_evacuation_time": 0.8399998, 
          "avg_traveled_distance": 0.9234274000000001, 
          "min_traveled_distance": 0.0
        }
      ], 
      "bounds": [
        [
          2.41, 
          -0.04, 
          7.36, 
          5.18
        ]
      ]
    }, 
    "Bedroom": {
      "simulation_statistics": [
        {
          "not_completed_agents": 0, 
          "max_evacuation_time": 17.300022, 
          "min_evacuation_time": 9.650019, 
          "exit_flow_rate": 0.23121357880354143, 
          "completed_agents": 4, 
          "max_traveled_distance": 13.810922, 
          "avg_evacuation_time": 12.650023749999999, 
          "avg_traveled_distance": 11.939003, 
          "min_traveled_distance": 10.04531
        }
      ], 
      "bounds": [
        [
          3.09, 
          5.08, 
          7.35, 
          10.31
        ]
      ]
    }, 
    "Hall": {
      "simulation_statistics": [
        {
          "not_completed_agents": 0, 
          "max_evacuation_time": 14.600038, 
          "min_evacuation_time": 2.949998, 
          "exit_flow_rate": 0.54794377932441, 
          "completed_agents": 8, 
          "max_traveled_distance": 11.937484, 
          "avg_evacuation_time": 6.39375725, 
          "avg_traveled_distance": 7.265893375, 
          "min_traveled_distance": 3.640808
        }
      ], 
      "bounds": [
        [
          6.62, 
          -0.87, 
          10.07, 
          10.27
        ]
      ]
    }, 
    "Child_Room": {
      "simulation_statistics": [
        {
          "not_completed_agents": 0, 
          "max_evacuation_time": 21.949951, 
          "min_evacuation_time": 10.150021, 
          "exit_flow_rate": 0.18223275304805922, 
          "completed_agents": 4, 
          "max_traveled_distance": 15.997039, 
          "avg_evacuation_time": 15.62499575, 
          "avg_traveled_distance": 13.00168375, 
          "min_traveled_distance": 11.308222
        }
      ], 
      "bounds": [
        [
          9.28, 
          5.08, 
          13.5, 
          10.27
        ]
      ]
    }, 
    "Kitchen": {
      "simulation_statistics": [
        {
          "not_completed_agents": 0, 
          "max_evacuation_time": 14.150036, 
          "min_evacuation_time": 4.75, 
          "exit_flow_rate": 0.2826847931694308, 
          "completed_agents": 4, 
          "max_traveled_distance": 10.898046, 
          "avg_evacuation_time": 7.937512, 
          "avg_traveled_distance": 7.8143275, 
          "min_traveled_distance": 6.350234
        }
      ], 
      "bounds": [
        [
          9.28, 
          -0.02, 
          13.5, 
          5.17
        ]
      ]
    }
  }, 
  "room_num": 9,