{
  "room_category": {
    "Office": {
      "simulation_statistics": [
        {
          "not_completed_agents": 0, 
          "max_evacuation_time": 1.699999, 
          "min_evacuation_time": 0.0, 
          "exit_flow_rate": 2.9411782006930594, 
          "completed_agents": 5, 
          "max_traveled_distance": 2.19768, 
          "avg_evacuation_time": 0.5199998, 
          "avg_traveled_distance": 0.656048, 
          "min_traveled_distance": 0.0
        }
      ], 
      "bounds": [
        [
          -0.01, 
          -0.02, 
          5.77, 
          4.43
        ]
      ]
    }
  }, 
  "room_num": 2, 
  "verts": [
    [
      0.15, 
      0.1
    ], 
    [
      0.14, 
      0.11
    ], 
    [
      0.14, 
      2.07
    ], 
    [
      0.13, 
      2.08
    ], 
    [
      0.13, 
      3.63
    ], 
    [
      0.12, 
      3.64
    ], 
    [
      0.12, 
      4.26
    ], 
    [
      0.69, 
      4.26
    ], 
    [
      0.7, 
      4.27
    ], 
    [
      1.67, 
      4.27
    ], 
    [
      1.68, 
      4.28
    ], 
    [
      2.66, 
      4.28
    ], 
    [
      2.67, 
      4.29
    ], 
    [
      3.64, 
      4.29
    ], 
    [
      3.65, 
      4.3
    ], 
    [
      4.14, 
      4.3
    ], 
    [
      4.15, 
      4.31
    ], 
    [
      4.15, 
      4.42
    ], 
    [
      4.14, 
      4.43
    ], 
    [
      2.5, 
      4.43
    ], 
    [
      2.49, 
      4.42
    ], 
    [
      2.49, 
      4.4
    ], 
    [
      1.68, 
      4.4
    ], 
    [
      1.67, 
      4.39
    ], 
    [
      0.7, 
      4.39
    ], 
    [
      0.69, 
      4.38
    ], 
    [
      0.12, 
      4.38
    ], 
    [
      0.11, 
      4.37
    ], 
    [
      0.1, 
      4.37
    ], 
    [
      0.1, 
      9.28
    ], 
    [
      5.02, 
      9.28
    ], 
    [
      5.02, 
      4.43
    ], 
    [
      4.9, 
      4.43
    ], 
    [
      4.89, 
      4.42
    ], 
    [
      4.89, 
      4.32
    ], 
    [
      4.9, 
      4.31
    ], 
    [
      5.02, 
      4.31
    ], 
    [
      5.02, 
      3.75
    ], 
    [
      5.03, 
      3.74
    ], 
    [
      5.03, 
      1.47
    ], 
    [
      5.04, 
      1.46
    ], 
    [
      5.04, 
      0.14
    ], 
    [
      4.35, 
      0.14
    ], 
    [
      4.34, 
      0.13
    ], 
    [
      3.12, 
      0.13
    ], 
    [
      3.11, 
      0.12
    ], 
    [
      1.89, 
      0.12
    ], 
    [
      1.88, 
      0.11
    ], 
    [
      0.66, 
      0.11
    ], 
    [
      0.65, 
      0.1
    ]
  ], 
  "bbox": {
    "max": [
      5.04, 
      9.28
    ], 
    "min": [
      0.1, 
      0.1
    ]
  }, 
  "id": "c3e6fc675af4ac39b0d1f74c1f94e6ac"
}