{
  "room_category": {
    "Toilet": {
      "simulation_statistics": [
        {
          "not_completed_agents": 0, 
          "max_evacuation_time": 45.549591, 
          "min_evacuation_time": 20.599972, 
          "exit_flow_rate": 0.15367865761956018, 
          "completed_agents": 7, 
          "max_traveled_distance": 37.012455, 
          "avg_evacuation_time": 35.91402385714286, 
          "avg_traveled_distance": 29.538747, 
          "min_traveled_distance": 22.800985
        }, 
        {
          "not_completed_agents": 0, 
          "max_evacuation_time": 44.849602, 
          "min_evacuation_time": 13.050032, 
          "exit_flow_rate": 0.22296741897508926, 
          "completed_agents": 10, 
          "max_traveled_distance": 43.820892, 
          "avg_evacuation_time": 28.924839199999997, 
          "avg_traveled_distance": 31.348481800000002, 
          "min_traveled_distance": 19.969906
        }, 
        {
          "not_completed_agents": 0, 
          "max_evacuation_time": 37.149719, 
          "min_evacuation_time": 14.150036, 
          "exit_flow_rate": 0.16150862406254002, 
          "completed_agents": 6, 
          "max_traveled_distance": 45.511444, 
          "avg_evacuation_time": 26.674873166666668, 
          "avg_traveled_distance": 29.270258333333334, 
          "min_traveled_distance": 20.252649
        }, 
        {
          "not_completed_agents": 0, 
          "max_evacuation_time": 1.55, 
          "min_evacuation_time": 0.0, 
          "exit_flow_rate": 3.8709677419354835, 
          "completed_agents": 6, 
          "max_traveled_distance": 2.101645, 
          "avg_evacuation_time": 0.7083333333333334, 
          "avg_traveled_distance": 0.9708191666666667, 
          "min_traveled_distance": 0.0
        }
      ], 
      "bounds": [
        [
          -0.01, 
          7.67, 
          6.67, 
          12.97
        ], 
        [
          10.45, 
          -0.01, 
          18.24, 
          6.19
        ], 
        [
          5.35, 
          0.02, 
          10.54, 
          6.21
        ], 
        [
          0.25, 
          -0.02, 
          5.44, 
          6.19
        ]
      ]
    }, 
    "Bathroom": {
      "simulation_statistics": [
        {
          "not_completed_agents": 0, 
          "max_evacuation_time": 41.949646, 
          "min_evacuation_time": 8.750015, 
          "exit_flow_rate": 0.1668667239766457, 
          "completed_agents": 7, 
          "max_traveled_distance": 38.537254, 
          "avg_evacuation_time": 27.606977714285712, 
          "avg_traveled_distance": 27.664191, 
          "min_traveled_distance": 13.405982
        }, 
        {
          "not_completed_agents": 0, 
          "max_evacuation_time": 47.249565, 
          "min_evacuation_time": 19.39999, 
          "exit_flow_rate": 0.21164216009184425, 
          "completed_agents": 10, 
          "max_traveled_distance": 36.104485, 
          "avg_evacuation_time": 31.6198037, 
          "avg_traveled_distance": 31.5777934, 
          "min_traveled_distance": 25.709982
        }, 
        {
          "not_completed_agents": 0, 
          "max_evacuation_time": 46.349579, 
          "min_evacuation_time": 12.65003, 
          "exit_flow_rate": 0.12945101399950149, 
          "completed_agents": 6, 
          "max_traveled_distance": 38.559937, 
          "avg_evacuation_time": 25.258218, 
          "avg_traveled_distance": 26.389075833333333, 
          "min_traveled_distance": 18.86908
        }, 
        {
          "not_completed_agents": 0, 
          "max_evacuation_time": 2.499999, 
          "min_evacuation_time": 0.15, 
          "exit_flow_rate": 2.400000960000384, 
          "completed_agents": 6, 
          "max_traveled_distance": 3.131091, 
          "avg_evacuation_time": 1.4249995, 
          "avg_traveled_distance": 1.6574868333333335, 
          "min_traveled_distance": 0.280674
        }
      ], 
      "bounds": [
        [
          -0.01, 
          7.67, 
          6.67, 
          12.97
        ], 
        [
          10.45, 
          -0.01, 
          18.24, 
          6.19
        ], 
        [
          5.35, 
          0.02, 
          10.54, 
          6.21
        ], 
        [
          0.25, 
          -0.02, 
          5.44, 
          6.19
        ]
      ]
    }, 
    "Room": {
      "simulation_statistics": [
        {
          "not_completed_agents": 0, 
          "max_evacuation_time": 9.200017, 
          "min_evacuation_time": 3.349998, 
          "exit_flow_rate": 0.4347818052944902, 
          "completed_agents": 4, 
          "max_traveled_distance": 12.903794, 
          "avg_evacuation_time": 5.78750475, 
          "avg_traveled_distance": 7.40103525, 
          "min_traveled_distance": 4.29449
        }
      ], 
      "bounds": [
        [
          3.26, 
          5.3, 
          11.77, 
          7.82
        ]
      ]
    }, 
    "Gym": {
      "simulation_statistics": [
        {
          "not_completed_agents": 0, 
          "max_evacuation_time": 33.79977, 
          "min_evacuation_time": 6.650007, 
          "exit_flow_rate": 0.17751600084852648, 
          "completed_agents": 6, 
          "max_traveled_distance": 35.650112, 
          "avg_evacuation_time": 15.383311999999998, 
          "avg_traveled_distance": 21.008333500000003, 
          "min_traveled_distance": 10.658151
        }
      ], 
      "bounds": [
        [
          5.65, 
          7.67, 
          11.75, 
          12.99
        ]
      ]
    }, 
    "Living_Room": {
      "simulation_statistics": [
        {
          "not_completed_agents": 0, 
          "max_evacuation_time": 18.849998, 
          "min_evacuation_time": 7.150009, 
          "exit_flow_rate": 0.3183024210400447, 
          "completed_agents": 6, 
          "max_traveled_distance": 24.830126, 
          "avg_evacuation_time": 10.933347666666668, 
          "avg_traveled_distance": 16.142382333333334, 
          "min_traveled_distance": 10.960874
        }
      ], 
      "bounds": [
        [
          5.65, 
          7.67, 
          11.75, 
          12.99
        ]
      ]
    }, 
    "Bedroom": {
      "simulation_statistics": [
        {
          "not_completed_agents": 0, 
          "max_evacuation_time": 51.899494, 
          "min_evacuation_time": 16.80003, 
          "exit_flow_rate": 0.13487607412896935, 
          "completed_agents": 7, 
          "max_traveled_distance": 40.629543, 
          "avg_evacuation_time": 34.22119242857143, 
          "avg_traveled_distance": 31.587197, 
          "min_traveled_distance": 22.80555
        }, 
        {
          "not_completed_agents": 0, 
          "max_evacuation_time": 55.049446, 
          "min_evacuation_time": 15.000039, 
          "exit_flow_rate": 0.1816548707865289, 
          "completed_agents": 10, 
          "max_traveled_distance": 44.705315, 
          "avg_evacuation_time": 32.3497908, 
          "avg_traveled_distance": 32.5032698, 
          "min_traveled_distance": 23.877718
        }, 
        {
          "not_completed_agents": 0, 
          "max_evacuation_time": 48.399548, 
          "min_evacuation_time": 13.100032, 
          "exit_flow_rate": 0.12396809986737892, 
          "completed_agents": 6, 
          "max_traveled_distance": 31.633045, 
          "avg_evacuation_time": 22.96658533333333, 
          "avg_traveled_distance": 23.852020999999997, 
          "min_traveled_distance": 18.481459
        }, 
        {
          "not_completed_agents": 0, 
          "max_evacuation_time": 3.199998, 
          "min_evacuation_time": 0.0, 
          "exit_flow_rate": 1.8750011718757325, 
          "completed_agents": 6, 
          "max_traveled_distance": 3.780147,