{
  "room_category": {
    "Garage": {
      "simulation_statistics": [
        {
          "not_completed_agents": 0, 
          "max_evacuation_time": 9.850019, 
          "min_evacuation_time": 4.8, 
          "exit_flow_rate": 0.5076132340455384, 
          "completed_agents": 5, 
          "max_traveled_distance": 11.419532, 
          "avg_evacuation_time": 6.5800068, 
          "avg_traveled_distance": 7.6110296, 
          "min_traveled_distance": 5.193866
        }
      ], 
      "bounds": [
        [
          2.58, 
          1.97, 
          10.54, 
          5.17
        ]
      ]
    }, 
    "Kitchen": {
      "simulation_statistics": [
        {
          "not_completed_agents": 0, 
          "max_evacuation_time": 8.500014, 
          "min_evacuation_time": 0.0, 
          "exit_flow_rate": 0.7058811903133336, 
          "completed_agents": 6, 
          "max_traveled_distance": 5.743436, 
          "avg_evacuation_time": 2.866668166666667, 
          "avg_traveled_distance": 2.728036, 
          "min_traveled_distance": 0.0
        }
      ], 
      "bounds": [
        [
          -0.05, 
          -0.02, 
          5.81, 
          5.17
        ]
      ]
    }
  }, 
  "room_num": 3, 
  "verts": [
    [
      0.11, 
      0.1
    ], 
    [
      0.1, 
      0.11
    ], 
    [
      0.1, 
      5.07
    ], 
    [
      0.72, 
      5.07
    ], 
    [
      0.73, 
      5.08
    ], 
    [
      0.73, 
      5.18
    ], 
    [
      0.72, 
      5.19
    ], 
    [
      0.1, 
      5.19
    ], 
    [
      0.1, 
      10.16
    ], 
    [
      5.06, 
      10.16
    ], 
    [
      5.06, 
      5.19
    ], 
    [
      1.94, 
      5.19
    ], 
    [
      1.93, 
      5.18
    ], 
    [
      1.93, 
      5.08
    ], 
    [
      1.94, 
      5.07
    ], 
    [
      2.57, 
      5.07
    ], 
    [
      2.57, 
      2.59
    ], 
    [
      2.59, 
      2.57
    ], 
    [
      3.38, 
      2.57
    ], 
    [
      3.39, 
      2.58
    ], 
    [
      3.39, 
      2.68
    ], 
    [
      3.38, 
      2.69
    ], 
    [
      2.68, 
      2.69
    ], 
    [
      2.68, 
      5.07
    ], 
    [
      5.17, 
      5.07
    ], 
    [
      5.18, 
      5.06
    ], 
    [
      9.89, 
      5.06
    ], 
    [
      9.89, 
      2.7
    ], 
    [
      5.18, 
      2.7
    ], 
    [
      5.17, 
      2.69
    ], 
    [
      4.4, 
      2.69
    ], 
    [
      4.39, 
      2.68
    ], 
    [
      4.39, 
      2.58
    ], 
    [
      4.4, 
      2.57
    ], 
    [
      5.06, 
      2.57
    ], 
    [
      5.06, 
      0.1
    ]
  ], 
  "bbox": {
    "max": [
      9.89, 
      10.16
    ], 
    "min": [
      0.1, 
      0.1
    ]
  }, 
  "id": "c5786c9bc664e4423f43edb355de7e7c"
}