{
  "room_category": {
    "Toilet": {
      "simulation_statistics": [
        {
          "not_completed_agents": 0, 
          "max_evacuation_time": 27.799862, 
          "min_evacuation_time": 16.250038, 
          "exit_flow_rate": 0.10791420475396604, 
          "completed_agents": 3, 
          "max_traveled_distance": 23.571711, 
          "avg_evacuation_time": 20.683303666666667, 
          "avg_traveled_distance": 19.19121733333333, 
          "min_traveled_distance": 16.438194
        }
      ], 
      "bounds": [
        [
          8.25, 
          0.04, 
          12.93, 
          3.43
        ]
      ]
    }, 
    "Bathroom": {
      "simulation_statistics": [
        {
          "not_completed_agents": 0, 
          "max_evacuation_time": 24.349915, 
          "min_evacuation_time": 10.250021, 
          "exit_flow_rate": 0.1232037154955161, 
          "completed_agents": 3, 
          "max_traveled_distance": 19.418747, 
          "avg_evacuation_time": 15.266653666666665, 
          "avg_traveled_distance": 15.746016333333335, 
          "min_traveled_distance": 13.377966
        }
      ], 
      "bounds": [
        [
          8.25, 
          0.04, 
          12.93, 
          3.43
        ]
      ]
    }, 
    "Room": {
      "simulation_statistics": [
        {
          "not_completed_agents": 0, 
          "max_evacuation_time": 18.75, 
          "min_evacuation_time": 9.150017, 
          "exit_flow_rate": 0.21333333333333335, 
          "completed_agents": 4, 
          "max_traveled_distance": 14.534135, 
          "avg_evacuation_time": 12.750017249999999, 
          "avg_traveled_distance": 13.116908500000001, 
          "min_traveled_distance": 10.609496
        }
      ], 
      "bounds": [
        [
          8.26, 
          2.73, 
          18.14, 
          4.86
        ]
      ]
    }, 
    "Office": {
      "simulation_statistics": [
        {
          "not_completed_agents": 0, 
          "max_evacuation_time": 38.949692, 
          "min_evacuation_time": 6.700007, 
          "exit_flow_rate": 0.154044863820746, 
          "completed_agents": 6, 
          "max_traveled_distance": 30.49651, 
          "avg_evacuation_time": 18.10827683333333, 
          "avg_traveled_distance": 17.1904425, 
          "min_traveled_distance": 8.784692
        }
      ], 
      "bounds": [
        [
          8.27, 
          4.75, 
          18.15, 
          7.61
        ]
      ]
    }, 
    "Living_Room": {
      "simulation_statistics": [
        {
          "not_completed_agents": 0, 
          "max_evacuation_time": 4.85, 
          "min_evacuation_time": 0.0, 
          "exit_flow_rate": 2.061855670103093, 
          "completed_agents": 10, 
          "max_traveled_distance": 5.616752, 
          "avg_evacuation_time": 2.554999, 
          "avg_traveled_distance": 2.8519911999999996, 
          "min_traveled_distance": 0.0
        }
      ], 
      "bounds": [
        [
          17.95, 
          -0.58, 
          23.96, 
          7.58
        ]
      ]
    }, 
    "Bedroom": {
      "simulation_statistics": [
        {
          "not_completed_agents": 0, 
          "max_evacuation_time": 31.19981, 
          "min_evacuation_time": 7.30001, 
          "exit_flow_rate": 0.12820590894624037, 
          "completed_agents": 4, 
          "max_traveled_distance": 20.810816, 
          "avg_evacuation_time": 15.2999675, 
          "avg_traveled_distance": 13.52228775, 
          "min_traveled_distance": 9.613633
        }
      ], 
      "bounds": [
        [
          12.83, 
          0.01, 
          18.21, 
          3.43
        ]
      ]
    }, 
    "Dining_Room": {
      "simulation_statistics": [
        {
          "not_completed_agents": 0, 
          "max_evacuation_time": 61.399349, 
          "min_evacuation_time": 15.600041, 
          "exit_flow_rate": 0.22801544687387484, 
          "completed_agents": 14, 
          "max_traveled_distance": 31.723614, 
          "avg_evacuation_time": 27.260583857142855, 
          "avg_traveled_distance": 25.335192071428573, 
          "min_traveled_distance": 18.436588
        }
      ], 
      "bounds": [
        [
          -0.05, 
          0.04, 
          8.36, 
          8.39
        ]
      ]
    }, 
    "Kitchen": {
      "simulation_statistics": [
        {
          "not_completed_agents": 0, 
          "max_evacuation_time": 150.004547, 
          "min_evacuation_time": 14.850039, 
          "exit_flow_rate": 0.07999757500684296, 
          "completed_agents": 12, 
          "max_traveled_distance": 30.870224, 
          "avg_evacuation_time": 50.01117135714286, 
          "avg_traveled_distance": 26.203167642857146, 
          "min_traveled_distance": 19.496376
        }
      ], 
      "bounds": [
        [
          -0.05, 
          0.04, 
          8.36, 
          8.39
        ]
      ]
    }
  }, 
  "room_num": 6,