{
  "room_category": {
    "Toilet": {
      "simulation_statistics": [
        {
          "not_completed_agents": 0, 
          "max_evacuation_time": 150.004547, 
          "min_evacuation_time": 150.004547, 
          "exit_flow_rate": 0.0, 
          "completed_agents": 0, 
          "max_traveled_distance": 1.69391, 
          "avg_evacuation_time": 150.004547, 
          "avg_traveled_distance": 1.69391, 
          "min_traveled_distance": 1.69391
        }
      ], 
      "bounds": [
        [
          -0.02, 
          -0.01, 
          1.44, 
          1.77
        ]
      ]
    }, 
    "Bathroom": {
      "simulation_statistics": [
        {
          "not_completed_agents": 0, 
          "max_evacuation_time": 0.95, 
          "min_evacuation_time": 0.0, 
          "exit_flow_rate": 2.1052631578947367, 
          "completed_agents": 2, 
          "max_traveled_distance": 1.260063, 
          "avg_evacuation_time": 0.475, 
          "avg_traveled_distance": 0.6300315, 
          "min_traveled_distance": 0.0
        }
      ], 
      "bounds": [
        [
          1.24, 
          -0.02, 
          4.22, 
          3.85
        ]
      ]
    }
  }, 
  "room_num": 2, 
  "verts": [
    [
      1.45, 
      0.1
    ], 
    [
      1.45, 
      0.22
    ], 
    [
      1.44, 
      0.23
    ], 
    [
      1.44, 
      0.68
    ], 
    [
      1.43, 
      0.69
    ], 
    [
      1.43, 
      0.94
    ], 
    [
      1.42, 
      0.95
    ], 
    [
      1.32, 
      0.95
    ], 
    [
      1.31, 
      0.94
    ], 
    [
      1.31, 
      0.69
    ], 
    [
      1.32, 
      0.68
    ], 
    [
      1.32, 
      0.11
    ], 
    [
      0.13, 
      0.11
    ], 
    [
      0.13, 
      0.29
    ], 
    [
      0.12, 
      0.3
    ], 
    [
      0.12, 
      0.88
    ], 
    [
      0.11, 
      0.89
    ], 
    [
      0.11, 
      1.47
    ], 
    [
      0.1, 
      1.48
    ], 
    [
      0.1, 
      1.65
    ], 
    [
      0.11, 
      1.66
    ], 
    [
      1.31, 
      1.66
    ], 
    [
      1.32, 
      1.67
    ], 
    [
      1.34, 
      1.67
    ], 
    [
      1.36, 
      1.65
    ], 
    [
      1.37, 
      1.65
    ], 
    [
      1.39, 
      1.67
    ], 
    [
      1.4, 
      1.67
    ], 
    [
      1.43, 
      1.7
    ], 
    [
      1.43, 
      1.72
    ], 
    [
      1.44, 
      1.73
    ], 
    [
      1.43, 
      1.74
    ], 
    [
      1.43, 
      1.76
    ], 
    [
      1.42, 
      1.77
    ], 
    [
      1.43, 
      1.78
    ], 
    [
      1.43, 
      2.81
    ], 
    [
      1.44, 
      2.82
    ], 
    [
      1.44, 
      3.74
    ], 
    [
      2.82, 
      3.74
    ], 
    [
      2.83, 
      3.73
    ], 
    [
      4.11, 
      3.73
    ], 
    [
      4.11, 
      2.88
    ], 
    [
      4.1, 
      2.87
    ], 
    [
      4.1, 
      0.96
    ], 
    [
      4.09, 
      0.95
    ], 
    [
      4.09, 
      0.1
    ]
  ], 
  "bbox": {
    "max": [
      4.11, 
      3.74
    ], 
    "min": [
      0.1, 
      0.1
    ]
  }, 
  "id": "c6ca422152d00e672a6022b46efa26bc"
}