{
  "room_category": {
    "Gym": {
      "simulation_statistics": [
        {
          "not_completed_agents": 0, 
          "max_evacuation_time": 13.650034, 
          "min_evacuation_time": 6.200006, 
          "exit_flow_rate": 0.3662994539061221, 
          "completed_agents": 5, 
          "max_traveled_distance": 13.461629, 
          "avg_evacuation_time": 10.890023600000001, 
          "avg_traveled_distance": 10.5088484, 
          "min_traveled_distance": 7.596527
        }
      ], 
      "bounds": [
        [
          8.14, 
          -0.02, 
          15.86, 
          3.18
        ]
      ]
    }, 
    "Kitchen": {
      "simulation_statistics": [
        {
          "not_completed_agents": 0, 
          "max_evacuation_time": 4.599999, 
          "min_evacuation_time": 0.0, 
          "exit_flow_rate": 1.0869567580340778, 
          "completed_agents": 5, 
          "max_traveled_distance": 5.729109, 
          "avg_evacuation_time": 2.5899988, 
          "avg_traveled_distance": 3.4224240000000004, 
          "min_traveled_distance": 0.0
        }
      ], 
      "bounds": [
        [
          -0.02, 
          -0.01, 
          3.22, 
          8.26
        ]
      ]
    }, 
    "Bedroom": {
      "simulation_statistics": [
        {
          "not_completed_agents": 0, 
          "max_evacuation_time": 10.950024, 
          "min_evacuation_time": 4.349998, 
          "exit_flow_rate": 0.6392680052573401, 
          "completed_agents": 7, 
          "max_traveled_distance": 9.315765, 
          "avg_evacuation_time": 7.878583428571429, 
          "avg_traveled_distance": 7.361139857142858, 
          "min_traveled_distance": 4.546599
        }
      ], 
      "bounds": [
        [
          3.08, 
          2.4, 
          8.97, 
          8.28
        ]
      ]
    }
  }, 
  "room_num": 6, 
  "verts": [
    [
      0.11, 
      0.1
    ], 
    [
      0.1, 
      0.11
    ], 
    [
      0.1, 
      8.15
    ], 
    [
      3.07, 
      8.15
    ], 
    [
      3.07, 
      2.58
    ], 
    [
      3.08, 
      2.57
    ], 
    [
      3.18, 
      2.57
    ], 
    [
      3.19, 
      2.58
    ], 
    [
      3.19, 
      3.08
    ], 
    [
      4.24, 
      3.08
    ], 
    [
      4.25, 
      3.09
    ], 
    [
      4.25, 
      3.19
    ], 
    [
      4.24, 
      3.2
    ], 
    [
      3.19, 
      3.2
    ], 
    [
      3.19, 
      8.18
    ], 
    [
      8.17, 
      8.18
    ], 
    [
      8.17, 
      6.6
    ], 
    [
      8.18, 
      6.59
    ], 
    [
      8.28, 
      6.59
    ], 
    [
      8.29, 
      6.6
    ], 
    [
      8.29, 
      8.18
    ], 
    [
      13.27, 
      8.18
    ], 
    [
      13.27, 
      5.31
    ], 
    [
      13.28, 
      5.3
    ], 
    [
      13.38, 
      5.3
    ], 
    [
      13.39, 
      5.31
    ], 
    [
      13.39, 
      8.19
    ], 
    [
      15.76, 
      8.19
    ], 
    [
      15.76, 
      3.19
    ], 
    [
      13.39, 
      3.19
    ], 
    [
      13.39, 
      4.55
    ], 
    [
      13.38, 
      4.56
    ], 
    [
      13.28, 
      4.56
    ], 
    [
      13.27, 
      4.55
    ], 
    [
      13.27, 
      3.21
    ], 
    [
      8.29, 
      3.21
    ], 
    [
      8.29, 
      5.6
    ], 
    [
      8.28, 
      5.61
    ], 
    [
      8.18, 
      5.61
    ], 
    [
      8.17, 
      5.6
    ], 
    [
      8.17, 
      3.2
    ], 
    [
      5.24, 
      3.2
    ], 
    [
      5.23, 
      3.19
    ], 
    [
      5.23, 
      3.09
    ], 
    [
      5.24, 
      3.08
    ], 
    [
      8.17, 
      3.08
    ], 
    [
      8.17, 
      2.09
    ], 
    [
      8.18, 
      2.08
    ], 
    [
      8.28, 
      2.08
    ], 
    [
      8.29, 
      2.09
    ], 
    [
      8.29, 
      3.08
    ], 
    [
      10.68, 
      3.08
    ], 
    [
      10.68, 
      3.06
    ], 
    [
      10.69, 
      3.05
    ], 
    [
      15.75, 
      3.05
    ], 
    [
      15.75, 
      0.1
    ], 
    [
      8.29, 
      0.1
    ], 
    [
      8.29, 
      1.09
    ], 
    [
      8.28, 
      1.1
    ], 
    [
      8.18, 
      1.1
    ], 
    [
      8.17, 
      1.09
    ], 
    [
      8.17, 
      0.1
    ], 
    [
      3.19, 
      0.1
    ], 
    [
      3.19, 
      1.32
    ], 
    [
      3.18, 
      1.33
    ], 
    [
      3.08, 
      1.33
    ], 
    [
      3.07, 
      1.32
    ], 
    [
      3.08, 
      1.31
    ], 
    [
      3.08, 
      1.3
    ], 
    [
      3.07, 
      1.29
    ], 
    [
      3.07, 
      0.1
    ]
  ], 
  "bbox": {
    "max": [
      15.76, 
      8.19
    ], 
    "min": [
      0.1, 
      0.1
    ]
  }, 
  "id": "ca2167c8d35655af62e46847b5b28ce1"
}