{
  "room_category": {
    "Living_Room": {
      "simulation_statistics": [
        {
          "not_completed_agents": 0, 
          "max_evacuation_time": 7.700011, 
          "min_evacuation_time": 2.149999, 
          "exit_flow_rate": 1.4285693877580175, 
          "completed_agents": 11, 
          "max_traveled_distance": 8.09161, 
          "avg_evacuation_time": 5.209094181818181, 
          "avg_traveled_distance": 6.052241727272727, 
          "min_traveled_distance": 2.152204
        }
      ], 
      "bounds": [
        [
          0.48, 
          0.45, 
          6.16, 
          10.03
        ]
      ]
    }, 
    "Room": [
      [
        4.05, 
        9.69, 
        6.14, 
        10.36
      ], 
      [
        6.08, 
        7.24, 
        6.64, 
        8.47
      ], 
      [
        7.05, 
        5.64, 
        9.36, 
        6.12
      ], 
      [
        2.69, 
        9.75, 
        4.06, 
        10.98
      ], 
      [
        6.0, 
        8.55, 
        6.66, 
        10.36
      ], 
      [
        -0.03, 
        9.76, 
        0.58, 
        10.38
      ]
    ], 
    "Office": [
      [
        2.12, 
        0.06, 
        4.43, 
        0.67
      ]
    ], 
    "Kitchen": {
      "simulation_statistics": [
        {
          "not_completed_agents": 0, 
          "max_evacuation_time": 1.25, 
          "min_evacuation_time": 0.0, 
          "exit_flow_rate": 4.0, 
          "completed_agents": 5, 
          "max_traveled_distance": 1.887788, 
          "avg_evacuation_time": 0.6799999999999999, 
          "avg_traveled_distance": 0.8084011999999999, 
          "min_traveled_distance": 0.0
        }
      ], 
      "bounds": [
        [
          6.47, 
          -0.02, 
          8.77, 
          0.59
        ], 
        [
          4.79, 
          0.44, 
          10.58, 
          4.35
        ]
      ]
    }
  }, 
  "room_num": 15, 
  "verts": [
    [
      6.59, 
      0.1
    ], 
    [
      6.58, 
      0.11
    ], 
    [
      6.58, 
      0.55
    ], 
    [
      6.57, 
      0.56
    ], 
    [
      6.47, 
      0.56
    ], 
    [
      6.46, 
      0.57
    ], 
    [
      6.16, 
      0.57
    ], 
    [
      6.16, 
      0.59
    ], 
    [
      6.15, 
      0.6
    ], 
    [
      6.05, 
      0.6
    ], 
    [
      6.04, 
      0.59
    ], 
    [
      6.04, 
      0.56
    ], 
    [
      5.55, 
      0.56
    ], 
    [
      5.54, 
      0.57
    ], 
    [
      4.35, 
      0.57
    ], 
    [
      4.33, 
      0.55
    ], 
    [
      4.33, 
      0.46
    ], 
    [
      4.32, 
      0.45
    ], 
    [
      4.32, 
      0.18
    ], 
    [
      2.24, 
      0.18
    ], 
    [
      2.23, 
      0.19
    ], 
    [
      2.23, 
      0.55
    ], 
    [
      2.21, 
      0.57
    ], 
    [
      2.12, 
      0.57
    ], 
    [
      2.11, 
      0.58
    ], 
    [
      0.61, 
      0.58
    ], 
    [
      0.6, 
      0.59
    ], 
    [
      0.6, 
      2.36
    ], 
    [
      0.59, 
      2.37
    ], 
    [
      0.49, 
      2.37
    ], 
    [
      0.48, 
      2.38
    ], 
    [
      0.13, 
      2.38
    ], 
    [
      0.12, 
      2.39
    ], 
    [
      0.12, 
      3.86
    ], 
    [
      0.31, 
      3.86
    ], 
    [
      0.32, 
      3.87
    ], 
    [
      0.58, 
      3.87
    ], 
    [
      0.59, 
      3.88
    ], 
    [
      0.59, 
      3.98
    ], 
    [
      0.6, 
      3.99
    ], 
    [
      0.6, 
      6.07
    ], 
    [
      0.59, 
      6.08
    ], 
    [
      0.58, 
      6.08
    ], 
    [
      0.57, 
      6.09
    ], 
    [
      0.49, 
      6.09
    ], 
    [
      0.48, 
      6.1
    ], 
    [
      0.11, 
      6.1
    ], 
    [
      0.1, 
      6.11
    ], 
    [
      0.1, 
      7.58
    ], 
    [
      0.57, 
      7.58
    ], 
    [
      0.59, 
      7.6
    ], 
    [
      0.59, 
      7.69
    ], 
    [
      0.6, 
      7.7
    ], 
    [
      0.6, 
      10.27
    ], 
    [
      1.37, 
      10.27
    ], 
    [
      1.37, 
      9.86
    ], 
    [
      1.38, 
      9.85
    ], 
    [
      1.38, 
      9.77
    ], 
    [
      1.4, 
      9.75
    ], 
    [
      1.48, 
      9.75
    ], 
    [
      1.49, 
      9.74
    ], 
    [
      2.69, 
      9.74
    ], 
    [
      2.7, 
      9.75
    ], 
    [
      2.78, 
      9.75
    ], 
    [
      2.8, 
      9.77
    ], 
    [
      2.8, 
      9.85
    ], 
    [
      2.81, 
      9.86
    ], 
    [
      2.81, 
      10.25
    ], 
    [
      3.95, 
      10.25
    ], 
    [
      3.95, 
      9.84
    ], 
    [
      3.96, 
      9.83
    ], 
    [
      3.96, 
      9.75
    ], 
    [
      3.98, 
      9.73
    ], 
    [
      4.06, 
      9.73
    ], 
    [
      4.07, 
      9.72
    ], 
    [
      5.14, 
      9.72
    ], 
    [
      5.15, 
      9.73
    ], 
    [
      5.23, 
      9.73
    ], 
    [
      5.25, 
      9.75
    ], 
    [
      5.25, 
      9.83
    ], 
    [
      5.26, 
      9.84
    ], 
    [
      5.26, 
      10.25
    ], 
    [
      6.04, 
      10.25
    ], 
    [
      6.04, 
      9.75
    ], 
    [
      6.03, 
      9.74
    ], 
    [
      6.03, 
      8.48
    ], 
    [
      6.04, 
      8.47
    ], 
    [
      6.04, 
      7.25
    ], 
    [
      6.03, 
      7.24
    ], 
    [
      6.03, 
      5.71
    ], 
    [
      6.04, 
      5.7
    ], 
    [
      6.04, 
      5.62
    ], 
    [
      6.06, 
      5.6
    ], 
    [
      6.14, 
      5.6
    ], 
    [
      6.15, 
      5.59
    ], 
    [
      7.04, 
      5.59
    ], 
    [
      7.05, 
      5.6
    ], 
    [
      9.36, 
      5.6
    ], 
    [
      9.37, 
      5.59
    ], 
    [
      9.49, 
      5.59
    ], 
    [
      9.49, 
      4.35
    ], 
    [
      6.06, 
      4.35
    ], 
    [
      6.04, 
      4.33
    ], 
    [
      6.04, 
      4.28
    ], 
    [
      6.05, 
      4.27
    ], 
    [
      6.05, 
      4.24
    ], 
    [
      6.06, 
      4.23
    ], 
    [
      10.39, 
      4.23
    ], 
    [
      10.39, 
      3.98
    ], 
    [
      10.4, 
      3.97
    ], 
    [
      10.4, 
      2.27
    ], 
    [
      10.39, 
      2.26
    ], 
    [
      10.39, 
      0.58
    ], 
    [
      8.78, 
      0.58
    ], 
    [
      8.77, 
      0.57
    ], 
    [
      8.69, 
      0.57
    ], 
    [
      8.67, 
      0.55
    ], 
    [
      8.67, 
      0.47
    ], 
    [
      8.66, 
      0.46
    ], 
    [
      8.66, 
      0.1
    ]
  ], 
  "bbox": {
    "max": [
      10.4, 
      10.27
    ], 
    "min": [
      0.1, 
      0.1
    ]
  }, 
  "id": "ca821edfecef990ea90aa4d826e807c2"
}