{
  "room_category": {
    "Living_Room": {
      "simulation_statistics": [
        {
          "not_completed_agents": 0, 
          "max_evacuation_time": 150.004547, 
          "min_evacuation_time": 3.099998, 
          "exit_flow_rate": 0.0333323229195179, 
          "completed_agents": 5, 
          "max_traveled_distance": 6.500562, 
          "avg_evacuation_time": 30.692432, 
          "avg_traveled_distance": 5.042025, 
          "min_traveled_distance": 2.764637
        }
      ], 
      "bounds": [
        [
          -0.06, 
          1.4, 
          5.17, 
          7.13
        ]
      ]
    }, 
    "Bedroom": {
      "simulation_statistics": [
        {
          "not_completed_agents": 0, 
          "max_evacuation_time": 1.6, 
          "min_evacuation_time": 0.0, 
          "exit_flow_rate": 1.875, 
          "completed_agents": 3, 
          "max_traveled_distance": 1.885319, 
          "avg_evacuation_time": 0.6, 
          "avg_traveled_distance": 0.7543613333333333, 
          "min_traveled_distance": 0.0
        }
      ], 
      "bounds": [
        [
          5.04, 
          -0.02, 
          8.23, 
          5.17
        ]
      ]
    }
  }, 
  "room_num": 3, 
  "verts": [
    [
      5.17, 
      0.1
    ], 
    [
      5.16, 
      0.11
    ], 
    [
      5.16, 
      1.43
    ], 
    [
      5.17, 
      1.43
    ], 
    [
      5.18, 
      1.44
    ], 
    [
      5.18, 
      2.9
    ], 
    [
      5.17, 
      2.91
    ], 
    [
      5.05, 
      2.91
    ], 
    [
      5.04, 
      2.9
    ], 
    [
      5.04, 
      1.55
    ], 
    [
      0.11, 
      1.55
    ], 
    [
      0.1, 
      1.56
    ], 
    [
      0.1, 
      6.51
    ], 
    [
      2.12, 
      6.51
    ], 
    [
      2.13, 
      6.52
    ], 
    [
      2.13, 
      6.62
    ], 
    [
      2.12, 
      6.63
    ], 
    [
      0.82, 
      6.63
    ], 
    [
      0.82, 
      11.59
    ], 
    [
      5.79, 
      11.59
    ], 
    [
      5.79, 
      6.63
    ], 
    [
      2.88, 
      6.63
    ], 
    [
      2.87, 
      6.62
    ], 
    [
      2.87, 
      6.52
    ], 
    [
      2.88, 
      6.51
    ], 
    [
      5.06, 
      6.51
    ], 
    [
      5.06, 
      5.18
    ], 
    [
      5.05, 
      5.18
    ], 
    [
      5.04, 
      5.17
    ], 
    [
      5.04, 
      3.66
    ], 
    [
      5.05, 
      3.65
    ], 
    [
      5.17, 
      3.65
    ], 
    [
      5.18, 
      3.66
    ], 
    [
      5.18, 
      5.06
    ], 
    [
      8.12, 
      5.06
    ], 
    [
      8.12, 
      0.1
    ]
  ], 
  "bbox": {
    "max": [
      8.12, 
      11.59
    ], 
    "min": [
      0.1, 
      0.1
    ]
  }, 
  "id": "cb10c4fa122dcd8bdae4a2a9d223d9b9"
}