{
  "room_category": {
    "Toilet": {
      "simulation_statistics": [
        {
          "not_completed_agents": 0, 
          "max_evacuation_time": 150.004547, 
          "min_evacuation_time": 11.550026, 
          "exit_flow_rate": 0.053331716671228636, 
          "completed_agents": 8, 
          "max_traveled_distance": 33.592377, 
          "avg_evacuation_time": 34.411583666666665, 
          "avg_traveled_distance": 20.95506088888889, 
          "min_traveled_distance": 2.488679
        }, 
        {
          "not_completed_agents": 0, 
          "max_evacuation_time": 150.004547, 
          "min_evacuation_time": 0.45, 
          "exit_flow_rate": 0.05999818125513222, 
          "completed_agents": 9, 
          "max_traveled_distance": 11.112705, 
          "avg_evacuation_time": 31.223557636363637, 
          "avg_traveled_distance": 5.561002, 
          "min_traveled_distance": 0.591524
        }, 
        {
          "not_completed_agents": 0, 
          "max_evacuation_time": 150.004547, 
          "min_evacuation_time": 11.200025, 
          "exit_flow_rate": 0.0066664645839035796, 
          "completed_agents": 1, 
          "max_traveled_distance": 14.871178, 
          "avg_evacuation_time": 80.602286, 
          "avg_traveled_distance": 9.222401, 
          "min_traveled_distance": 3.573624
        }
      ], 
      "bounds": [
        [
          13.08, 
          7.47, 
          17.89, 
          17.17
        ], 
        [
          -0.06, 
          -0.05, 
          3.84, 
          14.59
        ], 
        [
          3.54, 
          14.51, 
          6.31, 
          17.75
        ]
      ]
    }, 
    "Bathroom": {
      "simulation_statistics": [
        {
          "not_completed_agents": 0, 
          "max_evacuation_time": 31.649803, 
          "min_evacuation_time": 10.550022, 
          "exit_flow_rate": 0.2843619595357355, 
          "completed_agents": 9, 
          "max_traveled_distance": 33.849434, 
          "avg_evacuation_time": 20.827728111111114, 
          "avg_traveled_distance": 23.405346555555557, 
          "min_traveled_distance": 14.602368
        }, 
        {
          "not_completed_agents": 0, 
          "max_evacuation_time": 150.004547, 
          "min_evacuation_time": 0.0, 
          "exit_flow_rate": 0.053331716671228636, 
          "completed_agents": 8, 
          "max_traveled_distance": 13.730772, 
          "avg_evacuation_time": 25.65603411111111, 
          "avg_traveled_distance": 7.147429888888889, 
          "min_traveled_distance": 0.0
        }, 
        {
          "not_completed_agents": 0, 
          "max_evacuation_time": 13.050032, 
          "min_evacuation_time": 11.450026, 
          "exit_flow_rate": 0.15325632917988247, 
          "completed_agents": 2, 
          "max_traveled_distance": 16.056652, 
          "avg_evacuation_time": 12.250029, 
          "avg_traveled_distance": 15.7589975, 
          "min_traveled_distance": 15.461343
        }
      ], 
      "bounds": [
        [
          13.08, 
          7.47, 
          17.89, 
          17.17
        ], 
        [
          -0.08, 
          -0.05, 
          8.48, 
          5.45
        ], 
        [
          3.54, 
          14.51, 
          6.31, 
          17.75
        ]
      ]
    }, 
    "Office": {
      "simulation_statistics": [
        {
          "not_completed_agents": 0, 
          "max_evacuation_time": 13.900035, 
          "min_evacuation_time": 4.85, 
          "exit_flow_rate": 0.359711324467888, 
          "completed_agents": 5, 
          "max_traveled_distance": 13.464561, 
          "avg_evacuation_time": 10.3900214, 
          "avg_traveled_distance": 11.120648599999999, 
          "min_traveled_distance": 6.100709
        }, 
        {
          "not_completed_agents": 0, 
          "max_evacuation_time": 9.000016, 
          "min_evacuation_time": 6.350006, 
          "exit_flow_rate": 0.3333327407417942, 
          "completed_agents": 3, 
          "max_traveled_distance": 13.492162, 
          "avg_evacuation_time": 7.816678333333333, 
          "avg_traveled_distance": 11.700752, 
          "min_traveled_distance": 9.287611
        }
      ], 
      "bounds": [
        [
          7.19, 
          -0.68, 
          12.25, 
          3.86
        ], 
        [
          8.34, 
          7.48, 
          16.26, 
          9.32
        ]
      ]
    }, 
    "Living_Room": {
      "simulation_statistics": [
        {
          "not_completed_agents": 0, 
          "max_evacuation_time": 150.004547, 
          "min_evacuation_time": 0.5, 
          "exit_flow_rate": 0.15332868542978234, 
          "completed_agents": 23, 
          "max_traveled_distance": 18.16795, 
          "avg_evacuation_time": 18.3123672, 
          "avg_traveled_distance": 7.846254720000001, 
          "min_traveled_distance": 0.506402
        }
      ], 
      "bounds": [
        [
          0.02, 
          0.0, 
          8.57, 
          14.62
        ]
      ]
    }, 
    "Garage": {
      "simulation_statistics": [
        {
          "not_completed_agents": 0, 
          "max_evacuation_time": 23.99992, 
          "min_evacuation_time": 9.100017, 
          "exit_flow_rate": 0.5833352777842593, 
          "completed_agents": 14, 
          "max_traveled_distance": 22.71945, 
          "avg_evacuation_time": 13.932160142857143, 
          "avg_traveled_distance": 17.193633928571426, 
          "min_traveled_distance": 12.687342
        }
      ], 
      "bounds": [
        [
          8.36, 
          7.5, 
          17.89, 
          14.67
        ]
      ]
    }, 
    "Bedroom": {
      "simulation_statistics": [
        {
          "not_completed_agents": 0, 
          "max_evacuation_time": 150.004547, 
          "min_evacuation_time": 0.0, 
          "exit_flow_rate": 0.0666646458390358, 
          "completed_agents": 10, 
          "max_traveled_distance": 14.794062, 
          "avg_evacuation_time": 18.727692636363635, 
          "avg_traveled_distance": 6.854748181818182, 
          "min_traveled_distance": 0.0
        }, 
        {
          "not_completed_agents": 0, 
          "max_evacuation_time": 19.949982, 
          "min_evacuation_time": 0.0, 
          "exit_flow_rate": 0.4511282265818586, 
          "completed_agents": 9, 
          "max_traveled_distance": 14.087808, 
          "avg_evacuation_time": 7.305559666666667, 
          "avg_traveled_distance": 5.808784666666667, 
          "min_traveled_distance": 0.0
        }, 
        {
          "not_completed_agents": 0, 
          "max_evacuation_time": 20.899967, 
          "min_evacuation_time": 6.050005, 
          "exit_flow_rate": 0.4784696549999337, 
          "completed_agents": 10, 
          "max_traveled_distance": 17.086473, 
          "avg_evacuation_time": 11.9200114, 
          "avg_traveled_distance": 12.3387353, 
          "min_traveled_distance": 7.851875
        }, 
        {
          "not_completed_agents": 0, 
          "max_evacuation_time": 11.600026, 
          "min_evacuation_time": 7.35001, 
          "exit_flow_rate": 0.6896536266384231, 
          "completed_agents": 8, 
          "max_traveled_distance": 16.199213, 
          "avg_evacuation_time": 9.8562695, 
          "avg_traveled_distance": 14.005491, 
          "min_traveled_distance": 10.409582
        }
      ],