{
  "room_category": {
    "Gym": {
      "simulation_statistics": [
        {
          "not_completed_agents": 0, 
          "max_evacuation_time": 8.100013, 
          "min_evacuation_time": 0.0, 
          "exit_flow_rate": 0.864196143882732, 
          "completed_agents": 7, 
          "max_traveled_distance": 9.413813, 
          "avg_evacuation_time": 1.9142874285714286, 
          "avg_traveled_distance": 2.257252714285714, 
          "min_traveled_distance": 0.0
        }
      ], 
      "bounds": [
        [
          -0.3, 
          -0.72, 
          5.73, 
          5.46
        ]
      ]
    }, 
    "Room": {
      "simulation_statistics": [
        {
          "not_completed_agents": 0, 
          "max_evacuation_time": 7.25001, 
          "min_evacuation_time": 4.399999, 
          "exit_flow_rate": 0.6896542211665916, 
          "completed_agents": 5, 
          "max_traveled_distance": 9.061391, 
          "avg_evacuation_time": 5.5600032, 
          "avg_traveled_distance": 7.0379964, 
          "min_traveled_distance": 4.997408
        }
      ], 
      "bounds": [
        [
          4.57, 
          0.24, 
          11.2, 
          4.05
        ]
      ]
    }
  }, 
  "room_num": 3, 
  "verts": [
    [
      0.11, 
      0.1
    ], 
    [
      0.1, 
      0.11
    ], 
    [
      0.1, 
      4.52
    ], 
    [
      5.06, 
      4.52
    ], 
    [
      5.06, 
      3.27
    ], 
    [
      5.07, 
      3.26
    ], 
    [
      5.07, 
      3.22
    ], 
    [
      5.08, 
      3.21
    ], 
    [
      5.08, 
      3.17
    ], 
    [
      5.09, 
      3.16
    ], 
    [
      5.17, 
      3.16
    ], 
    [
      5.18, 
      3.15
    ], 
    [
      10.46, 
      3.15
    ], 
    [
      10.47, 
      3.14
    ], 
    [
      10.57, 
      3.14
    ], 
    [
      10.58, 
      3.15
    ], 
    [
      10.58, 
      3.26
    ], 
    [
      10.59, 
      3.27
    ], 
    [
      10.59, 
      4.52
    ], 
    [
      15.46, 
      4.52
    ], 
    [
      15.46, 
      0.1
    ], 
    [
      10.6, 
      0.1
    ], 
    [
      10.59, 
      0.11
    ], 
    [
      10.59, 
      1.2
    ], 
    [
      10.58, 
      1.21
    ], 
    [
      10.58, 
      1.29
    ], 
    [
      10.57, 
      1.3
    ], 
    [
      10.57, 
      1.31
    ], 
    [
      10.56, 
      1.32
    ], 
    [
      5.19, 
      1.32
    ], 
    [
      5.19, 
      1.36
    ], 
    [
      5.18, 
      1.37
    ], 
    [
      5.08, 
      1.37
    ], 
    [
      5.07, 
      1.36
    ], 
    [
      5.07, 
      1.21
    ], 
    [
      5.06, 
      1.2
    ], 
    [
      5.06, 
      0.1
    ]
  ], 
  "bbox": {
    "max": [
      15.46, 
      4.52
    ], 
    "min": [
      0.1, 
      0.1
    ]
  }, 
  "id": "ce5ba376cd49ff4a809e915f9e8f2cc7"
}