{
  "room_category": {
    "Balcony": {
      "simulation_statistics": [
        {
          "not_completed_agents": 0, 
          "max_evacuation_time": 8.250013, 
          "min_evacuation_time": 0.0, 
          "exit_flow_rate": 2.5454505344415823, 
          "completed_agents": 21, 
          "max_traveled_distance": 10.38372, 
          "avg_evacuation_time": 3.6333355714285718, 
          "avg_traveled_distance": 4.377866714285714, 
          "min_traveled_distance": 0.0
        }
      ], 
      "bounds": [
        [
          -0.01, 
          -0.03, 
          6.71, 
          15.4
        ]
      ]
    }
  }, 
  "room_num": 1, 
  "verts": [
    [
      3.48, 
      0.1
    ], 
    [
      3.47, 
      0.11
    ], 
    [
      1.16, 
      0.11
    ], 
    [
      1.15, 
      0.12
    ], 
    [
      0.11, 
      0.12
    ], 
    [
      0.1, 
      0.13
    ], 
    [
      0.1, 
      4.13
    ], 
    [
      1.29, 
      4.13
    ], 
    [
      1.3, 
      4.14
    ], 
    [
      1.33, 
      4.14
    ], 
    [
      1.34, 
      4.15
    ], 
    [
      1.35, 
      4.15
    ], 
    [
      1.4, 
      4.2
    ], 
    [
      1.4, 
      4.21
    ], 
    [
      1.42, 
      4.23
    ], 
    [
      1.42, 
      4.24
    ], 
    [
      1.44, 
      4.26
    ], 
    [
      1.44, 
      4.27
    ], 
    [
      1.45, 
      4.28
    ], 
    [
      1.45, 
      4.29
    ], 
    [
      1.47, 
      4.31
    ], 
    [
      1.47, 
      4.32
    ], 
    [
      1.48, 
      4.33
    ], 
    [
      1.48, 
      4.34
    ], 
    [
      1.5, 
      4.36
    ], 
    [
      1.5, 
      4.37
    ], 
    [
      1.51, 
      4.38
    ], 
    [
      1.51, 
      4.39
    ], 
    [
      1.53, 
      4.41
    ], 
    [
      1.53, 
      4.42
    ], 
    [
      1.54, 
      4.43
    ], 
    [
      1.54, 
      4.44
    ], 
    [
      1.56, 
      4.46
    ], 
    [
      1.56, 
      4.47
    ], 
    [
      1.57, 
      4.48
    ], 
    [
      1.57, 
      4.49
    ], 
    [
      1.59, 
      4.51
    ], 
    [
      1.59, 
      4.52
    ], 
    [
      1.61, 
      4.54
    ], 
    [
      1.61, 
      4.55
    ], 
    [
      1.62, 
      4.56
    ], 
    [
      1.62, 
      4.57
    ], 
    [
      1.64, 
      4.59
    ], 
    [
      1.64, 
      4.6
    ], 
    [
      1.65, 
      4.61
    ], 
    [
      1.65, 
      4.62
    ], 
    [
      1.67, 
      4.64
    ], 
    [
      1.67, 
      4.65
    ], 
    [
      1.68, 
      4.66
    ], 
    [
      1.68, 
      4.67
    ], 
    [
      1.7, 
      4.69
    ], 
    [
      1.7, 
      4.7
    ], 
    [
      1.71, 
      4.71
    ], 
    [
      1.71, 
      4.72
    ], 
    [
      1.73, 
      4.74
    ], 
    [
      1.73, 
      4.75
    ], 
    [
      1.75, 
      4.77
    ], 
    [
      1.75, 
      4.78
    ], 
    [
      1.76, 
      4.79
    ], 
    [
      1.76, 
      4.8
    ], 
    [
      1.78, 
      4.82
    ], 
    [
      1.78, 
      4.83
    ], 
    [
      1.79, 
      4.84
    ], 
    [
      1.79, 
      4.85
    ], 
    [
      1.81, 
      4.87
    ], 
    [
      1.81, 
      4.88
    ], 
    [
      1.82, 
      4.89
    ], 
    [
      1.82, 
      4.9
    ], 
    [
      1.84, 
      4.92
    ], 
    [
      1.84, 
      4.93
    ], 
    [
      1.85, 
      4.94
    ], 
    [
      1.85, 
      4.95
    ], 
    [
      1.87, 
      4.97
    ], 
    [
      1.87, 
      4.98
    ], 
    [
      1.89, 
      5.0
    ], 
    [
      1.89, 
      5.01
    ], 
    [
      1.9, 
      5.02
    ], 
    [
      1.9, 
      5.03
    ], 
    [
      1.92, 
      5.05
    ], 
    [
      1.92, 
      5.06
    ], 
    [
      1.93, 
      5.07
    ], 
    [
      1.93, 
      5.08
    ], 
    [
      1.95, 
      5.1
    ], 
    [
      1.95, 
      5.11
    ], 
    [
      1.96, 
      5.12
    ], 
    [
      1.96, 
      5.13
    ], 
    [
      1.98, 
      5.15
    ], 
    [
      1.98, 
      5.16
    ], 
    [
      1.99, 
      5.17
    ], 
    [
      1.99, 
      5.18
    ], 
    [
      2.01, 
      5.2
    ], 
    [
      2.01, 
      5.21
    ], 
    [
      2.02, 
      5.22
    ], 
    [
      2.02, 
      5.23
    ], 
    [
      2.04, 
      5.25
    ], 
    [
      2.04, 
      5.26
    ], 
    [
      2.06, 
      5.28
    ], 
    [
      2.06, 
      5.29
    ], 
    [
      2.07, 
      5.3
    ], 
    [
      2.07, 
      5.31
    ], 
    [
      2.09, 
      5.33
    ], 
    [
      2.09, 
      5.34
    ], 
    [
      2.1, 
      5.35
    ], 
    [
      2.1, 
      5.36
    ], 
    [
      2.12, 
      5.38
    ], 
    [
      2.12, 
      5.39
    ], 
    [
      2.13, 
      5.4
    ], 
    [
      2.13, 
      5.41
    ], 
    [
      2.15, 
      5.43
    ], 
    [
      2.15, 
      5.44
    ], 
    [
      2.16, 
      5.45
    ], 
    [
      2.16, 
      5.46
    ], 
    [
      2.18, 
      5.48
    ], 
    [
      2.18, 
      5.49
    ], 
    [
      2.2, 
      5.51
    ], 
    [
      2.2, 
      5.52
    ], 
    [
      2.21, 
      5.53
    ], 
    [
      2.21, 
      5.54
    ], 
    [
      2.23, 
      5.56
    ], 
    [
      2.23, 
      5.57
    ], 
    [
      2.24, 
      5.58
    ], 
    [
      2.24, 
      5.59
    ], 
    [
      2.26, 
      5.61
    ], 
    [
      2.26, 
      5.62
    ], 
    [
      2.27, 
      5.63
    ], 
    [
      2.27, 
      5.64
    ], 
    [
      2.29, 
      5.66
    ], 
    [
      2.29, 
      5.67
    ], 
    [
      2.3, 
      5.68
    ], 
    [
      2.3, 
      5.69
    ], 
    [
      2.32, 
      5.71
    ], 
    [
      2.32, 
      5.72
    ], 
    [
      2.34, 
      5.74
    ], 
    [
      2.34, 
      5.75
    ], 
    [
      2.35, 
      5.76
    ], 
    [
      2.35, 
      5.77
    ], 
    [
      2.37, 
      5.79
    ], 
    [
      2.37, 
      5.8
    ], 
    [
      2.38, 
      5.81
    ], 
    [
      2.38, 
      5.82
    ], 
    [
      2.4, 
      5.84
    ], 
    [
      2.4, 
      5.85
    ], 
    [
      2.41, 
      5.86
    ], 
    [
      2.41, 
      5.87
    ], 
    [
      2.43, 
      5.89
    ], 
    [
      2.43, 
      5.9
    ], 
    [
      2.44, 
      5.91
    ], 
    [
      2.44, 
      5.92
    ], 
    [
      2.46, 
      5.94
    ], 
    [
      2.46, 
      5.95
    ], 
    [
      2.47, 
      5.96
    ], 
    [
      2.47, 
      5.97
    ], 
    [
      2.49, 
      5.99
    ], 
    [
      2.49, 
      6.0
    ], 
    [
      2.51, 
      6.02
    ], 
    [
      2.51, 
      6.03
    ], 
    [
      2.52, 
      6.04
    ], 
    [
      2.52, 
      6.05
    ], 
    [
      2.54, 
      6.07
    ], 
    [
      2.54, 
      6.08
    ], 
    [
      2.55, 
      6.09
    ], 
    [
      2.55, 
      6.1
    ], 
    [
      2.57, 
      6.12
    ], 
    [
      2.57, 
      6.13
    ], 
    [
      2.58, 
      6.14
    ], 
    [
      2.58, 
      6.15
    ], 
    [
      2.6, 
      6.17
    ], 
    [
      2.6, 
      6.18
    ], 
    [
      2.61, 
      6.19
    ], 
    [
      2.61, 
      6.2
    ], 
    [
      2.63, 
      6.22
    ], 
    [
      2.63, 
      6.23
    ], 
    [
      2.65, 
      6.25
    ], 
    [
      2.65, 
      6.26
    ], 
    [
      2.66, 
      6.27
    ], 
