{
  "room_category": {
    "Office": {
      "simulation_statistics": [
        {
          "not_completed_agents": 0, 
          "max_evacuation_time": 5.000001, 
          "min_evacuation_time": 0.0, 
          "exit_flow_rate": 1.199999760000048, 
          "completed_agents": 6, 
          "max_traveled_distance": 5.612143, 
          "avg_evacuation_time": 1.5916666666666668, 
          "avg_traveled_distance": 1.9655491666666667, 
          "min_traveled_distance": 0.0
        }
      ], 
      "bounds": [
        [
          -0.1, 
          -0.02, 
          6.66, 
          4.59
        ]
      ]
    }, 
    "Kitchen": {
      "simulation_statistics": [
        {
          "not_completed_agents": 0, 
          "max_evacuation_time": 1.999999, 
          "min_evacuation_time": 0.0, 
          "exit_flow_rate": 3.00000150000075, 
          "completed_agents": 6, 
          "max_traveled_distance": 2.585902, 
          "avg_evacuation_time": 1.0833329999999999, 
          "avg_traveled_distance": 1.2665621666666667, 
          "min_traveled_distance": 0.0
        }
      ], 
      "bounds": [
        [
          -0.1, 
          -0.02, 
          6.66, 
          4.59
        ]
      ]
    }
  }, 
  "room_num": 1, 
  "verts": [
    [
      0.11, 
      0.1
    ], 
    [
      0.1, 
      0.11
    ], 
    [
      0.1, 
      4.46
    ], 
    [
      3.08, 
      4.46
    ], 
    [
      3.09, 
      4.45
    ], 
    [
      6.06, 
      4.45
    ], 
    [
      6.06, 
      3.45
    ], 
    [
      6.07, 
      3.44
    ], 
    [
      6.07, 
      3.42
    ], 
    [
      6.06, 
      3.41
    ], 
    [
      6.06, 
      3.4
    ], 
    [
      6.07, 
      3.39
    ], 
    [
      6.07, 
      3.38
    ], 
    [
      6.08, 
      3.37
    ], 
    [
      6.1, 
      3.37
    ], 
    [
      6.15, 
      3.32
    ], 
    [
      6.16, 
      3.32
    ], 
    [
      6.21, 
      3.27
    ], 
    [
      6.22, 
      3.27
    ], 
    [
      6.27, 
      3.22
    ], 
    [
      6.28, 
      3.22
    ], 
    [
      6.33, 
      3.17
    ], 
    [
      6.34, 
      3.17
    ], 
    [
      6.38, 
      3.13
    ], 
    [
      6.39, 
      3.13
    ], 
    [
      6.43, 
      3.09
    ], 
    [
      6.44, 
      3.09
    ], 
    [
      6.49, 
      3.04
    ], 
    [
      6.5, 
      3.04
    ], 
    [
      6.54, 
      3.0
    ], 
    [
      6.54, 
      1.55
    ], 
    [
      6.51, 
      1.52
    ], 
    [
      6.5, 
      1.52
    ], 
    [
      6.46, 
      1.48
    ], 
    [
      6.45, 
      1.48
    ], 
    [
      6.4, 
      1.43
    ], 
    [
      6.39, 
      1.43
    ], 
    [
      6.34, 
      1.38
    ], 
    [
      6.33, 
      1.38
    ], 
    [
      6.28, 
      1.33
    ], 
    [
      6.27, 
      1.33
    ], 
    [
      6.22, 
      1.28
    ], 
    [
      6.21, 
      1.28
    ], 
    [
      6.16, 
      1.23
    ], 
    [
      6.15, 
      1.23
    ], 
    [
      6.1, 
      1.18
    ], 
    [
      6.08, 
      1.18
    ], 
    [
      6.07, 
      1.17
    ], 
    [
      6.07, 
      1.16
    ], 
    [
      6.06, 
      1.15
    ], 
    [
      6.06, 
      1.14
    ], 
    [
      6.07, 
      1.13
    ], 
    [
      6.07, 
      1.11
    ], 
    [
      6.06, 
      1.1
    ], 
    [
      6.06, 
      0.1
    ]
  ], 
  "bbox": {
    "max": [
      6.54, 
      4.46
    ], 
    "min": [
      0.1, 
      0.1
    ]
  }, 
  "id": "d222f11969cf9aae792ae995fc6738ee"
}