{
  "room_category": {
    "Dining_Room": {
      "simulation_statistics": [
        {
          "not_completed_agents": 0, 
          "max_evacuation_time": 13.800035, 
          "min_evacuation_time": 6.600007, 
          "exit_flow_rate": 0.4347815059889341, 
          "completed_agents": 6, 
          "max_traveled_distance": 11.731602, 
          "avg_evacuation_time": 9.133350166666666, 
          "avg_traveled_distance": 9.722520333333334, 
          "min_traveled_distance": 7.909619
        }
      ], 
      "bounds": [
        [
          7.34, 
          -0.05, 
          12.74, 
          5.58
        ]
      ]
    }, 
    "Kitchen": {
      "simulation_statistics": [
        {
          "not_completed_agents": 0, 
          "max_evacuation_time": 16.550034, 
          "min_evacuation_time": 9.350018, 
          "exit_flow_rate": 0.30211418296784165, 
          "completed_agents": 5, 
          "max_traveled_distance": 14.781359, 
          "avg_evacuation_time": 13.0200296, 
          "avg_traveled_distance": 13.624306200000001, 
          "min_traveled_distance": 11.913581
        }
      ], 
      "bounds": [
        [
          12.57, 
          -0.05, 
          16.45, 
          6.17
        ]
      ]
    }
  }, 
  "room_num": 3, 
  "verts": [
    [
      0.11, 
      0.1
    ], 
    [
      0.1, 
      0.11
    ], 
    [
      0.1, 
      5.44
    ], 
    [
      7.36, 
      5.44
    ], 
    [
      7.36, 
      3.23
    ], 
    [
      7.37, 
      3.22
    ], 
    [
      7.47, 
      3.22
    ], 
    [
      7.48, 
      3.23
    ], 
    [
      7.48, 
      5.44
    ], 
    [
      12.64, 
      5.44
    ], 
    [
      12.64, 
      4.29
    ], 
    [
      12.65, 
      4.28
    ], 
    [
      12.74, 
      4.28
    ], 
    [
      12.75, 
      4.29
    ], 
    [
      12.75, 
      4.36
    ], 
    [
      12.76, 
      4.37
    ], 
    [
      12.76, 
      5.44
    ], 
    [
      16.34, 
      5.44
    ], 
    [
      16.34, 
      0.1
    ], 
    [
      12.76, 
      0.1
    ], 
    [
      12.76, 
      0.7
    ], 
    [
      12.75, 
      0.71
    ], 
    [
      12.66, 
      0.71
    ], 
    [
      12.64, 
      0.69
    ], 
    [
      12.64, 
      0.1
    ], 
    [
      7.47, 
      0.1
    ], 
    [
      7.47, 
      2.17
    ], 
    [
      7.48, 
      2.18
    ], 
    [
      7.48, 
      2.21
    ], 
    [
      7.47, 
      2.22
    ], 
    [
      7.37, 
      2.22
    ], 
    [
      7.36, 
      2.21
    ], 
    [
      7.36, 
      0.1
    ]
  ], 
  "bbox": {
    "max": [
      16.34, 
      5.44
    ], 
    "min": [
      0.1, 
      0.1
    ]
  }, 
  "id": "d35590572d01e7be5c1d52343544c5bb"
}