{
  "room_category": {
    "Living_Room": {
      "simulation_statistics": [
        {
          "not_completed_agents": 0, 
          "max_evacuation_time": 9.750019, 
          "min_evacuation_time": 0.0, 
          "exit_flow_rate": 1.3333307350477983, 
          "completed_agents": 13, 
          "max_traveled_distance": 11.567579, 
          "avg_evacuation_time": 4.776928153846153, 
          "avg_traveled_distance": 6.439835384615384, 
          "min_traveled_distance": 0.0
        }
      ], 
      "bounds": [
        [
          -0.03, 
          -0.03, 
          15.21, 
          4.19
        ]
      ]
    }, 
    "Office": {
      "simulation_statistics": [
        {
          "not_completed_agents": 0, 
          "max_evacuation_time": 9.050016, 
          "min_evacuation_time": 0.5, 
          "exit_flow_rate": 1.4364615487972618, 
          "completed_agents": 13, 
          "max_traveled_distance": 11.606765, 
          "avg_evacuation_time": 3.6038483846153846, 
          "avg_traveled_distance": 4.707675384615384, 
          "min_traveled_distance": 0.639196
        }
      ], 
      "bounds": [
        [
          -0.03, 
          -0.03, 
          15.21, 
          4.19
        ]
      ]
    }, 
    "Kitchen": {
      "simulation_statistics": [
        {
          "not_completed_agents": 0, 
          "max_evacuation_time": 9.850019, 
          "min_evacuation_time": 0.45, 
          "exit_flow_rate": 1.3197944085184, 
          "completed_agents": 13, 
          "max_traveled_distance": 12.368108, 
          "avg_evacuation_time": 5.980776307692308, 
          "avg_traveled_distance": 7.871808615384615, 
          "min_traveled_distance": 0.518602
        }
      ], 
      "bounds": [
        [
          -0.03, 
          -0.03, 
          15.21, 
          4.19
        ]
      ]
    }
  }, 
  "room_num": 4, 
  "verts": [
    [
      0.11, 
      0.1
    ], 
    [
      0.1, 
      0.11
    ], 
    [
      0.1, 
      4.06
    ], 
    [
      10.74, 
      4.06
    ], 
    [
      10.75, 
      4.07
    ], 
    [
      10.81, 
      4.07
    ], 
    [
      10.82, 
      4.08
    ], 
    [
      10.82, 
      4.1
    ], 
    [
      10.84, 
      4.12
    ], 
    [
      10.84, 
      4.13
    ], 
    [
      10.85, 
      4.13
    ], 
    [
      10.86, 
      4.14
    ], 
    [
      10.86, 
      7.72
    ], 
    [
      12.49, 
      7.72
    ], 
    [
      12.49, 
      4.18
    ], 
    [
      12.5, 
      4.17
    ], 
    [
      12.5, 
      4.14
    ], 
    [
      12.51, 
      4.13
    ], 
    [
      12.51, 
      4.12
    ], 
    [
      12.55, 
      4.08
    ], 
    [
      12.56, 
      4.08
    ], 
    [
      12.57, 
      4.07
    ], 
    [
      12.6, 
      4.07
    ], 
    [
      12.61, 
      4.06
    ], 
    [
      15.07, 
      4.06
    ], 
    [
      15.07, 
      0.1
    ]
  ], 
  "bbox": {
    "max": [
      15.07, 
      7.72
    ], 
    "min": [
      0.1, 
      0.1
    ]
  }, 
  "id": "d36019d38c4ec41a52973a2c1fccaf31"
}