{
  "room_category": {
    "Room": {
      "simulation_statistics": [
        {
          "not_completed_agents": 0, 
          "max_evacuation_time": 11.700027, 
          "min_evacuation_time": 0.0, 
          "exit_flow_rate": 3.7606750822028014, 
          "completed_agents": 44, 
          "max_traveled_distance": 15.037148, 
          "avg_evacuation_time": 6.921601340909091, 
          "avg_traveled_distance": 8.889002295454546, 
          "min_traveled_distance": 0.0
        }, 
        {
          "not_completed_agents": 0, 
          "max_evacuation_time": 14.950039, 
          "min_evacuation_time": 14.950039, 
          "exit_flow_rate": 0.06688945761278615, 
          "completed_agents": 1, 
          "max_traveled_distance": 18.80435, 
          "avg_evacuation_time": 14.950039, 
          "avg_traveled_distance": 18.80435, 
          "min_traveled_distance": 18.80435
        }, 
        {
          "not_completed_agents": 0, 
          "max_evacuation_time": 13.050032, 
          "min_evacuation_time": 13.050032, 
          "exit_flow_rate": 0.07662816458994123, 
          "completed_agents": 1, 
          "max_traveled_distance": 16.327539, 
          "avg_evacuation_time": 13.050032, 
          "avg_traveled_distance": 16.327539, 
          "min_traveled_distance": 16.327539
        }
      ], 
      "bounds": [
        [
          -0.01, 
          -0.01, 
          14.1, 
          15.41
        ], 
        [
          13.88, 
          2.66, 
          14.36, 
          8.79
        ], 
        [
          13.88, 
          2.66, 
          14.36, 
          8.79
        ]
      ]
    }
  }, 
  "room_num": 7, 
  "verts": [
    [
      0.11, 
      0.1
    ], 
    [
      0.1, 
      0.11
    ], 
    [
      0.1, 
      2.03
    ], 
    [
      0.11, 
      2.04
    ], 
    [
      0.11, 
      5.0
    ], 
    [
      0.12, 
      5.01
    ], 
    [
      0.12, 
      7.98
    ], 
    [
      0.13, 
      7.99
    ], 
    [
      0.13, 
      10.95
    ], 
    [
      0.14, 
      10.96
    ], 
    [
      0.14, 
      13.92
    ], 
    [
      0.15, 
      13.93
    ], 
    [
      0.15, 
      15.3
    ], 
    [
      13.99, 
      15.3
    ], 
    [
      13.99, 
      13.87
    ], 
    [
      13.98, 
      13.86
    ], 
    [
      13.98, 
      10.79
    ], 
    [
      13.97, 
      10.78
    ], 
    [
      13.97, 
      8.79
    ], 
    [
      13.96, 
      8.79
    ], 
    [
      13.95, 
      8.8
    ], 
    [
      13.89, 
      8.8
    ], 
    [
      13.87, 
      8.78
    ], 
    [
      13.87, 
      8.76
    ], 
    [
      13.85, 
      8.76
    ], 
    [
      13.83, 
      8.74
    ], 
    [
      13.83, 
      2.65
    ], 
    [
      13.84, 
      2.64
    ], 
    [
      13.91, 
      2.64
    ], 
    [
      13.92, 
      2.63
    ], 
    [
      13.95, 
      2.63
    ], 
    [
      13.95, 
      1.32
    ], 
    [
      13.94, 
      1.31
    ], 
    [
      13.94, 
      0.1
    ]
  ], 
  "bbox": {
    "max": [
      13.99, 
      15.3
    ], 
    "min": [
      0.1, 
      0.1
    ]
  }, 
  "id": "d3fb754ac4166739015ef233e77ac707"
}