{
  "room_category": {
    "Garage": {
      "simulation_statistics": [
        {
          "not_completed_agents": 0, 
          "max_evacuation_time": 16.80003, 
          "min_evacuation_time": 7.000009, 
          "exit_flow_rate": 0.35714221938889396, 
          "completed_agents": 6, 
          "max_traveled_distance": 19.882311, 
          "avg_evacuation_time": 10.925021166666667, 
          "avg_traveled_distance": 12.945802833333333, 
          "min_traveled_distance": 7.612854
        }
      ], 
      "bounds": [
        [
          2.97, 
          5.96, 
          8.96, 
          11.02
        ]
      ]
    }, 
    "Living_Room": {
      "simulation_statistics": [
        {
          "not_completed_agents": 0, 
          "max_evacuation_time": 13.200032, 
          "min_evacuation_time": 5.050001, 
          "exit_flow_rate": 0.30302956841316747, 
          "completed_agents": 4, 
          "max_traveled_distance": 16.182312, 
          "avg_evacuation_time": 7.5125105, 
          "avg_traveled_distance": 9.5520075, 
          "min_traveled_distance": 6.830998
        }
      ], 
      "bounds": [
        [
          -0.02, 
          5.97, 
          3.09, 
          11.72
        ]
      ]
    }, 
    "Kitchen": {
      "simulation_statistics": [
        {
          "not_completed_agents": 0, 
          "max_evacuation_time": 1.899999, 
          "min_evacuation_time": 0.0, 
          "exit_flow_rate": 2.631580332410701, 
          "completed_agents": 5, 
          "max_traveled_distance": 2.465734, 
          "avg_evacuation_time": 0.9099997999999999, 
          "avg_traveled_distance": 1.1717114, 
          "min_traveled_distance": 0.0
        }
      ], 
      "bounds": [
        [
          1.49, 
          -0.03, 
          8.95, 
          3.19
        ]
      ]
    }
  }, 
  "room_num": 5, 
  "verts": [
    [
      0.11, 
      0.1
    ], 
    [
      0.1, 
      0.11
    ], 
    [
      0.1, 
      10.86
    ], 
    [
      2.95, 
      10.86
    ], 
    [
      2.95, 
      7.98
    ], 
    [
      2.96, 
      7.97
    ], 
    [
      2.96, 
      7.68
    ], 
    [
      2.97, 
      7.67
    ], 
    [
      3.07, 
      7.67
    ], 
    [
      3.08, 
      7.68
    ], 
    [
      3.08, 
      7.86
    ], 
    [
      5.05, 
      7.86
    ], 
    [
      5.07, 
      7.88
    ], 
    [
      5.07, 
      7.97
    ], 
    [
      5.08, 
      7.98
    ], 
    [
      5.08, 
      10.86
    ], 
    [
      8.84, 
      10.86
    ], 
    [
      8.84, 
      6.07
    ], 
    [
      3.08, 
      6.07
    ], 
    [
      3.08, 
      6.66
    ], 
    [
      3.07, 
      6.67
    ], 
    [
      2.97, 
      6.67
    ], 
    [
      2.96, 
      6.66
    ], 
    [
      2.96, 
      6.07
    ], 
    [
      1.49, 
      6.07
    ], 
    [
      1.48, 
      6.06
    ], 
    [
      1.48, 
      5.96
    ], 
    [
      1.49, 
      5.95
    ], 
    [
      3.2, 
      5.95
    ], 
    [
      3.21, 
      5.96
    ], 
    [
      8.84, 
      5.96
    ], 
    [
      8.84, 
      0.1
    ]
  ], 
  "bbox": {
    "max": [
      8.84, 
      10.86
    ], 
    "min": [
      0.1, 
      0.1
    ]
  }, 
  "id": "d492a83ad5794ce5f8d83a566ddf33aa"
}