{
  "room_category": {
    "Room": {
      "simulation_statistics": [
        {
          "not_completed_agents": 0, 
          "max_evacuation_time": 150.004547, 
          "min_evacuation_time": 150.004547, 
          "exit_flow_rate": 0.0, 
          "completed_agents": 0, 
          "max_traveled_distance": 1.10821, 
          "avg_evacuation_time": 150.004547, 
          "avg_traveled_distance": 1.10821, 
          "min_traveled_distance": 1.10821
        }
      ], 
      "bounds": [
        [
          1.96, 
          2.91, 
          3.39, 
          3.01
        ], 
        [
          -0.05, 
          2.48, 
          2.01, 
          5.66
        ]
      ]
    }, 
    "Bedroom": {
      "simulation_statistics": [
        {
          "not_completed_agents": 0, 
          "max_evacuation_time": 150.004547, 
          "min_evacuation_time": 1.999999, 
          "exit_flow_rate": 0.0066664645839035796, 
          "completed_agents": 1, 
          "max_traveled_distance": 18.983252, 
          "avg_evacuation_time": 113.00341, 
          "avg_traveled_distance": 10.12836325, 
          "min_traveled_distance": 1.804083
        }
      ], 
      "bounds": [
        [
          1.83, 
          -0.6, 
          5.9, 
          4.8
        ]
      ]
    }
  }, 
  "room_num": 3, 
  "verts": [
    [
      5.46, 
      0.1
    ], 
    [
      5.45, 
      0.11
    ], 
    [
      4.84, 
      0.11
    ], 
    [
      4.83, 
      0.12
    ], 
    [
      4.09, 
      0.12
    ], 
    [
      4.08, 
      0.13
    ], 
    [
      3.45, 
      0.13
    ], 
    [
      3.44, 
      0.14
    ], 
    [
      2.81, 
      0.14
    ], 
    [
      2.8, 
      0.15
    ], 
    [
      2.17, 
      0.15
    ], 
    [
      2.16, 
      0.16
    ], 
    [
      1.95, 
      0.16
    ], 
    [
      1.95, 
      0.17
    ], 
    [
      1.94, 
      0.18
    ], 
    [
      1.94, 
      0.34
    ], 
    [
      1.95, 
      0.35
    ], 
    [
      1.95, 
      0.94
    ], 
    [
      1.96, 
      0.95
    ], 
    [
      1.96, 
      1.54
    ], 
    [
      1.97, 
      1.55
    ], 
    [
      1.97, 
      2.14
    ], 
    [
      1.98, 
      2.15
    ], 
    [
      1.98, 
      2.47
    ], 
    [
      1.97, 
      2.48
    ], 
    [
      1.97, 
      2.69
    ], 
    [
      1.98, 
      2.7
    ], 
    [
      1.98, 
      2.9
    ], 
    [
      2.01, 
      2.9
    ], 
    [
      2.02, 
      2.91
    ], 
    [
      3.38, 
      2.91
    ], 
    [
      3.39, 
      2.9
    ], 
    [
      3.4, 
      2.91
    ], 
    [
      3.4, 
      3.01
    ], 
    [
      3.39, 
      3.02
    ], 
    [
      1.98, 
      3.02
    ], 
    [
      1.98, 
      3.08
    ], 
    [
      1.97, 
      3.09
    ], 
    [
      1.83, 
      3.09
    ], 
    [
      1.82, 
      3.08
    ], 
    [
      1.82, 
      2.59
    ], 
    [
      0.11, 
      2.59
    ], 
    [
      0.1, 
      2.6
    ], 
    [
      0.1, 
      5.55
    ], 
    [
      1.81, 
      5.55
    ], 
    [
      1.81, 
      4.25
    ], 
    [
      1.82, 
      4.24
    ], 
    [
      1.82, 
      4.1
    ], 
    [
      1.83, 
      4.09
    ], 
    [
      1.99, 
      4.09
    ], 
    [
      2.0, 
      4.1
    ], 
    [
      2.0, 
      4.13
    ], 
    [
      2.18, 
      4.13
    ], 
    [
      2.19, 
      4.12
    ], 
    [
      2.75, 
      4.12
    ], 
    [
      2.76, 
      4.11
    ], 
    [
      3.32, 
      4.11
    ], 
    [
      3.33, 
      4.1
    ], 
    [
      3.89, 
      4.1
    ], 
    [
      3.9, 
      4.09
    ], 
    [
      4.49, 
      4.09
    ], 
    [
      4.5, 
      4.08
    ], 
    [
      5.03, 
      4.08
    ], 
    [
      5.04, 
      4.07
    ], 
    [
      5.6, 
      4.07
    ], 
    [
      5.61, 
      4.06
    ], 
    [
      5.79, 
      4.06
    ], 
    [
      5.79, 
      3.88
    ], 
    [
      5.78, 
      3.87
    ], 
    [
      5.78, 
      3.28
    ], 
    [
      5.77, 
      3.27
    ], 
    [
      5.77, 
      2.68
    ], 
    [
      5.76, 
      2.67
    ], 
    [
      5.76, 
      2.09
    ], 
    [
      5.75, 
      2.08
    ], 
    [
      5.75, 
      1.34
    ], 
    [
      5.74, 
      1.33
    ], 
    [
      5.74, 
      0.56
    ], 
    [
      5.73, 
      0.55
    ], 
    [
      5.73, 
      0.1
    ]
  ], 
  "bbox": {
    "max": [
      5.79, 
      5.55
    ], 
    "min": [
      0.1, 
      0.1
    ]
  }, 
  "id": "d568793d1644981f2576389fa688a040"
}