{
  "room_category": {
    "Toilet": {
      "simulation_statistics": [
        {
          "not_completed_agents": 0, 
          "max_evacuation_time": 150.004547, 
          "min_evacuation_time": 10.400022, 
          "exit_flow_rate": 0.0066664645839035796, 
          "completed_agents": 1, 
          "max_traveled_distance": 11.760256, 
          "avg_evacuation_time": 80.2022845, 
          "avg_traveled_distance": 6.398859, 
          "min_traveled_distance": 1.037462
        }
      ], 
      "bounds": [
        [
          9.4, 
          4.09, 
          11.74, 
          7.98
        ]
      ]
    }, 
    "Office": {
      "simulation_statistics": [
        {
          "not_completed_agents": 0, 
          "max_evacuation_time": 9.050016, 
          "min_evacuation_time": 0.25, 
          "exit_flow_rate": 2.8729230975945237, 
          "completed_agents": 26, 
          "max_traveled_distance": 11.558939, 
          "avg_evacuation_time": 4.321155961538461, 
          "avg_traveled_distance": 5.577366153846153, 
          "min_traveled_distance": 0.516167
        }
      ], 
      "bounds": [
        [
          -0.02, 
          -0.03, 
          11.8, 
          10.99
        ]
      ]
    }
  }, 
  "room_num": 3, 
  "verts": [
    [
      0.11, 
      0.1
    ], 
    [
      0.1, 
      0.11
    ], 
    [
      0.1, 
      6.97
    ], 
    [
      3.78, 
      6.97
    ], 
    [
      3.8, 
      6.99
    ], 
    [
      3.8, 
      9.66
    ], 
    [
      3.79, 
      9.67
    ], 
    [
      3.7, 
      9.67
    ], 
    [
      3.69, 
      9.66
    ], 
    [
      3.69, 
      7.08
    ], 
    [
      0.1, 
      7.08
    ], 
    [
      0.1, 
      10.83
    ], 
    [
      3.69, 
      10.83
    ], 
    [
      3.69, 
      10.68
    ], 
    [
      3.7, 
      10.67
    ], 
    [
      3.79, 
      10.67
    ], 
    [
      3.8, 
      10.68
    ], 
    [
      3.8, 
      10.83
    ], 
    [
      11.67, 
      10.83
    ], 
    [
      11.67, 
      7.29
    ], 
    [
      10.93, 
      7.29
    ], 
    [
      10.92, 
      7.28
    ], 
    [
      10.92, 
      7.19
    ], 
    [
      10.93, 
      7.18
    ], 
    [
      11.67, 
      7.18
    ], 
    [
      11.67, 
      4.2
    ], 
    [
      9.51, 
      4.2
    ], 
    [
      9.51, 
      7.18
    ], 
    [
      9.93, 
      7.18
    ], 
    [
      9.94, 
      7.19
    ], 
    [
      9.94, 
      7.28
    ], 
    [
      9.93, 
      7.29
    ], 
    [
      9.41, 
      7.29
    ], 
    [
      9.4, 
      7.28
    ], 
    [
      9.4, 
      4.09
    ], 
    [
      9.41, 
      4.08
    ], 
    [
      11.67, 
      4.08
    ], 
    [
      11.67, 
      0.1
    ]
  ], 
  "bbox": {
    "max": [
      11.67, 
      10.83
    ], 
    "min": [
      0.1, 
      0.1
    ]
  }, 
  "id": "d755feb1587e04e44ca752b08d41f0f4"
}