{
  "room_category": {
    "Dining_Room": {
      "simulation_statistics": [
        {
          "not_completed_agents": 0, 
          "max_evacuation_time": 24.949905, 
          "min_evacuation_time": 13.250032, 
          "exit_flow_rate": 0.3206425034484099, 
          "completed_agents": 8, 
          "max_traveled_distance": 22.063536, 
          "avg_evacuation_time": 18.624993, 
          "avg_traveled_distance": 18.695030625, 
          "min_traveled_distance": 16.412666
        }
      ], 
      "bounds": [
        [
          11.02, 
          5.4, 
          17.19, 
          11.98
        ]
      ]
    }, 
    "Living_Room": {
      "simulation_statistics": [
        {
          "not_completed_agents": 0, 
          "max_evacuation_time": 2.899998, 
          "min_evacuation_time": 0.0, 
          "exit_flow_rate": 3.103450416172701, 
          "completed_agents": 9, 
          "max_traveled_distance": 3.604865, 
          "avg_evacuation_time": 1.8777769999999998, 
          "avg_traveled_distance": 2.3813234444444444, 
          "min_traveled_distance": 0.0
        }
      ], 
      "bounds": [
        [
          1.22, 
          -0.02, 
          8.58, 
          6.06
        ]
      ]
    }, 
    "Kitchen": {
      "simulation_statistics": [
        {
          "not_completed_agents": 0, 
          "max_evacuation_time": 26.249886, 
          "min_evacuation_time": 10.850023, 
          "exit_flow_rate": 0.3047632283050677, 
          "completed_agents": 8, 
          "max_traveled_distance": 20.596884, 
          "avg_evacuation_time": 17.968736625, 
          "avg_traveled_distance": 17.946064624999998, 
          "min_traveled_distance": 13.76053
        }
      ], 
      "bounds": [
        [
          11.02, 
          5.4, 
          17.19, 
          11.98
        ]
      ]
    }
  }, 
  "room_num": 4, 
  "verts": [
    [
      1.36, 
      0.1
    ], 
    [
      1.35, 
      0.11
    ], 
    [
      1.35, 
      5.96
    ], 
    [
      8.48, 
      5.96
    ], 
    [
      8.48, 
      4.4
    ], 
    [
      8.49, 
      4.39
    ], 
    [
      8.61, 
      4.39
    ], 
    [
      8.62, 
      4.4
    ], 
    [
      8.62, 
      5.89
    ], 
    [
      8.61, 
      5.9
    ], 
    [
      8.61, 
      7.33
    ], 
    [
      8.6, 
      7.34
    ], 
    [
      8.49, 
      7.34
    ], 
    [
      8.48, 
      7.33
    ], 
    [
      8.48, 
      6.08
    ], 
    [
      0.11, 
      6.08
    ], 
    [
      0.1, 
      6.09
    ], 
    [
      0.1, 
      11.82
    ], 
    [
      0.11, 
      11.82
    ], 
    [
      0.12, 
      11.83
    ], 
    [
      2.05, 
      11.83
    ], 
    [
      2.06, 
      11.84
    ], 
    [
      4.31, 
      11.84
    ], 
    [
      4.32, 
      11.85
    ], 
    [
      6.56, 
      11.85
    ], 
    [
      6.57, 
      11.86
    ], 
    [
      8.48, 
      11.86
    ], 
    [
      8.48, 
      8.49
    ], 
    [
      8.49, 
      8.48
    ], 
    [
      8.6, 
      8.48
    ], 
    [
      8.61, 
      8.49
    ], 
    [
      8.61, 
      10.26
    ], 
    [
      8.6, 
      10.27
    ], 
    [
      8.6, 
      11.86
    ], 
    [
      11.01, 
      11.86
    ], 
    [
      11.01, 
      10.31
    ], 
    [
      11.02, 
      10.3
    ], 
    [
      11.12, 
      10.3
    ], 
    [
      11.13, 
      10.31
    ], 
    [
      11.13, 
      11.86
    ], 
    [
      12.18, 
      11.86
    ], 
    [
      12.19, 
      11.85
    ], 
    [
      13.8, 
      11.85
    ], 
    [
      13.81, 
      11.84
    ], 
    [
      15.41, 
      11.84
    ], 
    [
      15.42, 
      11.83
    ], 
    [
      16.95, 
      11.83
    ], 
    [
      16.96, 
      11.82
    ], 
    [
      17.06, 
      11.82
    ], 
    [
      17.06, 
      5.52
    ], 
    [
      11.15, 
      5.52
    ], 
    [
      11.15, 
      7.35
    ], 
    [
      11.14, 
      7.36
    ], 
    [
      11.14, 
      9.15
    ], 
    [
      11.13, 
      9.16
    ], 
    [
      11.03, 
      9.16
    ], 
    [
      11.02, 
      9.15
    ], 
    [
      11.02, 
      5.86
    ], 
    [
      11.03, 
      5.85
    ], 
    [
      11.03, 
      5.41
    ], 
    [
      11.02, 
      5.4
    ], 
    [
      11.02, 
      2.81
    ], 
    [
      8.62, 
      2.81
    ], 
    [
      8.62, 
      3.24
    ], 
    [
      8.61, 
      3.25
    ], 
    [
      8.49, 
      3.25
    ], 
    [
      8.48, 
      3.24
    ], 
    [
      8.48, 
      2.7
    ], 
    [
      8.47, 
      2.69
    ], 
    [
      8.47, 
      0.1
    ]
  ], 
  "bbox": {
    "max": [
      17.06, 
      11.86
    ], 
    "min": [
      0.1, 
      0.1
    ]
  }, 
  "id": "d7fadde82f56df32a1b636911d127cbb"
}