{
  "room_category": {
    "Room": {
      "simulation_statistics": [
        {
          "not_completed_agents": 0, 
          "max_evacuation_time": 3.199998, 
          "min_evacuation_time": 0.0, 
          "exit_flow_rate": 2.8125017578135987, 
          "completed_agents": 9, 
          "max_traveled_distance": 4.138943, 
          "avg_evacuation_time": 1.6444437777777778, 
          "avg_traveled_distance": 2.1344293333333333, 
          "min_traveled_distance": 0.0
        }
      ], 
      "bounds": [
        [
          -0.01, 
          -0.02, 
          7.3, 
          6.02
        ]
      ]
    }, 
    "Bedroom": {
      "simulation_statistics": [
        {
          "not_completed_agents": 0, 
          "max_evacuation_time": 150.004547, 
          "min_evacuation_time": 150.004547, 
          "exit_flow_rate": 0.0, 
          "completed_agents": 0, 
          "max_traveled_distance": 19.273361, 
          "avg_evacuation_time": 150.004547, 
          "avg_traveled_distance": 13.240297875, 
          "min_traveled_distance": 0.920915
        }
      ], 
      "bounds": [
        [
          7.21, 
          -0.02, 
          15.16, 
          5.31
        ]
      ]
    }
  }, 
  "room_num": 6, 
  "verts": [
    [
      0.11, 
      0.1
    ], 
    [
      0.1, 
      0.11
    ], 
    [
      0.1, 
      5.18
    ], 
    [
      7.23, 
      5.18
    ], 
    [
      7.24, 
      5.17
    ], 
    [
      8.46, 
      5.17
    ], 
    [
      8.47, 
      5.18
    ], 
    [
      11.44, 
      5.18
    ], 
    [
      11.45, 
      5.19
    ], 
    [
      11.45, 
      5.36
    ], 
    [
      11.44, 
      5.37
    ], 
    [
      8.58, 
      5.37
    ], 
    [
      8.58, 
      11.61
    ], 
    [
      13.53, 
      11.61
    ], 
    [
      13.53, 
      5.37
    ], 
    [
      13.3, 
      5.37
    ], 
    [
      13.29, 
      5.36
    ], 
    [
      13.29, 
      5.19
    ], 
    [
      13.3, 
      5.18
    ], 
    [
      13.64, 
      5.18
    ], 
    [
      13.65, 
      5.17
    ], 
    [
      15.05, 
      5.17
    ], 
    [
      15.05, 
      4.69
    ], 
    [
      15.06, 
      4.68
    ], 
    [
      15.16, 
      4.68
    ], 
    [
      15.17, 
      4.69
    ], 
    [
      15.17, 
      5.16
    ], 
    [
      18.39, 
      5.16
    ], 
    [
      18.39, 
      0.1
    ], 
    [
      15.17, 
      0.1
    ], 
    [
      15.17, 
      3.67
    ], 
    [
      15.16, 
      3.68
    ], 
    [
      15.06, 
      3.68
    ], 
    [
      15.05, 
      3.67
    ], 
    [
      15.06, 
      3.66
    ], 
    [
      15.06, 
      3.62
    ], 
    [
      15.05, 
      3.61
    ], 
    [
      15.05, 
      0.1
    ], 
    [
      7.31, 
      0.1
    ], 
    [
      7.31, 
      4.67
    ], 
    [
      7.3, 
      4.68
    ], 
    [
      7.15, 
      4.68
    ], 
    [
      7.14, 
      4.67
    ], 
    [
      7.14, 
      3.83
    ], 
    [
      7.15, 
      3.82
    ], 
    [
      7.15, 
      2.98
    ], 
    [
      7.16, 
      2.97
    ], 
    [
      7.16, 
      2.12
    ], 
    [
      7.17, 
      2.11
    ], 
    [
      7.17, 
      1.27
    ], 
    [
      7.18, 
      1.26
    ], 
    [
      7.18, 
      0.42
    ], 
    [
      7.19, 
      0.41
    ], 
    [
      7.19, 
      0.1
    ]
  ], 
  "bbox": {
    "max": [
      18.39, 
      11.61
    ], 
    "min": [
      0.1, 
      0.1
    ]
  }, 
  "id": "d8a68f13fb4c42fbfd11fbf33a26726b"
}