{
  "room_category": {
    "Toilet": {
      "simulation_statistics": [
        {
          "not_completed_agents": 0, 
          "max_evacuation_time": 150.004547, 
          "min_evacuation_time": 0.0, 
          "exit_flow_rate": 0.0066664645839035796, 
          "completed_agents": 1, 
          "max_traveled_distance": 18.924482, 
          "avg_evacuation_time": 112.50341025, 
          "avg_traveled_distance": 12.3462785, 
          "min_traveled_distance": 0.0
        }
      ], 
      "bounds": [
        [
          4.85, 
          -0.03, 
          8.98, 
          5.31
        ]
      ]
    }, 
    "Living_Room": {
      "simulation_statistics": [
        {
          "not_completed_agents": 0, 
          "max_evacuation_time": 150.004547, 
          "min_evacuation_time": 0.0, 
          "exit_flow_rate": 0.0333323229195179, 
          "completed_agents": 5, 
          "max_traveled_distance": 19.294037, 
          "avg_evacuation_time": 98.19221085714285, 
          "avg_traveled_distance": 11.408833285714286, 
          "min_traveled_distance": 0.0
        }
      ], 
      "bounds": [
        [
          -1.05, 
          0.03, 
          8.96, 
          7.03
        ]
      ]
    }, 
    "Kitchen": {
      "simulation_statistics": [
        {
          "not_completed_agents": 0, 
          "max_evacuation_time": 150.004547, 
          "min_evacuation_time": 0.0, 
          "exit_flow_rate": 0.05999818125513222, 
          "completed_agents": 9, 
          "max_traveled_distance": 19.0434, 
          "avg_evacuation_time": 57.640914928571426, 
          "avg_traveled_distance": 9.327299214285715, 
          "min_traveled_distance": 0.0
        }
      ], 
      "bounds": [
        [
          -1.01, 
          -0.03, 
          9.04, 
          6.97
        ]
      ]
    }
  }, 
  "room_num": 4, 
  "verts": [
    [
      6.61, 
      0.1
    ], 
    [
      6.6, 
      0.11
    ], 
    [
      6.6, 
      1.65
    ], 
    [
      6.59, 
      1.66
    ], 
    [
      6.49, 
      1.66
    ], 
    [
      6.48, 
      1.65
    ], 
    [
      6.48, 
      1.27
    ], 
    [
      4.05, 
      1.27
    ], 
    [
      4.04, 
      1.28
    ], 
    [
      4.04, 
      3.47
    ], 
    [
      4.03, 
      3.48
    ], 
    [
      4.03, 
      3.56
    ], 
    [
      4.01, 
      3.58
    ], 
    [
      3.93, 
      3.58
    ], 
    [
      3.92, 
      3.59
    ], 
    [
      0.11, 
      3.59
    ], 
    [
      0.1, 
      3.6
    ], 
    [
      0.1, 
      6.84
    ], 
    [
      8.85, 
      6.84
    ], 
    [
      8.85, 
      2.84
    ], 
    [
      6.49, 
      2.84
    ], 
    [
      6.48, 
      2.83
    ], 
    [
      6.48, 
      2.41
    ], 
    [
      6.49, 
      2.4
    ], 
    [
      6.59, 
      2.4
    ], 
    [
      6.6, 
      2.41
    ], 
    [
      6.6, 
      2.73
    ], 
    [
      8.85, 
      2.73
    ], 
    [
      8.85, 
      0.1
    ]
  ], 
  "bbox": {
    "max": [
      8.85, 
      6.84
    ], 
    "min": [
      0.1, 
      0.1
    ]
  }, 
  "id": "da7ac8711a9eaf37417bc3cda4d1db6f"
}