{
  "room_category": {
    "Living_Room": {
      "simulation_statistics": [
        {
          "not_completed_agents": 0, 
          "max_evacuation_time": 2.149999, 
          "min_evacuation_time": 0.0, 
          "exit_flow_rate": 2.3255824770151055, 
          "completed_agents": 5, 
          "max_traveled_distance": 2.463461, 
          "avg_evacuation_time": 0.5599998, 
          "avg_traveled_distance": 0.6234042000000001, 
          "min_traveled_distance": 0.0
        }
      ], 
      "bounds": [
        [
          -0.07, 
          -0.02, 
          5.19, 
          5.17
        ]
      ]
    }, 
    "Bedroom": {
      "simulation_statistics": [
        {
          "not_completed_agents": 0, 
          "max_evacuation_time": 13.850035, 
          "min_evacuation_time": 0.0, 
          "exit_flow_rate": 0.5776158688407647, 
          "completed_agents": 8, 
          "max_traveled_distance": 15.929703, 
          "avg_evacuation_time": 3.193754125, 
          "avg_traveled_distance": 3.801681125, 
          "min_traveled_distance": 0.0
        }
      ], 
      "bounds": [
        [
          0.06, 
          0.03, 
          10.57, 
          3.82
        ]
      ]
    }
  }, 
  "room_num": 2, 
  "verts": [
    [
      0.11, 
      0.1
    ], 
    [
      0.1, 
      0.11
    ], 
    [
      0.1, 
      2.95
    ], 
    [
      0.16, 
      2.95
    ], 
    [
      0.17, 
      2.96
    ], 
    [
      0.17, 
      3.72
    ], 
    [
      1.66, 
      3.72
    ], 
    [
      1.66, 
      3.21
    ], 
    [
      1.67, 
      3.2
    ], 
    [
      1.76, 
      3.2
    ], 
    [
      1.77, 
      3.21
    ], 
    [
      1.77, 
      3.82
    ], 
    [
      1.76, 
      3.83
    ], 
    [
      0.1, 
      3.83
    ], 
    [
      0.1, 
      5.06
    ], 
    [
      5.06, 
      5.06
    ], 
    [
      5.06, 
      2.74
    ], 
    [
      2.64, 
      2.74
    ], 
    [
      2.62, 
      2.72
    ], 
    [
      2.62, 
      2.63
    ], 
    [
      2.64, 
      2.61
    ], 
    [
      5.06, 
      2.61
    ], 
    [
      5.08, 
      2.63
    ], 
    [
      5.08, 
      2.68
    ], 
    [
      5.08, 
      2.67
    ], 
    [
      5.12, 
      2.63
    ], 
    [
      5.13, 
      2.63
    ], 
    [
      5.14, 
      2.62
    ], 
    [
      5.17, 
      2.62
    ], 
    [
      5.18, 
      2.61
    ], 
    [
      10.45, 
      2.61
    ], 
    [
      10.45, 
      0.14
    ], 
    [
      5.18, 
      0.14
    ], 
    [
      5.18, 
      0.67
    ], 
    [
      5.17, 
      0.68
    ], 
    [
      5.08, 
      0.68
    ], 
    [
      5.07, 
      0.67
    ], 
    [
      5.07, 
      0.14
    ], 
    [
      2.64, 
      0.14
    ], 
    [
      2.63, 
      0.13
    ], 
    [
      2.63, 
      0.1
    ]
  ], 
  "bbox": {
    "max": [
      10.45, 
      5.06
    ], 
    "min": [
      0.1, 
      0.1
    ]
  }, 
  "id": "dc0c988ab0ed66a93071ca0d6ed0a8df"
}