{
  "room_category": {
    "Kitchen": {
      "simulation_statistics": [
        {
          "not_completed_agents": 0, 
          "max_evacuation_time": 150.004547, 
          "min_evacuation_time": 1.1, 
          "exit_flow_rate": 0.0066664645839035796, 
          "completed_agents": 1, 
          "max_traveled_distance": 18.493557, 
          "avg_evacuation_time": 125.1871225, 
          "avg_traveled_distance": 7.554739666666666, 
          "min_traveled_distance": 0.920485
        }
      ], 
      "bounds": [
        [
          3.59, 
          0.5, 
          9.28, 
          5.69
        ]
      ]
    }, 
    "Bedroom": {
      "simulation_statistics": [
        {
          "not_completed_agents": 0, 
          "max_evacuation_time": 2.049999, 
          "min_evacuation_time": 0.0, 
          "exit_flow_rate": 2.9268306960149735, 
          "completed_agents": 6, 
          "max_traveled_distance": 2.172521, 
          "avg_evacuation_time": 0.6999998333333334, 
          "avg_traveled_distance": 0.8260766666666667, 
          "min_traveled_distance": 0.0
        }
      ], 
      "bounds": [
        [
          -0.02, 
          -0.01, 
          5.71, 
          5.18
        ]
      ]
    }
  }, 
  "room_num": 2, 
  "verts": [
    [
      0.11, 
      0.1
    ], 
    [
      0.1, 
      0.11
    ], 
    [
      0.1, 
      5.07
    ], 
    [
      4.09, 
      5.07
    ], 
    [
      4.09, 
      2.76
    ], 
    [
      4.1, 
      2.75
    ], 
    [
      4.19, 
      2.75
    ], 
    [
      4.2, 
      2.76
    ], 
    [
      4.2, 
      5.08
    ], 
    [
      5.07, 
      5.08
    ], 
    [
      5.07, 
      2.87
    ], 
    [
      5.08, 
      2.86
    ], 
    [
      5.17, 
      2.86
    ], 
    [
      5.18, 
      2.87
    ], 
    [
      5.18, 
      5.18
    ], 
    [
      5.17, 
      5.19
    ], 
    [
      4.21, 
      5.19
    ], 
    [
      4.21, 
      5.58
    ], 
    [
      9.17, 
      5.58
    ], 
    [
      9.17, 
      0.61
    ], 
    [
      4.21, 
      0.61
    ], 
    [
      4.21, 
      0.83
    ], 
    [
      5.17, 
      0.83
    ], 
    [
      5.18, 
      0.84
    ], 
    [
      5.18, 
      2.11
    ], 
    [
      5.17, 
      2.12
    ], 
    [
      5.08, 
      2.12
    ], 
    [
      5.07, 
      2.11
    ], 
    [
      5.07, 
      0.95
    ], 
    [
      4.2, 
      0.95
    ], 
    [
      4.2, 
      2.0
    ], 
    [
      4.19, 
      2.01
    ], 
    [
      4.1, 
      2.01
    ], 
    [
      4.09, 
      2.0
    ], 
    [
      4.09, 
      0.95
    ], 
    [
      2.59, 
      0.95
    ], 
    [
      2.57, 
      0.93
    ], 
    [
      2.57, 
      0.84
    ], 
    [
      2.56, 
      0.83
    ], 
    [
      2.56, 
      0.1
    ]
  ], 
  "bbox": {
    "max": [
      9.17, 
      5.58
    ], 
    "min": [
      0.1, 
      0.1
    ]
  }, 
  "id": "dd15e1d3b16a8241e29c227f8cb38981"
}