{
  "room_category": {
    "Toilet": {
      "simulation_statistics": [
        {
          "not_completed_agents": 0, 
          "max_evacuation_time": 12.050028, 
          "min_evacuation_time": 5.550003, 
          "exit_flow_rate": 0.24896207710056775, 
          "completed_agents": 3, 
          "max_traveled_distance": 10.619322, 
          "avg_evacuation_time": 9.066683333333332, 
          "avg_traveled_distance": 8.415586666666668, 
          "min_traveled_distance": 6.365579
        }, 
        {
          "not_completed_agents": 0, 
          "max_evacuation_time": 23.499928, 
          "min_evacuation_time": 20.599972, 
          "exit_flow_rate": 0.08510664373099355, 
          "completed_agents": 2, 
          "max_traveled_distance": 28.378973, 
          "avg_evacuation_time": 22.049950000000003, 
          "avg_traveled_distance": 27.765409499999997, 
          "min_traveled_distance": 27.151846
        }
      ], 
      "bounds": [
        [
          19.08, 
          5.96, 
          24.82, 
          8.86
        ], 
        [
          18.55, 
          23.81, 
          21.77, 
          27.59
        ]
      ]
    }, 
    "Bathroom": {
      "simulation_statistics": [
        {
          "not_completed_agents": 0, 
          "max_evacuation_time": 15.500041, 
          "min_evacuation_time": 6.950008, 
          "exit_flow_rate": 0.19354787513142707, 
          "completed_agents": 3, 
          "max_traveled_distance": 10.671189, 
          "avg_evacuation_time": 11.000023666666666, 
          "avg_traveled_distance": 8.985054333333332, 
          "min_traveled_distance": 6.734635
        }, 
        {
          "not_completed_agents": 0, 
          "max_evacuation_time": 40.149673, 
          "min_evacuation_time": 21.39996, 
          "exit_flow_rate": 0.049813606202969575, 
          "completed_agents": 2, 
          "max_traveled_distance": 35.584015, 
          "avg_evacuation_time": 30.7748165, 
          "avg_traveled_distance": 31.0786565, 
          "min_traveled_distance": 26.573298
        }
      ], 
      "bounds": [
        [
          19.08, 
          5.96, 
          24.82, 
          8.86
        ], 
        [
          18.55, 
          23.81, 
          21.77, 
          27.59
        ]
      ]
    }, 
    "Room": [
      [
        22.05, 
        5.99, 
        22.88, 
        8.24
      ], 
      [
        8.54, 
        29.93, 
        9.19, 
        32.8
      ]
    ], 
    "Office": {
      "simulation_statistics": [
        {
          "not_completed_agents": 0, 
          "max_evacuation_time": 41.849648, 
          "min_evacuation_time": 18.400005, 
          "exit_flow_rate": 0.09558025434288, 
          "completed_agents": 4, 
          "max_traveled_distance": 39.142082, 
          "avg_evacuation_time": 27.87486075, 
          "avg_traveled_distance": 29.34684325, 
          "min_traveled_distance": 24.548899
        }
      ], 
      "bounds": [
        [
          17.94, 
          20.67, 
          24.84, 
          23.9
        ]
      ]
    }, 
    "Living_Room": {
      "simulation_statistics": [
        {
          "not_completed_agents": 0, 
          "max_evacuation_time": 72.999855, 
          "min_evacuation_time": 27.499866, 
          "exit_flow_rate": 0.24657583223966678, 
          "completed_agents": 18, 
          "max_traveled_distance": 65.735229, 
          "avg_evacuation_time": 43.880248333333334, 
          "avg_traveled_distance": 43.91919727777778, 
          "min_traveled_distance": 32.669445
        }
      ], 
      "bounds": [
        [
          6.84, 
          20.67, 
          16.55, 
          30.03
        ]
      ]
    }, 
    "Garage": {
      "simulation_statistics": [
        {
          "not_completed_agents": 0, 
          "max_evacuation_time": 67.499519, 
          "min_evacuation_time": 41.69965, 
          "exit_flow_rate": 0.20740888538776103, 
          "completed_agents": 14, 
          "max_traveled_distance": 65.876038, 
          "avg_evacuation_time": 53.7709255, 
          "avg_traveled_distance": 56.41972707142857, 
          "min_traveled_distance": 49.628956
        }
      ], 
      "bounds": [
        [
          -0.01, 
          32.18, 
          9.16, 
          39.96
        ]
      ]
    }, 
    "Bedroom": {
      "simulation_statistics": [
        {
          "not_completed_agents": 0, 
          "max_evacuation_time": 14.500037, 
          "min_evacuation_time": 0.0, 
          "exit_flow_rate": 0.9655147776519466, 
          "completed_agents": 14, 
          "max_traveled_distance": 11.033487, 
          "avg_evacuation_time": 2.928574571428572, 
          "avg_traveled_distance": 2.9865675714285715, 
          "min_traveled_distance": 0.0
        }, 
        {
          "not_completed_agents": 0, 
          "max_evacuation_time": 39.349686, 
          "min_evacuation_time": 16.15004, 
          "exit_flow_rate": 0.1524789803913556, 
          "completed_agents": 6, 
          "max_traveled_distance": 34.728065, 
          "avg_evacuation_time": 25.858225, 
          "avg_traveled_distance": 26.388469, 
          "min_traveled_distance": 20.131212
        }, 
        {
          "not_completed_agents": 0, 
          "max_evacuation_time": 47.749557, 
          "min_evacuation_time": 19.249992, 
          "exit_flow_rate": 0.041885205343371035, 
          "completed_agents": 2, 
          "max_traveled_distance": 40.291759, 
          "avg_evacuation_time": 33.4997745, 
          "avg_traveled_distance": 32.557228, 
          "min_traveled_distance": 24.822697
        }, 
        {
          "not_completed_agents": 0, 
          "max_evacuation_time": 46.89957, 
          "min_evacuation_time": 22.69994, 
          "exit_flow_rate": 0.12793294266877075, 
          "completed_agents": 6, 
          "max_traveled_distance": 46.743721, 
          "avg_evacuation_time": 32.5164565, 
          "avg_traveled_distance": 35.36061016666667, 
          "min_traveled_distance": 27.443003
        }
      ], 
      "bounds": [
        [
          16.43, 
          -0.02, 
          24.81, 
          8.25
        ], 
        [
          16.44, 
          8.16, 
          22.18, 
          13.11
        ], 
        [
          21.68, 
          23.78, 
          24.84, 
          27.59
        ], 
        [
          19.88, 
          26.89, 
          24.86, 
          32.83
        ]
      ]
    }, 
    "Dining_Room": {
      "simulation_statistics": [
        {
          "not_completed_agents": 0, 
          "max_evacuation_time": 150.004547, 
          "min_evacuation_time": 17.650017, 
          "exit_flow_rate": 0.13999575626197516, 
          "completed_agents": 21, 
          "max_traveled_distance": 68.172943, 
          "avg_evacuation_time": 65.08635659090909, 
          "avg_traveled_distance": 53.07966181818181, 
          "min_traveled_distance": 9.517056
        }
      ], 
      "bounds": [
        [
          -0.03, 
          17.46, 
          7.02, 
          32.81
        ]
      ]
    }, 
    "Kitchen": {
      "simulation_statistics": [
        {
          "not_completed_agents": 0, 
          "max_evacuation_time": 150.004547, 
          "min_evacuation_time": 39.349686, 
          "exit_flow_rate": 0.1333292916780716, 
          "completed_agents": 20, 
          "max_traveled_distance": 70.834251, 
          "avg_evacuation_time": 71.12745759090909, 
          "avg_traveled_distance": 53.683068, 
          "min_traveled_distance": 11.015261
        }
      ], 
      "bounds": [
        [
          -0.03, 
          17.46, 
          7.02, 
          32.81
        ]
      ]
    }
  }, 
  "room_num": 19,