{
  "room_category": {
    "Hallway": {
      "simulation_statistics": [
        {
          "not_completed_agents": 0, 
          "max_evacuation_time": 25.499897, 
          "min_evacuation_time": 9.750019, 
          "exit_flow_rate": 0.3529426020818829, 
          "completed_agents": 9, 
          "max_traveled_distance": 30.868816, 
          "avg_evacuation_time": 15.133345111111112, 
          "avg_traveled_distance": 18.603033222222223, 
          "min_traveled_distance": 11.76883
        }, 
        {
          "not_completed_agents": 0, 
          "max_evacuation_time": 74.149925, 
          "min_evacuation_time": 6.350006, 
          "exit_flow_rate": 0.4989890414589091, 
          "completed_agents": 37, 
          "max_traveled_distance": 71.190765, 
          "avg_evacuation_time": 32.67006110810811, 
          "avg_traveled_distance": 32.613688108108114, 
          "min_traveled_distance": 8.338223
        }
      ], 
      "bounds": [
        [
          13.18, 
          8.85, 
          17.04, 
          20.81
        ], 
        [
          0.03, 
          7.61, 
          23.22, 
          15.65
        ]
      ]
    }, 
    "Bathroom": {
      "simulation_statistics": [
        {
          "not_completed_agents": 0, 
          "max_evacuation_time": 62.799328, 
          "min_evacuation_time": 24.749908, 
          "exit_flow_rate": 0.1592373727311222, 
          "completed_agents": 10, 
          "max_traveled_distance": 63.591366, 
          "avg_evacuation_time": 41.444653699999996, 
          "avg_traveled_distance": 49.7640676, 
          "min_traveled_distance": 33.962666
        }, 
        {
          "not_completed_agents": 0, 
          "max_evacuation_time": 66.049431, 
          "min_evacuation_time": 16.250038, 
          "exit_flow_rate": 0.07570087923997408, 
          "completed_agents": 5, 
          "max_traveled_distance": 57.764378, 
          "avg_evacuation_time": 30.889845400000002, 
          "avg_traveled_distance": 32.1167522, 
          "min_traveled_distance": 18.954868
        }
      ], 
      "bounds": [
        [
          17.18, 
          20.67, 
          23.26, 
          29.0
        ], 
        [
          8.15, 
          10.41, 
          13.36, 
          15.65
        ]
      ]
    }, 
    "Office": {
      "simulation_statistics": [
        {
          "not_completed_agents": 0, 
          "max_evacuation_time": 4.299998, 
          "min_evacuation_time": 0.35, 
          "exit_flow_rate": 1.8604659816120843, 
          "completed_agents": 8, 
          "max_traveled_distance": 5.383492, 
          "avg_evacuation_time": 2.59374875, 
          "avg_traveled_distance": 3.274879125, 
          "min_traveled_distance": 0.434273
        }, 
        {
          "not_completed_agents": 0, 
          "max_evacuation_time": 13.800035, 
          "min_evacuation_time": 2.749999, 
          "exit_flow_rate": 1.3043445179668023, 
          "completed_agents": 18, 
          "max_traveled_distance": 15.124891, 
          "avg_evacuation_time": 8.627793166666667, 
          "avg_traveled_distance": 9.453901055555555, 
          "min_traveled_distance": 2.752837
        }
      ], 
      "bounds": [
        [
          11.85, 
          -0.06, 
          16.53, 
          8.34
        ], 
        [
          0.01, 
          -0.04, 
          11.93, 
          7.72
        ]
      ]
    }, 
    "Gym": {
      "simulation_statistics": [
        {
          "not_completed_agents": 0, 
          "max_evacuation_time": 9.800019, 
          "min_evacuation_time": 3.799998, 
          "exit_flow_rate": 1.1224468034194626, 
          "completed_agents": 11, 
          "max_traveled_distance": 10.467669, 
          "avg_evacuation_time": 6.800008, 
          "avg_traveled_distance": 7.845041909090909, 
          "min_traveled_distance": 4.401655
        }
      ], 
      "bounds": [
        [
          16.4, 
          -0.04, 
          23.24, 
          8.34
        ]
      ]
    }, 
    "Garage": {
      "simulation_statistics": [
        {
          "not_completed_agents": 0, 
          "max_evacuation_time": 71.049736, 
          "min_evacuation_time": 26.149887, 
          "exit_flow_rate": 0.2955676007015705, 
          "completed_agents": 21, 
          "max_traveled_distance": 65.959747, 
          "avg_evacuation_time": 49.29719547619048, 
          "avg_traveled_distance": 52.392486999999996, 
          "min_traveled_distance": 34.073563
        }
      ], 
      "bounds": [
        [
          -0.69, 
          20.64, 
          11.85, 
          29.04
        ]
      ]
    }, 
    "Bedroom": {
      "simulation_statistics": [
        {
          "not_completed_agents": 0, 
          "max_evacuation_time": 53.049477, 
          "min_evacuation_time": 16.950027, 
          "exit_flow_rate": 0.09425163607173732, 
          "completed_agents": 5, 
          "max_traveled_distance": 63.87149, 
          "avg_evacuation_time": 33.15978, 
          "avg_traveled_distance": 39.349741, 
          "min_traveled_distance": 21.369326
        }, 
        {
          "not_completed_agents": 0, 
          "max_evacuation_time": 42.849632, 
          "min_evacuation_time": 17.650017, 
          "exit_flow_rate": 0.16336196306189982, 
          "completed_agents": 7, 
          "max_traveled_distance": 52.163155, 
          "avg_evacuation_time": 32.42836271428571, 
          "avg_traveled_distance": 37.76582442857143, 
          "min_traveled_distance": 22.263548
        }, 
        {
          "not_completed_agents": 0, 
          "max_evacuation_time": 72.599831, 
          "min_evacuation_time": 13.150032, 
          "exit_flow_rate": 0.0964189572287021, 
          "completed_agents": 7, 
          "max_traveled_distance": 61.431343, 
          "avg_evacuation_time": 37.57836714285714, 
          "avg_traveled_distance": 35.61002114285714, 
          "min_traveled_distance": 16.336264
        }
      ], 
      "bounds": [
        [
          8.08, 
          15.56, 
          13.32, 
          20.71
        ], 
        [
          16.31, 
          15.58, 
          23.26, 
          20.76
        ], 
        [
          16.35, 
          10.45, 
          23.24, 
          15.67
        ]
      ]
    }, 
    "Dining_Room": {
      "simulation_statistics": [
        {
          "not_completed_agents": 0, 
          "max_evacuation_time": 54.14946, 
          "min_evacuation_time": 17.45002, 
          "exit_flow_rate": 0.12927183392041214, 
          "completed_agents": 7, 
          "max_traveled_distance": 60.733566, 
          "avg_evacuation_time": 37.299717, 
          "avg_traveled_distance": 39.510382428571425, 
          "min_traveled_distance": 21.096731
        }
      ], 
      "bounds": [
        [
          2.65, 
          9.85, 
          8.23, 
          15.68
        ]
      ]
    }, 
    "Hall": {
      "simulation_statistics": [
        {
          "not_completed_agents": 0, 
          "max_evacuation_time": 59.34938, 
          "min_evacuation_time": 18.10001, 
          "exit_flow_rate": 0.21904188384107806, 
          "completed_agents": 13, 
          "max_traveled_distance": 66.604851, 
          "avg_evacuation_time": 38.761233153846156, 
          "avg_traveled_distance": 49.35355215384615, 
          "min_traveled_distance": 24.122971
        }
      ], 
      "bounds": [
        [
          11.06, 
          20.66, 
          17.97, 
          29.75
        ]
      ]
    }, 
    "Kitchen": {
      "simulation_statistics": [
        {
          "not_completed_agents": 0, 
          "max_evacuation_time": 33.899769, 
          "min_evacuation_time": 21.34996, 
          "exit_flow_rate": 0.29498726082764753,