{
  "room_category": {
    "Hallway": {
      "simulation_statistics": [
        {
          "not_completed_agents": 0, 
          "max_evacuation_time": 19.249992, 
          "min_evacuation_time": 5.950005, 
          "exit_flow_rate": 0.1558442206105852, 
          "completed_agents": 3, 
          "max_traveled_distance": 15.036451, 
          "avg_evacuation_time": 11.400004333333333, 
          "avg_traveled_distance": 11.673051333333333, 
          "min_traveled_distance": 7.415177
        }
      ], 
      "bounds": [
        [
          7.5, 
          7.85, 
          10.28, 
          13.82
        ]
      ]
    }, 
    "Office": {
      "simulation_statistics": [
        {
          "not_completed_agents": 0, 
          "max_evacuation_time": 25.399899, 
          "min_evacuation_time": 10.500022, 
          "exit_flow_rate": 0.11811070587327925, 
          "completed_agents": 3, 
          "max_traveled_distance": 17.688723, 
          "avg_evacuation_time": 15.933316, 
          "avg_traveled_distance": 14.468421999999999, 
          "min_traveled_distance": 12.45528
        }
      ], 
      "bounds": [
        [
          9.56, 
          10.7, 
          14.76, 
          13.82
        ]
      ]
    }, 
    "Toilet": {
      "simulation_statistics": [
        {
          "not_completed_agents": 0, 
          "max_evacuation_time": 28.049858, 
          "min_evacuation_time": 8.500014, 
          "exit_flow_rate": 0.21390482618485981, 
          "completed_agents": 6, 
          "max_traveled_distance": 21.552279, 
          "avg_evacuation_time": 16.67498133333333, 
          "avg_traveled_distance": 15.908297166666665, 
          "min_traveled_distance": 12.305443
        }
      ], 
      "bounds": [
        [
          9.56, 
          7.87, 
          14.77, 
          13.67
        ]
      ]
    }, 
    "Storage": {
      "simulation_statistics": [
        {
          "not_completed_agents": 0, 
          "max_evacuation_time": 9.600019, 
          "min_evacuation_time": 6.400006, 
          "exit_flow_rate": 0.6249987630232815, 
          "completed_agents": 6, 
          "max_traveled_distance": 11.48572, 
          "avg_evacuation_time": 7.850011833333333, 
          "avg_traveled_distance": 10.504142333333332, 
          "min_traveled_distance": 8.40749
        }
      ], 
      "bounds": [
        [
          9.54, 
          5.44, 
          14.78, 
          10.7
        ]
      ]
    }, 
    "Garage": {
      "simulation_statistics": [
        {
          "not_completed_agents": 0, 
          "max_evacuation_time": 9.95002, 
          "min_evacuation_time": 4.399999, 
          "exit_flow_rate": 0.603013863288717, 
          "completed_agents": 6, 
          "max_traveled_distance": 10.150193, 
          "avg_evacuation_time": 6.7666745, 
          "avg_traveled_distance": 7.955039333333333, 
          "min_traveled_distance": 5.315607
        }
      ], 
      "bounds": [
        [
          9.57, 
          -0.05, 
          14.71, 
          5.53
        ]
      ]
    }, 
    "Bedroom": {
      "simulation_statistics": [
        {
          "not_completed_agents": 0, 
          "max_evacuation_time": 20.549973, 
          "min_evacuation_time": 7.700011, 
          "exit_flow_rate": 0.24330932210957162, 
          "completed_agents": 5, 
          "max_traveled_distance": 14.117397, 
          "avg_evacuation_time": 12.300011399999999, 
          "avg_traveled_distance": 12.3197216, 
          "min_traveled_distance": 10.198687
        }
      ], 
      "bounds": [
        [
          3.72, 
          7.87, 
          8.2, 
          13.81
        ]
      ]
    }, 
    "Wardrobe": {
      "simulation_statistics": [
        {
          "not_completed_agents": 0, 
          "max_evacuation_time": 21.599957, 
          "min_evacuation_time": 14.000035, 
          "exit_flow_rate": 0.23148194230201477, 
          "completed_agents": 5, 
          "max_traveled_distance": 19.661516, 
          "avg_evacuation_time": 16.910016, 
          "avg_traveled_distance": 17.528596200000003, 
          "min_traveled_distance": 15.149613
        }
      ], 
      "bounds": [
        [
          -0.02, 
          7.87, 
          3.84, 
          13.79
        ]
      ]
    }, 
    "Hall": {
      "simulation_statistics": [
        {
          "not_completed_agents": 0, 
          "max_evacuation_time": 5.650003, 
          "min_evacuation_time": 0.0, 
          "exit_flow_rate": 1.7699105646492577, 
          "completed_agents": 10, 
          "max_traveled_distance": 6.154659, 
          "avg_evacuation_time": 2.9399995999999997, 
          "avg_traveled_distance": 3.4362586999999998, 
          "min_traveled_distance": 0.0
        }
      ], 
      "bounds": [
        [
          3.72, 
          -0.03, 
          9.69, 
          7.99
        ]
      ]
    }, 
    "Kitchen": {
      "simulation_statistics": [
        {
          "not_completed_agents": 0, 
          "max_evacuation_time": 5.800004, 
          "min_evacuation_time": 3.849998, 
          "exit_flow_rate": 0.6896546967898642, 
          "completed_agents": 4, 
          "max_traveled_distance": 5.537969, 
          "avg_evacuation_time": 4.8125005, 
          "avg_traveled_distance": 5.229868, 
          "min_traveled_distance": 5.022057
        }
      ], 
      "bounds": [
        [
          0.0, 
          2.91, 
          3.92, 
          7.95
        ]
      ]
    }
  }, 
  "room_num": 10,