{
  "room_category": {
    "Toilet": {
      "simulation_statistics": [
        {
          "not_completed_agents": 0, 
          "max_evacuation_time": 12.70003, 
          "min_evacuation_time": 0.0, 
          "exit_flow_rate": 1.3385795151664996, 
          "completed_agents": 17, 
          "max_traveled_distance": 14.390135, 
          "avg_evacuation_time": 3.2411775882352942, 
          "avg_traveled_distance": 3.709651705882353, 
          "min_traveled_distance": 0.0
        }
      ], 
      "bounds": [
        [
          -0.04, 
          -0.04, 
          10.3, 
          8.02
        ]
      ]
    }, 
    "Bathroom": {
      "simulation_statistics": [
        {
          "not_completed_agents": 0, 
          "max_evacuation_time": 11.550026, 
          "min_evacuation_time": 0.0, 
          "exit_flow_rate": 1.4718581585876949, 
          "completed_agents": 17, 
          "max_traveled_distance": 13.217643, 
          "avg_evacuation_time": 3.0764713529411765, 
          "avg_traveled_distance": 3.4230520588235294, 
          "min_traveled_distance": 0.0
        }
      ], 
      "bounds": [
        [
          -0.04, 
          -0.04, 
          10.3, 
          8.02
        ]
      ]
    }, 
    "Garage": {
      "simulation_statistics": [
        {
          "not_completed_agents": 0, 
          "max_evacuation_time": 6.550007, 
          "min_evacuation_time": 3.399998, 
          "exit_flow_rate": 0.7633579628235512, 
          "completed_agents": 5, 
          "max_traveled_distance": 6.498824, 
          "avg_evacuation_time": 4.9200012, 
          "avg_traveled_distance": 5.676514, 
          "min_traveled_distance": 4.260429
        }
      ], 
      "bounds": [
        [
          10.17, 
          -0.02, 
          13.48, 
          7.77
        ]
      ]
    }
  }, 
  "room_num": 2, 
  "verts": [
    [
      6.29, 
      0.1
    ], 
    [
      6.28, 
      0.11
    ], 
    [
      5.55, 
      0.11
    ], 
    [
      5.54, 
      0.12
    ], 
    [
      4.81, 
      0.12
    ], 
    [
      4.8, 
      0.13
    ], 
    [
      4.07, 
      0.13
    ], 
    [
      4.06, 
      0.14
    ], 
    [
      3.33, 
      0.14
    ], 
    [
      3.32, 
      0.15
    ], 
    [
      2.59, 
      0.15
    ], 
    [
      2.58, 
      0.16
    ], 
    [
      1.85, 
      0.16
    ], 
    [
      1.84, 
      0.17
    ], 
    [
      1.11, 
      0.17
    ], 
    [
      1.1, 
      0.18
    ], 
    [
      0.37, 
      0.18
    ], 
    [
      0.36, 
      0.19
    ], 
    [
      0.11, 
      0.19
    ], 
    [
      0.1, 
      0.2
    ], 
    [
      0.1, 
      7.12
    ], 
    [
      10.19, 
      7.12
    ], 
    [
      10.19, 
      6.29
    ], 
    [
      10.2, 
      6.28
    ], 
    [
      10.2, 
      2.74
    ], 
    [
      10.19, 
      2.73
    ], 
    [
      10.19, 
      0.1
    ]
  ], 
  "bbox": {
    "max": [
      10.2, 
      7.12
    ], 
    "min": [
      0.1, 
      0.1
    ]
  }, 
  "id": "e14b30eda5c722e0da5d2bbe195068f3"
}