{
  "room_category": {
    "Hallway": {
      "simulation_statistics": [
        {
          "not_completed_agents": 0, 
          "max_evacuation_time": 3.449998, 
          "min_evacuation_time": 0.0, 
          "exit_flow_rate": 2.0289866834705412, 
          "completed_agents": 7, 
          "max_traveled_distance": 4.353876, 
          "avg_evacuation_time": 1.8928562857142859, 
          "avg_traveled_distance": 2.322576857142857, 
          "min_traveled_distance": 0.0
        }
      ], 
      "bounds": [
        [
          4.54, 
          -0.02, 
          9.73, 
          6.53
        ]
      ]
    }, 
    "Entryway": {
      "simulation_statistics": [
        {
          "not_completed_agents": 0, 
          "max_evacuation_time": 6.300006, 
          "min_evacuation_time": 2.449999, 
          "exit_flow_rate": 0.9523800453523378, 
          "completed_agents": 6, 
          "max_traveled_distance": 5.463973, 
          "avg_evacuation_time": 4.358333666666667, 
          "avg_traveled_distance": 4.011698333333333, 
          "min_traveled_distance": 2.365171
        }
      ], 
      "bounds": [
        [
          -0.79, 
          0.73, 
          4.71, 
          5.92
        ]
      ]
    }
  }, 
  "room_num": 3, 
  "verts": [
    [
      4.66, 
      0.1
    ], 
    [
      4.66, 
      0.73
    ], 
    [
      4.65, 
      0.74
    ], 
    [
      4.65, 
      1.87
    ], 
    [
      4.64, 
      1.88
    ], 
    [
      4.54, 
      1.88
    ], 
    [
      4.53, 
      1.87
    ], 
    [
      4.53, 
      0.85
    ], 
    [
      0.11, 
      0.85
    ], 
    [
      0.1, 
      0.86
    ], 
    [
      0.1, 
      5.81
    ], 
    [
      4.53, 
      5.81
    ], 
    [
      4.53, 
      4.99
    ], 
    [
      4.54, 
      4.98
    ], 
    [
      4.64, 
      4.98
    ], 
    [
      4.65, 
      4.99
    ], 
    [
      4.65, 
      5.92
    ], 
    [
      4.66, 
      5.93
    ], 
    [
      4.66, 
      6.41
    ], 
    [
      7.14, 
      6.41
    ], 
    [
      7.15, 
      6.42
    ], 
    [
      9.63, 
      6.42
    ], 
    [
      9.63, 
      4.51
    ], 
    [
      9.64, 
      4.5
    ], 
    [
      9.74, 
      4.5
    ], 
    [
      9.75, 
      4.51
    ], 
    [
      9.75, 
      6.42
    ], 
    [
      14.39, 
      6.42
    ], 
    [
      14.39, 
      0.1
    ], 
    [
      9.75, 
      0.1
    ], 
    [
      9.75, 
      0.85
    ], 
    [
      9.74, 
      0.86
    ], 
    [
      9.64, 
      0.86
    ], 
    [
      9.63, 
      0.85
    ], 
    [
      9.63, 
      0.1
    ]
  ], 
  "bbox": {
    "max": [
      14.39, 
      6.42
    ], 
    "min": [
      0.1, 
      0.1
    ]
  }, 
  "id": "e15f69354d89916d73a7bd25e201d7e5"
}