{
  "room_category": {
    "Gym": {
      "simulation_statistics": [
        {
          "not_completed_agents": 0, 
          "max_evacuation_time": 2.749999, 
          "min_evacuation_time": 0.0, 
          "exit_flow_rate": 1.8181824793390835, 
          "completed_agents": 5, 
          "max_traveled_distance": 3.42935, 
          "avg_evacuation_time": 1.0099996, 
          "avg_traveled_distance": 1.2527726, 
          "min_traveled_distance": 0.0
        }
      ], 
      "bounds": [
        [
          -0.05, 
          -0.01, 
          4.18, 
          6.14
        ]
      ]
    }, 
    "Dining_Room": {
      "simulation_statistics": [
        {
          "not_completed_agents": 0, 
          "max_evacuation_time": 13.100032, 
          "min_evacuation_time": 5.050001, 
          "exit_flow_rate": 0.5343498397561166, 
          "completed_agents": 7, 
          "max_traveled_distance": 11.761061, 
          "avg_evacuation_time": 9.000016285714285, 
          "avg_traveled_distance": 9.324713285714285, 
          "min_traveled_distance": 6.357575
        }
      ], 
      "bounds": [
        [
          -0.64, 
          6.01, 
          4.17, 
          12.79
        ]
      ]
    }, 
    "Kitchen": {
      "simulation_statistics": [
        {
          "not_completed_agents": 0, 
          "max_evacuation_time": 10.550022, 
          "min_evacuation_time": 5.850004, 
          "exit_flow_rate": 0.6635057253909044, 
          "completed_agents": 7, 
          "max_traveled_distance": 12.862801, 
          "avg_evacuation_time": 8.507157142857142, 
          "avg_traveled_distance": 9.384450857142857, 
          "min_traveled_distance": 6.256909
        }
      ], 
      "bounds": [
        [
          -0.64, 
          6.01, 
          4.17, 
          12.79
        ]
      ]
    }
  }, 
  "room_num": 2, 
  "verts": [
    [
      0.11, 
      0.1
    ], 
    [
      0.1, 
      0.11
    ], 
    [
      0.1, 
      6.0
    ], 
    [
      1.63, 
      6.0
    ], 
    [
      1.64, 
      6.01
    ], 
    [
      3.14, 
      6.01
    ], 
    [
      3.15, 
      6.02
    ], 
    [
      3.15, 
      6.12
    ], 
    [
      3.14, 
      6.13
    ], 
    [
      1.55, 
      6.13
    ], 
    [
      1.54, 
      6.12
    ], 
    [
      0.1, 
      6.12
    ], 
    [
      0.1, 
      12.65
    ], 
    [
      4.06, 
      12.65
    ], 
    [
      4.06, 
      0.1
    ]
  ], 
  "bbox": {
    "max": [
      4.06, 
      12.65
    ], 
    "min": [
      0.1, 
      0.1
    ]
  }, 
  "id": "e22e0f4084ab3a8be6f60ecebeb959db"
}