{
  "room_category": {
    "Toilet": {
      "simulation_statistics": [
        {
          "not_completed_agents": 0, 
          "max_evacuation_time": 150.004547, 
          "min_evacuation_time": 12.350029, 
          "exit_flow_rate": 0.026665858335614318, 
          "completed_agents": 4, 
          "max_traveled_distance": 24.945539, 
          "avg_evacuation_time": 64.23481116666666, 
          "avg_traveled_distance": 16.262428166666666, 
          "min_traveled_distance": 3.428238
        }
      ], 
      "bounds": [
        [
          9.58, 
          -0.01, 
          14.82, 
          6.13
        ]
      ]
    }, 
    "Bathroom": {
      "simulation_statistics": [
        {
          "not_completed_agents": 0, 
          "max_evacuation_time": 150.004547, 
          "min_evacuation_time": 13.350033, 
          "exit_flow_rate": 0.026665858335614318, 
          "completed_agents": 4, 
          "max_traveled_distance": 19.651684, 
          "avg_evacuation_time": 62.359838833333335, 
          "avg_traveled_distance": 13.309694166666667, 
          "min_traveled_distance": 2.037698
        }
      ], 
      "bounds": [
        [
          9.58, 
          -0.01, 
          14.82, 
          6.13
        ]
      ]
    }, 
    "Gym": {
      "simulation_statistics": [
        {
          "not_completed_agents": 0, 
          "max_evacuation_time": 150.004547, 
          "min_evacuation_time": 27.349869, 
          "exit_flow_rate": 0.0066664645839035796, 
          "completed_agents": 1, 
          "max_traveled_distance": 21.402225, 
          "avg_evacuation_time": 137.7390792, 
          "avg_traveled_distance": 13.485143500000001, 
          "min_traveled_distance": 1.01354
        }
      ], 
      "bounds": [
        [
          9.6, 
          2.61, 
          15.52, 
          10.69
        ]
      ]
    }, 
    "Living_Room": {
      "simulation_statistics": [
        {
          "not_completed_agents": 0, 
          "max_evacuation_time": 33.19978, 
          "min_evacuation_time": 3.599998, 
          "exit_flow_rate": 0.18072408913553042, 
          "completed_agents": 6, 
          "max_traveled_distance": 17.12878, 
          "avg_evacuation_time": 23.391557000000002, 
          "avg_traveled_distance": 13.801690833333334, 
          "min_traveled_distance": 3.661191
        }
      ], 
      "bounds": [
        [
          -0.03, 
          4.64, 
          5.16, 
          10.73
        ]
      ]
    }, 
    "Bedroom": {
      "simulation_statistics": [
        {
          "not_completed_agents": 0, 
          "max_evacuation_time": 23.899921, 
          "min_evacuation_time": 11.350025, 
          "exit_flow_rate": 0.16736456994983373, 
          "completed_agents": 4, 
          "max_traveled_distance": 17.001732, 
          "avg_evacuation_time": 17.02500075, 
          "avg_traveled_distance": 15.8839305, 
          "min_traveled_distance": 14.27832
        }, 
        {
          "not_completed_agents": 0, 
          "max_evacuation_time": 21.34996, 
          "min_evacuation_time": 0.7, 
          "exit_flow_rate": 0.1873539809910651, 
          "completed_agents": 4, 
          "max_traveled_distance": 12.652942, 
          "avg_evacuation_time": 12.462507, 
          "avg_traveled_distance": 9.6204685, 
          "min_traveled_distance": 0.782924
        }, 
        {
          "not_completed_agents": 0, 
          "max_evacuation_time": 1.55, 
          "min_evacuation_time": 0.0, 
          "exit_flow_rate": 1.9354838709677418, 
          "completed_agents": 3, 
          "max_traveled_distance": 1.70917, 
          "avg_evacuation_time": 0.8333333333333334, 
          "avg_traveled_distance": 0.8832933333333334, 
          "min_traveled_distance": 0.0
        }
      ], 
      "bounds": [
        [
          5.4, 
          0.02, 
          9.69, 
          5.22
        ], 
        [
          1.71, 
          0.01, 
          5.48, 
          5.22
        ], 
        [
          0.02, 
          -0.03, 
          2.78, 
          4.62
        ]
      ]
    }, 
    "Dining_Room": {
      "simulation_statistics": [
        {
          "not_completed_agents": 0, 
          "max_evacuation_time": 31.499805, 
          "min_evacuation_time": 5.050001, 
          "exit_flow_rate": 0.19047736962181194, 
          "completed_agents": 6, 
          "max_traveled_distance": 17.471052, 
          "avg_evacuation_time": 13.708290166666666, 
          "avg_traveled_distance": 11.574432333333334, 
          "min_traveled_distance": 6.384576
        }
      ], 
      "bounds": [
        [
          4.21, 
          4.97, 
          9.68, 
          10.71
        ]
      ]
    }, 
    "Kitchen": {
      "simulation_statistics": [
        {
          "not_completed_agents": 0, 
          "max_evacuation_time": 22.199947, 
          "min_evacuation_time": 4.549999, 
          "exit_flow_rate": 0.2702709155116451, 
          "completed_agents": 6, 
          "max_traveled_distance": 19.068426, 
          "avg_evacuation_time": 11.908338666666666, 
          "avg_traveled_distance": 12.345374166666666, 
          "min_traveled_distance": 5.871289
        }
      ], 
      "bounds": [
        [
          4.21, 
          4.97, 
          9.68, 
          10.71
        ]
      ]
    }
  }, 
  "room_num": 8,