{
  "room_category": {
    "Garage": {
      "simulation_statistics": [
        {
          "not_completed_agents": 0, 
          "max_evacuation_time": 150.004547, 
          "min_evacuation_time": 0.0, 
          "exit_flow_rate": 0.03999878750342148, 
          "completed_agents": 6, 
          "max_traveled_distance": 18.289064, 
          "avg_evacuation_time": 38.3636365, 
          "avg_traveled_distance": 5.438484375, 
          "min_traveled_distance": 0.0
        }
      ], 
      "bounds": [
        [
          -0.02, 
          -0.01, 
          5.8, 
          6.96
        ]
      ]
    }, 
    "Room": [
      [
        5.05, 
        6.88, 
        5.21, 
        12.45
      ], 
      [
        5.08, 
        -0.01, 
        19.57, 
        0.12
      ], 
      [
        5.09, 
        12.36, 
        13.0, 
        12.46
      ], 
      [
        2.76, 
        12.3, 
        5.17, 
        12.48
      ]
    ], 
    "Kitchen": {
      "simulation_statistics": [
        {
          "not_completed_agents": 0, 
          "max_evacuation_time": 150.004547, 
          "min_evacuation_time": 0.0, 
          "exit_flow_rate": 0.04666525208732506, 
          "completed_agents": 7, 
          "max_traveled_distance": 7.805056, 
          "avg_evacuation_time": 20.544319, 
          "avg_traveled_distance": 2.205810375, 
          "min_traveled_distance": 0.0
        }, 
        {
          "not_completed_agents": 0, 
          "max_evacuation_time": 150.004547, 
          "min_evacuation_time": 150.004547, 
          "exit_flow_rate": 0.0, 
          "completed_agents": 0, 
          "max_traveled_distance": 17.768152, 
          "avg_evacuation_time": 150.004547, 
          "avg_traveled_distance": 15.374343222222222, 
          "min_traveled_distance": 12.610573
        }
      ], 
      "bounds": [
        [
          -0.02, 
          -0.01, 
          5.8, 
          6.96
        ], 
        [
          5.1, 
          6.86, 
          13.03, 
          12.45
        ]
      ]
    }
  }, 
  "room_num": 9, 
  "verts": [
    [
      0.11, 
      0.1
    ], 
    [
      0.1, 
      0.11
    ], 
    [
      0.1, 
      5.07
    ], 
    [
      2.19, 
      5.07
    ], 
    [
      2.2, 
      5.08
    ], 
    [
      2.23, 
      5.08
    ], 
    [
      2.24, 
      5.09
    ], 
    [
      2.25, 
      5.09
    ], 
    [
      2.29, 
      5.13
    ], 
    [
      2.29, 
      5.14
    ], 
    [
      2.3, 
      5.15
    ], 
    [
      2.3, 
      5.18
    ], 
    [
      2.31, 
      5.19
    ], 
    [
      2.31, 
      12.28
    ], 
    [
      2.44, 
      12.28
    ], 
    [
      2.45, 
      12.29
    ], 
    [
      2.6, 
      12.29
    ], 
    [
      2.61, 
      12.3
    ], 
    [
      2.75, 
      12.3
    ], 
    [
      2.76, 
      12.31
    ], 
    [
      2.79, 
      12.31
    ], 
    [
      2.8, 
      12.32
    ], 
    [
      2.97, 
      12.32
    ], 
    [
      2.98, 
      12.33
    ], 
    [
      2.98, 
      12.43
    ], 
    [
      2.97, 
      12.44
    ], 
    [
      2.87, 
      12.44
    ], 
    [
      2.87, 
      13.46
    ], 
    [
      2.86, 
      13.47
    ], 
    [
      2.86, 
      18.81
    ], 
    [
      3.1, 
      19.05
    ], 
    [
      3.11, 
      19.05
    ], 
    [
      3.41, 
      19.35
    ], 
    [
      3.42, 
      19.35
    ], 
    [
      4.38, 
      20.31
    ], 
    [
      4.39, 
      20.31
    ], 
    [
      4.66, 
      20.58
    ], 
    [
      7.78, 
      20.58
    ], 
    [
      7.78, 
      20.2
    ], 
    [
      7.77, 
      20.19
    ], 
    [
      7.77, 
      19.21
    ], 
    [
      7.76, 
      19.2
    ], 
    [
      7.76, 
      18.21
    ], 
    [
      7.75, 
      18.2
    ], 
    [
      7.75, 
      17.22
    ], 
    [
      7.74, 
      17.21
    ], 
    [
      7.74, 
      16.65
    ], 
    [
      7.73, 
      16.64
    ], 
    [
      7.73, 
      16.57
    ], 
    [
      7.75, 
      16.55
    ], 
    [
      8.52, 
      16.55
    ], 
    [
      8.53, 
      16.56
    ], 
    [
      8.53, 
      16.66
    ], 
    [
      8.52, 
      16.67
    ], 
    [
      7.85, 
      16.67
    ], 
    [
      7.85, 
      17.21
    ], 
    [
      7.86, 
      17.22
    ], 
    [
      7.86, 
      18.2
    ], 
    [
      7.87, 
      18.21
    ], 
    [
      7.87, 
      19.2
    ], 
    [
      7.88, 
      19.21
    ], 
    [
      7.88, 
      20.19
    ], 
    [
      7.89, 
      20.2
    ], 
    [
      7.89, 
      20.69
    ], 
    [
      7.9, 
      20.7
    ], 
    [
      7.9, 
      21.64
    ], 
    [
      12.86, 
      21.64
    ], 
    [
      12.86, 
      16.67
    ], 
    [
      12.18, 
      16.67
    ], 
    [
      12.17, 
      16.66
    ], 
    [
      12.17, 
      16.56
    ], 
    [
      12.18, 
      16.55
    ], 
    [
      12.87, 
      16.55
    ], 
    [
      12.87, 
      15.6
    ], 
    [
      12.88, 
      15.59
    ], 
    [
      12.88, 
      14.43
    ], 
    [
      12.89, 
      14.42
    ], 
    [
      12.89, 
      13.75
    ], 
    [
      12.88, 
      13.74
    ], 
    [
      12.88, 
      13.4
    ], 
    [
      12.89, 
      13.39
    ], 
    [
      12.89, 
      12.47
    ], 
    [
      5.05, 
      12.47
    ], 
    [
      5.04, 
      12.46
    ], 
    [
      4.93, 
      12.46
    ], 
    [
      4.92, 
      12.45
    ], 
    [
      4.92, 
      12.36
    ], 
    [
      4.93, 
      12.35
    ], 
    [
      5.07, 
      12.35
    ], 
    [
      5.07, 
      12.25
    ], 
    [
      5.08, 
      12.24
    ], 
    [
      5.18, 
      12.24
    ], 
    [
      5.19, 
      12.25
    ], 
    [
      5.19, 
      12.35
    ], 
    [
      12.89, 
      12.35
    ], 
    [
      12.89, 
      6.98
    ], 
    [
      5.19, 
      6.98
    ], 
    [
      5.19, 
      7.0
    ], 
    [
      5.2, 
      7.01
    ], 
    [
      5.2, 
      8.64
    ], 
    [
      5.19, 
      8.65
    ], 
    [
      5.19, 
      10.29
    ], 
    [
      5.18, 
      10.3
    ], 
    [
      5.08, 
      10.3
    ], 
    [
      5.07, 
      10.29
    ], 
    [
      5.07, 
      8.55
    ], 
    [
      5.08, 
      8.54
    ], 
    [
      5.08, 
      6.87
    ], 
    [
      5.07, 
      6.86
    ], 
    [
      5.07, 
      5.18
    ], 
    [
      2.8, 
      5.18
    ], 
    [
      2.79, 
      5.17
    ], 
    [
      2.79, 
      5.07
    ], 
    [
      2.8, 
      5.06
    ], 
    [
      5.07, 
      5.06
    ], 
    [
      5.07, 
      1.92
    ], 
    [
      5.06, 
      1.91
    ], 
    [
      5.06, 
      0.13
    ], 
    [
      5.07, 
      0.12
    ], 
    [
      5.07, 
      0.1
    ]
  ], 
  "bbox": {
    "max": [
      12.89, 
      21.64
    ], 
    "min": [
      0.1, 
      0.1
    ]
  }, 
  "id": "e5094d5d684e71949bc73d8c79e079ea"
}