{
  "room_category": {
    "Toilet": {
      "simulation_statistics": [
        {
          "not_completed_agents": 0, 
          "max_evacuation_time": 150.004547, 
          "min_evacuation_time": 3.149998, 
          "exit_flow_rate": 0.10666343334245727, 
          "completed_agents": 16, 
          "max_traveled_distance": 22.024338, 
          "avg_evacuation_time": 17.770857352941178, 
          "avg_traveled_distance": 10.601291058823529, 
          "min_traveled_distance": 4.285603
        }
      ], 
      "bounds": [
        [
          -2.62, 
          4.47, 
          7.88, 
          12.46
        ]
      ]
    }, 
    "Bathroom": {
      "simulation_statistics": [
        {
          "not_completed_agents": 0, 
          "max_evacuation_time": 150.004547, 
          "min_evacuation_time": 2.299999, 
          "exit_flow_rate": 0.08666403959074653, 
          "completed_agents": 13, 
          "max_traveled_distance": 19.983791, 
          "avg_evacuation_time": 42.248131529411765, 
          "avg_traveled_distance": 9.799494588235294, 
          "min_traveled_distance": 3.257088
        }
      ], 
      "bounds": [
        [
          -2.62, 
          4.47, 
          7.88, 
          12.46
        ]
      ]
    }, 
    "Room": {
      "simulation_statistics": [
        {
          "not_completed_agents": 0, 
          "max_evacuation_time": 9.800019, 
          "min_evacuation_time": 0.15, 
          "exit_flow_rate": 3.0612185547803525, 
          "completed_agents": 30, 
          "max_traveled_distance": 12.542557, 
          "avg_evacuation_time": 5.486672666666666, 
          "avg_traveled_distance": 7.123411133333334, 
          "min_traveled_distance": 0.193994
        }
      ], 
      "bounds": [
        [
          -0.01, 
          -0.02, 
          15.21, 
          9.9
        ]
      ]
    }, 
    "Bedroom": {
      "simulation_statistics": [
        {
          "not_completed_agents": 0, 
          "max_evacuation_time": 150.004547, 
          "min_evacuation_time": 3.599998, 
          "exit_flow_rate": 0.08666403959074653, 
          "completed_agents": 13, 
          "max_traveled_distance": 17.616983, 
          "avg_evacuation_time": 41.2422554117647, 
          "avg_traveled_distance": 9.31744817647059, 
          "min_traveled_distance": 4.689362
        }
      ], 
      "bounds": [
        [
          -2.62, 
          4.47, 
          7.88, 
          12.46
        ]
      ]
    }
  }, 
  "room_num": 2, 
  "verts": [
    [
      0.1, 
      0.1
    ], 
    [
      0.1, 
      0.39
    ], 
    [
      0.11, 
      0.4
    ], 
    [
      0.11, 
      4.47
    ], 
    [
      0.1, 
      4.48
    ], 
    [
      0.1, 
      9.11
    ], 
    [
      7.88, 
      9.11
    ], 
    [
      7.9, 
      9.13
    ], 
    [
      7.9, 
      9.79
    ], 
    [
      15.1, 
      9.79
    ], 
    [
      15.1, 
      0.1
    ]
  ], 
  "bbox": {
    "max": [
      15.1, 
      9.79
    ], 
    "min": [
      0.1, 
      0.1
    ]
  }, 
  "id": "e8d218bce9ddeea43ebde82cfc297dbd"
}