{
  "room_category": {
    "Toilet": {
      "simulation_statistics": [
        {
          "not_completed_agents": 0, 
          "max_evacuation_time": 23.049934, 
          "min_evacuation_time": 5.750004, 
          "exit_flow_rate": 0.3036885051384529, 
          "completed_agents": 7, 
          "max_traveled_distance": 15.519522, 
          "avg_evacuation_time": 12.80000657142857, 
          "avg_traveled_distance": 12.050783999999998, 
          "min_traveled_distance": 7.543733
        }
      ], 
      "bounds": [
        [
          5.03, 
          4.45, 
          11.04, 
          10.27
        ]
      ]
    }, 
    "Bathroom": {
      "simulation_statistics": [
        {
          "not_completed_agents": 0, 
          "max_evacuation_time": 21.249962, 
          "min_evacuation_time": 7.800012, 
          "exit_flow_rate": 0.3294123537726797, 
          "completed_agents": 7, 
          "max_traveled_distance": 15.042659, 
          "avg_evacuation_time": 14.107154857142858, 
          "avg_traveled_distance": 12.909900714285714, 
          "min_traveled_distance": 10.115266
        }
      ], 
      "bounds": [
        [
          5.03, 
          4.45, 
          11.04, 
          10.27
        ]
      ]
    }, 
    "Bedroom": {
      "simulation_statistics": [
        {
          "not_completed_agents": 0, 
          "max_evacuation_time": 13.550034, 
          "min_evacuation_time": 4.099998, 
          "exit_flow_rate": 0.4428033169510866, 
          "completed_agents": 6, 
          "max_traveled_distance": 12.705114, 
          "avg_evacuation_time": 7.7416781666666665, 
          "avg_traveled_distance": 8.376449166666667, 
          "min_traveled_distance": 5.141804
        }, 
        {
          "not_completed_agents": 0, 
          "max_evacuation_time": 19.249992, 
          "min_evacuation_time": 10.950024, 
          "exit_flow_rate": 0.3636365147580321, 
          "completed_agents": 7, 
          "max_traveled_distance": 16.783537, 
          "avg_evacuation_time": 14.057168142857142, 
          "avg_traveled_distance": 14.344670428571428, 
          "min_traveled_distance": 12.743882
        }
      ], 
      "bounds": [
        [
          5.08, 
          -0.02, 
          10.97, 
          5.17
        ], 
        [
          5.03, 
          4.45, 
          11.04, 
          10.27
        ]
      ]
    }
  }, 
  "room_num": 3, 
  "verts": [
    [
      0.11, 
      0.1
    ], 
    [
      0.1, 
      0.11
    ], 
    [
      0.1, 
      3.34
    ], 
    [
      5.07, 
      3.34
    ], 
    [
      5.07, 
      1.3
    ], 
    [
      5.08, 
      1.29
    ], 
    [
      5.18, 
      1.29
    ], 
    [
      5.19, 
      1.3
    ], 
    [
      5.19, 
      3.45
    ], 
    [
      5.2, 
      3.46
    ], 
    [
      5.2, 
      5.08
    ], 
    [
      6.09, 
      5.08
    ], 
    [
      6.1, 
      5.09
    ], 
    [
      6.1, 
      5.18
    ], 
    [
      6.09, 
      5.19
    ], 
    [
      5.19, 
      5.19
    ], 
    [
      5.19, 
      5.77
    ], 
    [
      5.18, 
      5.78
    ], 
    [
      5.18, 
      6.77
    ], 
    [
      5.17, 
      6.78
    ], 
    [
      5.17, 
      7.77
    ], 
    [
      5.16, 
      7.78
    ], 
    [
      5.16, 
      8.77
    ], 
    [
      5.15, 
      8.78
    ], 
    [
      5.15, 
      9.77
    ], 
    [
      5.14, 
      9.78
    ], 
    [
      5.14, 
      10.16
    ], 
    [
      10.9, 
      10.16
    ], 
    [
      10.9, 
      5.19
    ], 
    [
      8.45, 
      5.19
    ], 
    [
      8.44, 
      5.18
    ], 
    [
      8.44, 
      5.09
    ], 
    [
      8.45, 
      5.08
    ], 
    [
      10.86, 
      5.08
    ], 
    [
      10.86, 
      0.1
    ], 
    [
      5.19, 
      0.1
    ], 
    [
      5.19, 
      0.34
    ], 
    [
      5.18, 
      0.35
    ], 
    [
      5.08, 
      0.35
    ], 
    [
      5.07, 
      0.34
    ], 
    [
      5.07, 
      0.1
    ]
  ], 
  "bbox": {
    "max": [
      10.9, 
      10.16
    ], 
    "min": [
      0.1, 
      0.1
    ]
  }, 
  "id": "e9ba5195d97a38c4c7a636e17d47b908"
}