{
  "room_category": {
    "Garage": {
      "simulation_statistics": [
        {
          "not_completed_agents": 0, 
          "max_evacuation_time": 10.05002, 
          "min_evacuation_time": 6.850008, 
          "exit_flow_rate": 0.39800915819072996, 
          "completed_agents": 4, 
          "max_traveled_distance": 9.010424, 
          "avg_evacuation_time": 8.28751325, 
          "avg_traveled_distance": 8.283919, 
          "min_traveled_distance": 7.776407
        }, 
        {
          "not_completed_agents": 0, 
          "max_evacuation_time": 6.250006, 
          "min_evacuation_time": 3.049998, 
          "exit_flow_rate": 0.47999953920044236, 
          "completed_agents": 3, 
          "max_traveled_distance": 6.730091, 
          "avg_evacuation_time": 4.983335666666666, 
          "avg_traveled_distance": 5.578309, 
          "min_traveled_distance": 3.894997
        }, 
        {
          "not_completed_agents": 0, 
          "max_evacuation_time": 5.000001, 
          "min_evacuation_time": 0.0, 
          "exit_flow_rate": 1.399999720000056, 
          "completed_agents": 7, 
          "max_traveled_distance": 5.801182, 
          "avg_evacuation_time": 2.507142571428571, 
          "avg_traveled_distance": 3.0220765714285713, 
          "min_traveled_distance": 0.0
        }
      ], 
      "bounds": [
        [
          6.18, 
          -0.02, 
          9.38, 
          5.71
        ], 
        [
          3.08, 
          -0.02, 
          6.27, 
          5.17
        ], 
        [
          -0.07, 
          -0.02, 
          6.23, 
          5.71
        ]
      ]
    }
  }, 
  "room_num": 3, 
  "verts": [
    [
      0.11, 
      0.1
    ], 
    [
      0.1, 
      0.11
    ], 
    [
      0.1, 
      5.06
    ], 
    [
      6.17, 
      5.06
    ], 
    [
      6.17, 
      3.19
    ], 
    [
      6.18, 
      3.18
    ], 
    [
      6.28, 
      3.18
    ], 
    [
      6.29, 
      3.19
    ], 
    [
      6.29, 
      5.06
    ], 
    [
      9.26, 
      5.06
    ], 
    [
      9.26, 
      0.1
    ], 
    [
      6.29, 
      0.1
    ], 
    [
      6.29, 
      1.97
    ], 
    [
      6.28, 
      1.98
    ], 
    [
      6.18, 
      1.98
    ], 
    [
      6.17, 
      1.97
    ], 
    [
      6.17, 
      0.1
    ], 
    [
      3.19, 
      0.1
    ], 
    [
      3.19, 
      3.21
    ], 
    [
      3.18, 
      3.22
    ], 
    [
      3.08, 
      3.22
    ], 
    [
      3.07, 
      3.21
    ], 
    [
      3.07, 
      3.14
    ], 
    [
      3.08, 
      3.13
    ], 
    [
      3.08, 
      0.1
    ]
  ], 
  "bbox": {
    "max": [
      9.26, 
      5.06
    ], 
    "min": [
      0.1, 
      0.1
    ]
  }, 
  "id": "ea838aeb2036e85c01fda81c92f46e43"
}