{
  "room_category": {
    "Bedroom": {
      "simulation_statistics": [
        {
          "not_completed_agents": 0, 
          "max_evacuation_time": 10.700023, 
          "min_evacuation_time": 7.650011, 
          "exit_flow_rate": 0.3738309721390319, 
          "completed_agents": 4, 
          "max_traveled_distance": 13.088249, 
          "avg_evacuation_time": 9.3375175, 
          "avg_traveled_distance": 11.84833425, 
          "min_traveled_distance": 9.825516
        }
      ], 
      "bounds": [
        [
          9.06, 
          4.24, 
          14.88, 
          7.33
        ]
      ]
    }, 
    "Living_Room": {
      "simulation_statistics": [
        {
          "not_completed_agents": 0, 
          "max_evacuation_time": 12.400029, 
          "min_evacuation_time": 8.000012, 
          "exit_flow_rate": 0.4032248634257226, 
          "completed_agents": 5, 
          "max_traveled_distance": 13.136991, 
          "avg_evacuation_time": 10.1900206, 
          "avg_traveled_distance": 11.6373086, 
          "min_traveled_distance": 9.831056
        }
      ], 
      "bounds": [
        [
          9.06, 
          -0.04, 
          14.87, 
          4.3
        ]
      ]
    }, 
    "Kitchen": {
      "simulation_statistics": [
        {
          "not_completed_agents": 0, 
          "max_evacuation_time": 4.049997, 
          "min_evacuation_time": 0.0, 
          "exit_flow_rate": 1.4814825788759842, 
          "completed_agents": 6, 
          "max_traveled_distance": 4.091457, 
          "avg_evacuation_time": 1.5916656666666666, 
          "avg_traveled_distance": 1.8306855000000002, 
          "min_traveled_distance": 0.0
        }
      ], 
      "bounds": [
        [
          -0.01, 
          -0.04, 
          5.26, 
          6.09
        ]
      ]
    }
  }, 
  "room_num": 6, 
  "verts": [
    [
      0.11, 
      0.1
    ], 
    [
      0.1, 
      0.11
    ], 
    [
      0.1, 
      3.87
    ], 
    [
      1.93, 
      3.87
    ], 
    [
      1.94, 
      3.88
    ], 
    [
      1.94, 
      3.97
    ], 
    [
      1.93, 
      3.98
    ], 
    [
      0.1, 
      3.98
    ], 
    [
      0.1, 
      6.03
    ], 
    [
      0.12, 
      6.05
    ], 
    [
      0.13, 
      6.05
    ], 
    [
      0.27, 
      6.19
    ], 
    [
      0.28, 
      6.19
    ], 
    [
      0.42, 
      6.33
    ], 
    [
      0.43, 
      6.33
    ], 
    [
      0.57, 
      6.47
    ], 
    [
      0.58, 
      6.47
    ], 
    [
      0.71, 
      6.6
    ], 
    [
      0.72, 
      6.6
    ], 
    [
      0.86, 
      6.74
    ], 
    [
      0.87, 
      6.74
    ], 
    [
      1.01, 
      6.88
    ], 
    [
      1.02, 
      6.88
    ], 
    [
      1.16, 
      7.02
    ], 
    [
      1.17, 
      7.02
    ], 
    [
      1.29, 
      7.14
    ], 
    [
      1.3, 
      7.14
    ], 
    [
      1.33, 
      7.17
    ], 
    [
      3.83, 
      7.17
    ], 
    [
      3.85, 
      7.15
    ], 
    [
      3.86, 
      7.15
    ], 
    [
      3.99, 
      7.02
    ], 
    [
      4.0, 
      7.02
    ], 
    [
      4.12, 
      6.9
    ], 
    [
      4.13, 
      6.9
    ], 
    [
      4.25, 
      6.78
    ], 
    [
      4.26, 
      6.78
    ], 
    [
      4.39, 
      6.65
    ], 
    [
      4.4, 
      6.65
    ], 
    [
      4.52, 
      6.53
    ], 
    [
      4.53, 
      6.53
    ], 
    [
      4.66, 
      6.4
    ], 
    [
      4.67, 
      6.4
    ], 
    [
      4.79, 
      6.28
    ], 
    [
      4.8, 
      6.28
    ], 
    [
      4.92, 
      6.16
    ], 
    [
      4.93, 
      6.16
    ], 
    [
      5.03, 
      6.06
    ], 
    [
      5.04, 
      6.06
    ], 
    [
      5.07, 
      6.03
    ], 
    [
      5.07, 
      5.95
    ], 
    [
      5.08, 
      5.94
    ], 
    [
      5.18, 
      5.94
    ], 
    [
      5.19, 
      5.95
    ], 
    [
      5.19, 
      5.98
    ], 
    [
      9.66, 
      5.98
    ], 
    [
      9.66, 
      5.7
    ], 
    [
      9.67, 
      5.69
    ], 
    [
      9.77, 
      5.69
    ], 
    [
      9.78, 
      5.7
    ], 
    [
      9.78, 
      6.03
    ], 
    [
      9.79, 
      6.03
    ], 
    [
      9.92, 
      6.16
    ], 
    [
      9.93, 
      6.16
    ], 
    [
      10.05, 
      6.28
    ], 
    [
      10.06, 
      6.28
    ], 
    [
      10.18, 
      6.4
    ], 
    [
      10.19, 
      6.4
    ], 
    [
      10.32, 
      6.53
    ], 
    [
      10.33, 
      6.53
    ], 
    [
      10.45, 
      6.65
    ], 
    [
      10.46, 
      6.65
    ], 
    [
      10.59, 
      6.78
    ], 
    [
      10.6, 
      6.78
    ], 
    [
      10.72, 
      6.9
    ], 
    [
      10.73, 
      6.9
    ], 
    [
      10.85, 
      7.02
    ], 
    [
      10.86, 
      7.02
    ], 
    [
      10.99, 
      7.15
    ], 
    [
      11.0, 
      7.15
    ], 
    [
      11.02, 
      7.17
    ], 
    [
      13.52, 
      7.17
    ], 
    [
      13.54, 
      7.15
    ], 
    [
      13.55, 
      7.15
    ], 
    [
      13.68, 
      7.02
    ], 
    [
      13.69, 
      7.02
    ], 
    [
      13.81, 
      6.9
    ], 
    [
      13.82, 
      6.9
    ], 
    [
      13.94, 
      6.78
    ], 
    [
      13.95, 
      6.78
    ], 
    [
      14.08, 
      6.65
    ], 
    [
      14.09, 
      6.65
    ], 
    [
      14.21, 
      6.53
    ], 
    [
      14.22, 
      6.53
    ], 
    [
      14.35, 
      6.4
    ], 
    [
      14.36, 
      6.4
    ], 
    [
      14.48, 
      6.28
    ], 
    [
      14.49, 
      6.28
    ], 
    [
      14.61, 
      6.16
    ], 
    [
      14.62, 
      6.16
    ], 
    [
      14.72, 
      6.06
    ], 
    [
      14.73, 
      6.06
    ], 
    [
      14.76, 
      6.03
    ], 
    [
      14.76, 
      4.34
    ], 
    [
      9.78, 
      4.34
    ], 
    [
      9.78, 
      4.68
    ], 
    [
      9.77, 
      4.69
    ], 
    [
      9.67, 
      4.69
    ], 
    [
      9.66, 
      4.68
    ], 
    [
      9.66, 
      4.09
    ], 
    [
      9.67, 
      4.08
    ], 
    [
      9.77, 
      4.08
    ], 
    [
      9.78, 
      4.09
    ], 
    [
      9.78, 
      4.2
    ], 
    [
      14.76, 
      4.2
    ], 
    [
      14.76, 
      0.11
    ], 
    [
      9.78, 
      0.11
    ], 
    [
      9.78, 
      3.07
    ], 
    [
      9.77, 
      3.08
    ], 
    [
      9.67, 
      3.08
    ], 
    [
      9.66, 
      3.07
    ], 
    [
      9.67, 
      3.06
    ], 
    [
      9.67, 
      3.03
    ], 
    [
      9.66, 
      3.02
    ], 
    [
      9.66, 
      0.11
    ], 
    [
      5.19, 
      0.11
    ], 
    [
      5.19, 
      2.83
    ], 
    [
      5.18, 
      2.84
    ], 
    [
      5.08, 
      2.84
    ], 
    [
      5.07, 
      2.83
    ], 
    [
      5.07, 
      2.37
    ], 
    [
      4.92, 
      2.37
    ], 
    [
      4.91, 
      2.36
    ], 
    [
      4.91, 
      2.23
    ], 
    [
      4.92, 
      2.22
    ], 
    [
      5.07, 
      2.22
    ], 
    [
      5.07, 
      0.11
    ], 
    [
      3.33, 
      0.11
    ], 
    [
      3.33, 
      2.22
    ], 
    [
      3.76, 
      2.22
    ], 
    [
      3.77, 
      2.23
    ], 
    [
      3.77, 
      2.36
    ], 
    [
      3.76, 
      2.37
    ], 
    [
      3.21, 
      2.37
    ], 
    [
