{
  "room_category": {
    "Toilet": {
      "simulation_statistics": [
        {
          "not_completed_agents": 0, 
          "max_evacuation_time": 150.004547, 
          "min_evacuation_time": 150.004547, 
          "exit_flow_rate": 0.0, 
          "completed_agents": 0, 
          "max_traveled_distance": 15.331615, 
          "avg_evacuation_time": 150.004547, 
          "avg_traveled_distance": 15.331615, 
          "min_traveled_distance": 15.331615
        }
      ], 
      "bounds": [
        [
          7.63, 
          10.13, 
          9.35, 
          12.08
        ]
      ]
    }, 
    "Kitchen": {
      "simulation_statistics": [
        {
          "not_completed_agents": 0, 
          "max_evacuation_time": 8.200013, 
          "min_evacuation_time": 5.700004, 
          "exit_flow_rate": 0.3658530785256072, 
          "completed_agents": 3, 
          "max_traveled_distance": 9.261407, 
          "avg_evacuation_time": 6.8833416666666665, 
          "avg_traveled_distance": 8.313880666666666, 
          "min_traveled_distance": 7.180559
        }, 
        {
          "not_completed_agents": 0, 
          "max_evacuation_time": 150.004547, 
          "min_evacuation_time": 13.650034, 
          "exit_flow_rate": 0.013332929167807159, 
          "completed_agents": 2, 
          "max_traveled_distance": 15.736321, 
          "avg_evacuation_time": 82.50229125, 
          "avg_traveled_distance": 10.61600225, 
          "min_traveled_distance": 5.218775
        }
      ], 
      "bounds": [
        [
          3.78, 
          8.58, 
          7.76, 
          12.1
        ], 
        [
          -0.02, 
          11.98, 
          3.9, 
          16.89
        ]
      ]
    }
  }, 
  "room_num": 9, 
  "verts": [
    [
      3.25, 
      0.1
    ], 
    [
      3.24, 
      0.11
    ], 
    [
      3.24, 
      0.57
    ], 
    [
      3.25, 
      0.58
    ], 
    [
      3.25, 
      1.74
    ], 
    [
      3.26, 
      1.75
    ], 
    [
      3.26, 
      2.91
    ], 
    [
      3.27, 
      2.92
    ], 
    [
      3.27, 
      4.08
    ], 
    [
      3.28, 
      4.09
    ], 
    [
      3.28, 
      4.58
    ], 
    [
      4.0, 
      4.58
    ], 
    [
      4.01, 
      4.57
    ], 
    [
      4.02, 
      4.58
    ], 
    [
      4.02, 
      4.68
    ], 
    [
      4.01, 
      4.69
    ], 
    [
      3.28, 
      4.69
    ], 
    [
      3.28, 
      8.56
    ], 
    [
      3.77, 
      8.56
    ], 
    [
      3.78, 
      8.57
    ], 
    [
      4.83, 
      8.57
    ], 
    [
      4.84, 
      8.58
    ], 
    [
      4.84, 
      8.59
    ], 
    [
      4.85, 
      8.59
    ], 
    [
      4.86, 
      8.6
    ], 
    [
      4.86, 
      8.69
    ], 
    [
      4.85, 
      8.7
    ], 
    [
      4.31, 
      8.7
    ], 
    [
      4.3, 
      8.69
    ], 
    [
      3.89, 
      8.69
    ], 
    [
      3.89, 
      11.97
    ], 
    [
      5.19, 
      11.97
    ], 
    [
      5.2, 
      11.98
    ], 
    [
      5.2, 
      12.08
    ], 
    [
      5.19, 
      12.09
    ], 
    [
      3.89, 
      12.09
    ], 
    [
      3.89, 
      12.45
    ], 
    [
      3.88, 
      12.46
    ], 
    [
      3.78, 
      12.46
    ], 
    [
      3.77, 
      12.45
    ], 
    [
      3.77, 
      12.09
    ], 
    [
      3.7, 
      12.09
    ], 
    [
      3.69, 
      12.1
    ], 
    [
      3.35, 
      12.1
    ], 
    [
      3.34, 
      12.11
    ], 
    [
      2.99, 
      12.11
    ], 
    [
      2.98, 
      12.12
    ], 
    [
      2.64, 
      12.12
    ], 
    [
      2.63, 
      12.13
    ], 
    [
      2.29, 
      12.13
    ], 
    [
      2.28, 
      12.14
    ], 
    [
      1.94, 
      12.14
    ], 
    [
      1.93, 
      12.15
    ], 
    [
      1.58, 
      12.15
    ], 
    [
      1.57, 
      12.16
    ], 
    [
      1.23, 
      12.16
    ], 
    [
      1.22, 
      12.17
    ], 
    [
      0.88, 
      12.17
    ], 
    [
      0.87, 
      12.18
    ], 
    [
      0.52, 
      12.18
    ], 
    [
      0.51, 
      12.19
    ], 
    [
      0.17, 
      12.19
    ], 
    [
      0.16, 
      12.2
    ], 
    [
      0.11, 
      12.2
    ], 
    [
      0.1, 
      12.21
    ], 
    [
      0.1, 
      16.76
    ], 
    [
      3.76, 
      16.76
    ], 
    [
      3.76, 
      14.78
    ], 
    [
      3.77, 
      14.77
    ], 
    [
      3.77, 
      13.21
    ], 
    [
      3.78, 
      13.2
    ], 
    [
      3.88, 
      13.2
    ], 
    [
      3.89, 
      13.21
    ], 
    [
      3.89, 
      14.66
    ], 
    [
      9.26, 
      14.66
    ], 
    [
      9.26, 
      14.01
    ], 
    [
      9.25, 
      14.0
    ], 
    [
      9.25, 
      12.67
    ], 
    [
      9.24, 
      12.66
    ], 
    [
      9.24, 
      12.1
    ], 
    [
      7.58, 
      12.1
    ], 
    [
      7.57, 
      12.09
    ], 
    [
      5.95, 
      12.09
    ], 
    [
      5.94, 
      12.08
    ], 
    [
      5.94, 
      11.99
    ], 
    [
      5.95, 
      11.98
    ], 
    [
      7.64, 
      11.98
    ], 
    [
      7.64, 
      11.61
    ], 
    [
      7.65, 
      11.6
    ], 
    [
      7.75, 
      11.6
    ], 
    [
      7.76, 
      11.61
    ], 
    [
      7.76, 
      11.98
    ], 
    [
      9.24, 
      11.98
    ], 
    [
      9.24, 
      10.24
    ], 
    [
      8.89, 
      10.24
    ], 
    [
      8.88, 
      10.25
    ], 
    [
      8.09, 
      10.25
    ], 
    [
      8.08, 
      10.26
    ], 
    [
      7.78, 
      10.26
    ], 
    [
      7.78, 
      10.51
    ], 
    [
      7.77, 
      10.52
    ], 
    [
      7.77, 
      10.85
    ], 
    [
      7.76, 
      10.86
    ], 
    [
      7.65, 
      10.86
    ], 
    [
      7.64, 
      10.85
    ], 
    [
      7.64, 
      10.06
    ], 
    [
      7.65, 
      10.05
    ], 
    [
      7.77, 
      10.05
    ], 
    [
      7.78, 
      10.06
    ], 
    [
      7.78, 
      10.12
    ], 
    [
      9.24, 
      10.12
    ], 
    [
      9.24, 
      8.71
    ], 
    [
      7.78, 
      8.71
    ], 
    [
      7.78, 
      9.3
    ], 
    [
      7.77, 
      9.31
    ], 
    [
      7.66, 
      9.31
    ], 
    [
      7.65, 
      9.3
    ], 
    [
      7.65, 
      8.95
    ], 
    [
      7.66, 
      8.94
    ], 
    [
      7.66, 
      8.71
    ], 
    [
      6.55, 
      8.71
    ], 
    [
      6.54, 
      8.7
    ], 
    [
      6.54, 
      8.69
    ], 
    [
      6.53, 
      8.68
    ], 
    [
      6.53, 
      8.59
    ], 
    [
      6.54, 
      8.58
    ], 
    [
      7.17, 
      8.58
    ], 
    [
      7.18, 
      8.59
    ], 
    [
      7.64, 
      8.59
    ], 
    [
      7.64, 
      8.54
    ], 
    [
      7.63, 
      8.53
    ], 
    [
      7.63, 
      8.45
    ], 
    [
      7.62, 
      8.44
    ], 
    [
      7.62, 
      8.36
    ], 
    [
      7.61, 
      8.35
    ], 
    [
      7.61, 
      8.27
    ], 
    [
      7.6, 
      8.26
    ], 
    [
      7.6, 
      8.19
    ], 
    [
      7.59, 
      8.18
    ], 
    [
      7.59, 
      8.1
    ], 
    [
      7.58, 
      8.09
    ], 
    [
      7.58, 
      8.01
    ], 
    [
      7.57, 
      8.0
    ], 
    [
      7.57, 
      7.92
    ], 
    [
      7.56, 
      7.91
    ], 
    [
      7.56, 
