{
  "room_category": {
    "Room": {
      "simulation_statistics": [
        {
          "not_completed_agents": 0, 
          "max_evacuation_time": 150.004547, 
          "min_evacuation_time": 10.250021, 
          "exit_flow_rate": 0.0333323229195179, 
          "completed_agents": 5, 
          "max_traveled_distance": 21.503447, 
          "avg_evacuation_time": 38.05909883333333, 
          "avg_traveled_distance": 16.7384965, 
          "min_traveled_distance": 11.590896
        }
      ], 
      "bounds": [
        [
          9.77, 
          -0.01, 
          15.4, 
          5.28
        ]
      ]
    }
  }, 
  "room_num": 3, 
  "verts": [
    [
      0.11, 
      0.1
    ], 
    [
      0.1, 
      0.11
    ], 
    [
      0.1, 
      5.07
    ], 
    [
      0.76, 
      5.07
    ], 
    [
      0.77, 
      5.08
    ], 
    [
      1.91, 
      5.08
    ], 
    [
      1.92, 
      5.09
    ], 
    [
      3.05, 
      5.09
    ], 
    [
      3.06, 
      5.1
    ], 
    [
      4.2, 
      5.1
    ], 
    [
      4.21, 
      5.11
    ], 
    [
      5.07, 
      5.11
    ], 
    [
      5.07, 
      4.56
    ], 
    [
      5.08, 
      4.55
    ], 
    [
      5.19, 
      4.55
    ], 
    [
      5.2, 
      4.56
    ], 
    [
      5.2, 
      4.89
    ], 
    [
      5.19, 
      4.9
    ], 
    [
      5.19, 
      5.11
    ], 
    [
      5.85, 
      5.11
    ], 
    [
      5.86, 
      5.12
    ], 
    [
      8.39, 
      5.12
    ], 
    [
      8.4, 
      5.13
    ], 
    [
      10.22, 
      5.13
    ], 
    [
      10.22, 
      4.03
    ], 
    [
      10.23, 
      4.02
    ], 
    [
      10.23, 
      2.72
    ], 
    [
      10.24, 
      2.71
    ], 
    [
      10.24, 
      1.65
    ], 
    [
      10.25, 
      1.64
    ], 
    [
      10.25, 
      0.96
    ], 
    [
      10.26, 
      0.95
    ], 
    [
      10.38, 
      0.95
    ], 
    [
      10.39, 
      0.96
    ], 
    [
      10.39, 
      1.42
    ], 
    [
      10.4, 
      1.43
    ], 
    [
      10.4, 
      2.28
    ], 
    [
      10.41, 
      2.29
    ], 
    [
      10.41, 
      2.6
    ], 
    [
      14.45, 
      2.6
    ], 
    [
      14.46, 
      2.61
    ], 
    [
      14.55, 
      2.61
    ], 
    [
      14.57, 
      2.63
    ], 
    [
      14.57, 
      3.33
    ], 
    [
      15.27, 
      3.33
    ], 
    [
      15.27, 
      2.48
    ], 
    [
      15.28, 
      2.47
    ], 
    [
      15.28, 
      0.82
    ], 
    [
      15.29, 
      0.81
    ], 
    [
      15.29, 
      0.1
    ], 
    [
      10.38, 
      0.1
    ], 
    [
      10.38, 
      0.19
    ], 
    [
      10.36, 
      0.21
    ], 
    [
      10.27, 
      0.21
    ], 
    [
      10.25, 
      0.19
    ], 
    [
      10.25, 
      0.1
    ], 
    [
      9.49, 
      0.1
    ], 
    [
      9.48, 
      0.11
    ], 
    [
      9.17, 
      0.11
    ], 
    [
      9.16, 
      0.1
    ], 
    [
      8.42, 
      0.1
    ], 
    [
      8.41, 
      0.11
    ], 
    [
      7.12, 
      0.11
    ], 
    [
      7.11, 
      0.12
    ], 
    [
      5.81, 
      0.12
    ], 
    [
      5.8, 
      0.13
    ], 
    [
      5.25, 
      0.13
    ], 
    [
      5.25, 
      0.64
    ], 
    [
      5.24, 
      0.65
    ], 
    [
      5.24, 
      1.54
    ], 
    [
      5.23, 
      1.55
    ], 
    [
      5.23, 
      2.44
    ], 
    [
      5.22, 
      2.45
    ], 
    [
      5.22, 
      3.34
    ], 
    [
      5.21, 
      3.35
    ], 
    [
      5.21, 
      3.8
    ], 
    [
      5.2, 
      3.81
    ], 
    [
      5.08, 
      3.81
    ], 
    [
      5.07, 
      3.8
    ], 
    [
      5.07, 
      0.1
    ]
  ], 
  "bbox": {
    "max": [
      15.29, 
      5.13
    ], 
    "min": [
      0.1, 
      0.1
    ]
  }, 
  "id": "edfc04df6a6e88d190ad6cf219b75799"
}