{
  "room_category": {
    "Hallway": {
      "simulation_statistics": [
        {
          "not_completed_agents": 0, 
          "max_evacuation_time": 7.700011, 
          "min_evacuation_time": 4.8, 
          "exit_flow_rate": 0.38960983302491387, 
          "completed_agents": 3, 
          "max_traveled_distance": 9.307558, 
          "avg_evacuation_time": 6.283339000000001, 
          "avg_traveled_distance": 7.654801, 
          "min_traveled_distance": 6.016846
        }, 
        {
          "not_completed_agents": 0, 
          "max_evacuation_time": 12.050028, 
          "min_evacuation_time": 8.800015, 
          "exit_flow_rate": 0.33194943613409034, 
          "completed_agents": 4, 
          "max_traveled_distance": 15.530081, 
          "avg_evacuation_time": 10.325021249999999, 
          "avg_traveled_distance": 12.8939735, 
          "min_traveled_distance": 10.433023
        }, 
        {
          "not_completed_agents": 0, 
          "max_evacuation_time": 15.500041, 
          "min_evacuation_time": 12.000028, 
          "exit_flow_rate": 0.19354787513142707, 
          "completed_agents": 3, 
          "max_traveled_distance": 20.866838, 
          "avg_evacuation_time": 13.800034666666667, 
          "avg_traveled_distance": 18.467636666666667, 
          "min_traveled_distance": 16.009081
        }, 
        {
          "not_completed_agents": 0, 
          "max_evacuation_time": 5.550003, 
          "min_evacuation_time": 3.699998, 
          "exit_flow_rate": 0.36036016557108164, 
          "completed_agents": 2, 
          "max_traveled_distance": 6.784502, 
          "avg_evacuation_time": 4.6250005000000005, 
          "avg_traveled_distance": 5.5971340000000005, 
          "min_traveled_distance": 4.409766
        }
      ], 
      "bounds": [
        [
          5.76, 
          5.12, 
          10.32, 
          8.31
        ], 
        [
          10.24, 
          4.55, 
          15.42, 
          8.34
        ], 
        [
          15.34, 
          5.12, 
          19.24, 
          8.85
        ], 
        [
          3.03, 
          5.06, 
          6.57, 
          8.33
        ]
      ]
    }, 
    "Bathroom": {
      "simulation_statistics": [
        {
          "not_completed_agents": 0, 
          "max_evacuation_time": 150.004547, 
          "min_evacuation_time": 150.004547, 
          "exit_flow_rate": 0.0, 
          "completed_agents": 0, 
          "max_traveled_distance": 0.973567, 
          "avg_evacuation_time": 150.004547, 
          "avg_traveled_distance": 0.9404735, 
          "min_traveled_distance": 0.90738
        }, 
        {
          "not_completed_agents": 0, 
          "max_evacuation_time": 150.004547, 
          "min_evacuation_time": 20.449974, 
          "exit_flow_rate": 0.013332929167807159, 
          "completed_agents": 2, 
          "max_traveled_distance": 23.622616, 
          "avg_evacuation_time": 64.93481200000001, 
          "avg_traveled_distance": 16.947241333333334, 
          "min_traveled_distance": 3.899379
        }, 
        {
          "not_completed_agents": 0, 
          "max_evacuation_time": 150.004547, 
          "min_evacuation_time": 150.004547, 
          "exit_flow_rate": 0.0, 
          "completed_agents": 0, 
          "max_traveled_distance": 19.396822, 
          "avg_evacuation_time": 150.004547, 
          "avg_traveled_distance": 10.4373705, 
          "min_traveled_distance": 1.477919
        }, 
        {
          "not_completed_agents": 0, 
          "max_evacuation_time": 150.004547, 
          "min_evacuation_time": 16.450035, 
          "exit_flow_rate": 0.0066664645839035796, 
          "completed_agents": 1, 
          "max_traveled_distance": 19.463354, 
          "avg_evacuation_time": 83.22729100000001, 
          "avg_traveled_distance": 15.267040999999999, 
          "min_traveled_distance": 11.070728
        }
      ], 
      "bounds": [
        [
          9.66, 
          -0.05, 
          13.39, 
          2.64
        ], 
        [
          15.44, 
          8.22, 
          18.55, 
          13.47
        ], 
        [
          10.2, 
          2.55, 
          13.41, 
          5.17
        ], 
        [
          13.08, 
          10.26, 
          15.54, 
          13.48
        ]
      ]
    }, 
    "Storage": {
      "simulation_statistics": [
        {
          "not_completed_agents": 0, 
          "max_evacuation_time": 18.200008, 
          "min_evacuation_time": 18.200008, 
          "exit_flow_rate": 0.05494503079339306, 
          "completed_agents": 1, 
          "max_traveled_distance": 18.534328, 
          "avg_evacuation_time": 18.200008, 
          "avg_traveled_distance": 18.534328, 
          "min_traveled_distance": 18.534328
        }
      ], 
      "bounds": [
        [
          13.11, 
          7.69, 
          15.52, 
          10.31
        ]
      ]
    }, 
    "Living_Room": {
      "simulation_statistics": [
        {
          "not_completed_agents": 0, 
          "max_evacuation_time": 2.099999, 
          "min_evacuation_time": 0.0, 
          "exit_flow_rate": 2.380953514739769, 
          "completed_agents": 5, 
          "max_traveled_distance": 2.409573, 
          "avg_evacuation_time": 0.9499998, 
          "avg_traveled_distance": 1.1915022, 
          "min_traveled_distance": 0.0
        }
      ], 
      "bounds": [
        [
          -0.03, 
          -0.05, 
          5.19, 
          5.17
        ]
      ]
    }, 
    "Garage": {
      "simulation_statistics": [
        {
          "not_completed_agents": 0, 
          "max_evacuation_time": 30.449821, 
          "min_evacuation_time": 15.800042, 
          "exit_flow_rate": 0.4269319021612639, 
          "completed_agents": 13, 
          "max_traveled_distance": 29.29948, 
          "avg_evacuation_time": 21.838414076923076, 
          "avg_traveled_distance": 24.459481384615383, 
          "min_traveled_distance": 21.182364
        }
      ], 
      "bounds": [
        [
          18.45, 
          3.04, 
          27.5, 
          10.12
        ]
      ]
    }, 
    "Bedroom": {
      "simulation_statistics": [
        {
          "not_completed_agents": 0, 
          "max_evacuation_time": 150.004547, 
          "min_evacuation_time": 150.004547, 
          "exit_flow_rate": 0.0, 
          "completed_agents": 0, 
          "max_traveled_distance": 19.394356, 
          "avg_evacuation_time": 150.004547, 
          "avg_traveled_distance": 16.5365978, 
          "min_traveled_distance": 12.30295
        }, 
        {
          "not_completed_agents": 0, 
          "max_evacuation_time": 150.004547, 
          "min_evacuation_time": 150.004547, 
          "exit_flow_rate": 0.0, 
          "completed_agents": 0, 
          "max_traveled_distance": 18.650396, 
          "avg_evacuation_time": 150.004547, 
          "avg_traveled_distance": 11.4951132, 
          "min_traveled_distance": 1.155557
        }, 
        {
          "not_completed_agents": 0, 
          "max_evacuation_time": 150.004547, 
          "min_evacuation_time": 13.000031, 
          "exit_flow_rate": 0.01999939375171074, 
          "completed_agents": 3, 
          "max_traveled_distance": 18.015589, 
          "avg_evacuation_time": 68.93183719999999, 
          "avg_traveled_distance": 13.3935068, 
          "min_traveled_distance": 7.574605
        }
      ], 
      "bounds": [
        [
          5.1, 
          -0.05, 
          10.29, 
          5.17
        ], 
        [
          13.3, 
          -0.05, 
          18.52, 
          5.17
        ], 
        [
          10.29, 
          8.22, 
          15.5, 
          13.47
        ]
      ]
    },