{
  "room_category": {
    "Toilet": [
      [
        -0.02, 
        4.32, 
        0.94, 
        5.82
      ]
    ], 
    "Living_Room": {
      "simulation_statistics": [
        {
          "not_completed_agents": 0, 
          "max_evacuation_time": 9.150017, 
          "min_evacuation_time": 3.399998, 
          "exit_flow_rate": 0.765025901044774, 
          "completed_agents": 7, 
          "max_traveled_distance": 8.184088, 
          "avg_evacuation_time": 6.035719714285714, 
          "avg_traveled_distance": 5.959256000000001, 
          "min_traveled_distance": 3.816453
        }
      ], 
      "bounds": [
        [
          3.33, 
          -0.04, 
          9.39, 
          5.81
        ]
      ]
    }, 
    "Kitchen": {
      "simulation_statistics": [
        {
          "not_completed_agents": 0, 
          "max_evacuation_time": 0.75, 
          "min_evacuation_time": 0.15, 
          "exit_flow_rate": 2.6666666666666665, 
          "completed_agents": 2, 
          "max_traveled_distance": 0.961749, 
          "avg_evacuation_time": 0.45, 
          "avg_traveled_distance": 0.551552, 
          "min_traveled_distance": 0.141355
        }, 
        {
          "not_completed_agents": 0, 
          "max_evacuation_time": 6.500007, 
          "min_evacuation_time": 6.500007, 
          "exit_flow_rate": 0.1538459881658589, 
          "completed_agents": 1, 
          "max_traveled_distance": 5.014715, 
          "avg_evacuation_time": 6.500007, 
          "avg_traveled_distance": 5.014715, 
          "min_traveled_distance": 5.014715
        }
      ], 
      "bounds": [
        [
          -0.02, 
          -0.04, 
          3.42, 
          3.42
        ], 
        [
          0.61, 
          3.28, 
          3.44, 
          5.86
        ]
      ]
    }
  }, 
  "room_num": 5, 
  "verts": [
    [
      0.17, 
      0.1
    ], 
    [
      0.16, 
      0.11
    ], 
    [
      0.11, 
      0.11
    ], 
    [
      0.1, 
      0.12
    ], 
    [
      0.1, 
      3.32
    ], 
    [
      1.04, 
      3.32
    ], 
    [
      1.05, 
      3.33
    ], 
    [
      3.42, 
      3.33
    ], 
    [
      3.43, 
      3.34
    ], 
    [
      3.43, 
      3.44
    ], 
    [
      3.42, 
      3.45
    ], 
    [
      3.38, 
      3.45
    ], 
    [
      3.37, 
      3.44
    ], 
    [
      0.96, 
      3.44
    ], 
    [
      0.96, 
      5.7
    ], 
    [
      6.19, 
      5.7
    ], 
    [
      6.2, 
      5.69
    ], 
    [
      8.74, 
      5.69
    ], 
    [
      8.74, 
      0.11
    ], 
    [
      8.73, 
      0.11
    ], 
    [
      8.72, 
      0.1
    ], 
    [
      3.43, 
      0.1
    ], 
    [
      3.43, 
      1.98
    ], 
    [
      3.44, 
      1.99
    ], 
    [
      3.43, 
      2.0
    ], 
    [
      3.33, 
      2.0
    ], 
    [
      3.32, 
      1.99
    ], 
    [
      3.32, 
      0.1
    ]
  ], 
  "bbox": {
    "max": [
      8.74, 
      5.7
    ], 
    "min": [
      0.1, 
      0.1
    ]
  }, 
  "id": "eea55df92368ab82b40ac11fce652f9b"
}