{
  "room_category": {
    "Toilet": {
      "simulation_statistics": [
        {
          "not_completed_agents": 0, 
          "max_evacuation_time": 8.100013, 
          "min_evacuation_time": 2.299999, 
          "exit_flow_rate": 0.6172829599162372, 
          "completed_agents": 5, 
          "max_traveled_distance": 6.925536, 
          "avg_evacuation_time": 5.110003000000001, 
          "avg_traveled_distance": 5.138434200000001, 
          "min_traveled_distance": 2.926552
        }
      ], 
      "bounds": [
        [
          -0.02, 
          3.91, 
          4.71, 
          8.67
        ]
      ]
    }, 
    "Office": {
      "simulation_statistics": [
        {
          "not_completed_agents": 0, 
          "max_evacuation_time": 150.004547, 
          "min_evacuation_time": 150.004547, 
          "exit_flow_rate": 0.0, 
          "completed_agents": 0, 
          "max_traveled_distance": 18.793102, 
          "avg_evacuation_time": 150.004547, 
          "avg_traveled_distance": 14.136297000000003, 
          "min_traveled_distance": 1.439908
        }, 
        {
          "not_completed_agents": 0, 
          "max_evacuation_time": 3.349998, 
          "min_evacuation_time": 0.0, 
          "exit_flow_rate": 1.1940305636003365, 
          "completed_agents": 4, 
          "max_traveled_distance": 3.49108, 
          "avg_evacuation_time": 1.37499925, 
          "avg_traveled_distance": 1.4909052500000002, 
          "min_traveled_distance": 0.0
        }
      ], 
      "bounds": [
        [
          4.62, 
          -0.54, 
          9.5, 
          4.8
        ], 
        [
          1.39, 
          -0.01, 
          5.25, 
          4.78
        ]
      ]
    }
  }, 
  "room_num": 3, 
  "verts": [
    [
      3.0, 
      0.1
    ], 
    [
      2.99, 
      0.11
    ], 
    [
      1.51, 
      0.11
    ], 
    [
      1.5, 
      0.12
    ], 
    [
      1.5, 
      3.9
    ], 
    [
      2.65, 
      3.9
    ], 
    [
      2.66, 
      3.91
    ], 
    [
      2.66, 
      4.0
    ], 
    [
      2.65, 
      4.01
    ], 
    [
      1.39, 
      4.01
    ], 
    [
      1.38, 
      4.02
    ], 
    [
      0.11, 
      4.02
    ], 
    [
      0.1, 
      4.03
    ], 
    [
      0.1, 
      8.56
    ], 
    [
      4.6, 
      8.56
    ], 
    [
      4.6, 
      4.81
    ], 
    [
      4.61, 
      4.8
    ], 
    [
      4.61, 
      4.01
    ], 
    [
      3.63, 
      4.01
    ], 
    [
      3.62, 
      4.0
    ], 
    [
      3.62, 
      3.9
    ], 
    [
      3.63, 
      3.89
    ], 
    [
      4.61, 
      3.89
    ], 
    [
      4.61, 
      2.36
    ], 
    [
      4.62, 
      2.35
    ], 
    [
      4.72, 
      2.35
    ], 
    [
      4.73, 
      2.36
    ], 
    [
      4.73, 
      4.69
    ], 
    [
      4.93, 
      4.69
    ], 
    [
      4.94, 
      4.68
    ], 
    [
      5.54, 
      4.68
    ], 
    [
      5.55, 
      4.67
    ], 
    [
      6.15, 
      4.67
    ], 
    [
      6.16, 
      4.66
    ], 
    [
      6.76, 
      4.66
    ], 
    [
      6.77, 
      4.65
    ], 
    [
      7.36, 
      4.65
    ], 
    [
      7.37, 
      4.64
    ], 
    [
      7.97, 
      4.64
    ], 
    [
      7.98, 
      4.63
    ], 
    [
      8.58, 
      4.63
    ], 
    [
      8.59, 
      4.62
    ], 
    [
      9.19, 
      4.62
    ], 
    [
      9.2, 
      4.61
    ], 
    [
      9.39, 
      4.61
    ], 
    [
      9.39, 
      0.1
    ], 
    [
      4.73, 
      0.1
    ], 
    [
      4.73, 
      1.6
    ], 
    [
      4.72, 
      1.61
    ], 
    [
      4.62, 
      1.61
    ], 
    [
      4.61, 
      1.6
    ], 
    [
      4.61, 
      0.1
    ]
  ], 
  "bbox": {
    "max": [
      9.39, 
      8.56
    ], 
    "min": [
      0.1, 
      0.1
    ]
  }, 
  "id": "f2ffaedc0516bb630fd162336a3f1057"
}