{
  "room_category": {
    "Bedroom": {
      "simulation_statistics": [
        {
          "not_completed_agents": 0, 
          "max_evacuation_time": 150.004547, 
          "min_evacuation_time": 150.004547, 
          "exit_flow_rate": 0.0, 
          "completed_agents": 0, 
          "max_traveled_distance": 20.05088, 
          "avg_evacuation_time": 150.004547, 
          "avg_traveled_distance": 18.230004, 
          "min_traveled_distance": 16.409128
        }, 
        {
          "not_completed_agents": 0, 
          "max_evacuation_time": 150.004547, 
          "min_evacuation_time": 150.004547, 
          "exit_flow_rate": 0.0, 
          "completed_agents": 0, 
          "max_traveled_distance": 15.204009, 
          "avg_evacuation_time": 150.004547, 
          "avg_traveled_distance": 13.7023115, 
          "min_traveled_distance": 12.200614
        }
      ], 
      "bounds": [
        [
          -0.02, 
          -0.01, 
          3.12, 
          3.13
        ], 
        [
          -0.02, 
          2.96, 
          3.14, 
          6.04
        ]
      ]
    }
  }, 
  "room_num": 4, 
  "verts": [
    [
      2.82, 
      0.1
    ], 
    [
      2.81, 
      0.11
    ], 
    [
      2.44, 
      0.11
    ], 
    [
      2.43, 
      0.12
    ], 
    [
      2.06, 
      0.12
    ], 
    [
      2.05, 
      0.13
    ], 
    [
      1.69, 
      0.13
    ], 
    [
      1.68, 
      0.14
    ], 
    [
      1.31, 
      0.14
    ], 
    [
      1.3, 
      0.15
    ], 
    [
      0.94, 
      0.15
    ], 
    [
      0.93, 
      0.16
    ], 
    [
      0.56, 
      0.16
    ], 
    [
      0.55, 
      0.17
    ], 
    [
      0.18, 
      0.17
    ], 
    [
      0.17, 
      0.18
    ], 
    [
      0.11, 
      0.18
    ], 
    [
      0.1, 
      0.19
    ], 
    [
      0.1, 
      3.02
    ], 
    [
      0.29, 
      3.02
    ], 
    [
      0.3, 
      3.01
    ], 
    [
      0.68, 
      3.01
    ], 
    [
      0.69, 
      3.0
    ], 
    [
      1.06, 
      3.0
    ], 
    [
      1.07, 
      2.99
    ], 
    [
      1.45, 
      2.99
    ], 
    [
      1.46, 
      2.98
    ], 
    [
      1.84, 
      2.98
    ], 
    [
      1.85, 
      2.97
    ], 
    [
      2.2, 
      2.97
    ], 
    [
      2.21, 
      2.96
    ], 
    [
      2.42, 
      2.96
    ], 
    [
      2.43, 
      2.97
    ], 
    [
      2.43, 
      3.07
    ], 
    [
      2.42, 
      3.08
    ], 
    [
      2.38, 
      3.08
    ], 
    [
      2.37, 
      3.07
    ], 
    [
      2.23, 
      3.07
    ], 
    [
      2.22, 
      3.08
    ], 
    [
      1.85, 
      3.08
    ], 
    [
      1.84, 
      3.09
    ], 
    [
      1.46, 
      3.09
    ], 
    [
      1.45, 
      3.1
    ], 
    [
      1.07, 
      3.1
    ], 
    [
      1.06, 
      3.11
    ], 
    [
      0.69, 
      3.11
    ], 
    [
      0.68, 
      3.12
    ], 
    [
      0.3, 
      3.12
    ], 
    [
      0.29, 
      3.13
    ], 
    [
      0.1, 
      3.13
    ], 
    [
      0.1, 
      5.93
    ], 
    [
      3.04, 
      5.93
    ], 
    [
      3.04, 
      5.6
    ], 
    [
      3.03, 
      5.59
    ], 
    [
      3.03, 
      4.84
    ], 
    [
      3.02, 
      4.83
    ], 
    [
      3.02, 
      4.01
    ], 
    [
      3.03, 
      4.0
    ], 
    [
      3.04, 
      4.0
    ], 
    [
      3.04, 
      2.03
    ], 
    [
      3.03, 
      2.03
    ], 
    [
      3.02, 
      2.02
    ], 
    [
      3.02, 
      0.1
    ]
  ], 
  "bbox": {
    "max": [
      3.04, 
      5.93
    ], 
    "min": [
      0.1, 
      0.1
    ]
  }, 
  "id": "f3278bfc5c18c012486d2bde2fe43061"
}