{
  "room_category": {
    "Bedroom": {
      "simulation_statistics": [
        {
          "not_completed_agents": 0, 
          "max_evacuation_time": 150.004547, 
          "min_evacuation_time": 2.799999, 
          "exit_flow_rate": 0.013332929167807159, 
          "completed_agents": 2, 
          "max_traveled_distance": 12.658335, 
          "avg_evacuation_time": 101.21969766666666, 
          "avg_traveled_distance": 7.020411833333333, 
          "min_traveled_distance": 2.284189
        }, 
        {
          "not_completed_agents": 0, 
          "max_evacuation_time": 150.004547, 
          "min_evacuation_time": 0.0, 
          "exit_flow_rate": 0.026665858335614318, 
          "completed_agents": 4, 
          "max_traveled_distance": 7.782808, 
          "avg_evacuation_time": 50.40151566666666, 
          "avg_traveled_distance": 2.8602980000000002, 
          "min_traveled_distance": 0.0
        }
      ], 
      "bounds": [
        [
          -0.87, 
          3.04, 
          5.17, 
          8.23
        ], 
        [
          0.01, 
          -0.02, 
          5.24, 
          5.26
        ]
      ]
    }
  }, 
  "room_num": 2, 
  "verts": [
    [
      0.13, 
      0.1
    ], 
    [
      0.13, 
      0.11
    ], 
    [
      0.12, 
      0.12
    ], 
    [
      0.12, 
      0.31
    ], 
    [
      0.13, 
      0.32
    ], 
    [
      0.13, 
      0.97
    ], 
    [
      0.14, 
      0.98
    ], 
    [
      0.14, 
      1.63
    ], 
    [
      0.15, 
      1.64
    ], 
    [
      0.15, 
      2.36
    ], 
    [
      0.16, 
      2.37
    ], 
    [
      0.16, 
      3.04
    ], 
    [
      0.15, 
      3.05
    ], 
    [
      0.15, 
      3.08
    ], 
    [
      0.14, 
      3.09
    ], 
    [
      0.14, 
      3.1
    ], 
    [
      0.1, 
      3.14
    ], 
    [
      0.1, 
      8.12
    ], 
    [
      5.06, 
      8.12
    ], 
    [
      5.06, 
      5.27
    ], 
    [
      0.79, 
      5.27
    ], 
    [
      0.78, 
      5.26
    ], 
    [
      0.78, 
      5.17
    ], 
    [
      0.79, 
      5.16
    ], 
    [
      5.07, 
      5.16
    ], 
    [
      5.07, 
      3.15
    ], 
    [
      0.77, 
      3.15
    ], 
    [
      0.76, 
      3.14
    ], 
    [
      0.76, 
      3.05
    ], 
    [
      0.77, 
      3.04
    ], 
    [
      5.11, 
      3.04
    ], 
    [
      5.11, 
      1.9
    ], 
    [
      5.1, 
      1.89
    ], 
    [
      5.1, 
      0.63
    ], 
    [
      5.09, 
      0.62
    ], 
    [
      5.09, 
      0.1
    ]
  ], 
  "bbox": {
    "max": [
      5.11, 
      8.12
    ], 
    "min": [
      0.1, 
      0.1
    ]
  }, 
  "id": "f329538c0144bb57ffb9ce648a7ad89c"
}