{
  "room_category": {
    "Toilet": {
      "simulation_statistics": [
        {
          "not_completed_agents": 0, 
          "max_evacuation_time": 6.750008, 
          "min_evacuation_time": 3.799998, 
          "exit_flow_rate": 0.44444391769609753, 
          "completed_agents": 3, 
          "max_traveled_distance": 7.064838, 
          "avg_evacuation_time": 5.2166690000000004, 
          "avg_traveled_distance": 6.0442350000000005, 
          "min_traveled_distance": 5.029909
        }
      ], 
      "bounds": [
        [
          10.91, 
          5.06, 
          16.13, 
          7.61
        ]
      ]
    }, 
    "Living_Room": {
      "simulation_statistics": [
        {
          "not_completed_agents": 0, 
          "max_evacuation_time": 8.350014, 
          "min_evacuation_time": 3.199998, 
          "exit_flow_rate": 1.1976027824624007, 
          "completed_agents": 10, 
          "max_traveled_distance": 9.53541, 
          "avg_evacuation_time": 5.7900047, 
          "avg_traveled_distance": 6.6199557, 
          "min_traveled_distance": 3.7336
        }
      ], 
      "bounds": [
        [
          2.33, 
          1.93, 
          11.0, 
          7.75
        ]
      ]
    }, 
    "Kitchen": {
      "simulation_statistics": [
        {
          "not_completed_agents": 0, 
          "max_evacuation_time": 2.299999, 
          "min_evacuation_time": 0.75, 
          "exit_flow_rate": 2.608696786389907, 
          "completed_agents": 6, 
          "max_traveled_distance": 2.710735, 
          "avg_evacuation_time": 1.4583328333333334, 
          "avg_traveled_distance": 1.7246888333333334, 
          "min_traveled_distance": 0.975456
        }
      ], 
      "bounds": [
        [
          10.2, 
          -0.02, 
          16.13, 
          5.17
        ]
      ]
    }
  }, 
  "room_num": 4, 
  "verts": [
    [
      11.05, 
      0.1
    ], 
    [
      11.04, 
      0.11
    ], 
    [
      11.04, 
      1.98
    ], 
    [
      11.03, 
      1.99
    ], 
    [
      11.03, 
      2.1
    ], 
    [
      11.02, 
      2.11
    ], 
    [
      10.88, 
      2.11
    ], 
    [
      10.87, 
      2.1
    ], 
    [
      10.55, 
      2.1
    ], 
    [
      10.54, 
      2.09
    ], 
    [
      9.57, 
      2.09
    ], 
    [
      9.56, 
      2.08
    ], 
    [
      8.21, 
      2.08
    ], 
    [
      8.2, 
      2.07
    ], 
    [
      6.85, 
      2.07
    ], 
    [
      6.84, 
      2.06
    ], 
    [
      5.49, 
      2.06
    ], 
    [
      5.48, 
      2.05
    ], 
    [
      4.13, 
      2.05
    ], 
    [
      4.12, 
      2.04
    ], 
    [
      0.11, 
      2.04
    ], 
    [
      0.1, 
      2.05
    ], 
    [
      0.1, 
      7.44
    ], 
    [
      2.56, 
      7.44
    ], 
    [
      2.57, 
      7.45
    ], 
    [
      3.36, 
      7.45
    ], 
    [
      3.37, 
      7.46
    ], 
    [
      4.87, 
      7.46
    ], 
    [
      4.88, 
      7.47
    ], 
    [
      6.39, 
      7.47
    ], 
    [
      6.4, 
      7.48
    ], 
    [
      7.9, 
      7.48
    ], 
    [
      7.91, 
      7.49
    ], 
    [
      9.41, 
      7.49
    ], 
    [
      9.42, 
      7.5
    ], 
    [
      10.9, 
      7.5
    ], 
    [
      10.9, 
      6.29
    ], 
    [
      10.89, 
      6.28
    ], 
    [
      10.89, 
      5.06
    ], 
    [
      10.9, 
      5.05
    ], 
    [
      11.02, 
      5.05
    ], 
    [
      11.03, 
      5.06
    ], 
    [
      11.03, 
      5.07
    ], 
    [
      11.27, 
      5.07
    ], 
    [
      11.28, 
      5.08
    ], 
    [
      11.28, 
      5.18
    ], 
    [
      11.27, 
      5.19
    ], 
    [
      11.02, 
      5.19
    ], 
    [
      11.02, 
      7.5
    ], 
    [
      16.0, 
      7.5
    ], 
    [
      16.0, 
      5.18
    ], 
    [
      15.95, 
      5.18
    ], 
    [
      15.94, 
      5.19
    ], 
    [
      12.29, 
      5.19
    ], 
    [
      12.28, 
      5.18
    ], 
    [
      12.28, 
      5.08
    ], 
    [
      12.29, 
      5.07
    ], 
    [
      16.0, 
      5.07
    ], 
    [
      16.0, 
      0.1
    ]
  ], 
  "bbox": {
    "max": [
      16.0, 
      7.5
    ], 
    "min": [
      0.1, 
      0.1
    ]
  }, 
  "id": "f4aacaa5d94237ae0938e2d71ecf10fe"
}