{
  "room_category": {
    "Wardrobe": {
      "simulation_statistics": [
        {
          "not_completed_agents": 0, 
          "max_evacuation_time": 16.250038, 
          "min_evacuation_time": 11.800027, 
          "exit_flow_rate": 0.36922990580083564, 
          "completed_agents": 6, 
          "max_traveled_distance": 20.826775, 
          "avg_evacuation_time": 13.925033999999998, 
          "avg_traveled_distance": 17.8625515, 
          "min_traveled_distance": 15.228653
        }
      ], 
      "bounds": [
        [
          13.32, 
          1.36, 
          24.42, 
          4.14
        ]
      ]
    }, 
    "Kitchen": {
      "simulation_statistics": [
        {
          "not_completed_agents": 0, 
          "max_evacuation_time": 150.004547, 
          "min_evacuation_time": 150.004547, 
          "exit_flow_rate": 0.0, 
          "completed_agents": 0, 
          "max_traveled_distance": 26.537621, 
          "avg_evacuation_time": 150.004547, 
          "avg_traveled_distance": 14.433819880000001, 
          "min_traveled_distance": 0.987079
        }
      ], 
      "bounds": [
        [
          -0.02, 
          10.64, 
          13.37, 
          20.12
        ]
      ]
    }
  }, 
  "room_num": 3, 
  "verts": [
    [
      0.11, 
      0.1
    ], 
    [
      0.1, 
      0.11
    ], 
    [
      0.1, 
      10.63
    ], 
    [
      12.87, 
      10.63
    ], 
    [
      12.88, 
      10.64
    ], 
    [
      12.88, 
      10.73
    ], 
    [
      12.87, 
      10.74
    ], 
    [
      0.1, 
      10.74
    ], 
    [
      0.1, 
      19.93
    ], 
    [
      0.23, 
      19.93
    ], 
    [
      0.24, 
      19.94
    ], 
    [
      1.4, 
      19.94
    ], 
    [
      1.41, 
      19.95
    ], 
    [
      3.24, 
      19.95
    ], 
    [
      3.25, 
      19.96
    ], 
    [
      5.08, 
      19.96
    ], 
    [
      5.09, 
      19.97
    ], 
    [
      6.92, 
      19.97
    ], 
    [
      6.93, 
      19.98
    ], 
    [
      8.76, 
      19.98
    ], 
    [
      8.77, 
      19.99
    ], 
    [
      10.6, 
      19.99
    ], 
    [
      10.61, 
      20.0
    ], 
    [
      12.44, 
      20.0
    ], 
    [
      12.45, 
      20.01
    ], 
    [
      13.26, 
      20.01
    ], 
    [
      13.26, 
      4.15
    ], 
    [
      13.27, 
      4.14
    ], 
    [
      13.27, 
      3.37
    ], 
    [
      13.28, 
      3.36
    ], 
    [
      13.42, 
      3.36
    ], 
    [
      13.43, 
      3.37
    ], 
    [
      13.43, 
      4.03
    ], 
    [
      23.55, 
      4.03
    ], 
    [
      23.55, 
      1.5
    ], 
    [
      13.43, 
      1.5
    ], 
    [
      13.43, 
      2.15
    ], 
    [
      13.42, 
      2.16
    ], 
    [
      13.28, 
      2.16
    ], 
    [
      13.27, 
      2.15
    ], 
    [
      13.27, 
      1.39
    ], 
    [
      13.26, 
      1.38
    ], 
    [
      13.26, 
      0.1
    ]
  ], 
  "bbox": {
    "max": [
      23.55, 
      20.01
    ], 
    "min": [
      0.1, 
      0.1
    ]
  }, 
  "id": "f66fa2c12a2c7de32b4241de09d80cc7"
}