{
  "room_category": {
    "Bathroom": {
      "simulation_statistics": [
        {
          "not_completed_agents": 0, 
          "max_evacuation_time": 9.050016, 
          "min_evacuation_time": 9.050016, 
          "exit_flow_rate": 0.110497042215174, 
          "completed_agents": 1, 
          "max_traveled_distance": 11.780463, 
          "avg_evacuation_time": 9.050016, 
          "avg_traveled_distance": 11.780463, 
          "min_traveled_distance": 11.780463
        }
      ], 
      "bounds": [
        [
          12.01, 
          4.33, 
          14.91, 
          5.52
        ]
      ]
    }, 
    "Office": {
      "simulation_statistics": [
        {
          "not_completed_agents": 0, 
          "max_evacuation_time": 12.300029, 
          "min_evacuation_time": 6.650007, 
          "exit_flow_rate": 0.48780372794243004, 
          "completed_agents": 6, 
          "max_traveled_distance": 13.663314, 
          "avg_evacuation_time": 9.266683833333333, 
          "avg_traveled_distance": 11.114755500000001, 
          "min_traveled_distance": 8.690796
        }
      ], 
      "bounds": [
        [
          8.1, 
          -0.03, 
          14.91, 
          4.42
        ]
      ]
    }
  }, 
  "room_num": 3, 
  "verts": [
    [
      0.11, 
      0.1
    ], 
    [
      0.1, 
      0.11
    ], 
    [
      0.1, 
      10.06
    ], 
    [
      8.69, 
      10.06
    ], 
    [
      8.69, 
      5.45
    ], 
    [
      8.71, 
      5.43
    ], 
    [
      8.8, 
      5.43
    ], 
    [
      8.81, 
      5.42
    ], 
    [
      11.92, 
      5.42
    ], 
    [
      11.93, 
      5.41
    ], 
    [
      14.8, 
      5.41
    ], 
    [
      14.8, 
      4.44
    ], 
    [
      12.81, 
      4.44
    ], 
    [
      12.8, 
      4.45
    ], 
    [
      12.71, 
      4.45
    ], 
    [
      12.7, 
      4.44
    ], 
    [
      12.7, 
      4.43
    ], 
    [
      8.71, 
      4.43
    ], 
    [
      8.7, 
      4.42
    ], 
    [
      8.7, 
      4.18
    ], 
    [
      8.71, 
      4.17
    ], 
    [
      8.8, 
      4.17
    ], 
    [
      8.81, 
      4.18
    ], 
    [
      8.81, 
      4.32
    ], 
    [
      14.8, 
      4.32
    ], 
    [
      14.8, 
      0.1
    ], 
    [
      8.81, 
      0.1
    ], 
    [
      8.81, 
      3.16
    ], 
    [
      8.8, 
      3.17
    ], 
    [
      8.71, 
      3.17
    ], 
    [
      8.7, 
      3.16
    ], 
    [
      8.7, 
      0.1
    ]
  ], 
  "bbox": {
    "max": [
      14.8, 
      10.06
    ], 
    "min": [
      0.1, 
      0.1
    ]
  }, 
  "id": "f6b9a606e8f9d2c3772d6a9cc4171c94"
}