{
  "room_category": {
    "Living_Room": {
      "simulation_statistics": [
        {
          "not_completed_agents": 0, 
          "max_evacuation_time": 17.100025, 
          "min_evacuation_time": 2.699999, 
          "exit_flow_rate": 0.35087668000485384, 
          "completed_agents": 6, 
          "max_traveled_distance": 19.814098, 
          "avg_evacuation_time": 7.583341999999999, 
          "avg_traveled_distance": 8.090474666666667, 
          "min_traveled_distance": 3.067965
        }
      ], 
      "bounds": [
        [
          -0.02, 
          4.26, 
          4.72, 
          10.36
        ]
      ]
    }, 
    "Kitchen": {
      "simulation_statistics": [
        {
          "not_completed_agents": 0, 
          "max_evacuation_time": 1.4, 
          "min_evacuation_time": 0.0, 
          "exit_flow_rate": 3.5714285714285716, 
          "completed_agents": 5, 
          "max_traveled_distance": 2.031475, 
          "avg_evacuation_time": 0.64, 
          "avg_traveled_distance": 0.9703822000000001, 
          "min_traveled_distance": 0.0
        }
      ], 
      "bounds": [
        [
          -0.02, 
          -0.02, 
          4.5, 
          4.97
        ]
      ]
    }
  }, 
  "room_num": 3, 
  "verts": [
    [
      0.11, 
      0.1
    ], 
    [
      0.1, 
      0.11
    ], 
    [
      0.1, 
      4.25
    ], 
    [
      0.14, 
      4.25
    ], 
    [
      0.15, 
      4.26
    ], 
    [
      0.15, 
      4.36
    ], 
    [
      0.14, 
      4.37
    ], 
    [
      0.1, 
      4.37
    ], 
    [
      0.1, 
      10.24
    ], 
    [
      3.9, 
      10.24
    ], 
    [
      3.9, 
      5.52
    ], 
    [
      3.89, 
      5.51
    ], 
    [
      3.89, 
      4.37
    ], 
    [
      1.16, 
      4.37
    ], 
    [
      1.15, 
      4.36
    ], 
    [
      1.15, 
      4.26
    ], 
    [
      1.16, 
      4.25
    ], 
    [
      3.89, 
      4.25
    ], 
    [
      3.89, 
      0.9
    ], 
    [
      3.9, 
      0.89
    ], 
    [
      4.0, 
      0.89
    ], 
    [
      4.01, 
      0.9
    ], 
    [
      4.01, 
      4.25
    ], 
    [
      4.02, 
      4.26
    ], 
    [
      4.02, 
      5.4
    ], 
    [
      8.98, 
      5.4
    ], 
    [
      8.98, 
      0.1
    ], 
    [
      4.01, 
      0.1
    ], 
    [
      4.01, 
      0.14
    ], 
    [
      4.0, 
      0.15
    ], 
    [
      3.9, 
      0.15
    ], 
    [
      3.89, 
      0.14
    ], 
    [
      3.89, 
      0.1
    ]
  ], 
  "bbox": {
    "max": [
      8.98, 
      10.24
    ], 
    "min": [
      0.1, 
      0.1
    ]
  }, 
  "id": "f7989777f25c024799268f7b336a12a1"
}