{
  "room_category": {
    "Toilet": {
      "simulation_statistics": [
        {
          "not_completed_agents": 0, 
          "max_evacuation_time": 26.249886, 
          "min_evacuation_time": 17.100025, 
          "exit_flow_rate": 0.11428621061440038, 
          "completed_agents": 3, 
          "max_traveled_distance": 30.395781, 
          "avg_evacuation_time": 21.733287999999998, 
          "avg_traveled_distance": 25.478368333333332, 
          "min_traveled_distance": 21.018032
        }, 
        {
          "not_completed_agents": 0, 
          "max_evacuation_time": 40.749664, 
          "min_evacuation_time": 19.149994, 
          "exit_flow_rate": 0.07362023893006822, 
          "completed_agents": 3, 
          "max_traveled_distance": 41.010197, 
          "avg_evacuation_time": 29.633167333333333, 
          "avg_traveled_distance": 31.354883333333333, 
          "min_traveled_distance": 21.666727
        }
      ], 
      "bounds": [
        [
          -0.02, 
          7.74, 
          4.28, 
          11.68
        ], 
        [
          16.56, 
          5.7, 
          20.78, 
          8.8
        ]
      ]
    }, 
    "Bathroom": {
      "simulation_statistics": [
        {
          "not_completed_agents": 0, 
          "max_evacuation_time": 42.849632, 
          "min_evacuation_time": 41.749649, 
          "exit_flow_rate": 0.04667484658911423, 
          "completed_agents": 2, 
          "max_traveled_distance": 41.624134, 
          "avg_evacuation_time": 42.299640499999995, 
          "avg_traveled_distance": 41.337419499999996, 
          "min_traveled_distance": 41.050705
        }
      ], 
      "bounds": [
        [
          15.53, 
          0.0, 
          20.79, 
          2.21
        ]
      ]
    }, 
    "Loggia": {
      "simulation_statistics": [
        {
          "not_completed_agents": 0, 
          "max_evacuation_time": 53.549469, 
          "min_evacuation_time": 31.899799, 
          "exit_flow_rate": 0.22409185794167258, 
          "completed_agents": 12, 
          "max_traveled_distance": 49.065735, 
          "avg_evacuation_time": 43.14129433333333, 
          "avg_traveled_distance": 41.57992191666667, 
          "min_traveled_distance": 36.008553
        }, 
        {
          "not_completed_agents": 0, 
          "max_evacuation_time": 57.549408, 
          "min_evacuation_time": 20.449974, 
          "exit_flow_rate": 0.3649038405399409, 
          "completed_agents": 21, 
          "max_traveled_distance": 47.024185, 
          "avg_evacuation_time": 38.57826885714286, 
          "avg_traveled_distance": 37.072494999999996, 
          "min_traveled_distance": 23.960196
        }
      ], 
      "bounds": [
        [
          20.67, 
          -0.01, 
          31.05, 
          5.61
        ], 
        [
          20.67, 
          4.82, 
          31.09, 
          14.91
        ]
      ]
    }, 
    "Hallway": {
      "simulation_statistics": [
        {
          "not_completed_agents": 0, 
          "max_evacuation_time": 33.449776, 
          "min_evacuation_time": 24.049919, 
          "exit_flow_rate": 0.05979113283150237, 
          "completed_agents": 2, 
          "max_traveled_distance": 35.863964, 
          "avg_evacuation_time": 28.7498475, 
          "avg_traveled_distance": 30.6556615, 
          "min_traveled_distance": 25.447359
        }
      ], 
      "bounds": [
        [
          4.11, 
          8.07, 
          9.32, 
          9.82
        ]
      ]
    }, 
    "Storage": {
      "simulation_statistics": [
        {
          "not_completed_agents": 0, 
          "max_evacuation_time": 2.549999, 
          "min_evacuation_time": 2.549999, 
          "exit_flow_rate": 0.39215701653216334, 
          "completed_agents": 1, 
          "max_traveled_distance": 3.37096, 
          "avg_evacuation_time": 2.549999, 
          "avg_traveled_distance": 3.37096, 
          "min_traveled_distance": 3.37096
        }, 
        {
          "not_completed_agents": 0, 
          "max_evacuation_time": 4.349998, 
          "min_evacuation_time": 2.649999, 
          "exit_flow_rate": 0.6896554894967767, 
          "completed_agents": 3, 
          "max_traveled_distance": 5.174042, 
          "avg_evacuation_time": 3.4666650000000003, 
          "avg_traveled_distance": 4.1395626666666665, 
          "min_traveled_distance": 3.246372
        }
      ], 
      "bounds": [
        [
          14.87, 
          2.09, 
          18.25, 
          3.66
        ], 
        [
          9.18, 
          3.55, 
          11.58, 
          9.39
        ]
      ]
    }, 
    "Garage": {
      "simulation_statistics": [
        {
          "not_completed_agents": 0, 
          "max_evacuation_time": 4.199998, 
          "min_evacuation_time": 0.0, 
          "exit_flow_rate": 1.9047628117918152, 
          "completed_agents": 8, 
          "max_traveled_distance": 4.63581, 
          "avg_evacuation_time": 1.3687495, 
          "avg_traveled_distance": 1.654444875, 
          "min_traveled_distance": 0.0
        }
      ], 
      "bounds": [
        [
          4.08, 
          -0.01, 
          15.59, 
          3.67
        ]
      ]
    }, 
    "Bedroom": {
      "simulation_statistics": [
        {
          "not_completed_agents": 0, 
          "max_evacuation_time": 48.049553, 
          "min_evacuation_time": 23.049934, 
          "exit_flow_rate": 0.12487108881116958, 
          "completed_agents": 6, 
          "max_traveled_distance": 40.370895, 
          "avg_evacuation_time": 34.633091, 
          "avg_traveled_distance": 31.857444, 
          "min_traveled_distance": 25.866079
        }, 
        {
          "not_completed_agents": 0, 
          "max_evacuation_time": 25.199902, 
          "min_evacuation_time": 16.950027, 
          "exit_flow_rate": 0.19841347002063736, 
          "completed_agents": 5, 
          "max_traveled_distance": 29.892433, 
          "avg_evacuation_time": 19.6799858, 
          "avg_traveled_distance": 21.752329800000002, 
          "min_traveled_distance": 18.284323
        }, 
        {
          "not_completed_agents": 0, 
          "max_evacuation_time": 56.199429, 
          "min_evacuation_time": 18.300007, 
          "exit_flow_rate": 0.08896887546668845, 
          "completed_agents": 5, 
          "max_traveled_distance": 40.19931, 
          "avg_evacuation_time": 32.549789399999995, 
          "avg_traveled_distance": 31.1351766, 
          "min_traveled_distance": 20.535521
        }
      ], 
      "bounds": [
        [
          11.46, 
          3.58, 
          16.65, 
          9.4
        ], 
        [
          4.13, 
          9.7, 
          9.32, 
          14.88
        ], 
        [
          4.09, 
          3.59, 
          9.31, 
          8.77
        ]
      ]
    }, 
    "Wardrobe": {
      "simulation_statistics": [
        {
          "not_completed_agents": 0, 
          "max_evacuation_time": 48.649544, 
          "min_evacuation_time": 28.399853, 
          "exit_flow_rate": 0.061665531746813496, 
          "completed_agents": 3, 
          "max_traveled_distance": 44.151649, 
          "avg_evacuation_time": 35.76640733333333, 
          "avg_traveled_distance": 35.21030366666667, 
          "min_traveled_distance": 28.161997
        }
      ], 
      "bounds": [
        [
          16.54, 
          2.1, 
          20.75, 
          5.79
        ]
      ]
    }, 
    "Hall": {
      "simulation_statistics": [
        {
          "not_completed_agents": 0, 
          "max_evacuation_time": 28.499851, 
          "min_evacuation_time": 7.000009, 
          "exit_flow_rate": 0.5614064438442152, 
          "completed_agents": 16,