{
  "room_category": {
    "Toilet": {
      "simulation_statistics": [
        {
          "not_completed_agents": 0, 
          "max_evacuation_time": 150.004547, 
          "min_evacuation_time": 0.0, 
          "exit_flow_rate": 2.773249266903889, 
          "completed_agents": 416, 
          "max_traveled_distance": 79.271805, 
          "avg_evacuation_time": 29.15618398800959, 
          "avg_traveled_distance": 38.92191995923262, 
          "min_traveled_distance": 0.0
        }
      ], 
      "bounds": [
        [
          -36.1, 
          -37.0, 
          11.12, 
          7.12
        ]
      ]
    }, 
    "Bathroom": {
      "simulation_statistics": [
        {
          "not_completed_agents": 0, 
          "max_evacuation_time": 65.399391, 
          "min_evacuation_time": 0.2, 
          "exit_flow_rate": 6.376206163754644, 
          "completed_agents": 417, 
          "max_traveled_distance": 78.804474, 
          "avg_evacuation_time": 27.865778966426856, 
          "avg_traveled_distance": 37.8045452206235, 
          "min_traveled_distance": 0.234021
        }
      ], 
      "bounds": [
        [
          -36.1, 
          -37.0, 
          11.12, 
          7.12
        ]
      ]
    }, 
    "Bedroom": {
      "simulation_statistics": [
        {
          "not_completed_agents": 0, 
          "max_evacuation_time": 150.004547, 
          "min_evacuation_time": 0.45, 
          "exit_flow_rate": 2.773249266903889, 
          "completed_agents": 416, 
          "max_traveled_distance": 76.454369, 
          "avg_evacuation_time": 29.166136335731412, 
          "avg_traveled_distance": 39.09573647482014, 
          "min_traveled_distance": 0.428822
        }
      ], 
      "bounds": [
        [
          -36.1, 
          -37.0, 
          11.12, 
          7.12
        ]
      ]
    }
  }, 
  "room_num": 1, 
  "verts": [
    [
      0.11, 
      0.1
    ], 
    [
      0.1, 
      0.11
    ], 
    [
      0.1, 
      3.05
    ], 
    [
      2.73, 
      3.05
    ], 
    [
      2.74, 
      3.06
    ], 
    [
      2.82, 
      3.06
    ], 
    [
      2.84, 
      3.08
    ], 
    [
      2.84, 
      3.16
    ], 
    [
      2.85, 
      3.17
    ], 
    [
      2.85, 
      5.1
    ], 
    [
      3.65, 
      5.1
    ], 
    [
      3.66, 
      5.11
    ], 
    [
      3.66, 
      5.2
    ], 
    [
      3.65, 
      5.21
    ], 
    [
      2.84, 
      5.21
    ], 
    [
      2.84, 
      5.61
    ], 
    [
      2.85, 
      5.62
    ], 
    [
      2.85, 
      6.61
    ], 
    [
      2.86, 
      6.62
    ], 
    [
      2.86, 
      7.01
    ], 
    [
      5.23, 
      7.01
    ], 
    [
      5.23, 
      5.2
    ], 
    [
      4.99, 
      5.2
    ], 
    [
      4.98, 
      5.21
    ], 
    [
      4.67, 
      5.21
    ], 
    [
      4.66, 
      5.2
    ], 
    [
      4.66, 
      5.1
    ], 
    [
      4.67, 
      5.09
    ], 
    [
      5.45, 
      5.09
    ], 
    [
      5.46, 
      5.1
    ], 
    [
      5.46, 
      5.19
    ], 
    [
      5.45, 
      5.2
    ], 
    [
      5.34, 
      5.2
    ], 
    [
      5.34, 
      7.01
    ], 
    [
      7.16, 
      7.01
    ], 
    [
      7.16, 
      5.2
    ], 
    [
      6.9, 
      5.2
    ], 
    [
      6.89, 
      5.19
    ], 
    [
      6.89, 
      5.1
    ], 
    [
      6.9, 
      5.09
    ], 
    [
      7.16, 
      5.09
    ], 
    [
      7.16, 
      4.87
    ], 
    [
      7.17, 
      4.86
    ], 
    [
      7.27, 
      4.86
    ], 
    [
      7.28, 
      4.87
    ], 
    [
      7.28, 
      7.01
    ], 
    [
      8.28, 
      7.01
    ], 
    [
      8.29, 
      7.0
    ], 
    [
      9.37, 
      7.0
    ], 
    [
      9.37, 
      6.94
    ], 
    [
      9.38, 
      6.93
    ], 
    [
      9.48, 
      6.93
    ], 
    [
      9.49, 
      6.94
    ], 
    [
      9.49, 
      7.0
    ], 
    [
      11.0, 
      7.0
    ], 
    [
      11.0, 
      3.73
    ], 
    [
      9.49, 
      3.73
    ], 
    [
      9.49, 
      3.83
    ], 
    [
      9.48, 
      3.84
    ], 
    [
      9.38, 
      3.84
    ], 
    [
      9.37, 
      3.83
    ], 
    [
      9.37, 
      3.73
    ], 
    [
      7.28, 
      3.73
    ], 
    [
      7.28, 
      3.85
    ], 
    [
      7.27, 
      3.86
    ], 
    [
      7.17, 
      3.86
    ], 
    [
      7.16, 
      3.85
    ], 
    [
      7.16, 
      3.63
    ], 
    [
      7.17, 
      3.62
    ], 
    [
      7.17, 
      3.32
    ], 
    [
      7.18, 
      3.31
    ], 
    [
      7.27, 
      3.31
    ], 
    [
      7.28, 
      3.32
    ], 
    [
      7.28, 
      3.62
    ], 
    [
      11.0, 
      3.62
    ], 
    [
      11.0, 
      0.13
    ], 
    [
      8.94, 
      0.13
    ], 
    [
      8.93, 
      0.12
    ], 
    [
      7.44, 
      0.12
    ], 
    [
      7.43, 
      0.11
    ], 
    [
      7.28, 
      0.11
    ], 
    [
      7.28, 
      2.3
    ], 
    [
      7.27, 
      2.31
    ], 
    [
      7.18, 
      2.31
    ], 
    [
      7.17, 
      2.3
    ], 
    [
      7.17, 
      0.11
    ], 
    [
      6.06, 
      0.11
    ], 
    [
      6.05, 
      0.1
    ]
  ], 
  "bbox": {
    "max": [
      11.0, 
      7.01
    ], 
    "min": [
      0.1, 
      0.1
    ]
  }, 
  "id": "f87cd3e613ed5a16209ea2f0d2629e33"
}