{
  "room_category": {
    "Garage": {
      "simulation_statistics": [
        {
          "not_completed_agents": 0, 
          "max_evacuation_time": 36.149734, 
          "min_evacuation_time": 0.65, 
          "exit_flow_rate": 7.4136091845101815, 
          "completed_agents": 268, 
          "max_traveled_distance": 46.943729, 
          "avg_evacuation_time": 19.31543856343284, 
          "avg_traveled_distance": 25.797719197761193, 
          "min_traveled_distance": 0.72325
        }, 
        {
          "not_completed_agents": 0, 
          "max_evacuation_time": 54.049461, 
          "min_evacuation_time": 0.0, 
          "exit_flow_rate": 5.346954338730593, 
          "completed_agents": 289, 
          "max_traveled_distance": 69.196053, 
          "avg_evacuation_time": 20.823979671280277, 
          "avg_traveled_distance": 27.705718844290658, 
          "min_traveled_distance": 0.0
        }
      ], 
      "bounds": [
        [
          -0.02, 
          -0.02, 
          35.12, 
          38.12
        ], 
        [
          -0.01, 
          -0.01, 
          37.9, 
          38.13
        ]
      ]
    }, 
    "Kitchen": {
      "simulation_statistics": [
        {
          "not_completed_agents": 0, 
          "max_evacuation_time": 11.150024, 
          "min_evacuation_time": 6.100005, 
          "exit_flow_rate": 0.8071731504793174, 
          "completed_agents": 9, 
          "max_traveled_distance": 15.535797, 
          "avg_evacuation_time": 9.65557422222222, 
          "avg_traveled_distance": 13.192442111111111, 
          "min_traveled_distance": 8.705289
        }
      ], 
      "bounds": [
        [
          5.4, 
          8.97, 
          11.71, 
          16.06
        ]
      ]
    }
  }, 
  "room_num": 4, 
  "verts": [
    [
      0.11, 
      0.1
    ], 
    [
      0.1, 
      0.11
    ], 
    [
      0.1, 
      38.02
    ], 
    [
      1.28, 
      38.02
    ], 
    [
      1.29, 
      38.03
    ], 
    [
      35.03, 
      38.03
    ], 
    [
      35.03, 
      37.53
    ], 
    [
      35.02, 
      37.52
    ], 
    [
      35.02, 
      22.47
    ], 
    [
      35.03, 
      22.46
    ], 
    [
      35.03, 
      17.32
    ], 
    [
      35.02, 
      17.31
    ], 
    [
      35.03, 
      17.3
    ], 
    [
      35.03, 
      16.93
    ], 
    [
      35.02, 
      16.92
    ], 
    [
      35.02, 
      0.1
    ]
  ], 
  "bbox": {
    "max": [
      35.03, 
      38.03
    ], 
    "min": [
      0.1, 
      0.1
    ]
  }, 
  "id": "f8cc712d38ac23aa6908f11b37d8ff8e"
}