{
  "room_category": {
    "Room": {
      "simulation_statistics": [
        {
          "not_completed_agents": 0, 
          "max_evacuation_time": 150.004547, 
          "min_evacuation_time": 0.0, 
          "exit_flow_rate": 0.013332929167807159, 
          "completed_agents": 2, 
          "max_traveled_distance": 14.779711, 
          "avg_evacuation_time": 100.24469800000001, 
          "avg_traveled_distance": 3.9728766666666666, 
          "min_traveled_distance": 0.0
        }, 
        {
          "not_completed_agents": 0, 
          "max_evacuation_time": 150.004547, 
          "min_evacuation_time": 2.099999, 
          "exit_flow_rate": 2.4465925022926136, 
          "completed_agents": 367, 
          "max_traveled_distance": 52.13171, 
          "avg_evacuation_time": 25.22433682749326, 
          "avg_traveled_distance": 29.041029563342317, 
          "min_traveled_distance": 1.019298
        }
      ], 
      "bounds": [
        [
          -0.63, 
          -0.01, 
          5.17, 
          5.17
        ], 
        [
          -37.46, 
          -37.46, 
          5.2, 
          6.05
        ]
      ]
    }, 
    "Kitchen": {
      "simulation_statistics": [
        {
          "not_completed_agents": 0, 
          "max_evacuation_time": 0.7, 
          "min_evacuation_time": 0.05, 
          "exit_flow_rate": 2.857142857142857, 
          "completed_agents": 2, 
          "max_traveled_distance": 0.918722, 
          "avg_evacuation_time": 0.375, 
          "avg_traveled_distance": 0.491991, 
          "min_traveled_distance": 0.06526
        }
      ], 
      "bounds": [
        [
          -0.02, 
          -0.05, 
          5.17, 
          2.06
        ]
      ]
    }
  }, 
  "room_num": 4, 
  "verts": [
    [
      0.11, 
      0.1
    ], 
    [
      0.1, 
      0.11
    ], 
    [
      0.1, 
      1.42
    ], 
    [
      2.18, 
      1.42
    ], 
    [
      2.19, 
      1.43
    ], 
    [
      2.19, 
      1.52
    ], 
    [
      2.18, 
      1.53
    ], 
    [
      0.1, 
      1.53
    ], 
    [
      0.1, 
      5.06
    ], 
    [
      0.94, 
      5.06
    ], 
    [
      0.94, 
      4.27
    ], 
    [
      0.95, 
      4.26
    ], 
    [
      1.04, 
      4.26
    ], 
    [
      1.05, 
      4.27
    ], 
    [
      1.05, 
      5.07
    ], 
    [
      5.06, 
      5.07
    ], 
    [
      5.06, 
      4.76
    ], 
    [
      5.07, 
      4.75
    ], 
    [
      5.17, 
      4.75
    ], 
    [
      5.18, 
      4.76
    ], 
    [
      5.18, 
      5.06
    ], 
    [
      10.15, 
      5.06
    ], 
    [
      10.15, 
      0.1
    ], 
    [
      5.18, 
      0.1
    ], 
    [
      5.18, 
      4.0
    ], 
    [
      5.17, 
      4.01
    ], 
    [
      5.07, 
      4.01
    ], 
    [
      5.06, 
      4.0
    ], 
    [
      5.06, 
      2.7
    ], 
    [
      1.05, 
      2.7
    ], 
    [
      1.05, 
      3.51
    ], 
    [
      1.04, 
      3.52
    ], 
    [
      0.95, 
      3.52
    ], 
    [
      0.94, 
      3.51
    ], 
    [
      0.94, 
      2.6
    ], 
    [
      0.95, 
      2.59
    ], 
    [
      5.06, 
      2.59
    ], 
    [
      5.06, 
      1.53
    ], 
    [
      2.94, 
      1.53
    ], 
    [
      2.93, 
      1.52
    ], 
    [
      2.93, 
      1.43
    ], 
    [
      2.94, 
      1.42
    ], 
    [
      5.06, 
      1.42
    ], 
    [
      5.06, 
      0.1
    ]
  ], 
  "bbox": {
    "max": [
      10.15, 
      5.07
    ], 
    "min": [
      0.1, 
      0.1
    ]
  }, 
  "id": "f912d32dc58794022f41415ae18b180e"
}