{
  "room_category": {
    "Toilet": {
      "simulation_statistics": [
        {
          "not_completed_agents": 0, 
          "max_evacuation_time": 12.65003, 
          "min_evacuation_time": 8.700015, 
          "exit_flow_rate": 0.2371535877780527, 
          "completed_agents": 3, 
          "max_traveled_distance": 13.49438, 
          "avg_evacuation_time": 10.150020666666666, 
          "avg_traveled_distance": 11.751168666666667, 
          "min_traveled_distance": 10.523888
        }
      ], 
      "bounds": [
        [
          -0.01, 
          2.96, 
          4.01, 
          7.16
        ]
      ]
    }, 
    "Bathroom": {
      "simulation_statistics": [
        {
          "not_completed_agents": 0, 
          "max_evacuation_time": 15.450041, 
          "min_evacuation_time": 8.350014, 
          "exit_flow_rate": 0.19417424199715716, 
          "completed_agents": 3, 
          "max_traveled_distance": 13.220478, 
          "avg_evacuation_time": 11.133358000000001, 
          "avg_traveled_distance": 12.397612333333333, 
          "min_traveled_distance": 11.706358
        }
      ], 
      "bounds": [
        [
          -0.01, 
          2.96, 
          4.01, 
          7.16
        ]
      ]
    }, 
    "Room": {
      "simulation_statistics": [
        {
          "not_completed_agents": 0, 
          "max_evacuation_time": 23.249931, 
          "min_evacuation_time": 14.250036, 
          "exit_flow_rate": 0.12903264100009587, 
          "completed_agents": 3, 
          "max_traveled_distance": 16.791031, 
          "avg_evacuation_time": 18.899986666666667, 
          "avg_traveled_distance": 14.769315666666666, 
          "min_traveled_distance": 12.951341
        }
      ], 
      "bounds": [
        [
          -0.01, 
          2.86, 
          4.02, 
          6.28
        ], 
        [
          0.07, 
          12.53, 
          1.14, 
          12.88
        ], 
        [
          4.21, 
          12.47, 
          5.1, 
          12.86
        ]
      ]
    }, 
    "Office": {
      "simulation_statistics": [
        {
          "not_completed_agents": 0, 
          "max_evacuation_time": 24.699909, 
          "min_evacuation_time": 10.150021, 
          "exit_flow_rate": 0.36437381206546143, 
          "completed_agents": 9, 
          "max_traveled_distance": 20.213352, 
          "avg_evacuation_time": 15.344445444444444, 
          "avg_traveled_distance": 14.529374444444443, 
          "min_traveled_distance": 10.683948
        }
      ], 
      "bounds": [
        [
          -0.86, 
          6.34, 
          5.08, 
          13.63
        ]
      ]
    }, 
    "Bedroom": {
      "simulation_statistics": [
        {
          "not_completed_agents": 0, 
          "max_evacuation_time": 20.299976, 
          "min_evacuation_time": 0.0, 
          "exit_flow_rate": 1.2807896915740196, 
          "completed_agents": 26, 
          "max_traveled_distance": 15.733871, 
          "avg_evacuation_time": 6.365390692307693, 
          "avg_traveled_distance": 7.2670893076923075, 
          "min_traveled_distance": 0.0
        }, 
        {
          "not_completed_agents": 0, 
          "max_evacuation_time": 14.850039, 
          "min_evacuation_time": 6.250006, 
          "exit_flow_rate": 0.40403934292697813, 
          "completed_agents": 6, 
          "max_traveled_distance": 14.876519, 
          "avg_evacuation_time": 10.850023333333333, 
          "avg_traveled_distance": 12.394488, 
          "min_traveled_distance": 8.673407
        }
      ], 
      "bounds": [
        [
          -0.01, 
          -0.1, 
          9.39, 
          13.58
        ], 
        [
          5.14, 
          6.74, 
          9.39, 
          13.6
        ]
      ]
    }, 
    "Kitchen": [
      [
        3.02, 
        2.07, 
        4.01, 
        3.84
      ]
    ]
  }, 
  "room_num": 11,