{
  "room_category": {
    "Bedroom": {
      "simulation_statistics": [
        {
          "not_completed_agents": 0, 
          "max_evacuation_time": 150.004547, 
          "min_evacuation_time": 0.65, 
          "exit_flow_rate": 2.573255329386782, 
          "completed_agents": 386, 
          "max_traveled_distance": 59.839108, 
          "avg_evacuation_time": 26.240096067010306, 
          "avg_traveled_distance": 31.937527582474225, 
          "min_traveled_distance": 0.635619
        }
      ], 
      "bounds": [
        [
          -35.98, 
          -34.0, 
          10.78, 
          7.54
        ]
      ]
    }, 
    "Living_Room": {
      "simulation_statistics": [
        {
          "not_completed_agents": 0, 
          "max_evacuation_time": 150.004547, 
          "min_evacuation_time": 4.249998, 
          "exit_flow_rate": 0.03999878750342148, 
          "completed_agents": 6, 
          "max_traveled_distance": 22.066168, 
          "avg_evacuation_time": 28.057802285714285, 
          "avg_traveled_distance": 9.361875142857143, 
          "min_traveled_distance": 5.660292
        }
      ], 
      "bounds": [
        [
          -0.05, 
          3.44, 
          8.16, 
          7.53
        ]
      ]
    }, 
    "Kitchen": {
      "simulation_statistics": [
        {
          "not_completed_agents": 0, 
          "max_evacuation_time": 57.249413, 
          "min_evacuation_time": 0.0, 
          "exit_flow_rate": 6.131067230331253, 
          "completed_agents": 351, 
          "max_traveled_distance": 58.318893, 
          "avg_evacuation_time": 26.110547618233618, 
          "avg_traveled_distance": 33.16712882336182, 
          "min_traveled_distance": 0.0
        }
      ], 
      "bounds": [
        [
          -35.98, 
          -34.0, 
          10.75, 
          3.55
        ]
      ]
    }
  }, 
  "room_num": 3, 
  "verts": [
    [
      5.03, 
      0.1
    ], 
    [
      5.02, 
      0.11
    ], 
    [
      5.02, 
      3.43
    ], 
    [
      7.26, 
      3.43
    ], 
    [
      7.27, 
      3.44
    ], 
    [
      7.27, 
      3.54
    ], 
    [
      7.26, 
      3.55
    ], 
    [
      4.91, 
      3.55
    ], 
    [
      4.9, 
      3.56
    ], 
    [
      0.11, 
      3.56
    ], 
    [
      0.1, 
      3.57
    ], 
    [
      0.1, 
      7.42
    ], 
    [
      4.9, 
      7.42
    ], 
    [
      4.91, 
      7.43
    ], 
    [
      8.16, 
      7.43
    ], 
    [
      8.17, 
      7.42
    ], 
    [
      10.64, 
      7.42
    ], 
    [
      10.64, 
      3.55
    ], 
    [
      8.17, 
      3.55
    ], 
    [
      8.17, 
      3.58
    ], 
    [
      8.18, 
      3.59
    ], 
    [
      8.18, 
      6.71
    ], 
    [
      8.17, 
      6.72
    ], 
    [
      8.07, 
      6.72
    ], 
    [
      8.06, 
      6.71
    ], 
    [
      8.06, 
      3.55
    ], 
    [
      8.02, 
      3.55
    ], 
    [
      8.01, 
      3.54
    ], 
    [
      8.01, 
      3.44
    ], 
    [
      8.02, 
      3.43
    ], 
    [
      10.64, 
      3.43
    ], 
    [
      10.64, 
      0.1
    ]
  ], 
  "bbox": {
    "max": [
      10.64, 
      7.43
    ], 
    "min": [
      0.1, 
      0.1
    ]
  }, 
  "id": "fc3e9c4dda41ed4e6d46b8bcda02a6b9"
}