{
  "room_category": {
    "Toilet": {
      "simulation_statistics": [
        {
          "not_completed_agents": 0, 
          "max_evacuation_time": 150.004547, 
          "min_evacuation_time": 104.951805, 
          "exit_flow_rate": 0.01999939375171074, 
          "completed_agents": 3, 
          "max_traveled_distance": 268.118042, 
          "avg_evacuation_time": 146.2143162, 
          "avg_traveled_distance": 212.1766878, 
          "min_traveled_distance": 139.401047
        }, 
        {
          "not_completed_agents": 0, 
          "max_evacuation_time": 150.004547, 
          "min_evacuation_time": 53.399471, 
          "exit_flow_rate": 0.053331716671228636, 
          "completed_agents": 8, 
          "max_traveled_distance": 284.751465, 
          "avg_evacuation_time": 117.93479500000001, 
          "avg_traveled_distance": 206.04021728571428, 
          "min_traveled_distance": 84.860664
        }
      ], 
      "bounds": [
        [
          -0.01, 
          17.29, 
          10.18, 
          24.42
        ], 
        [
          43.31, 
          17.68, 
          54.57, 
          23.92
        ]
      ]
    }, 
    "Living_Room": {
      "simulation_statistics": [
        {
          "not_completed_agents": 0, 
          "max_evacuation_time": 150.004547, 
          "min_evacuation_time": 9.600019, 
          "exit_flow_rate": 0.7533104979811045, 
          "completed_agents": 113, 
          "max_traveled_distance": 302.954346, 
          "avg_evacuation_time": 122.1913917979798, 
          "avg_traveled_distance": 192.70002216498315, 
          "min_traveled_distance": 11.537395
        }
      ], 
      "bounds": [
        [
          9.83, 
          2.02, 
          43.61, 
          45.98
        ]
      ]
    }, 
    "Office": {
      "simulation_statistics": [
        {
          "not_completed_agents": 0, 
          "max_evacuation_time": 150.004547, 
          "min_evacuation_time": 9.550018, 
          "exit_flow_rate": 0.09333050417465012, 
          "completed_agents": 14, 
          "max_traveled_distance": 19.539669, 
          "avg_evacuation_time": 27.033613133333333, 
          "avg_traveled_distance": 16.388222066666668, 
          "min_traveled_distance": 12.154987
        }, 
        {
          "not_completed_agents": 0, 
          "max_evacuation_time": 150.004547, 
          "min_evacuation_time": 8.150013, 
          "exit_flow_rate": 0.8266416084040439, 
          "completed_agents": 124, 
          "max_traveled_distance": 296.044586, 
          "avg_evacuation_time": 119.65222249158248, 
          "avg_traveled_distance": 191.14749118518517, 
          "min_traveled_distance": 9.254244
        }
      ], 
      "bounds": [
        [
          47.55, 
          10.47, 
          57.55, 
          17.81
        ], 
        [
          9.83, 
          2.02, 
          43.61, 
          45.98
        ]
      ]
    }
  }, 
  "room_num": 9, 
  "verts": [
    [
      48.7, 
      0.1
    ], 
    [
      48.69, 
      0.11
    ], 
    [
      47.02, 
      0.11
    ], 
    [
      47.01, 
      0.12
    ], 
    [
      45.35, 
      0.12
    ], 
    [
      45.34, 
      0.13
    ], 
    [
      43.68, 
      0.13
    ], 
    [
      43.67, 
      0.14
    ], 
    [
      42.0, 
      0.14
    ], 
    [
      41.99, 
      0.15
    ], 
    [
      40.87, 
      0.15
    ], 
    [
      40.86, 
      0.16
    ], 
    [
      40.8, 
      0.16
    ], 
    [
      40.79, 
      0.17
    ], 
    [
      40.79, 
      2.62
    ], 
    [
      41.58, 
      2.62
    ], 
    [
      41.59, 
      2.63
    ], 
    [
      41.59, 
      2.73
    ], 
    [
      41.58, 
      2.74
    ], 
    [
      40.7, 
      2.74
    ], 
    [
      40.69, 
      2.75
    ], 
    [
      40.68, 
      2.75
    ], 
    [
      40.67, 
      2.74
    ], 
    [
      39.51, 
      2.74
    ], 
    [
      39.5, 
      2.75
    ], 
    [
      31.37, 
      2.75
    ], 
    [
      31.36, 
      2.76
    ], 
    [
      26.58, 
      2.76
    ], 
    [
      26.57, 
      2.77
    ], 
    [
      19.89, 
      2.77
    ], 
    [
      19.88, 
      2.78
    ], 
    [
      13.19, 
      2.78
    ], 
    [
      13.18, 
      2.79
    ], 
    [
      12.55, 
      2.79
    ], 
    [
      12.54, 
      2.78
    ], 
    [
      11.62, 
      2.78
    ], 
    [
      11.61, 
      2.77
    ], 
    [
      11.61, 
      2.65
    ], 
    [
      11.62, 
      2.64
    ], 
    [
      12.06, 
      2.64
    ], 
    [
      12.07, 
      2.63
    ], 
    [
      12.43, 
      2.63
    ], 
    [
      12.43, 
      0.16
    ], 
    [
      6.1, 
      0.16
    ], 
    [
      6.09, 
      0.17
    ], 
    [
      6.09, 
      17.32
    ], 
    [
      6.53, 
      17.32
    ], 
    [
      6.54, 
      17.33
    ], 
    [
      6.54, 
      17.45
    ], 
    [
      6.53, 
      17.46
    ], 
    [
      5.98, 
      17.46
    ], 
    [
      5.97, 
      17.47
    ], 
    [
      5.09, 
      17.47
    ], 
    [
      5.08, 
      17.48
    ], 
    [
      3.05, 
      17.48
    ], 
    [
      3.04, 
      17.49
    ], 
    [
      1.01, 
      17.49
    ], 
    [
      1.0, 
      17.5
    ], 
    [
      0.11, 
      17.5
    ], 
    [
      0.1, 
      17.51
    ], 
    [
      0.1, 
      24.23
    ], 
    [
      1.0, 
      24.23
    ], 
    [
      1.01, 
      24.24
    ], 
    [
      2.75, 
      24.24
    ], 
    [
      2.76, 
      24.25
    ], 
    [
      4.39, 
      24.25
    ], 
    [
      4.4, 
      24.26
    ], 
    [
      6.03, 
      24.26
    ], 
    [
      6.04, 
      24.27
    ], 
    [
      6.85, 
      24.27
    ], 
    [
      6.86, 
      24.28
    ], 
    [
      6.86, 
      24.38
    ], 
    [
      6.85, 
      24.39
    ], 
    [
      6.76, 
      24.39
    ], 
    [
      6.76, 
      25.36
    ], 
    [
      6.77, 
      25.37
    ], 
    [
      6.77, 
      27.84
    ], 
    [
      6.78, 
      27.85
    ], 
    [
      6.78, 
      30.24
    ], 
    [
      6.79, 
      30.25
    ], 
    [
      6.79, 
      32.64
    ], 
    [
      6.8, 
      32.65
    ], 
    [
      6.8, 
      35.03
    ], 
    [
      6.81, 
      35.04
    ], 
    [
      6.81, 
      37.43
    ], 
    [
      6.82, 
      37.44
    ], 
    [
      6.82, 
      39.82
    ], 
    [
      6.83, 
      39.83
    ], 
    [
      6.83, 
      42.22
    ], 
    [
      6.84, 
      42.23
    ], 
    [
      6.84, 
      44.62
    ], 
    [
      6.85, 
      44.63
    ], 
    [
      6.85, 
      45.84
    ], 
    [
      24.91, 
      45.84
    ], 
    [
      24.91, 
      45.01
    ], 
    [
      24.92, 
      45.0
    ], 
    [
      25.02, 
      45.0
    ], 
    [
      25.03, 
      45.01
    ], 
    [
      25.03, 
      45.84
    ], 
    [
      35.74, 
      45.84
    ], 
    [
      35.74, 
      44.92
    ], 
    [
      35.75, 
      44.91
    ], 
    [
      35.85, 
      44.91
    ], 
    [
      35.86, 
      44.92
    ], 
    [
      35.86, 
      45.84
    ], 
    [
      47.06, 
      45.84
    ], 
    [
      47.06, 
      23.89
    ], 
    [
      47.01, 
      23.89
    ], 
    [
      47.0, 
      23.88
    ], 
    [
      47.0, 
      23.78
    ], 
    [
      47.01, 
      23.77
    ], 
    [
      47.17, 
      23.77
    ], 
    [
      47.18, 
      23.76
    ], 
    [
      54.46, 
      23.76
    ], 
    [
      54.46, 
