{
  "room_category": {
    "Bedroom": {
      "simulation_statistics": [
        {
          "not_completed_agents": 0, 
          "max_evacuation_time": 150.004547, 
          "min_evacuation_time": 150.004547, 
          "exit_flow_rate": 0.0, 
          "completed_agents": 0, 
          "max_traveled_distance": 19.118378, 
          "avg_evacuation_time": 150.004547, 
          "avg_traveled_distance": 15.966967499999999, 
          "min_traveled_distance": 12.815557
        }, 
        {
          "not_completed_agents": 0, 
          "max_evacuation_time": 150.004547, 
          "min_evacuation_time": 0.0, 
          "exit_flow_rate": 0.0066664645839035796, 
          "completed_agents": 1, 
          "max_traveled_distance": 5.028933, 
          "avg_evacuation_time": 100.00303133333334, 
          "avg_traveled_distance": 1.9616436666666666, 
          "min_traveled_distance": 0.0
        }, 
        {
          "not_completed_agents": 0, 
          "max_evacuation_time": 150.004547, 
          "min_evacuation_time": 11.800027, 
          "exit_flow_rate": 0.0066664645839035796, 
          "completed_agents": 1, 
          "max_traveled_distance": 18.839722, 
          "avg_evacuation_time": 115.453417, 
          "avg_traveled_distance": 13.071316999999999, 
          "min_traveled_distance": 1.445927
        }
      ], 
      "bounds": [
        [
          -0.51, 
          2.24, 
          3.0, 
          4.93
        ], 
        [
          -0.02, 
          -0.02, 
          3.94, 
          3.72
        ], 
        [
          3.72, 
          -0.26, 
          9.52, 
          3.53
        ]
      ]
    }
  }, 
  "room_num": 3, 
  "verts": [
    [
      0.11, 
      0.1
    ], 
    [
      0.1, 
      0.11
    ], 
    [
      0.1, 
      2.22
    ], 
    [
      2.97, 
      2.22
    ], 
    [
      2.99, 
      2.24
    ], 
    [
      2.99, 
      2.58
    ], 
    [
      2.98, 
      2.59
    ], 
    [
      2.88, 
      2.59
    ], 
    [
      2.87, 
      2.58
    ], 
    [
      2.87, 
      2.34
    ], 
    [
      0.1, 
      2.34
    ], 
    [
      0.1, 
      4.82
    ], 
    [
      2.86, 
      4.82
    ], 
    [
      2.86, 
      3.2
    ], 
    [
      2.87, 
      3.19
    ], 
    [
      2.87, 
      3.16
    ], 
    [
      2.88, 
      3.15
    ], 
    [
      2.88, 
      3.14
    ], 
    [
      2.92, 
      3.1
    ], 
    [
      2.93, 
      3.1
    ], 
    [
      2.94, 
      3.09
    ], 
    [
      2.97, 
      3.09
    ], 
    [
      2.98, 
      3.08
    ], 
    [
      3.83, 
      3.08
    ], 
    [
      3.83, 
      3.07
    ], 
    [
      3.84, 
      3.06
    ], 
    [
      3.84, 
      3.03
    ], 
    [
      3.85, 
      3.02
    ], 
    [
      3.85, 
      3.01
    ], 
    [
      3.89, 
      2.97
    ], 
    [
      3.9, 
      2.97
    ], 
    [
      3.91, 
      2.96
    ], 
    [
      3.94, 
      2.96
    ], 
    [
      3.95, 
      2.95
    ], 
    [
      8.54, 
      2.95
    ], 
    [
      8.54, 
      0.1
    ], 
    [
      3.96, 
      0.1
    ], 
    [
      3.96, 
      2.46
    ], 
    [
      3.95, 
      2.47
    ], 
    [
      3.85, 
      2.47
    ], 
    [
      3.84, 
      2.46
    ], 
    [
      3.84, 
      0.1
    ]
  ], 
  "bbox": {
    "max": [
      8.54, 
      4.82
    ], 
    "min": [
      0.1, 
      0.1
    ]
  }, 
  "id": "ffd73201802dc7c37d1338df71a7c8a5"
}